context,prompt,first_utterance
afraid,i was scared to walk home alone yesterday,i was scared to walk home alone yesterday
afraid,I am too scared to go to the Halloween party. I might freak out at some of the costumes.,I am freaking out about this Halloween party I was invited to. I hate the thought of scary costumes!
afraid,I once saw a snake in the woods and got very scared.,I was in the woods and a snake came out of no where.
afraid,"When I was in Costa Rica I was having a lot of trouble with the address of my AirBnB, I was so lost.","When I was in Costa Rica I was having a lot of trouble with the address of my AirBnB, I was so lost."
afraid,"I was walking around my mansion at night one cold day in October. I then heard spooky sounds, and saw the ghost of Michael Jackson.","Some times at night, I can hear some shouting ""AHHHHHHH"", ""HEE HEE""."
afraid,Last week I got bit by a spider.,A tarantula bit me in my living room the other day and I thought I was going to die.
afraid,I'm afraid of the dark,I know i'm an adult but I'm very scared of the dark. i have a good imagination so i always see something creepy
afraid,"the braves are really good, i am hoping they dont blow it",the braves are reallly good i hope they dont blow it
afraid,I just saw this horror movie. It was so scary.,"I just watched this horror film, it was so scary!"
afraid,I really have a fear of germs.,I really have a fear of germs.
afraid,i was scared walking home alone last night,i was scared walking home alone last night
afraid,I am so scared. I think I just heard a ghost in the other room.,I am so scared! LOL. I think I just heard a ghost coming from the other room here.
afraid,There was a dog outside my house the other night just howling at my window. I don't own a dog and I'm on my own 3 acres of land.,I heard this god awful howling the other night at like 2am right outside my window
afraid,living out in the country when it gets dark it's really hard to see what's going on around you at nite,living out in the country when it gets dark it's really hard to see what's going on around you at nite
afraid,I have a solo trip coming up. I'm going to Colorado to clim Mt. Elbert Solo,I have a solo trip coming up. I'm going to Colorado to climb Mt. Elbert Solo. It's the tallest mountain in the united states.
afraid,"Last fall, I went to a haunted house. The chainsaw guy chased me. I was so scared",Last year my friends made me go to a haunted house and they all laughed at me afterwards
afraid,I was bungee jumping for the first time last weekend. I am not good with heights,I went bungee jumping this last weekend for the first time. I am not so good with heights.
afraid,I have a test coming up soon,I have a test coming up soon
afraid,I was scared when this random guy walked into my room,"Some random dude walked into my room while I was laying down, couldn't have been more weird"
afraid,There was a strange sound coming from outside my window last night and I was so scared!,Last night there was a really strange animal screaming outside my window in the middle of the night
afraid,when i had to hold a spider,My friend has a pet spider and they made me hold it the other day.
afraid,I lost my wallet while out shopping. It took hours to find it.,"I was out shopping with my wife the other day, and I lost my wallet. It was so nerve racking to not know what happened to it."
afraid,I am just in from finishing my college exam. I am hoping that I passed.,I just finished my college exam to see if I pass.
afraid,I do not like being in small spaces.,I do not like being in small spaces.
afraid,i was scared to walk home the other day,i was scared to walk home the other day
afraid,My crush keeps hanging out with a new guy classmate a lot lately.,My crush keeps hanging out with a new guy classmate a lot lately
afraid,I was on a trip and fell asleep while driving. When I woke up there was an 18 wheeler stopped in front of me.,I was on a trip and fell asleep while driving. When I woke up there was an 18 wheeler stopped in front of me
afraid,They laid off 3 people at work yesterday. Still haven't mentioned it yet.,They laid off 3 people at work yesterday. Still haven't mentioned it yet.
afraid,"Due to recent debt that I have accumulated through credit cards, my credit score has seen a significant decline. I am very concerned it might impact my credit trustworthiness",Recent debt accumulation had my credit score see a significant decline. I am afraid it would hurt my chances of applying for a new credit card
afraid,I have a huge phobia of roaches. I can handle almost any kind of crawling or flying bug except them.,"I can handle, bees, scorpions, wasps, crickets, and spiders. But for some reason I lose my mind around roaches."
afraid,of dying,I am terrified of death.
afraid,im worried about an upcoming test,im worried about an upcoming test
afraid,I've got a pet hamster that hasn't been doing well. I'm scared that he might not live much longer.,"I have an adorable hamster that doesn't look like he's doing well. He is on the old side for hamsters, and I'm worried he won't live much longer."
afraid,when i heard someone fighting out of my apartment at night,The other night I got woke up from a noise I heard outside. I was so scared.
afraid,I'm terrified that I'm too late with something important.,I'm very worried that I'm not going to make an important goal.
afraid,I am scared of how I will die.,I am scared of how I will die.
afraid,I am afraid of spiders.,I find spiders to be extremely creepy
afraid,A few weeks ago a tire on my car blew while i was driving it on the highway.,So a few weeks ago a tire on my car blew while i was driving it on the highway.
afraid,I had to get medical tests done. And then I had to wait for the dr to call back with results,I had to get some medical tests done. Waiting for the results killed me.
afraid,"Some guys cornered me outside a bar last weekend and told me to give them my wallet or they would beat me up. I didn't know what to do, I was so scared.",I was cornered outside a bar last weekend and some guys stole my wallet! I was so scared I didn't know what to do.
afraid,i was worried when I heard my friend was in the hospital,i was worried when I heard my friend was in the hospital
afraid,I am worried about failing my exam,I am very stressed I have to take a major final exam on saturday.
afraid,"My brother went on a low-calorie diet and began shaking everyday. I was a little scared for him, but I knew he'd be fine once he changed his diet to a proper one as the doctor recommended him to.",My brother went on a low-calorie diet and began shaking everyday.
afraid,afraid of not giving too much,"i am so afraid... afraid that i am not giving too much to the world, what if i parish not having done anything?"
afraid,I saw a shark in the water last week.,I saw a shark in the water last week.
afraid,I'm really scared of going down to my basement. It's so dark down there.,I'm really scared of going down to my basement.
afraid,I think someone was following me home last night. I took off running and didnt stop until I got home.,I think someone was following me home last night. I took off running and didnt stop until I got home.
afraid,I am afraid today that my neighbor is starving his dogs. I don't know how to go about it!,I am worried that my neighbor is starving his dogs.
afraid,A couple months ago I got a text message saying that my sister was in a motorcycle accident! I was really scared she might have been seriously injured!,A couple months ago I got a text message saying that my sister was in a motorcycle accident! I was really scared she might have been seriously injured!
afraid,"It's been so dry in my area lately , I'm afraid there might be some forest fires. I live near a mountain.","Havent had any rain lately in my area. I hope we do soon, I live near a mountain and we have bad fires when it is dry."
afraid,I heard a knock on my door at 2 am in the morning,I was afraid
afraid,My friends and I watched a horror movie and I kept trying to hide my face away from the screen because it was too scary!,My friends and I watched a horror movie and I kept trying to hide my face away from the screen because it was too scary!
afraid,i fell and heard a snap in my leg.,"i was walking , stepping in a hole and heard my leg snap"
afraid,There have been so many crimes near me lately. It is getting out of hand,There is so much crime near me its getting ridiculous
afraid,"When I was little, I was afraid of the dark.",I use to hate the dark when I was little.
afraid,I was passenger in a bad car crash and the car rolled! I thought I was going to die!,I was riding passenger in a car that actually rolled over!
afraid,We had a huge black snake in our backyard today and couldn't catch it. Now I am looking all over the place whenever I go outside. Waiting for it to shock me.,We had a huge black snake in our backyard today and couldn't catch it. Now I am looking all over the place whenever I go outside. Waiting for it to shock me.
afraid,I was lucky enough to get an opportunity to volunteer for one of my favorite companies at a convention. I was so scared of doing something wrong or looking like a fool but eventually I gained confidence and did well.,I was lucky enough to get an opportunity to volunteer for one of my favorite companies at a convention.
afraid,I kept hearing odd sounds all night... it turned out to be a racoon in the attic,I kept hearing odd sounds all night... it turned out to be a racoon in the attic
afraid,When my mom was in the ER,"Last week my mom was in the ER, it was a horrible feeling"
afraid,I saw a spider and i got scared.,I saw a spider and i got scared
afraid,"I used to live in what other people called a ""haunted house."" I would hear all sorts of sounds at night, and sometimes see shadowy figures in the dark.",When I was younger I slept in the attic of what everyone thought was a haunted house. There'd be shadowy spectres and sounds all night every night.
afraid,I thought my company was going to have a lay off. it was a tough few weeks.,So we had a meeting at work this week. Turns out we may have to shut down in the next few months.
afraid,When I was laying in my bed last night I heard some footsteps walking down the hall. I live alone and was very frightened.,I was laying in my bed last night and I heard footsteps walking down the hall. I was frightened because I live alone.
afraid,"A man punched me on the subway last week, now I'm terrified to leave my house.","A man punched me on the subway last week, now I'm terrified to leave my house."
afraid,I went in a haunted house for halloween. Saw some weird ghosts.,Haunted houses really give me the creeps.
afraid,I am not able to pay for my mortgage. I think i will loose my home,I am not able to pay for my mortgage. I think i will lose my home
afraid,The other day I found an iguana in my backyard. I hate iguanas!,The other day I found an iguana in my backyard.... I hate iguanas! it was horrinle
afraid,birth of my first child,i was a nervous wreck when my son was born!
afraid,Me and my husband watched the new scary movie IT and I was kind of frightened.,I'm not one to like scary movies that much only with my husband since he loves them so much.
afraid,I was afraid when I watched a horror film,I was afraid when I watched a horror film
afraid,I was out on a walk tonight and I thought I saw an alligator in the grass by me. I thought i was going to get eaten,"Wow, I thought I was going to be gator food tonight"
afraid,Roller coasters next weekend,I'm sort of scared for this upcoming weeked :/
afraid,"The other day I was driving to a street when I heart a explosion and when I checked it was some electric pole that had fallen and I didn't know is something was going to explode since there was a lot of sparks and things. I tried to pass as fast as I could but then didn't know if people living around have noticed or where in danger, until someone came out and I saw she was calling to report it.",The other day I was driving to a street when I heart a explosion.
afraid,I was out walking late last night and seen someone following me. They looked like they were carrying a weapon.,I was walking last night and someone started to follow me.
afraid,"I was home alone and heard what sounded like scratching underneath the floor. I was worried an animal was under the house, and that it might be able to get into the house, and that it might be something dangerous.",I thought I heard an animal trapped under my house last night.
afraid,I was afraid when I got out of the movie theater,I was afraid when I got out of the movie theater
afraid,"i am really scared of spiders i cant stand them, i think it is my worst fear",Spiders is one of my gratest fear they make me so scared
afraid,I live in a bad neighborhood and sometimes walking is dangerous- The other night when I was walking someone was following me,I am not in the best city and walking around the other night for a nice walk- someone kept following me.
afraid,I was so scared to go to sleep when I was a kid. I thought the monsters under the bed were going to nab me.,I was so scared going to sleep when I was a kid. I thought the monsters under the bed were going to nab me!
afraid,i have a doctor's appointment and i'm so scared,i have a doctor's appointment and i'm so scared
afraid,I hit my head on the door corner and it left me with a wound. I feel it will scar,I hit my head on the door's corner and it left me with a wound
afraid,I heard noises in the night.,I woke last night with noises at the window.
afraid,"Last week, I got pulled over for speeding. I was in a hurry to get to work.","Last week driving to work, I got pulled over for speeding."
afraid,The other night when I was taking my dog out to go to the bathroom really late. I heard some rustling in the bushes and panicked.,The other night when I was taking my dog out to go to the bathroom really late. I heard some rustling in the bushes and panicked.
afraid,I feel scared of the future because it's so uncertain. I feel like I always have a lot to lose.,Do you ever feel afraid?
afraid,I woke up in the night smelling something burning,I woke up in the night last night smelling an electrical burning sound!
afraid,I was pretty shaken up when my son didn't get home on time and I couldn't reach him,I was pretty shaken up when my son didn't get home on time and I couldn't reach him
afraid,I've been hearing some strange sounds around the house at night lately.,I've been hearing some strange sounds around the house at night lately.
afraid,I finally saw the movie with that scary Japanese girl with white skin. I now believe I can't sleep without the lights on lol.,I finally saw that one scary movie my friends were talking about. I can't sleep without the lights on.
afraid,I don't think I could ever go outside when it is dark ever again.,I don't think I will go outside in the dark ever again.
afraid,"Yesterday I found a massive spider in my room. As much as I hate killing insects, I tried killing it and it ran away. I don't know where it went and I'm a little scared.",Yesterday I found a massive spider in my room.
afraid,I was really scared when I walked to my car after the movie,I was really scared when I walked to my car after the movie
afraid,I ma very anxious about the country these days.,I am very anxious about the country these days
afraid,my feelings might hurt me in the future,"i am nervous and scared of my feelings, i feel like in the future they will hurt me"
afraid,I felt scared on a plane ride. I was traveling by myself.,I was traveling on a plane by myself and I felt kind of scared.
afraid,finance,"money is such a weird thing, still don't agree with this ideology but it is the way things have been inherited since the start, i just wish it wasn't so controlling, i am worried about my future income"
afraid,I was at the movies the other day and this movie freaked me out.,I saw the freaking most horrible film the other day.
afraid,About 6 years ago I was diagnosed with cancer.,About 6 years ago I was diagnosed with cancer.
afraid,When I was younger I used to be scared to go into the basement. After I saw the home alone movies,Did you ever see the movie Home Alone? The movie scared me as a child
afraid,One time someone came to my door with a gun. He wanted money but I didn't have any so he stole some items from the house,Someone came to my door with a gun the other day.
afraid,I am scared of zombies,I have a reoccurring nightmare that I am being eaten by zombies
afraid,One time I was robbed at gun point.,Once I was robbed at gun point and locked in a walk in refrigerator for an hour.
afraid,I heard a banging on my window at 3AM last night. I was terrified on what it was but it turned out to be a tree branch.,I heard a banging on my window at 3AM last night. I was terrified on what it was but it turned out to be a tree branch.
afraid,I was expecting some doctor's results this week. I am really nervous about it.,I am expecting a call from the doctor any day now. I am super nervous about it.
afraid,Just watched season 2 of Luther last night on Netflix. Keeps you on the edge of your seat.,I finished season 2 of Luther on Netflix last night.
afraid,I changed my shift to overnight and I get so scared walking to my car since we have a huge parking lot.,I changed my shift to overnight and walking to my care gave me the creeps tonight. There was a man standing in the dark.
afraid,there was a giant spider in my house the other day. I was terrified.,here was a giant spider in my house the other day. I was terrified
afraid,I was always afraid of going to sleep as a kid. I was afraid that bigfoot was going to skin me alive.,I was always afraid of going to sleep as a kid. Thought I would wake up with bigfoot skinning me alive.
afraid,I heard a really loud bang in the middle of the night. the next morning I found out that it was gun shots. OMG,I heard a really loud bang in the middle of the night. the next morning I found out that it was gun shots. OMG
afraid,One time i got stuck in a storm and was scared i might get swept away,"i almost got swept away in a storm last year, was scary stuff"
afraid,I'm taking the drivers test for my license monday. I am so nervous.,I am taking the drivers test on Monday.
afraid,Just finished watching a murder mystery series. I'm afraid of walking outside in the dark now.,I just finished watching a series on netflix and now I am afraid to go outside alone in the dark.
afraid,I invested in cryptocurrency last year but the market is looking pretty bad.,I invested some of my money in the crypto market last year. The market looks terrible right now and I'm afraid I'll lose my money!
afraid,I overdrafted my bank account.,I accidentally overdrafted my bank account and now don't have enough money to pay the fee or my bills. I'm scared of what could happen
afraid,"There were 3 HUGE spiders in my house yesterday! I had to kill the first one, and then my husband killed the second and then when he was spraying (because I made him) he found a third!","There were 3 HUGE spiders in my house yesterday! I had to kill the first one, and then my husband killed the second and then when he was spraying (because I made him) he found a third!"
afraid,i was exposed to lice at work,i was exposed to lice at work
afraid,"I haven't watched a horror in so long, but my friend wants to watch one.","I haven't watched a horror in so long, but my friend wants to watch one"
afraid,"This past wednesday, I left my class very late and there weren't many people outside, and a random car pulled up to the curb where I was.","This past wednesday, I left my class very late and there weren't many people outside, and a random car pulled up to the curb where I was."
afraid,I stole some candy from Party City when I was a kid. I was so scared that the cops were going to nab me.,I stole some candy from Party City when I was a kid. I was so afraid that the cops were going to nab me.
afraid,This afternoon our neighbors dog got loose and he is very aggressive. The kids were outside playing in the yard. I didn't know what to do! My heart was racing..,A dog in our neighborhood got loose earlier while the kids were playing in the front yard. He is very aggressive and I could just imagine being at the hospital later.
afraid,I heard a loud bang in the middle of the night.,I heard a loud bang in the middle of last night and it woke me up.
afraid,One time I had to fly to Oklahoma for work. I don't like flying anyway but to top things off we had trouble landing.,"The last time I had to fly for work, we had issues when it came time to land."
afraid,"going near hights really makes me scared, i cannot go on reoller coasters because im afraid of heights",going near hights really makes me scared
afraid,I thought I saw an intruder in my room last week.,I thought I saw an intruder in my room last week. I screamed!
afraid,"I used to be afraid of the dark but now I am not so much, I had a nightlight for a long time","I used to be afraid of the dark but now I am not so much, I had a nightlight for a long time"
afraid,Sooo scary! I was in the basement today and I swear to you I saw a ghost.,Sooo scary! I was in the basement today and I swear to you I saw a ghost
afraid,I was driving through flood waters and my car stalled out.,I was driving through flood waters and my car stalled out.
afraid,"Recently a man tried to break into our house. It was late at night, and he was kicking the door. My entire family was scared as we waited for the police to show up.",A man recently tried to break into our house late at night.
afraid,"I have a phobia of water, and my boyfriend made me go out on his boat last weekend.","I have a phobia of water, and my boyfriend made me go out on his boat last weekend."
afraid,I don't think I'm going to do so well this semester.,Im not excited about this semester at all.
afraid,I was in bed and i heard a loud noise in my kitchen. but i was home alone!,i was inbed last night and heard a loud bang in the kitchen
afraid,I did not want to go on the rollercoaster,I really did not want to go on the rollercoaster. It looked so fast and scary
afraid,My parents have not gotten over the loss of my sister. They need to get some help from a trained professional.,You know my parents still have not gotten over the loss of my sister.
afraid,Riding coasters this weekend,I'm not looking forward to tomorrow :/
afraid,"I am not afraid to admit this: I am 32 and afraid of the dark. The other day, my electricity went out due to a storm. It was dark, I couldn't find my phone or a light, so I screamed for my girlfriend to wake up. Am I embarrassed to say that, not at all, lol","I am not afraid to admit this: I am 32 and afraid of the dark. The other day, my electricity went out due to a storm. It was dark, I couldn't find my phone or a light, so I screamed for my girlfriend to wake up. Am I embarrassed to say that, not at all, lol"
afraid,My husband is out of town and my friends talked me into going to a scary movie with them. I have not been able to sleep since then. I cannot wait until my husband gets back.,My husband is out of town and my friends talked me into going to a scary movie with them the other night.
afraid,One time I heard a large knock on my door while I was sleeping,One time I heard a large knock on my door while I was sleeping
afraid,I managed to spook myself in college by watching a little too much horror while living alone.,I managed to spook myself really bad once watching too many horror movies and being in a house alone by the woods.
afraid,I just watched the exorcist for the first time and am home alone. I turned all the lights on in the house and am going to call my friend because I have goosebumps.,I just watched the Exorcist for the first time and now I am going around my house turning on all the lights!
afraid,"Really afraid of flying next week, it's been a while since I've been on a plane!","Really afraid of flying next week, it's been a while since I've been on a plane!"
afraid,"Once I was at a large rave at an abandoned shipping wharf. The cops came and made the people throwing it shut it down. I was out of it, and worried I was going to jail.","During carnival season, there is a big rave at an undisclosed location in the middle of the night."
afraid,I accidentally dropped my phone and the screen started glitching out and the phone didn't want to turn on anymore.,I accidentally dropped my phone at the screen started to glitch out and didn't want to turn on anymore. I was scared because it was a brand new phone. Thankfully after a while of it just sitting there it turned back on normally.
afraid,There's been noise at my door every night at the same time. I check and there isn't anything.,There's been noise at my door every night at the same time. I check and there isn't anything.
afraid,I saw the scariest movie the other day. I was so frightened.,I saw the scariest movie the other day.
afraid,My mom is having weight loss surgery. Im worried the risks are too dangerous.,"My mom is having weight loss surgery next week, I'm nervous."
afraid,A giant wasp tried to attack me on my balcony. Another reason why I don't like to go on my balcony!,A giant wasp tried to attack me on my balcony. Another reason why I don't like to go on my balcony!
afraid,This weekend Im going to go sky diving with my best friend and I hate heights!,Im planning on going sky diving this weekend!
afraid,I just turned in my dissertation. I'm scared it will not pass and all my work toward my masters will be for nothing.,I just turned in my dissertation. I'm scared it will not pass and all my work toward my masters will be for nothing.
afraid,I was once was very nervous and scared when I thought my girlfriend was pregnant. Waiting to find out was what got me so scared. I found out that she wasn't and everything was okay.,I thought my girlfriend was pregnant recently.
afraid,"A couple months ago my 60 inch element LED HDTV randomly got white lines all over it while my fiance was at work. I didn't do anything to it at all, it just glitched up by itself and got worse as the night went on. I don't think it can be fixed and I dont want to be blamed for it because I was the only one home!","A couple months ago my 60 inch element LED HDTV randomly got white lines all over it while my fiance was at work. I didn't do anything to it at all, it just glitched up by itself and got worse as the night went on. I don't think it can be fixed."
afraid,Amusement park this weekend,Man this weekend might be weird
afraid,Halloween is coming and that means there will be haunted houses! I want to go but I don't want to get too scared.,"Halloween is coming soon, that means there will be haunted houses!"
afraid,I almost got into a car accident today. It was so close...,I almost got into a car accident today. It was so close...
afraid,1,I told my frend something personal and she was so judgemental towards me
afraid,Walking through a dark trail,I was walking through a trail to get to my house last night and it was pitch black. I was afraid a bear or something might get me lol
afraid,I wanna sell my phone but i'm scared to meet people from craigslist,i wanna sell my phone so i posted ad on craigslist. i have 3 potential buyers but i'm so scared to meet them . you never know what people intentions are
afraid,im scared of this big test tomorrow,im scared of this big test tomorrow
afraid,I am a bit afraid to call AC on my neighbor as I don't want him to retaliate. But I have too for the dogs sake.,I am a bit afraid to call AC on my neighbor as I don't want him to retaliate.
afraid,I just saw a bobcat outside my house.,I just saw a bobcat outside my house.
afraid,All the lights in my neighborhood has gone out except my home. People are looking at my home weird now.,All the lights in my neighborhood has gone out except my home. People are looking at my home weird now.
afraid,"I have an irrational fear of flying, yet I planned a trip which required me to travel 8 hours in a plane by myself",I have an irrational fear of flying which I faced when I traveled 8 hours on a plane by myself
afraid,I have a nevus that has change shape. I am little bit afraid of it could be. I will see the doctor tomorrow.,I have a nevus that has change shape. I am little bit afraid of what it could be. I will go see the doctor tomorrow.
afraid,I try to always stay inside when it's dark out.,I try not to go outside when it's dark.
afraid,My friend was getting married a few weeks ago but I was forced to work rather than attend his wedding. I'm really worried about if he'll still be my friend after that.,I had a friend who was getting married last month. Unfortunatley my job forced me to work on his wedding night. Now I don't know if he likes me anymore.
afraid,I do not like anything with wings.,I do not like anything with wings.
afraid,When I got home tonight my outdoor window was broken- To my cat room. I do not know who broke it or how. I am in a bad neighborhood so it was very frightening.,When I got home tonight my outdoor window was broken- To my cat room.
afraid,To this day I am still frightened to go near a cemetery. I just get a bad feeling about them,To this day I am still frightened to go near a cemetery.
afraid,My friend's dog started vomiting a lot. He's at the vet right now.,My friend's dog started vomiting a lot. He's at the vet right now.
afraid,My neighbors dog dug a hole under my fence and chased me back into my house!,I was out working in my garden when I noticed my neighbor's dog had dug a hole under my fence and was running right at me barking!
afraid,I awoke to a tapping a tthe window last night,"Last night, I jumped awake with a start. There was a tapping at the window"
afraid,"there was a time that I came home and my lights were on in the house and my door was unlocked and it had me really scared, I had my cell phone ready to dial 911 but noone was in my home and I never did figure it out",Hi there was a time that I was scared out of my mind I came home and my front door was unlocked and the lights were on in the house
afraid,I am so scared. I just heard a really crazy sounding animal coming from my lake out back of my house.,I am so scared. I just heard a really crazy sounding animal coming from my lake out back of my house.
afraid,I am starting a new job next week. I am so nervous.,MY new job starts next week.
afraid,I am scared I won't like my new neighbors. That's how it usualy goes around here,I am scared that I won't like my new neighbors
afraid,"When I was driving home from my first job it was snowing. I accidentally hit a curb and spun into the other lane and almost into a ditch, I was very scared","Hi! One time when driving on fresh snow I almost wiped out into a ditch, that scared me"
afraid,I went through a serious bout of insomnia about two years ago in which I was barely getting 6 hours of sleep a WEEK. It was causing mental fatigue and depression. I was afraid I'd never snap out of it.,I'm so thankful for relatively good sleep now. About two years ago I had a serious bout of insomnia that I thought I'd never escape.
afraid,"One time I moved into this new apartment, it was a converted loft in an old warehouse. On my first night, my soap dispenser in the kitchen malfunctioned and started squirting soap everywhere, the sound spooked me so bad!","One time I moved into a new apartment, it was this big loft in a converted warehouse. I had this automatic soap dispenser that went nuts on me and made this really scary sound, I thought the place was haunted!"
afraid,my sister is going for surgery,am so nervous my sister is going for surgey
afraid,"I'm afraid to move away from my home town, I've lived here for 26 years! I'll miss everyone!","I'm afraid to move away from my home town, I've lived here for 26 years! I'll miss everyone!"
afraid,"One time when I was little and playing hide and go seek, my cousin talked me into remaining hidden even when our parents came looking for us. After a while I realized that we were going to be in trouble, and then we saw a police car pull into the drive way.","One time when I was little and playing hide and go seek, my cousin talked me into remaining hidden even when our parents came looking for us. After a while I realized that we were going to be in trouble, and then we saw a police car pull into the drive way."
afraid,"I am scared of horror movies, I never could tolerate them","I am scared of horror movies, I never could tolerate them"
afraid,"When I was younger I was scared of almost any new experience...but since I've been mugged, kicked out of the house, lived homeless, been beaten up, won some street fights and become fully self-employed there's really nothing that scares me anymore","As a sheltered teenager I used to be scared of almost any new experience...but since I've been mugged, kicked out of the house, lived homeless, been beaten up, won some street fights, sparred state champions in the ring and become fully self-employed there's really nothing that scares me anymore"
afraid,"I went to the circus once, and the clowns were there. I am terrified of clowns.",I am terrified of clowns. I shouldn't of gone to the circus.
afraid,"my girlfriend has been saying some really threatening things lately, and I don't know what she's going to do",my girlfriend has been threatening me recently.....
afraid,I damaged my car yesterday. I am so worried about how much it will cost to repair it.,I damaged my car yesterday. I am so worried about how much it will cost to repair it.
afraid,abilities what they can cause,i am so scared... what if ...
afraid,"i hate going near hights they make me terrified, as soon as i look down and see the bottom i get so scared",i am extremely afraid of going near hiights
afraid,This year we have had a record number of tornadoes in our area. It really freaks my son out when we have to go into the basement while it storms outside.,We have had a record number of tornadoes in my area so far this year. My son really hates going into the basement while it is storming outside.
afraid,I lost the money pouch for the deposit at my job the other day.,I lost the money pouch for the deposit at my job the other day.
afraid,"My father and brother are in a serious conflict with each other right now, as my father has complained about the way my brother raises his son. Obviously it's a really stressful, tenuous situation and I have no idea who's side to take, and I'm worried it will lead to them not wanting to keep in touch anymore.","My father and brother are in a serious conflict with each other right now, as my father has complained about the way my brother raises his son. Obviously it's a really stressful, tenuous situation and I have no idea who's side to take, and I'm worried it will lead to them not wanting to keep in touch anymore."
afraid,"I am very fearful of dying. I know it will come one day, I just hope and pray it doesn't hurt so bad.","I am very fearful of dying. I know it will come one day, I just hope and pray it doesn't hurt so bad."
afraid,I was so scared to go to sleep at night when I was a kid. Always thought monsters were under my bed.,I was so scared to go to sleep at night when I was a kid.
afraid,Getting my roof replaced. It's so expensive.,Getting my roof replaced. It's so expensive
afraid,I keep hearing things in my kitchen. I think the mouse is back.,I think there is a mouse in my kitchen. I keep hearing squeaking noises at night.
afraid,I woke up scared in the night as I heard a noise at the window.,I woke up scared because I heard a noise at the window
afraid,"My husband and I went to see a house a while back, called The Mansion. We went through the door and felt an icy blast like nothing I've experienced before. When I went upstairs I became terrified and ran down and out the door!","K and I went to see a house a while ago. I don't know what happened there, but when I went upstairs I became more and more nervous and eventually ran back downstairs and out the door. Scary or what."
afraid,It was really dark and rainy one time when we were driving. We also crashed and it scared the hell outta me.,One time me and some friends were out driving and we almost crashed since it was so dark and rainy.
afraid,I was walking my dog and a stray dog ran up to us and started barking. Next thing I know he was trying to fight with my dog.,I was walking my dog and a stray dog ran up to us and started barking. Next thing I know he was trying to fight with my dog.
afraid,"The moment I decided to drop out of University, I had no idea what to do. Thinking about calling my parents and telling them was the most fear enducing madness I'd ever had to endure. Everything felt cloudy and shaky.",Hello there. How are you feeling today?
angry,someone cut me off in traffic today,someone cut me off in traffic today
angry,I am so mad I have to work on Sunday.,I am so mad I have to work Sunday.
angry,"I am mad that my sister always asks me to babsit, but never does it fofr me",My sister always asks me to babysit
angry,i was angry when i saw someone put a dent in my car,i was angry when i saw someone put a dent in my car
angry,I am kind of mad about tomorrow. My team meeting has been pushed up on short notice,I am mad about tomorrow. My team meeting has been pushed up on short notice
angry,"I went to the town hall to renew driving license. The agent gave wrong information. Because of him, I wasted three months.","I went to the town hall to renew driving license. The agent gave wrong information. Because of him, I wasted three months."
angry,I felt very angry when a co-worker of mine pretended he was in a car accident to get out of working July 4th. I worked to midnight for him to only find out he was faking it. I was furious,I was very angry when a co worker lied about a car accident to get out of working July 4th. I covered his shift till midnight and he was lying about the accident
angry,I really get mad when my taxes are raised.,I really get mad when my taxes are raised.
angry,i am pissed that someone put a dent in my car door,i am pissed that someone put a dent in my car
angry,"The other day while driving. someone cut me off, when I honked they flicked me off.","Soo the other day I was driving, got cut off, and when I honked at the other driver to let him know he almost hit my car, he flicked me off. I'm still bitter about it."
angry,I took my daughter shopping for school clothes and she didn't like anything in any store. We bought nothing,I took my 13 year old shopping for schoo clothes today.
angry,"On my way to work, a goose stole my toupee. We just hired a new secretary, Christy, and I need my hairpiece in order to impress her. I am so furious with that goose, I could wring its neck.","On my way to work, a goose stole the toupee I needed to impress the new secretary, Christy."
angry,I once lost my job and got mad.,I lost my job last year and got really angry.
angry,Someone keeps stealing my lunch from the fridge at work. They'd better hope that I don't find out who they are!,Someone at work keeps stealing my lunch from the fridge! So infuriating!
angry,Some jerk ran into my car because he crossed a red light. Now I have to have it repaired and get a rental,Some jerk ran into my car because he crossed a red light
angry,i was upset when i saw someone had dented my car door,i was upset when i saw someone had dented my car door
angry,I am so mad. My dog wont stop barking at every little noise.,I am so mad. My dog won't stop barking.
angry,"This morning driving into work, people were refusing to use their blinker. It can become so irratating","This morning driving into work, people were refusing to use their blinker."
angry,People need to stop letting their dogs poop in my yard!,People need to stop letting their dogs poop in my yard! They aren't even respectful enough to clean it up!
angry,"Someone slapped me, I felt so furious","Someone slapped me, I got so mad"
angry,"I just read an article online recently that said medical marijuana was now OK in the UK, it was so frustrating to read it because it had no valid reason being banned, and the way it got legalized was a child (epileptic) being denied it, and then having seizures every day. its mind blowingly frustrating","Hello! I recently read an article about medical marijuana now being allowed in the united kingdom, What do you think about it?"
angry,"I felt furious when my brother got my new car into an accident last month, it was badly damaged",I was really pissed off when my brother ran my new car into a tree last month
angry,I'm adhd when it comes to cleaning so when my family leaves the house a mess I get so furious.,I'm a neat freak and my house has to stay clean and in place always such a pet peeve of mines.
angry,My dog keeps having accidents in the house ever since we got another dog. I keep taking her outside to!,My dog keeps having accidents in the house! I'm getting fustrated.
angry,"Every time I was the Phantom Menace, I get so mad. What was George Lucas thinking?!",I'm so made at George Lucas. How could he think something like the Phantom Menace would be a good idea for a movie!
angry,My manager keep lying about a promotion that he promised.,My manager keep lying about a promotion that he promised.
angry,I am so mad that I got a speeding ticket.,I am so mad that I got a speeding ticket.
angry,MY ex didn't show up to court again. He is always wasting my time.,I recently had a court date for child support.
angry,Brother took my car without asking and i had to go to work. I was so furious at him and wasn't happy at all.,So i am really mad right now. Brother took my car without asking and i have to go to work.
angry,i just hate when people drive slow in the left lane,"people need to move over to the right lane, i hate when they go slow in the left"
angry,My roommate would leave his dogs poop bags inside the house at times.,My roommate was very forgetful. He would sometimes leave his dogs poop bags inside instead of bringing them out to the garage.
angry,i was really pissed off when i found out my best friend slept with my girlfriend. i was shaking all over!,i was really pissed off when i found out my best friend slept with my girlfriend. i was shaking all over!
angry,"i hate when my kids leave their clothes all over the floor, i punish their video games but they still manage to leave their clothes on the floor",i really hate when my kids leave their dirty clothes on the floor
angry,i can't believe my ex borrowed money from me and acts like he doesnt remember,My ex borrowed money from me a long time ago.
angry,"When I was younger, this little kid was going around tripped other kids and being a jerk in general. He was picking on kids smaller than him, which really annoyed me. So, I tripped him with a hoola hoop.","When I was a kid, I went to this group with other kids my age, it was in a big gym. There were kids of different ages, and one of the kids (8 years old or so) was picking on the littler kids. So, when he had his back turned, I looped him with a hoola hoop and tripped him so he fell flat on his face."
angry,when i found out my wife cheated on me,"Im still upset really about what happened, but I should just get over it."
angry,i gave my buddy money to buy me a huge roll of toiletpaper from Costco but he used the money for other things,i gave him $34 to get me the Angel Soft toiletpaper 2 huge packs and he used the money to change his oil in the car
angry,My landlord didn't want to repair the ceiling. He take rent but he doesn't want to make any reparations.,My landlord didn't want to repair the ceiling. He take the rent but he doesn't want to make any reparations.
angry,My cat vomited on my shoes,My cat vomited on my shoes
angry,I am so mad that my boss made me work Saturday.,I am so mad that my boss made me work Saturday.
angry,I am upset the baseball game got canceled.,I am upset the baseball game got canceled.
angry,My daughter left with her friends and her room is a mess. I am so upset.,I let my daughter go out with her friends today.
angry,I lost my favorite jacket and I can't find it. It was quite expensive and not easily replaced,I lost my favorite jacket and I can't find it
angry,was travelling 14 hours internationally. First flight got delayed and the airline would not apologize and provide altenative,was travelling 14 hours internationally. First flight got delayed and the airline would not apologize and provide altenative
angry,I do not like walking my kids to school. There are way too many hills. I wish t car worked,My car has worked in months and now school has started
angry,I was so upset the day I found out my mother had cancer. We were at the theater getting ready to watch movie when I got the phone call. I felt heartbroken.,When I got the phone call that my mom had cancer I was so upset.
angry,My brother was in a drunken mood.,My brother was in a drunken mood last night. He said nasty things and broke my furniture
angry,my brother flushed my fish down the toilet for fun,I walked into the bathroom to see my brother smiling and my fish bowl empty.
angry,My mother-in-law told a secret of mine that she promised she would never tell. It hurt me and I really had to work on trusting her with other things I tell her,My mother-in-law once told a secret of mine that she promised she would never tell
angry,Once my brother stole a pizza i made from me. He says he didn't each it even though i found him with a paper plate with fresh pizza sauce on it.,I made a pizza the other day. Let it cool off but when i came back it was gone.
angry,Someone stole one of my pigs. I am so upset about it.,Someone stole one of my pigs.
angry,I had to go to the hospital last month when i got really sick and I was charged 400 dollars more than they said it would be. I am ticked off to say the least.,I had to go to the hospital last month when i got really sick and I was charged 400 dollars more than they said it would be. I am ticked off to say the least.
angry,I wsa really upse when I found out my co-worker was fired,I was really upse when I found out my co-worker was fired
angry,"I had people stay at my house while I was gone over the weekend, so they wouldn't have to pay for a hotel. When I came back, they had left a mess and didn't really put in much effort to put things back where they found them. They were supposed to be good friends, too.","I had people stay at my house while I was gone over the weekend, so they wouldn't have to pay for a hotel. When I came back, they had left a mess and didn't really put in much effort to put things back where they found them. They were supposed to be good friends, too."
angry,The time that I found out that my girlfriend had cheated on me,I just found out that my girlfriend has cheated on me
angry,"I was having a party and had my cats locked up and told them and had a note on the door to not open it, well someone did and my cat got out and ran over.",Have you ever had to lose a pet?
angry,i was mad when i saw there was a dent in my car door,i was mad when i saw there was a dent in my car door.
angry,I don't like it when kids bully each other,I don't like it when kids bully each other
angry,i got the wrong item,i ordered a limited editon tshirt from my favorite band and they sent the wrong size
angry,My ex is such a jerk. He posted my phone number on facebook.,My ex is the worst.
angry,I am super OVER the people who litter on the outside of my lawn everyday. I don't know what to do with how upset I get at picking up everyone elses trash.,I am super OVER the people who litter on the outside of my lawn everyday.
angry,"I had a friend's boyfriend make a pass at me when I went to visit my friend. He actually kissed me, and this made me very upset. I couldn't believe the nerve!","I went to visit a friend one day and her boyfriend made a pass at me. He actually suddenly kissed me, as I was waiting for my friend to return. I couldn't believe his nerve!"
angry,A customer came into my work and started getting angry at me,So a customer just came into my work and started yelling at me for something that wasn't my fault. I hate when people do that!
angry,My son just wasted my soda all over his school papers. I am so upset,MY son just wasted my soda on some important papers.
angry,I just discovered that my girlfriend had been sleeping with my best friend. It's infuriating to know that she did that behind my back,I just discovered that my girlfriend had been sleeping with my best friend
angry,My boss fired me for no reason,"Hi, my boss my fired me for no reason"
angry,"Super upset that my yard received a ticket for being too long yet all the abandoned houses around me have 5ft tall grass. instead of ticketing decent people, they should try and stop all the rapes and shootings in the area and deal with all the abandoned houses.",Super upset that my yard received a ticket for being too long yet all the abandoned houses around me have 5ft tall grass.
angry,I broke my leg,"I broke my leg, it's so upsetting."
angry,I saw a person screaming at a puppy today. I was so upset to see it.,Today I saw a person screaming at a puppy.
angry,I worked so hard on a project to find out that they had 2 teams working on the same thing.,I worked so hard on a project to find out that they had 2 teams working on the same thing.
angry,I can't believe my daughter left the freezer open. The popsicles melted.,my daughter left our freezer open for hours today.
angry,I had to work late yesterday.,I had to work late yesterday.
angry,My interest rate just went up on my credit card. I am so mad it happened.,My interest rate just went up on my credit card.
angry,My dog was hit by a car and the person drove away. He had no regard.,Just lost my best friend.
angry,"I am so mad, my landlord is selling the house so I have to move.","I am so mad, my landlord is selling the house so I have to move."
angry,I dropped a mug and my coffee went everywhere,I dropped a mug and my coffee went everywhere
angry,My dog chewed up one of my flip flops the other day. Now I have to throw them out.,My dog chewed up one of my flip flops the other day. Now I have to throw them out.
angry,Some person cut me off in traffic yesterday and almost caused me to wreck. I can't stand people who can't drive!,Some person cut me off in traffic yesterday and almost caused me to wreck.
angry,I caught my boyfriend cheating on me last night. I was so mad!,Yesterday I found my boyfriend with someone else!
angry,I am soooo mad. I came home and someone burnt a pizza in my oven and left it there.,I am sooo mad. I came home and someone burnt a pizza in my oven and left it there.
angry,My pizza got delivered and it's cold. That makes me so upset.,My pizza got delivered and it's cold.
angry,When I found out that my ex-wife cheated on me,"Two years ago, I discovered that my now ex-wife was cheating on me with someone she worked with. When I first discovered it, i was angry and hurt."
angry,A part for my computer that I've been putting off buying went up 10% right before I finally ordered it.,I've been putting off buying a computer part that I needed and just noticed it went up 10%! I'm pretty mad at myself.
angry,I was so mad when Beverly Hillbillies got canceled. It was my favorite show!,"I was so gosh darn mad when my favorite show, the Beverly Hillbillies, got canceled!"
angry,Was let go from my job after 11 years. Coincidentally it was almost immediately after I told them I was pregnant with my 2nd child.,"It's been awhile now, but I vividly remember being let go from my job where I'd worked (and sweated and bled) for 11 years. They claimed it was due to downsizing."
angry,I was very angry when I failed my science test. I should have tried better,I was so mad when I failed my science test. I knew I should have done better
angry,I lost my credit card and someone charged 500 dollars on it. I am so upset it happened.,I lost my credit card and someone charged 500 dollars on it.
angry,"I was sitting on my couch the other day, when my two year old came out of nowhere, and threw my phone at my head. It hurt really bad.","I was sitting on my couch the other day, when my two year old came out of nowhere, and threw my phone at my head. It hurt really bad."
angry,"My sister in law makes me furious on a daily basis. She cannot take care of her kids, yet has no problem going out shopping and spending every dime she makes on herself.",My sister in law makes me furious almost on a daily basis.
angry,"I was driving home from work last night, when a guy talking on his cellphone started coming into my lane. I started honking at him and then he flipped me off",I was driving home from work last night and some guy on his phone started coming into my lane. I honked and he turned and flipped me off! The nerve on that guy!
angry,i was mad when i saw a dent in my door,i was mad when i saw a dent in my door
angry,I bought a used car for my son recently. I found out the odometer had been rolled back.,I'm so mad. I bought a used car for my son and found out later the odometer had been rolled back.
angry,I was expecting our anniversary avidly. But on the day my betterhalf had work in her native place. So she went and I was alone here. Also in mind pressure she forget to wish me.,My wife forgot to wish me on our anniversary.
angry,My son got brought home by the police last week for spray painting an abandoned building. I was furious with him!,My son got brought home by the police last week for spray painting an abandoned building. I was furious with him!
angry,I'm upset about a project my daughter is working on.,My daughter is working on a school project without having all the information on it.
angry,"Why won't I get my stuff after all the effort I put in, It's so unfair",I am angry because I didn't get served when it was my turn
angry,I was mad to see my best friend start dating my ex girlfriend.,"I can't believe my 'ex"" best friend"". he sarted dating my ex girl friend."
angry,My neice and daughter left such a mess in the play room today. I couldn't even look at them,My neice left such a mess over here today
angry,Asked a relative to care for our pet while we were gone and the dog ended up missing.,Asked a relative to care for our pet while we were gone and the dog ended up missing.
angry,MY son is refusing to go to sleep. I had a long day and am really tired,I had a rough day today and now my son refuses to go to bed
angry,"I went to the mall with my friends, I had my purse in my hand and someone hit me on my shoulder causing my purse to fall. He did not apologise.",I went to the mall with my friends. I had my purse and someone hit me on the shoulder causing my purse to slip off my shoulder unto the ground. He did not apologise
angry,"Manager schedueled me for an entire week of shifts, many of them doubles and without much time for a break between.","My idiot manager decided that I could handle working a seven day shift, and like half my days are double shifts."
angry,"I went on a date with this girl and she told me the date went well. After that, she then ghosted me which made me quite mad and upset.",I got quite upset when I was talking to the last girl I went on a date with.
angry,I was at the store and I noticed someone cut in front of someone else in line.,"I was at the store, and I saw someone cut in front of someone else in line which made me really upset."
angry,A guy almost crashed into me a week ago. It was really frustrating because he ran a redlight,"Man, last week I almost got into a crash because someone almost hit me."
angry,So bitter when I discovered my woman went to church putting on black gown when I ask her to wear white.,I love it when the buildbuilding is comingfrom me
angry,i was mad when i didnt get the day off,i was mad when i didnt get the day off
angry,I am so mad at my son. I asked him three times to do his chores and he still hasn't done them.,I am so mad at my son.
angry,My cat vomited on my favorite shoes and I was so mad about it.,The other day my cat vomited on my best shoes and it really made me mad.
angry,My armadillo pooped on the rug last night. I was so mad.,My armadillo pooped on the rug last night.
angry,I am not happy that I will not be able to attend the Kentucky Derby this year.,I am not happy that I will not be able to attend the Kentucky Derby this year.
angry,I was so furious when my brother lit a firecracker after tying it on our dog's tail. I was red with anger.,I was furious when my brother lit a firecracker tying it to our dog's tail
angry,I feel upset that someone I know would throw away progress constantly. They continue to listen and do things but none of it is doing anything because it's all a show.,I feel upset that someone I know would throw away progress constantly.
angry,"My electricity is out again! I pay a lot for the service, and i can never count on it. It goes out when the wind blows!","My electricity is out again! I pay a lot for the service, and i can never count on it. It goes out when the wind blows!"
angry,I am so mad! My insurance company keeps denying a valid claim and it causes the Doctor to send me a bill! I keep having to call and do their job for them!,I am so mad! My insurance company keeps denying a valid claim and it causes the Doctor to send me a bill! I keep having to call and do their job for them!
angry,I was sad to see one of the cave rescuers died.,"I was glad to see the boys get out of the cave, but sad that a diver died."
angry,"I am super frustrated that someone I know keeps ruining their life. They keep repeating the same bad mistakes to destroy everything, anytime anything good happens.",I am super frustrated that someone I know keeps ruining their life.
angry,My neighbors woke me us this weekend with their lawnmower at 5am. I went outside to ask him to stop but he just ignored me.,My neighbor woke me up this weekend mowing his lawn at 5am.
angry,I was so upset that my daughter borrowed my headphones. She never brings anything back,I was so upset when my daughter left with my earbuds
angry,"Nothing makes me angrier than seeing bullying in any way, shape, or form. Especially when it comes to bigotry or racism.",I'm always appalled when I see bullying in action -- whether it's on a playground or political stage -- not much makes me angrier.
angry,My computer crashed while I was working on a project.,My computer crashed while I was working on a project.
angry,I caught my wife cheating on me last week. She's apparently decided she likes other women now. I really don't know what to do!,I caught my wife cheating on me last week. Apparently she's decided that she likes women too. I don't know what to do about this.
angry,Some guy cut me off in traffic and caused me to swerve to the ramp.,Some guy cut me off in traffic today and caused me to swerve and hit a sign board
angry,My cat attacked me over food!,So i walked in from work and my cat attacked my leg
angry,I was so furious when my coworker badmouthed me to my boss. He said that i was stealing the office supplies just for the fun of it,I was so furious when i found out a coworker badmouthed me to my boss
angry,My crocodile bit my hand off. I was so mad!,My crocodile b my hand off today.
angry,"I had a guest over that used my restroom, and they obviously have some sort of digestive issue! They didn't event tell me about it!","I had a guest over that used my restroom, and they obviously have some sort of digestive issue! They didn't event tell me about it!"
angry,My dad's wife asked me to give her back the glassware she gave us at our wedding. We've been married 10 years! I think this is an insane request.,My dad's wife asked me to give her back the glassware she gave us at our wedding.
angry,One time I kept waiting for this person to respond to my texts. He never did,One time I kept waiting for this person to respond to my texts. He never did
angry,I woke up this morning and my truck had a flat tire.,I woke up this morning and my truck had a flat tire.
angry,My boss called me to come in on the weekend and it really has me peeved.,I'm pretty peeved since my boss just called me to come in and do something at work on my day off.
angry,my chief in my company scold me for the unnecessary reason.it makes me felt bad,"last day ,in my office my chief scolded me very rustic way for the unnecessary reason.it was so irrirtating"
angry,My son crashed my car.,I let my teenage son borrow my car and he crashed it!
angry,"Got to the hotel where I booked my room, and it turns out they gave my room to someone else!","Got to the hotel where I booked my room, and it turns out they gave my room to someone else!"
angry,My sister in law should be arrested. She went into my mother in law's room and stole her pain medication.,I think my sister in law should be arrested for what she did the other night.
angry,My cat spit up a hairball in my shoes today. I was so peeved!,My cat spit up a hairball into my shoes today.
angry,I am so upset and mad. I cant believe what has happened!,I never thought things would go like this.
angry,My upstairs neighbor moved out recently and left all her trash and furniture in our parking lot next to the garbage cans. No one has a place to park! I'm so mad.,I'm so irritated at my neighbor. She moved out recently and left ALL her garbage and old furniture in our parking lot by the garbage.
angry,My daughter was running through the house like usual the other day. She tripped on my laptop cord and pulled it off the table and the screen cracked. I was upset.,"So, i may be in the market for a new laptop or a repair at least, thanks to a little mishap."
angry,I let my dad borrow my car and he got in an accident. It made my insurance rate increase.,I let my dad borrow my car and he got in a minor accident.
angry,I ordered chicken the other day and it was still pink on the inside.,I order some chicken the other day and it was still pink on the inside.
angry,Finding out that my girlfriend had cheated on me with a close friend.,I just found out that my girlfriend has been cheating on me. God this is the worst week of my life.
angry,I bought some jeans today and brought them home to find out the zipper was broken.,i bought some jeans today. I thought the were so cute.
angry,I am so upset! My phone was on top of my car and it fell off and shattered.,I am so upset! My phone was on top of my car and it fell off and shattered
angry,I was late for the bus and missed it.,"I hate taking the but, today I was late to my stop and got there just as it drove away...."
angry,When i was young i was pretty hyper. But when we had a connect four tournament at my school i back seated someones match. I didn't point anything out really but they gave them a lose and it got me really mad i threw a chair in class.,So i had some anger management issues as a kid. Makes me feel dumb thinking back.
angry,I was so mad when I got a flat tire last weekend. It was in traffic as well,I was so mad last week when I got a flat. It was in traffic too
angry,People keep littering around my apartment building. It makes me so mad.,People are always throwing their litter around my apartment complex these days.
angry,"i hate getting last, i have always loved winning and there is nothing that makes me more angry than losing in something",there is nothing i hate more than losing in something
angry,"We're working on building a house, and keep running into delays. The guy at the city is completely unhelpful!","My wife and I are trying to build a house, and keep running into delays getting the permits."
angry,Some days every little things get me irritated,Some days every little thing gets me irritated
angry,I get mad when I fail at school.,When I fail at school I get so mad.
angry,I was supposed to mail off a check to pay a bill today and I forgot to put it in the mail when I left for work.,I was supposed to mail off a check to pay a bill today and I forgot to put it in the mail when I left for work.
angry,"I was on an airplane last week, and someone's baby would not stop crying. I know it isn't right to be upset about such things, but it really bothered me.","I was on an airplane last week, and someone's baby would not stop crying. I know it isn't right to be upset about such things, but it really bothered me."
angry,i was pissed when i saw a dent in my door,i was pissed when i saw a dent in my door
angry,my neighbor keeps being really loud late at night,"My neighbor is so loud at night. Everynight after 11pm shes out in the parking lot, in and out of her vehicle making noise."
angry,I stubbed my toe on the side of my bed this morning. It's still hurting.,"I stubbed my toe on the side of my bed this morning, it's still hurting!"
angry,People around my workplace are always leaving litter all around the office and it really makes me mad.,People around my workplace are always leaving litter all around the office and it really makes me mad.
angry,when a car almost hit me,I was driving down the interstate and a car almost hit me going 90 mph.
angry,"Somehow a LEGO got stuck under my front-door to my house, and now it helped to crack the frame of the door, and it needs to be replaced. What's worse is I had just gotten done telling my child that they need to make sure they're more responsible with their toys, and to put them in their appropriate places. I'm trying to be patient and not overreact in the situation, but it's hard.","Somehow a LEGO got stuck under my front-door to my house, and now it helped to crack the frame of the door, and it needs to be replaced. What's worse is I had just gotten done telling my child that they need to make sure they're more responsible with their toys, and to put them in their appropriate places. I'm trying to be patient and not overreact in the situation, but it's hard."
angry,"My dog threw up all over my $10,000 tuxedo. I was quite irate.","My dog threw up on my $10,000 tuxedo that I purchased with my lottery winnings."
angry,i was pissed when i saw someone had put a dent in my door,i was pissed when i saw someone had put a dent in my door
angry,"Once my Uncle made racist comments towards me. I told him it's not funny, thinking he was joking. Turns out he was serious, and all he did was make more racist remarks.","Man, doesn't it grind your gears when people make actual racist remarks?"
angry,I lost my job yesterday,I lost my job yesterday.
angry,I was waiting in a check out lane for quite some time. A new cashier came and she took the people at the back of the line.,I was in a check out lane for a while waiting when another cashier comes alone and takes the people in the back of the line.
angry,I am so pissed of at President Trump,I am so pissed of at President Trump
angry,I found a hair in my soup at lunch today. I was not happy.,I found a hair in my soup at lunch today. I was not happy.
angry,I was angry when my brother ruined the result of a football game. I recorded it to watch later,I was angry when my brother ruined the result of a football game. I recorded it to watch later
angry,I get so angry when I lose any game.,I get feel so irate when I lose any form of game.
angry,I was backing out of the driveway and I ran over a bike that I had told the kids to put away. I was so mad.,"I was backing out of the driveway and I ran over a bike that I had told the kids to put away. I was so mad.,4|4|5_5|5|5, hit:10424_conv:20849,2,angry,I was backing out of the driveway and I ran over a bike that I had told the kids to put away. I was so mad.,686,Wow, that was not cool at all,4|4|5_5|5|5, hit:10424_conv:20849,3,angry,I was backing out of the driveway and I ran over a bike that I had told the kids to put away. I was so mad.,548,The bike was totaled and I had damage to the car. Needless to say somebody was in big trouble.,4|4|5_5|5|5, hit:10424_conv:20849,4,angry,I was backing out of the driveway and I ran over a bike that I had told the kids to put away. I was so mad.,686,Ohhh kids. Please just take it easy on them ok,4|4|5_5|5|5, hit:10425_conv:20850,1,proud,I was in a class when my name was mentioned for an award,i came out feeling high,181,Everyone applauded me,4|4|4_5|2|2, hit:10425_conv:20850,2,proud,I was in a class when my name was mentioned for an award,i came out feeling high,381,That must feel amazing! What did you do to deserve the recognition? ,4|4|4_5|2|2, hit:10425_conv:20850,3,proud,I was in a class when my name was mentioned for an award,i came out feeling high,181,I cleard my papers ,4|4|4_5|2|2, hit:10425_conv:20850,4,proud,I was in a class when my name was mentioned for an award,i came out feeling high,381,Was this at the office? Or perhaps at school?,4|4|4_5|2|2, hit:10425_conv:20851,1,nostalgic,I was thinking about my childhood the other day and feel so lucky. I was raised in a good family and love many old memories I have.,381,I was thinking about my childhood the other day. I came from a pretty good family and life was so nice and simple when you're young.,5|2|2_4|4|4, hit:10425_conv:20851,2,nostalgic,I was thinking about my childhood the other day and feel so lucky. I was raised in a good family and love many old memories I have.,181,Thats good,it feels good,5|2|2_4|4|4, hit:10425_conv:20851,3,nostalgic,I was thinking about my childhood the other day and feel so lucky. I was raised in a good family and love many old memories I have.,381,Yeah. I was going through some old VHS tapes and found some of when I was a kid. I used to love this old dog I had.,5|2|2_4|4|4, hit:10425_conv:20851,4,nostalgic,I was thinking about my childhood the other day and feel so lucky. I was raised in a good family and love many old memories I have.,181,Whats the name of the dog?,5|2|2_4|4|4, hit:10426_conv:20852,1,afraid,I ran out of the house thinking I saw a ghost,686,I thought I saw a ghost in my room, so I ran out of the house ,5|4|5_4|4|5, hit:10426_conv:20852,2,afraid,I ran out of the house thinking I saw a ghost,548,I'll bet that was scary. I would have run too.,5|4|5_4|4|5, hit:10426_conv:20852,3,afraid,I ran out of the house thinking I saw a ghost,686,Lol, but do you know at the end, it was just a white cloth I hanged there,5|4|5_4|4|5, hit:10426_conv:20852,4,afraid,I ran out of the house thinking I saw a ghost,548,LOL....White cloths can be scary too.,5|4|5_4|4|5, hit:10426_conv:20853,1,proud,My nephew signed up to join the Marines. I was overwhelmed with happy emotions that he would choose to serve our country.,548,My nephew signed up to join the Marines. I was overwhelmed with happy emotions that he would choose to serve our country.,4|4|5_5|4|5, hit:10426_conv:20853,2,proud,My nephew signed up to join the Marines. I was overwhelmed with happy emotions that he would choose to serve our country.,686,Wow, that's great news. I love that ,4|4|5_5|4|5, hit:10426_conv:20853,3,proud,My nephew signed up to join the Marines. I was overwhelmed with happy emotions that he would choose to serve our country.,548,I think it is such an honorable thing to do. ,4|4|5_5|4|5, hit:10426_conv:20853,4,proud,My nephew signed up to join the Marines. I was overwhelmed with happy emotions that he would choose to serve our country.,686,Exactly , it is quite cool,4|4|5_5|4|5, hit:10427_conv:20854,1,apprehensive,I was scared to go on the new roller coaster at Six Flags, because it is so high and fast. I felt sick to my stomach while I was waiting in line.,724,I felt sick to my stomach waiting in line for a new roller coaster.,4|5|5_5|5|5, hit:10427_conv:20854,2,apprehensive,I was scared to go on the new roller coaster at Six Flags, because it is so high and fast. I felt sick to my stomach while I was waiting in line.,49,I would have felt the same way. I am really afraid to get on any roller coaster. How was it?,4|5|5_5|5|5, hit:10427_conv:20854,3,apprehensive,I was scared to go on the new roller coaster at Six Flags, because it is so high and fast. I felt sick to my stomach while I was waiting in line.,724,Well, my fear didn't get any better as it started moving. But by the end I loved it!,4|5|5_5|5|5, hit:10427_conv:20854,4,apprehensive,I was scared to go on the new roller coaster at Six Flags, because it is so high and fast. I felt sick to my stomach while I was waiting in line.,49,That's awesome. Glad you had fun! That's what's important,4|5|5_5|5|5, hit:10427_conv:20854,5,apprehensive,I was scared to go on the new roller coaster at Six Flags, because it is so high and fast. I felt sick to my stomach while I was waiting in line.,724,Somehow I remember them being less scary when I was a kid ,4|5|5_5|5|5, hit:10428_conv:20856,1,sentimental,I hung out with one of my old friends yesterday. We had a good time talking about the things we used to get into, back in the day.,620,I hung out with one of my old friends yesterday. We had a good time talking about the things we used to get into, back in the day.,5|5|5_5|5|5, hit:10428_conv:20856,2,sentimental,I hung out with one of my old friends yesterday. We had a good time talking about the things we used to get into, back in the day.,381,What kind of things did you all like to do? Sounds like it was fun to catch up.,5|5|5_5|5|5, hit:10428_conv:20856,3,sentimental,I hung out with one of my old friends yesterday. We had a good time talking about the things we used to get into, back in the day.,620,Just general teenage tomfoolery. Nothing too serious. Silly things that kids do.,5|5|5_5|5|5, hit:10428_conv:20856,4,sentimental,I hung out with one of my old friends yesterday. We had a good time talking about the things we used to get into, back in the day.,381,Was he one of your best friends? Sounds like you have some more catching up yo do!,5|5|5_5|5|5, hit:10428_conv:20857,1,disgusted,Having kids is great but some of the things they do are gross. My girlfriend's kid is always making a mess!,381,Do you have kids? Some of the things they do are nasty! My girlfriends kid is such a messy eater!,5|5|5_5|5|5, hit:10428_conv:20857,2,disgusted,Having kids is great but some of the things they do are gross. My girlfriend's kid is always making a mess!,620,I do. I have one and another one on the way. They can be gross little critters!,5|5|5_5|5|5, hit:10428_conv:20857,3,disgusted,Having kids is great but some of the things they do are gross. My girlfriend's kid is always making a mess!,381,You're not kidding! When he eats spaghetti it's the worst. Pasta sauce gets everywhere!,5|5|5_5|5|5, hit:10428_conv:20857,4,disgusted,Having kids is great but some of the things they do are gross. My girlfriend's kid is always making a mess!,620,Oh, that's rough. That can be a lot of clean up.,5|5|5_5|5|5, hit:10429_conv:20859,1,caring,My friend is from work is pregnant and she's so excited. I'm excited to, but also worried since we work in a lab and we have to be very careful of the chemicals. ,719,I just found out a friend at work is pregnant!,5|5|5_5|5|5, hit:10429_conv:20859,2,caring,My friend is from work is pregnant and she's so excited. I'm excited to, but also worried since we work in a lab and we have to be very careful of the chemicals. ,630,Wow, exciting! Is this going to be your friend's first child?,5|5|5_5|5|5, hit:10429_conv:20859,3,caring,My friend is from work is pregnant and she's so excited. I'm excited to, but also worried since we work in a lab and we have to be very careful of the chemicals. ,719,Second actually. have to be a bit careful though. We work around some dangerous chemicals. ,5|5|5_5|5|5, hit:10429_conv:20859,4,caring,My friend is from work is pregnant and she's so excited. I'm excited to, but also worried since we work in a lab and we have to be very careful of the chemicals. ,630,That sounds scary. How often do children of the employees at your work end up harmed because of the chemicals?,5|5|5_5|5|5, hit:10429_conv:20859,5,caring,My friend is from work is pregnant and she's so excited. I'm excited to, but also worried since we work in a lab and we have to be very careful of the chemicals. ,719,Not often. We have a really good Health and Safety program. ,5|5|5_5|5|5, hit:10430_conv:20860,1,impressed,I came back home and noticed my younger bro kept everywhere clean,686,I came back home and noticed my younger brother kept everywhere clean, It pleased me,4|4|4_5|4|4, hit:10430_conv:20860,2,impressed,I came back home and noticed my younger bro kept everywhere clean,724,That's a pleasant surprise! Is this out of the ordinary?,4|4|4_5|4|4, hit:10430_conv:20860,3,impressed,I came back home and noticed my younger bro kept everywhere clean,686,Oh yeah. Because he hardly sweep,4|4|4_5|4|4, hit:10430_conv:20860,4,impressed,I came back home and noticed my younger bro kept everywhere clean,724,Let's hope he keeps it up!,4|4|4_5|4|4, hit:10430_conv:20861,1,sentimental,I was just looking at some old pictures of my Dad. I miss him.,724,Found some old pictures of my Dad fishing. I miss fishing with him.,5|4|4_4|4|4, hit:10430_conv:20861,2,sentimental,I was just looking at some old pictures of my Dad. I miss him.,686,Wow, I've never done fishing, so how is it like ,5|4|4_4|4|4, hit:10430_conv:20861,3,sentimental,I was just looking at some old pictures of my Dad. I miss him.,724,I used to love going with Dad, but haven't really gone much since he passed.,5|4|4_4|4|4, hit:10430_conv:20861,4,sentimental,I was just looking at some old pictures of my Dad. I miss him.,686,It's well. Please accept my condolence ,5|4|4_4|4|4, hit:10430_conv:20861,5,sentimental,I was just looking at some old pictures of my Dad. I miss him.,724,Thank you. It was quite some time ago, I was just being nostalgic.,5|4|4_4|4|4, hit:10431_conv:20862,1,excited,My dad bought me a golden wrist watch last week and i was happy,181,I felt on top of the world when i recieved the present,4|4|4_4|4|4, hit:10431_conv:20862,2,excited,My dad bought me a golden wrist watch last week and i was happy,577,What type of present was it? It must have been pretty special.,4|4|4_4|4|4, hit:10431_conv:20862,3,excited,My dad bought me a golden wrist watch last week and i was happy,181,Yes,it was a golden wrist watch from my dad,4|4|4_4|4|4, hit:10431_conv:20862,4,excited,My dad bought me a golden wrist watch last week and i was happy,577,Cool. There's nothing like receiving family heirlooms.,4|4|4_4|4|4, hit:10431_conv:20863,1,caring,I stumbled upon a couple of abandoned kittens recently. I took them home.,577,I found some kittens in an abandoned house recently. They were so malnourished, I took them home, fed them, and now they're part of the family.,4|4|4_4|4|4, hit:10431_conv:20863,2,caring,I stumbled upon a couple of abandoned kittens recently. I took them home.,181,You did so well,have you given them names?,4|4|4_4|4|4, hit:10431_conv:20863,3,caring,I stumbled upon a couple of abandoned kittens recently. I took them home.,577,Yes, Foster and Buster. Don't ask me why I chose those names, lol. That's what they looked like, I guess,4|4|4_4|4|4, hit:10431_conv:20863,4,caring,I stumbled upon a couple of abandoned kittens recently. I took them home.,181,Am so happy for you,you have gotten a pet,4|4|4_4|4|4, hit:10432_conv:20864,1,anxious,Recently I found out I may have a hernia. It's causing so much anxiety that it keeps me up at night.,381,I was diagnosed with a inguinal hernia yesterday. The amount of stress and anxiety is through the roof for me right now.,5|5|5_3|4|5, hit:10432_conv:20864,2,anxious,Recently I found out I may have a hernia. It's causing so much anxiety that it keeps me up at night.,368,Holy crap! Can it be remedied?,5|5|5_3|4|5, hit:10432_conv:20864,3,anxious,Recently I found out I may have a hernia. It's causing so much anxiety that it keeps me up at night.,381,Yes with surgery. This is going to require some time off from work which may be difficult.,5|5|5_3|4|5, hit:10432_conv:20864,4,anxious,Recently I found out I may have a hernia. It's causing so much anxiety that it keeps me up at night.,368,I really hope it all works out for you. Work is important but your health is way more important!,5|5|5_3|4|5, hit:10432_conv:20865,1,faithful,My marriage,368,I've been married nearly eight years and someone hit on me last week. Luckily we have always been happy together or else that could have taken a weird turn.,3|4|5_5|5|5, hit:10432_conv:20865,2,faithful,My marriage,381,I bet it felt good though? That's good that you're happily married!,3|4|5_5|5|5, hit:10432_conv:20865,3,faithful,My marriage,368,It did! I guess I've 'still got it!' Ha!,3|4|5_5|5|5, hit:10432_conv:20865,4,faithful,My marriage,381,That's the spirit! It's a positive thing so long as you remain faithful. Did you tell your significant other?,3|4|5_5|5|5, hit:10432_conv:20865,5,faithful,My marriage,368,Of course!,3|4|5_5|5|5, hit:10433_conv:20866,1,sentimental,I wanted to leave my boyfriend but I felt pity on him,686,I felt pity on my boyfriend last week, but I wanted to leave him,4|4|4_5|4|5, hit:10433_conv:20866,2,sentimental,I wanted to leave my boyfriend but I felt pity on him,724,Oh yeah? Did you get it worked out?,4|4|4_5|4|5, hit:10433_conv:20866,3,sentimental,I wanted to leave my boyfriend but I felt pity on him,686,No, he convinced me, so I stayed. But don't like his attitude ,4|4|4_5|4|5, hit:10433_conv:20866,4,sentimental,I wanted to leave my boyfriend but I felt pity on him,724,Have you considered couples therapy to try and work things out?,4|4|4_5|4|5, hit:10433_conv:20867,1,devastated,I bought a new jeep and someone crashed into it in a parking lot. They didn't even leave a note.,724,I bought a brand new jeep, and it's damaged already. I'm upset.,5|4|5_4|4|4, hit:10433_conv:20867,2,devastated,I bought a new jeep and someone crashed into it in a parking lot. They didn't even leave a note.,686,Oh no, that is not cool. What happened? ,5|4|5_4|4|4, hit:10433_conv:20867,3,devastated,I bought a new jeep and someone crashed into it in a parking lot. They didn't even leave a note.,724,Someone crashed into it in a parking lot. Didn't even leave a note.,5|4|5_4|4|4, hit:10433_conv:20867,4,devastated,I bought a new jeep and someone crashed into it in a parking lot. They didn't even leave a note.,686,That person is heartless though ,5|4|5_4|4|4, hit:10433_conv:20867,5,devastated,I bought a new jeep and someone crashed into it in a parking lot. They didn't even leave a note.,724,I agree. People can be such jerks sometimes.,5|4|5_4|4|4, hit:10434_conv:20868,1,trusting,it is really a happy feeling that you get a good cooperation from some unexpected person,2,i got permission to begin a start up company by my own.. i am so excited,4|4|4_5|5|5, hit:10434_conv:20868,2,trusting,it is really a happy feeling that you get a good cooperation from some unexpected person,725,Wow, that sounds exciting! I hope everything works out for you!,4|4|4_5|5|5, hit:10434_conv:20868,3,trusting,it is really a happy feeling that you get a good cooperation from some unexpected person,2,yes.. it is unexpected indeed.. i thought i would be struggling to get support.. ,4|4|4_5|5|5, hit:10434_conv:20868,4,trusting,it is really a happy feeling that you get a good cooperation from some unexpected person,725,Seems like it is your fate then. I am also starting a new venture and it is taking a lot of time and hard work but I think it is finally paying off soon. ,4|4|4_5|5|5, hit:10435_conv:20870,1,terrified,Lately I've been having horrible nightmares. It feels like having sleep paralysis!,381,Lately at night when I go to sleep I've been having sleep paralysis. It feels terrifying! Like someone is in the room with me.,5|4|5_3|3|4, hit:10435_conv:20870,2,terrified,Lately I've been having horrible nightmares. It feels like having sleep paralysis!,577,That's horrible. Have you any idea what might have caused it?,5|4|5_3|3|4, hit:10435_conv:20870,3,terrified,Lately I've been having horrible nightmares. It feels like having sleep paralysis!,381,I've watched some Youtube videos on it and it seems to be hereditary or sometimes sleep deprived. I guess I am usually sleep deprived!,5|4|5_3|3|4, hit:10435_conv:20870,4,terrified,Lately I've been having horrible nightmares. It feels like having sleep paralysis!,577,You should go see a doctor about that. Sleep deprivation is very unhealthy,5|4|5_3|3|4, hit:10435_conv:20871,1,content,I moved into a new house recently. And while it isn't a mansion, it fits my needs perfectly.,577,I moved house recently, from an absolute dump. The new place isn't huge, but it's perfect for me.,3|3|4_5|4|5, hit:10435_conv:20871,2,content,I moved into a new house recently. And while it isn't a mansion, it fits my needs perfectly.,381,That's one of the most responsible things you can do. I'm sure your family is proud of you.,3|3|4_5|4|5, hit:10435_conv:20871,3,content,I moved into a new house recently. And while it isn't a mansion, it fits my needs perfectly.,577,Well, I live alone, but I'm certainly proud of myself for finally moving. Now I can focus on work.,3|3|4_5|4|5, hit:10435_conv:20871,4,content,I moved into a new house recently. And while it isn't a mansion, it fits my needs perfectly.,381,You're taking steps in the right direction I get a feeling you're doing alright for yourself out there. ,3|3|4_5|4|5, hit:10436_conv:20873,1,devastated,A few years ago, my employer of 13 years shut their doors and we all were laid off. I would probably have stayed at that place my entire career if it hadn't closed.,620,A few years ago, my employer of 13 years shut their doors and we all were laid off. I would probably have stayed at that place my entire career if it hadn't closed.,5|5|5_4|5|5, hit:10436_conv:20873,2,devastated,A few years ago, my employer of 13 years shut their doors and we all were laid off. I would probably have stayed at that place my entire career if it hadn't closed.,211,That must have been devastating. Did it take you a long time to find a new position?,5|5|5_4|5|5, hit:10436_conv:20873,3,devastated,A few years ago, my employer of 13 years shut their doors and we all were laid off. I would probably have stayed at that place my entire career if it hadn't closed.,620,No, I worked at another place for a year or so, but it was terrible, so I left there and am now going to school for something better. So, it all has worked out well.,5|5|5_4|5|5, hit:10436_conv:20873,4,devastated,A few years ago, my employer of 13 years shut their doors and we all were laid off. I would probably have stayed at that place my entire career if it hadn't closed.,211,I'm glad things have worked out in the end for you. Sometimes bad things happen for a reason. ,5|5|5_4|5|5, hit:10437_conv:20874,1,sentimental,3,449,My aunt died last year and I was thinking about her yesterday.,5|5|5_5|5|5, hit:10437_conv:20874,2,sentimental,3,719,That's very hard. I lost my uncle in january and it's so hard to think about.,5|5|5_5|5|5, hit:10437_conv:20874,3,sentimental,3,449,She was like a mom to be and raised me in my younger years.,5|5|5_5|5|5, hit:10437_conv:20874,4,sentimental,3,719,I'm so sorry. Are you doing all right?,5|5|5_5|5|5, hit:10437_conv:20874,5,sentimental,3,449,I am, it's just that the fleeting memories make me sad.,5|5|5_5|5|5, hit:10437_conv:20874,6,sentimental,3,719,They always do. It'll get easier to think about with time,5|5|5_5|5|5, hit:10437_conv:20874,7,sentimental,3,449,I hope. I keep her close to by heart.,5|5|5_5|5|5, hit:10437_conv:20875,1,content,My cat likes to sleep under the covers with me a night. He comes up and pulls at the blankets until I let him in and then curls up and sleeps by my side. ,719,My cat is such a comfort. He likes to sleep under the covers with me. ,5|5|5_5|5|5, hit:10437_conv:20875,2,content,My cat likes to sleep under the covers with me a night. He comes up and pulls at the blankets until I let him in and then curls up and sleeps by my side. ,449,That is awesome! I have 5 cats. They are pretty snobbish and only 2 like to cuddle.,5|5|5_5|5|5, hit:10437_conv:20875,3,content,My cat likes to sleep under the covers with me a night. He comes up and pulls at the blankets until I let him in and then curls up and sleeps by my side. ,719,Aww! I've only the one right now, but he is the cuddliest kitty. Demands to be under the blankets with me most nights. ,5|5|5_5|5|5, hit:10437_conv:20875,4,content,My cat likes to sleep under the covers with me a night. He comes up and pulls at the blankets until I let him in and then curls up and sleeps by my side. ,449,That is sweet. My cats have human names, lol. What about yours?,5|5|5_5|5|5, hit:10437_conv:20875,5,content,My cat likes to sleep under the covers with me a night. He comes up and pulls at the blankets until I let him in and then curls up and sleeps by my side. ,719,Same. I got his out of an old detective novel. ,5|5|5_5|5|5, hit:10437_conv:20875,6,content,My cat likes to sleep under the covers with me a night. He comes up and pulls at the blankets until I let him in and then curls up and sleeps by my side. ,449,I recently had to surrender 1, we had six before. But he was being bullied by the others.,5|5|5_5|5|5, hit:10437_conv:20875,7,content,My cat likes to sleep under the covers with me a night. He comes up and pulls at the blankets until I let him in and then curls up and sleeps by my side. ,719,We do the best for them, even if it's not what we want. ,5|5|5_5|5|5, hit:10437_conv:20875,8,content,My cat likes to sleep under the covers with me a night. He comes up and pulls at the blankets until I let him in and then curls up and sleeps by my side. ,449,I'm glad you have a cuddly fur-baby!,5|5|5_5|5|5, hit:10438_conv:20876,1,surprised,I just came into the house,on the light and heard ,'happy birthday',181,I was given a beffitting birthday by my sibblings,4|4|4_5|5|5, hit:10438_conv:20876,2,surprised,I just came into the house,on the light and heard ,'happy birthday',381,How old did you turn? I hope you guys had some cake too!,4|4|4_5|5|5, hit:10438_conv:20876,3,surprised,I just came into the house,on the light and heard ,'happy birthday',181,I was a year older,lol,4|4|4_5|5|5, hit:10438_conv:20876,4,surprised,I just came into the house,on the light and heard ,'happy birthday',381,That's awesome! Well I want to say happy birthday to you as well!,4|4|4_5|5|5, hit:10438_conv:20877,1,disappointed,I was dog sitting my moms dog and she got out. It's been over 24 hours now since she's gone missing.,381,I lost my mom's dog yesterday and it's been about 24 hours since she went missing! I'm trying to find her but had to take a break.,5|5|5_4|4|4, hit:10438_conv:20877,2,disappointed,I was dog sitting my moms dog and she got out. It's been over 24 hours now since she's gone missing.,181,So sorry about that,she will be found,5|5|5_4|4|4, hit:10438_conv:20877,3,disappointed,I was dog sitting my moms dog and she got out. It's been over 24 hours now since she's gone missing.,381,Thank you so much that means a lot. I've posted on a few dog watching apps and people are supportive.,5|5|5_4|4|4, hit:10438_conv:20877,4,disappointed,I was dog sitting my moms dog and she got out. It's been over 24 hours now since she's gone missing.,181,You are most welcomed,just keep trying,5|5|5_4|4|4, hit:10439_conv:20878,1,ashamed,I have severe social phobia, anxiety and depression. I often miss work. Recently, due to this issue, I missed quite a bit of work and am now in trouble financially. ,726,I am broke and cannot afford to pay my bills. I am afraid that I have hurt my family because of my mental issues. I am embarrassed to tell anyone. ,5|5|5_5|4|5, hit:10439_conv:20878,2,ashamed,I have severe social phobia, anxiety and depression. I often miss work. Recently, due to this issue, I missed quite a bit of work and am now in trouble financially. ,724,I'm so sorry to hear that. What can I do to help?,5|5|5_5|4|5, hit:10439_conv:20878,3,ashamed,I have severe social phobia, anxiety and depression. I often miss work. Recently, due to this issue, I missed quite a bit of work and am now in trouble financially. ,726,I don't think there is anything you can do to help. This is something, I most likely will need to resolve on my own. Unfortunately. ,5|5|5_5|4|5, hit:10439_conv:20878,4,ashamed,I have severe social phobia, anxiety and depression. I often miss work. Recently, due to this issue, I missed quite a bit of work and am now in trouble financially. ,724,Perhaps you could see a counselor or therapist, that might help.,5|5|5_5|4|5, hit:10439_conv:20878,5,ashamed,I have severe social phobia, anxiety and depression. I often miss work. Recently, due to this issue, I missed quite a bit of work and am now in trouble financially. ,726,My insurance will not cover this type of expenses. I am medicated, but I do not feel that it helps. ,5|5|5_5|4|5, hit:10439_conv:20878,6,ashamed,I have severe social phobia, anxiety and depression. I often miss work. Recently, due to this issue, I missed quite a bit of work and am now in trouble financially. ,724,Oh that's too bad. There are many free programs that you might be able to access.,5|5|5_5|4|5, hit:10439_conv:20878,7,ashamed,I have severe social phobia, anxiety and depression. I often miss work. Recently, due to this issue, I missed quite a bit of work and am now in trouble financially. ,726,Maybe so, I should look into that. I feel like just speaking to someone about this would help. ,5|5|5_5|4|5, hit:10439_conv:20878,8,ashamed,I have severe social phobia, anxiety and depression. I often miss work. Recently, due to this issue, I missed quite a bit of work and am now in trouble financially. ,724,That's a great idea. I'm always here if you need someone to talk to.,5|5|5_5|4|5, hit:10439_conv:20879,1,caring,My sister had a baby. It's undescribeable how much love I feel for it.,724,I feel such love and joy towards my sister's new baby. It's overwhelming.,5|4|5_5|5|5, hit:10439_conv:20879,2,caring,My sister had a baby. It's undescribeable how much love I feel for it.,726,Oh wow, that is wonderful. Is it a girl or boy?,5|4|5_5|5|5, hit:10439_conv:20879,3,caring,My sister had a baby. It's undescribeable how much love I feel for it.,724,It's a girl. My first niece, and she's beautiful.,5|4|5_5|5|5, hit:10439_conv:20879,4,caring,My sister had a baby. It's undescribeable how much love I feel for it.,726,Congratulations! Babies are amazing. I have two of my own. Do you have any of your own?,5|4|5_5|5|5, hit:10439_conv:20879,5,caring,My sister had a baby. It's undescribeable how much love I feel for it.,724,Unfortunately no, not yet. My wife and I are hoping to have kids someday.,5|4|5_5|5|5, hit:10439_conv:20879,6,caring,My sister had a baby. It's undescribeable how much love I feel for it.,726,It is a wonderful feeling, to be a parent. Fingers crossed, you'll be next. ,5|4|5_5|5|5, hit:10439_conv:20879,7,caring,My sister had a baby. It's undescribeable how much love I feel for it.,724,Thanks! Right now I'm happy to be spoiling my new niece.,5|4|5_5|5|5, hit:10439_conv:20879,8,caring,My sister had a baby. It's undescribeable how much love I feel for it.,726,Well, keep up the good work. Give that baby all the love in the world. ,5|4|5_5|5|5, hit:10440_conv:20881,1,caring,I have a great niece who was born on Halloween. I would do anything to help take care of her.,349,I have a 9 month old great niece, she's the sweetest thing ever.,5|5|5_5|5|5, hit:10440_conv:20881,2,caring,I have a great niece who was born on Halloween. I would do anything to help take care of her.,211,Aww! Babies are so much fun! I have a new granddaughter, so I can relate!,5|5|5_5|5|5, hit:10440_conv:20881,3,caring,I have a great niece who was born on Halloween. I would do anything to help take care of her.,349,I love being able to help take care of her.,5|5|5_5|5|5, hit:10440_conv:20881,4,caring,I have a great niece who was born on Halloween. I would do anything to help take care of her.,211,I bet you are amazing with her- and such a blessing in her life.,5|5|5_5|5|5, hit:10441_conv:20883,1,joyful,I got to see my baby born yesterday. It was like witnessing a miracle!,381,I got to see my baby born on Friday. My first son was born and is in healthy shape.,5|5|5_5|5|5, hit:10441_conv:20883,2,joyful,I got to see my baby born yesterday. It was like witnessing a miracle!,717,wow that must have been so hard to do! i am so proud of you worker_2 how do you feel?,5|5|5_5|5|5, hit:10441_conv:20883,3,joyful,I got to see my baby born yesterday. It was like witnessing a miracle!,381,Like a brand new person. I want to do everything I can to show him how to love a good, moral life!,5|5|5_5|5|5, hit:10441_conv:20883,4,joyful,I got to see my baby born yesterday. It was like witnessing a miracle!,717,YES! that is exactly what i would say keep doing that and i hope everything goes well,5|5|5_5|5|5, hit:10443_conv:20886,1,trusting,I know that my partner can never cheat on me no matter what,181,We are so close and always believe in each other,4|4|4_3|3|4, hit:10443_conv:20886,2,trusting,I know that my partner can never cheat on me no matter what,548,Are you talking about me or someone else?,4|4|4_3|3|4, hit:10443_conv:20886,3,trusting,I know that my partner can never cheat on me no matter what,181,Am taling about my partner,4|4|4_3|3|4, hit:10443_conv:20886,4,trusting,I know that my partner can never cheat on me no matter what,548,It's good that you have someone who is there for you no matter what.,4|4|4_3|3|4, hit:10443_conv:20887,1,excited,I got tickets to see Pink in concert. I can't wait, she is one of my favorite singers.,548,I got tickets to see Pink in concert. I can't wait, she is one of my favorite singers.,3|3|4_4|4|4, hit:10443_conv:20887,2,excited,I got tickets to see Pink in concert. I can't wait, she is one of my favorite singers.,181,She sings so well,3|3|4_4|4|4, hit:10443_conv:20887,3,excited,I got tickets to see Pink in concert. I can't wait, she is one of my favorite singers.,548,She also puts on a great show. Well worth the price of the tickets.,3|3|4_4|4|4, hit:10443_conv:20887,4,excited,I got tickets to see Pink in concert. I can't wait, she is one of my favorite singers.,181,Thats so good,enough enjoyment,3|3|4_4|4|4, hit:10444_conv:20888,1,trusting,When I met a new friend who offered to help, I assumed she was an honest person.,727,She had a genuine personality that made you feel comfortable almost immediately.,3|5|5_4|2|5, hit:10444_conv:20888,2,trusting,When I met a new friend who offered to help, I assumed she was an honest person.,381,Who was she because she sounds special? Someone close to you?,3|5|5_4|2|5, hit:10444_conv:20888,3,trusting,When I met a new friend who offered to help, I assumed she was an honest person.,727,She became one of my closest friends and confidant.,3|5|5_4|2|5, hit:10444_conv:20888,4,trusting,When I met a new friend who offered to help, I assumed she was an honest person.,381,Did she pass away recently? I hope everything is ok.,3|5|5_4|2|5, hit:10444_conv:20888,5,trusting,When I met a new friend who offered to help, I assumed she was an honest person.,727,She sadly moved far away.,3|5|5_4|2|5, hit:10444_conv:20889,1,afraid,I'm scared my car may be on it's last legs. It keeps overheating on me and I don't understand anything about cars.,381,My car keeps overheating and it's definitely not a good sign. I'm afraid I may have to find"
angry,My kid destroyed my entire bathroom today. It upset me pretty bad.,"My kid trashed my entire bathroom this morning, was definitely not a good morning."
angry,i was pissed when i saw someone put a dent in my door,i was pissed when i saw someone put a dent in my door
angry,Someone ran over my mailbox this morning. They left it totally demolished.,I went outside to get my paper this morning. Someone had ran over my mailbox!
angry,I'm upset at my brother for stealing my ice cream,I'm upset at my brother for stealing my ice cream
angry,Last night someone broke into my car. They stole all my change that I had in the cup holder and also my son's birthday present that was in the trunk.,Someone broke into my car last night.
angry,Bought a laptop I really needed last month. The price went down by $200. Wish I would have waited.,Bought a laptop I really needed last month. The price went down by $200. Wish I would have waited.
angry,I am so tired of my friends flaking on plans. They are so unreliable,My friends are always flaking on me
angry,"My boyfriend and I broke up and he moved out. Before he left, he damaged a lot of my stuff.",My boyfriend and I broke up and he moved out.
angry,This is the third night in a row I can't sleep. My doc isn't giving me the right meds,I think my doctor might be giving me the wrong meds. This is the third night in a row where I can't sleep
angry,My dog pooped on the rug yesterday. I was so mad.,5
angry,"Yesterday, I took a flight. During the flight, I went to toilet and came just after me. She kept knocking on the door repeatedly, aggressively and multiple times.","Yesterday, I took a flight. During the flight, I went to toilet and a woman came just after me. She kept knocking on the door repeatedly, aggressively and multiple times."
angry,I was waiting for a package and I watched the mailman drive by my house without delivering it.,I ordered a package and had to stay home to sign for it and the mailman drove past my house and didn't deliver it.
angry,I asked for extra pickles on my burger at McDonald's. When I got it they only put 5 pickles on it!,I really like pickles on my burgers so I ordered mine with extra pickles today.
angry,I felt angry in the supermarket this week. The staff were ignoring the self serve checkouts.,I got angry in the supermarket yesterday
angry,"I was stopped at a red light and a woman in a truck scraped all along the side of my car. She seemed high or something, so I don't know what was wrong with her.",I was stopped at a traffic light when a woman in a truck scraped slowly along the side of my car.
angry,My husband ate the last of the bread and didn't tell me. He ruined my entire dinner plan,I had made plans for dinner and had set everything out and I found out my husband ate all the bread!
angry,I was at the gas station filling my car up with gas and this guy pissed me off. He kept looking at my butt and making comments.,I had an awful time getting gas today at 7/11 because of someone there.
angry,I'm livid when I hear about my friend's situation with his kids. He's a single dad with 2 daughters but his ex-wife just takes advantage of his generosity.,I feel mad when I hear about my friend's situation with his 2 daughters. He's a single dad who works 10 hour shifts 6 days a week and the ex-wife collects the child support cash to pamper her new boyfriend
angry,I spilled my coffee on my keyboard and now it's sticky. I am so furious!,I spilled my coffee on my keyboard and now it's sticky. I am so furious!
angry,"My girlfriend stole my credit card before leaving. Now, I have money issues.","My girlfriend stole my credit card before leaving. Now, I have some financial problems."
angry,Someone cut me off in traffic. I was very frustrated when this happened. Then they went slower than I was.,I was in traffic just the other day.
angry,When I got cut from my hockey team. I worked so hard.,Can't believe they cut me.
angry,"After dating my girlfriend for 3 years she still won't accept my marriage proposal, I am so furious","After dating my girlfriend for 3 years she still won't accept my marriage proposal, I am so angry with her"
angry,I arrived at work only to be told they had changed the schedule and I wasn't on it anymore. I wasn't notified beforehand.,"One time I drove all the way to work, just to be told they changed the schedule and I wasn't supposed to be there."
angry,My daughter is being bullied at school and her teachers aren't doing a thing about it.,"I have no idea what to do, my daughter has been complaining about bullies. I've had meetings with her teachers but the bullying hasn't stopped!"
angry,My sister and I are fighting.,My sister and I got into this huge fight and she called me a fat cow.
angry,I found out that someone I thought was my friend really isn't my friend. She stole money from me!,I just found out that my friend isn't really my friend at all.
angry,My father cheated on my mother. I was not happy with him at all.,So i found out my dad was cheating on my mom for 3 years.
angry,I am angry that the person I live with still doesn't like paying bills. You have to pay bills to have things. That is how life works.,I am very upset and a bit disgusted by that the person I live with still doesn't like paying bills. You have to pay bills to have things
angry,I lost my wallet at work today. I am so upset I did that.,I lost my wallet at work today.
anxious,I am worried about a flight coming up.,I have a flight coming up and i absolutely hate flying.
anxious,We made the decision to homeschool our girls. It's a tremendous responsibility and I still don't think I've got it all together.,We made the decision to homeschool our girls years ago.
anxious,I'm really stressed that I'll have enough money to cover the bills this month. I might need a loan.,I'm really stressed that I'll have enough money to cover the bills this month.
anxious,my husband and i are trying to have a baby,my husband and i are trying to have a baby
anxious,My college entrance exam is tomorrow.,My college entrance exam is tomorrow and I can't stop thinking I will fail.
anxious,I am feeling uncomfortable in my body today. I am not sure why...but ever since my body changed so much in pregnancy..and I am having to work so hard to get it back to normal..somedays I am just uncomfortable and don't want to wear anything and I don't want to go out.,I am feeling uncomfortable in my body today.
anxious,"for my house to sell, and my wife to start her new job in 2 weeks.","I cant wait for the next 2 weeks. My house is going to be sold, and my wife is starting her new job! ahhhh"
anxious,I'm ready for Fall weather to arrive.,I'm tired of this hot weather. I'm ready for Fall.
anxious,I am always cuios about the things i dont know,I am curios to undersand the the i dont know
anxious,My dog is sick so i took him to the vet now we are waiting for the results of his bloodwork,my dog is sick we took him into the vet and now we are playing the waiting game
anxious,There was a wasp in my room this morning,There was a wasp in my bedroom when I woke up this morning
anxious,"I really do not like doctors. When they decided to do a c-section on my 1st child, I was quite upset and worried.","I really do not like doctors. I hate going, I am freaked out by surgery, etc.."
anxious,I just got a bunch of bills in. I am worried I wont have enough money to pay for them all,I just got a bunch of bills in.
anxious,I was waiting on some pregnancy test results from the doctor. My appointment is next week and my nerves are all over the place,I was waiting on some pregnancy test results from the doctor.
anxious,I am really nervous about my court date on Monday.,I am really nervous about my court date on Monday.
anxious,I met up with this girl from Tinder one time. She was really awkward and that made me awkward too.,I met this girl from Tinder one time and it went so badly haha.
anxious,"I have a big presentation tomorrow, and I'm not sure if I'm prepared enough. I think I need more time to refine my notes","I have a big presentation tomorrow, and I'm not sure if I'm prepared enough"
anxious,"I've been having to pee a lot lately. I know that's one of the symptoms of diabetes, and my dad has diabetes, too. Kind of worried to go to the doctor and get checked out.","I've been having to pee a lot lately. I know that's one of the symptoms of diabetes, and my dad has diabetes, too. Kind of worried to go to the doctor and get checked out."
anxious,I was planning on going to a concert last night but I didn't go because I ended up not wanting to go by myself. I feel like I'm going to regret not going.,Last night was quite a bummer.
anxious,I have an important job interview and i am nervous about it.,I have an important job interview and i am nervous about it.
anxious,Tomorrow I start my new job teaching kids. I really hope it goes well!,Tomorrow I start my new job teaching kids. I really hope it goes well!
anxious,There was a wasp in my room this morning when I got up,When I got up there was a wasp in my room this morning
anxious,coped pulled me over for going 90 in a 65 and i thought i was going to lose my license and maybe get arrested.,got pulled over last night for going 25mph over the speed limit.
anxious,I am right now feeling aggravated by my daughter.,My daughter is aggravating me over not being allowed to be on the computer.
anxious,I was waiting to see if I got a job I interviewed for. I was nervous because I didn',I applied for a job once that I really wanted. I can remember nervously waiting for a call back.
anxious,Wondering about the future,There's too many things to think about
anxious,My partner is being a big fat jerk. I really don't think I can deal with his childish crap anymore and lies.,My partner is being a big fat jerk.
anxious,I go on vacation tomorrow.. I hope I packed everything I need,I go on vacation tomorrow.. I hope I packed everything I need
anxious,i was nervous about my car overheating,i was nervous about my car overheating
anxious,My son is starting kindergarten in a few weeks. I'm wondering how I will handle that as a stay at home mom.,My son starts kindergarten next month. I don't know what I will do since I don't work.
anxious,I was anxious when I applied for graduate school,I was anxious when I applied for graduate school
anxious,"my wife is going overseas with our baby, i'm so freaking nervous",my wife is going overseas with our baby and i'm so nervous!!!
anxious,I have my final physics exam tomorrow. I am so nervous.,I have my final physics exam tomorrow.
anxious,I am waiting on some test results. I went to the doctor last week.,I've been a bit worried waiting for some test results from the doctor.
anxious,I have a job interview lined up for next week. i am feeling so nervous about it.,i have a job interview next week
anxious,"I am nervous about my upcoming job interview, it has been awhile","I am nervous about my upcoming job interview, it has been awhile"
anxious,I presented a watch to my mom on her anniversary. She missed it in a month. I was angry on her and scolded her.,I was angry on my mom.
anxious,"I put in to get a promotion at work, and I should know something either way by tomorrow.","I put in to get a promotion at work, and I should know something either way by tomorrow."
anxious,I just gave up smoking cigarettes. It was pretty hard but the worst part is how everything puts you on edge and it is hard to relax.,"I just gave up smoking cigarettes. It was pretty hard, but the worst part is how everything puts you on edge and it is hard to relax."
anxious,The next day was Christmas and I couldn't wait to open my presents. I couldn't sleep at all that night.,One night I couldn't sleep at all.
anxious,I got a big exam coming up in my chemistry class. I am worried I will fail it. I just can't get my mind around the material.,I got a big chemistry exam coming up. I am so worried I will bomb it.
anxious,I just can't wait until this weekend! I am going on a trip to the Bahamas for a week! I can't stop thinking about it!,I just can't wait until this weekend! I am going on a trip to the Bahamas for a week! I can't stop thinking about it!
anxious,I have a big date coming up and I can't get these butterfly feelings to go away.,I have a big date coming up and I can't get these butterfly feelings to go away.
anxious,"I am waiting for some blood and other test I have to had last week, because I was not feeling well. I hope everything is ok.","I am waiting for some blood and other test I have to had last week, because I was not feeling well."
anxious,The night before a job interview I have a difficult time sleeping. I get too nervous about meeting them,I have a difficult falling asleep before a job interview
anxious,Big day next week and I can't wait. My daughter will be in an Honors class her freshman year.,I am excited for my daughter starting school week after next.
anxious,I can't wait until Friday to know if i got the promotion... the wait is killing me,I can't wait until Friday to know if i got the promotion... the wait is killing me\
anxious,"My cat had to stay overnight at the vet recently. They had to keep her for x-rays, I was so worried.",My cat was kept overnight at the vets recently. I was so worried!
anxious,I am so worried I will not do good on the CPA exam. I studied so hard but am afraid I will draw blanks.,I am worried I won't pass the CPA exam. I have been studying for weeks and am afraid I won't remember the material.
anxious,I've been a bit uneasy lately and I'm not sure why.,I've had an uneasy feeling lately and I really don't know why.
anxious,I've been having some serious headaches lately. I don't know why.,I've been having some serious headaches lately. I don't know why.
anxious,Just before my final exam in calculus class. I need to score above a 70.,So happy to have got my exam back and passed the class.
anxious,"I was supposed to meet my Aunt to give her keys to babysit this weekend, but she isn't answering her phone.","I'm worried that if my Aunt doesn't answer her phone, I won't be able to give her the keys so she can babysit for me this weekend."
anxious,I have an exam and cant help but feel something bad will happen.,I have an important exam tomorrow and feel that something bad will happen.
anxious,"I had to get something checked out at the doctor recently, always makes me nervous.","I had to get something checked out at the doctor recently, always makes me nervous."
anxious,i am trying to save up some money but i'm having such a hard time making it happen,i am trying to save up some money but i'm having such a hard time making it happen
anxious,It was my first day ever teaching high school. I have only ever taught elemebtary school and I was so scared to make a fool of myself,I have been a teacher for over 10 years. But have only taught the little kids. This year my district moved me up to the high school.
anxious,I am so nervous. When I get nervous I smoke too much. Ahhhh.,I am so nervous. When I get nervous I smoke too much.
anxious,I start my new job tomorrow. I am extremely nervous about it,I start my new job tomorrow.
anxious,"i hate waiting it is the worst thing for me, if im waiting more than 5 minutes im getting really anxious",i really hate when people make me wait for no reason
anxious,"My husband and I both work for ourselves, so as the end of the month approaches, we can sometimes feel a little worried about bringing in the funds we need.","My husband and I both work for ourselves -- a blessing and a curse at times, since it can be tough to determine a ""regular"" income."
anxious,I was so nervous taking my dog to the vet today. I was scared something might be wrong.,I was so nervous taking my dog to the vet today...
anxious,I am worried about my interview,I am worried about my interview
anxious,I am going to look for a job as soon as school starts. Im excited.,I am about to enter the workforce again soon. Hopefully
anxious,I have my job interview tomorrow. I never have been so nervous.,I have my job interview tomorrow.
anxious,"I've got some big medical tests coming up. I wish they would have done them that day, but I have to wait now.","I""ve got some big medical tests coming up."
anxious,I am anxious as I just put my washign away and I have an odd sock left over.,I just emptied the washing machine and was left with one odd sock. I know there was an even number when I put them in.
anxious,"Last summer when I took my drivers test, I was so nervous that I would fail.",When you took your driver's test were you nervous?
anxious,"One time in school, I was asked to give a speech in front of the class. I really don't like speeches and was nervous leading up to the speech.",I had to give a speech one time in school and I was very nervous for it.
anxious,I'm pretty worried about what the future will hold. I hope it's bright!,I'm pretty worried about what the future will hold. I lose my job tomorrow. Trying to keep my head up!
anxious,"My brothers wife had our first girl into the family, the wait was intense","My sister in law brought our first girl into the family, the wait seemed like forever"
anxious,"I once was in a car with my friend who was really high and I was pretty scared. I thought that he would drive really badly but he didn't, but it was still worrying.",I was once a little scared that I was gonna die since I was in the passenger seat with someone who was very high driving the car. I didn't know a whole lot about drugs at the time.
anxious,I felt so nervous when i went to meet the parents of my girlfriend. I was sweating all over!,I was really nervous when i went to meet my girl's parents
anxious,"I was so tired when I went to change the bird food, the bird water bottle cracked on the ground",I hate when I am tired.
anxious,I had to explain how something works at my job in front of a bunch of people. I'm not a fan of talking in front of a crowd.,Work was not a good experience today.
anxious,I cannot wait until the weekend is here! I am going skydiving for the first time!,I cannot wait until the weekend is here! I'm going skydiving for the first time!
anxious,"The year was 2016, and I was severely worried that Hilary might win the presidency",If things didn't go as planned we might not be able to make America great again
anxious,I have applied for a job 4 months ago and I am having an interview with the company tomorrow. I do not know what i will see there as it is my first interview ever,I am having a job interview tomorrow and it is my first interview ever
anxious,I can't wait for HAlloween. It is my favorite holifay. I love dressing up with the kids.,Halloween can't get here quick enough.
anxious,"One time I had to take a trip away from home for three weeks, it made me very nervous.",I had to take a trip away from home for three weeks. It made me so nervous I couldn't sleep.
anxious,"We have homeschooled our daughter for the past 3 years. This year, she has decided to return to public school.","We have homeschooled our daughter for the past 3 years. This year, she has decided to return to public school."
anxious,Going to the store today was a bit hard. I do not like big stores or being around people sometimes but I have too.,Going to the store today was a bit hard.
anxious,I was worried when my dad was in the hospital. It just made me nervous,I was scared when my dad was in the hospital. It just made me worry
anxious,One time I was driving home late at night in the middle of nowhere and I was sleepy. The roads were narrow and a lot of the time an 18-wheeler would pass by me and i was fearful that I would collide with them,I was driving home from out of town really late one night and was exhausted
anxious,"I had an hectic interview ,I really don't know what to expect ,I'm curious to know what's next","I had an hectic interview ,I really don't know what to expect ,I'm curious to know what's next""."
anxious,"My husband was up for a big promotion. We waited a long time, but finally it came through.",My husband was up for a big promotion and we had to wait forever.
anxious,I was anxious when I went to the theme park,I was anxious when I went to the theme park
anxious,There was a wasp in my room when I woke up,When I woke up there was a wasp in my bedroom
anxious,anxious: idk if can save enough,I feel uneasy because I don't know if I will be able to save enough money in time
anxious,My family is trying to set me up with a family friend's kid.,My family is trying to set me up with a family friend's kid.
anxious,Yesterday when I woke up there was a wasp in my bedroom.,Yesterday I woke up to find a wasp in my room
anxious,I've going through a spell as of late when I've been pacing back and forth more and more and self doubt has crept in. I'm waiting on an acceptance into a program for video editing.,Woof I am having a hard time as of late. I've been waiting on an acceptance into a video production program and it's driving me up the wall.
anxious,School starts in a few days. I am too excited.,School is about to start. Summer is over.
anxious,I am finding it hard to meet the project deadline. And this makes me anxious and stressed throughout the week,I have a presentation to prepare for this week and I am finding it really hard to meet the deadline. I am so stressed
anxious,"i hate when people make me wait it really makes me anxious, i expect people to arrive at the time they said they would","When people make me wait, i get really anxious"
anxious,"I had to go to the doctor's for my annual check-up, I always think they're going to find something wrong.","I had to go to the doctor's for my annual check-up, I always think they're going to find something wrong."
anxious,I was really nervous when starting a new job a few months ago..,I was really nervous when starting a new job a few months ago..
anxious,I start a new job tomorrrow. I'm a little nervous.,I start a new job tomorrrow. I'm a little nervous.
anxious,waiting for my favorite video game to come out,"the other day i saw a preview of my favorite game remake , resident evil two i was super hyped just remembering the old game"
anxious,I have a court date next week and I don't know what's going to happen.,I have a court date next week and I don't know what's going to happen. I really want custody of my kids.
anxious,"Today was a big deadline at work. We have various support responsibilities, so I was worried that it may not go as well as planned.","Man, I really thought today could be a crazy day."
anxious,"i have a huge bachelor party coming up, feeling nerouvs",4
anxious,I miss my dog. I wish I would've spent more time with her when she was alive.,I miss my dog. I wish I would've spent more time with her when she was alive.
anxious,I am so jittery about my new job tomororw.,I am so jittery over starting my new job tomorrow.
anxious,i have a tooth ache. I need to go to the dentist but do not want to.,"ugh, I have a cavity and I do not want to go to the dentist"
anxious,I submitted a form to receive notifications for my banking app. I don't know why but the waiting got me feeling antsy..,"I submitted a form to receive notifications for my banking app. I don't know why but the waiting got me feeling antsy.."""
anxious,I'm anxious for my upcoming job interview. I hope I do well and get the job.,I'm really anxious for my upcoming job interview.
anxious,"My fiance works as a technician installing internet at peoples homes, and they are always tipping him. Often with food and it makes me nervous sometimes.","My fiance works as a technician installing internet at peoples homes, and they are always tipping him. Often with food and it makes me nervous sometimes."
anxious,I took a test to get into Mensa. I didn't know how I did and really wanted to get in. I was worried about it!,"I took a test to get into Mensa. I didn't know how I did and really wanted to get in. I was worried about it!"""
anxious,I cant wait for school to start. I am so excited,School is about to start. I can't wait
anxious,Just before driving for the first time. I wasn't sure how to streer the car.,"Driving is such a scary thing for me, it was my first time."
anxious,I'm moving next week and i'm unsure about it.,I'm moving next week and i'm unsure about everything.
anxious,My cat had to have surgery on her leg and I was so scared and worried for her,My cat broke her leg not too long ago and had to have surgery one it
anxious,I wish my surgery for my back was today not in a month.,I wish mt surgery for my back was today not in a month.
anxious,I felt really nervous when I took my driving test,felt really nervous when I took my driving test
anxious,I felt really nervous after i agreed to meet my girlfriend's parents. I lost few pounds on the weeks that led up to it,I felt so very nervous after i agreed to meet my girlfriend's parents
anxious,I feel anxious as I am unemployed. I need to find a job soon.,I need to find a new job soon
anxious,I am stressed by my blood test results that I will receive tomorrow.,I am stressed by my blood test results that I will have tomorrow.
anxious,"I didn't know whether I was supposed to wear my uniform to a high-school band event, so I just didn't go, even though I was one of the best players.","One time in high-school band, I didn't know whether or not I was supposed to wear my uniform to an important event."
anxious,The kids are going bac to school next week. I can't wait!,IT's almost time for schoo to start back!
anxious,I am waiting on results for a big test I took last week. I am so nervous.,I am waiting on results from a big test I took last week.
anxious,I'm meeting a new guy for dinner tonight. I hope everything goes well.,"I have a date with a new guy tonight, he's taking me out to dinner"
anxious,I was so anxious for my kid to graduate,I was so anxious for my kid to graduate
anxious,Going to see mma fights,Really looking forward to tomorrow night!
anxious,Yesterday at the doctors I had to get a shot. The worse part was the anticipation while waiting for what seemed like forever for them to come in and give it to me. It was emotionally draining.,Yesterday I went to the doctor and had to get a shot.
anxious,I am feeling fear these days.,I am feeling an intense fear these days.
anxious,I'm awaiting eagerly to meet my friend. She is coming to my home to meet after 5 years later.,I'm awaiting eagerly to meet my friend. She is coming to my home.
anxious,i cant wait until next week,i cant wait until next week
anxious,"I am so ready for the weekend, I get to drive a NASCAR.","I am so ready for the weekend, I get to drive a NASCAR."
anxious,I have to teach an in-service class at work next week. I am feeling a bit uneasy about doing it.,I have to teach an in-service class at work next week. I am feeling a bit uneasy about doing it.
anxious,I recently went on my first international trip by myself.,I recently went on my first international trip by myself.
anxious,"I have been posted to the middle east for work, i'm a little bit edgy about what the place will be like","I have been posted to the middle east for work, i'm a little bit edgy about what the place will be like"
anxious,My family came to visit me recently. I always get nervous before having visitors.,"my family came to visit recently, i always get so nervous about people visiting."
anxious,I would feel on my toes the whole time at the dentist office.,I need to see the dentist but I hate that trip.
anxious,I am ready for the next McGregor fight.,I am ready for the next McGregor fight
anxious,School starts a week from today and I am getting fairly nervous!,School starts a week from tomorrow and I am getting fairly nervous for it!
anxious,I had an exam to write that I was not well prepared for,I paid for a certification exam and had a terrible accident that kept me bed ridden in the hospital I got out and realized I had just 5 days to my exam
anxious,Tomorrow I start my new job.,Tomorrow is a fine day for me - I start my new job.
anxious,I am so nervous about my upcoming surgery. I have never had to have a surgery before. I just hope everything goes right!,I am worried about my surgery next week. I have never had to get surgery before!
anxious,My two youngest kids going to school for the first time tomorrow!,"My youngest children are starting in a new school tomorrow, and I'm kind of nervous."
anxious,My girlfriend just took a pregnancy test. She thinks she might be pregnant. We want a baby so bad. Waiting for the results was very nerve wracking.,I've been trying to have a baby for a long time. My girlfriend thought she might be pregnant so she took a pregnancy test. Waiting for the results was so nerve wracking~
anxious,I am trying hard to get my business going before winter. It is really stressing me out as I am just not one that does so good under pressure.,I am trying hard to get my business going before winter.
anxious,I have an exam tomorrow.,"Hi, I have a very important exam tomorrow."
anxious,I am so worried about my dog. He doesn't want to move around very much any more.,I am worried my dog's health is failing. He doesn't move around that much any more and looks at me with sad eyes.
anxious,My son will have his 18 months shots soon,my son will have his 18 months shots soon. i'm a little nervous about it. i hate seeing him getting shots
anxious,don't know how we gonna pay rent,i'm so stressed. we are struggling financially and i don't even know how are we going to pay rent this month
anxious,can i do it alone?,can i really do everything alone? i just feel so useless
anxious,I waited for two weeks for my final grades. It was wful.,I waited for two weeks for my final grades. It seemed to take forever to get them. I couldn't stand it.
anxious,I hope I do well on my test Monday. I studied hard but math is my worst subject.,I hope I ace my math test on Monday.
anxious,I am having my first date with a woman that I meet at party. I am very nervous about it.,I am having my first date with a woman that I met at party. I am very nervous about it.
anxious,I've got to give a big speech at a wedding tomorrow and I'm getting shaky just thinking about it. I wish I could just get it over with.,"I'm in a wedding party tomorrow, and I've been called upon to give a big toast during the reception."
anxious,A game that i love comes out friday and i cant wait,Madden comes out this friday and i can not wait
anxious,My daughter called and said they were taking my newborn grandson to the doctor to have a chest xray because he was having some breathing trouble. I worried all day long until I got the phone call telling me everything was ok. They live far away so I tend to worry even more since I can't be there.,My daughter called and said my grandson had to have a chest xray because he was having trouble breathing. I was so worried I didn't know what to do with myself.
anxious,Having to give a presentation in front of the entire class,I had to give a presentation in front of my entire University class last semester. I hate presenting things.
anxious,waiting for a package to arrive,"after all these years i tracked down a rare baseball signed by babe ruth, it arrives tomorrow!!"
anxious,"My husband usually gets a large bonus each year around this time, but there's no guarantee. It's hard waiting, and not knowing!","My husband usually gets a substantial bonus this time of the year, but there's no guarantee. It's difficult waiting, and not knowing!"
anxious,when i don't know what's going to happen it gives me so much stress,when i don't know what's going to happen it gives me so much stress
anxious,"I have a dentist's appointment today. I have always hated going to the dentist, so much pain.",I am nervous about going to the dentist's office today.
anxious,"I get anxious whenever I'm waiting in line for a flight, and it's less than 30 minutes from take off.",I get anxious whenever I'm at the airport and I'm waiting in the security line and the plane is about to board.
anxious,"I am anxious about this upcoming season for the Eagles, who knows what will happen","I am anxious about this upcoming season for the Eagles, who knows what will happen"
anxious,I had to have some tests run due to an unclear mammogram. It took days for the results to come back and thankfully they were all clear.,I had to have some extra tests ran a few weeks back due to an unclear mammogram.
anxious,I have to send an email to a company I really want to work for today and I don't want to mess it up.,"Sorry to cut that short, but I have to send an email to a company I really want to work for today and I don't want to mess it up."
anxious,I'm sleep training my toddler and i'm so frustrated and overhwelmed,"I'm sleep training my toddler, he never slept in his crib before. He is crying and it makes me feel so bad"
anxious,going to the dentist,I have a dentist appointment first thing tomorrow morning.
anxious,"I've got a lot of bills that are overdue, and can't afford to pay them yet. I'm really worried about my financial future right now.","Finances aren't great right now. I've got a lot of bills that are overdue, but I can't afford to pay them :("
anxious,I found a snake in the yard a few days ago.,I found a snake a few days ago while walking in the yard.
anxious,Waiting for the final grade report to come in for my classes. I was scared that i was going to fail my Organic chem class.,When i was waiting for my final grade report to come in. I was scared i was going to fail my organic chem class.
anxious,My husband just had a job interview. We are waiting to hear back from the company.,My husband had a job interview a few days ago...now we are waiting...
anxious,"Back when I was in school, i studied really well for an important exam. But, still I was so much worried about my test test results.",I think small things make me worried
anxious,There was a wasp in my room this mornnig,There was a wasp in my bedroom when I woke up!
anxious,"I have a test due on Monday and I feel that I wont pass, even though I know all of the lessons","I have a test due on Monday, and I'm sure I wont pass"
anxious,Heading to Colorado next week to climb Elbert.,Last time I climbed Elbert I started getting sick from altitude. Heading to Colorado next week to try to climb it again.
anxious,"The company i work for, is currently undergoing down-sizing and there are multiple potential candidates that might leave",There is currently down-sizing going on in the company i work for. I am very anxious as to be the candidate that they will let go
anxious,I have a big presentation to do about my progress on the project in front of the CEO of the company i work for. It is on Monday during team's weekly meeting and I am very nervous,"This Monday, for our team's weekly meeting, i am expected to make a big presentation about my progress on the project in front of the CEO of the company I work for. I am very nervous and full of anxiety"
anxious,I'm supposed to hear in the next day or two whether I've gotten my dream job. I can't wait to find out! I've been trying to get a job with this company for years!,I'm supposed to hear in the next day or two whether I've gotten my dream job! I can't wait to find out!
anxious,I took a huge test today and man it made me so nervous. I really hope I did well on it.,I took a huge test today and man it made me so nervous. I really hope I did well on it.
anxious,I was hit by a tornado in the middle of the night and now I can't stand big storms.,I am so super scared of big storms.
anxious,I am so worried about my math test coming up. I am afraid I will flunk it. I need to study more.,I got a big math test coming up. I am so worried I will flunk it.
anxious,I am worried about not being ready for the party on Friday,I am worried about not being ready for the party on Friday
anxious,"I have a big test on Monday. I am so nervous, I haven't been able to sleep at all.","I have a big test on Monday, I am so nervous."
anxious,I am not looking forward to my surgery.,I am not looking forward to my surgery.
anxious,I am feeling anxious about my test tommorrow,I am feeling anxious about my test tomorrow
anxious,I am worried about take my finals this week.,"I know I studied well, but I can't stop worrying about it."
anxious,I felt nervous about finding a new house for rent.,I felt very nervous about finding a new house for rent. Me and my wife had to live in the motel for a bit until we find a new place/
anxious,I can't wait to get this baby out! I feel like I've been pregnant forever,I can't wait to get this baby out! I feel like I've been pregnant forever
anxious,I have been studying all week for my Geometry test. I still feel unprepared. I am afraid I will fail it.,I have been studying all week for my upcoming Geometry test. I still feel like I am going to fail. I feel so unprepared.
anxious,I sent off a difficult email today and a bit worried about the response.,I sent off a difficult email today and a bit worried about the response.
anxious,I remember yesterday as a deadline for a project was approaching and i thought i wasn't going to be able to make it in time.,So yesterday i had a deadline for a project at work. I got started really late and didnt think i was going to make it.
anxious,"I have a big meeting tomorrow at work, and it makes me a little nervous.","So I have a big meeting at work tomorrow, which always make me nervous no matter what."
anxious,in a hurry to go on vacation!,I am so impatient right now... waiting for the clock to hit 5 so I can go on vacation!
anxious,my cousin had a heart cath and the surgeon sent for me to come to the operating room.,Awhile back I was taking a relative to get a heart cath. The surgeon sent for me to enter the operating room.
anxious,Waiting for an estimate on my roof repair.,Waiting for an estimate on my roof repair.
anxious,i have a doctor's appointment on thursday,i have a doctor's appointment on thursday
anxious,Tehre was a wasp in my room this morning,There was a wasp in my bedroom when I woke up this morning.
anxious,My eye is itchy and my eyelid is droopy,I woke up this morning and my eye is itchy and my right eyelid is drooping
anxious,I was reversing the car in the roadside. I had bumped into the car which was parked behind. I had to wait for so long to speak to the car owner,"i bumped into a car while reversing, i had to wait long to talk to owner of the other car"
anxious,"I went on my first date ever only about a month ago. Even though I knew this girl really well beforehand, I was still really worried that it would be awkward and that I might mess it up.","I know it seems late, but I'm 19 and I went on my first date only about one month ago."
anxious,"I just watched the testimony of Peter Strzok before congress today. It was quite a show, to see his behaviors unraveling, almost as a sociopath or psychopath would do.",I just watched the testimony before Congress today. It was quite a show.
anxious,I was unsure how I was going to argue a case in front of my boss.,I tried really hard to make a good argument but I was scared.
anxious,I am so nervous. I am going to the dentist to have a tooth pulled tomorrow.,I am really nervous. I have to go tomorrow to get my tooth pulled and I am scared to death. I hate the dentist!
devastated,My cat was run over by my uncle. He din't tell me until a week later.,I had the worst night last night. I found out my uncle hit my cat with his car. It happened two weeks ago and he never told me!
devastated,My favorite fish died :(,I came home yesterday from work and found my fish floating :(
devastated,I recently suffered a miscarriage. It was the worst thing I've been through.,I recently suffered a miscarriage.
devastated,My father died last week.,Man i hate when family dies..:(
devastated,"I'm torn up, my dog had to be put down today because of old age. Ruined my day.","I'm torn up, my dog had to be put down today because of old age"
devastated,"During my first year in grad school, I had a basement apartment that flooded. All of my possessions were utterly destroyed. It took several months to replace the items that I could -- but I can't help to remember the things that couldn't be replaced.","During my first year in grad school, my basement apartment flooded. EVERYTHING was destroyed and I had to start over fresh."
devastated,I was heartbroken when my grandmother passed away,I was heartbroken when my grandmother passed away
devastated,"My friends and I had spent all day troubleshooting a new PC build that we had just completed. It turns out that the motherboard or processor were defective, and we had to deconstruct it to send those pieces in for a return. It was so frustrating.",My friends and I had spent all day troubleshooting a new PC build that we had just completed.
devastated,MY favorite restaurant is closing this weekend. I am distraught!,MY favorite restaurant is closing its doors forever.
devastated,"When my dog Buddy died, I was horribly upset.","When my dog Buddy died, I was horribly upset."
devastated,I was very sad to hear of my friends passing,was very sad to hear of my friends passing
devastated,I found out that my favorite tv show got cancelled. I am so sad it happened.,I found out that my favorite tv show got cancelled.
devastated,I went on a great job interview last week that I thought went really well. I just got word that I did not get the job. I dont know what I am going to do now.,I just got word that I did not get my dream job. I thought the interview well too. I dont know what Im going to do now.
devastated,I just bought a new $1000 computer and it crashed after the first week. I ordered it from a website in Japan and it will cost a lot to return it.,I bought a new computer for $1000 from Japan and it crashed in the first week. I'm getting a blue screen and it's not booting up.
devastated,"When I was much younger, I fell in love deeply in love with a woman, with whom I wanted to spend the rest of my life. After three months of being with her she left. She told me she didn't love me, even though she had told me she did and even went so far as to deny she ever said she did.","Many years ago, I fell in love with a beautiful woman with whom I was totally entranced. We were together for about three months, then she suddenly cut things off. She had told me she loved me. But in our final conversation, she denied ever having said so."
devastated,Someone stole my credit card information. They have been charging up my card like crazy. I'm scared about my identity.,"I've had the worst week, someone stole my credit card information."
devastated,"Recently heard that my father was laid off from his job. He's retirement age anyway, but I felt bad for him, as that must have been, at the very least, slightly humiliating. He's been a hard worker for 40 years, and has done well to support the family. But I do worry for him in the short-term.","Recently heard that my father was laid off from his job. He's retirement age anyway, but I felt bad for him, as that must have been, at the very least, slightly humiliating. He's been a hard worker for 40 years, and has done well to support the family. But I do worry for him in the short-term."
devastated,I am so sad these days.,I am so sad these days because the way president Trumps acts.
devastated,"My father was recently put close to his death bed. Fortunately he is alive, but his recent health issues have been devastating.",My father almost died. His recent health problems have been devastating.
devastated,My flight got cancelled and I missed my son's birthday.,My flight got cancelled and I missed my son's birthday.
devastated,I just heard back from my Doctor and I need surgery.,I just heard back from my Doctor and I need surgery.
devastated,Me and my wife have been to have a child for the past year. I just learned last week that I can't have kid. It is terrible.,Me and my wife have been to have a child for the past year. I just learned last week that I can't have kid. It is terrible.
devastated,I was on my way to work when i witnessed a child hit by a vehicle,it was foggy and slippery and the driver could not control the brakes. he suddenly run over a child but she survived the injuries
devastated,"Late last summer, my dog went missing. I caleld everyone in the neighborhood to see if they had seen him. I spent hours looking for him and i checked all of the shelters for about a week. We eventually found his body. He had gotten trapped under a neighbor's house and could not get out.","Last summer, my dog went missing. We looked for him everywhere and called all of our neighbors. No one had seen him."
devastated,I thought I was going to get a raise at work for all the hard work ive been doing. But now Im not and i dont know how im going to be able to afford some of my new bills,I feel so defeated right now and I need to figure out how to pay my bills
devastated,My girlfriend dumped me today. I am so sad right now.,My girlfriend dumped me today.
devastated,My brother mark passed away. He died in a car crash.,I'm so upset right now.
devastated,"Asked my crush out, and she said no.","Asked my crush out, and she said no."
devastated,"I was heartbroken when my grandmother passed away, it still hurts me a lot","I was heartbroken when my grandmother passed away, it still hurts me a lot"
devastated,My first dog died a year ago. He was only 4 years old. I still think about it all the time.,My first dog died a year ago. He was only 4 years old.
devastated,My cat jumped up on the mantle and destroyed my mothers old vase. I am so distraught because that vase is over 50 years old.,My cat jumped up on the mantle and destroyed my mothers old vase. I am so distraught because that vase is over 50 years old.
devastated,"Recently found out that one of my best friends from back home died in a car accident. I don't even know what to say to her parents, I haven't been able to call them with condolences.",Found out recently that one of my best friends from back home died in an accident.
devastated,Last week I performed badly in the annual presentation. I felt ruined.,Last week I felt ruined
devastated,"i was so angry what i heard what cosby did, as a child he was such a hero to me","when i heard what cosby did it made so angry, i loved him as a child"
devastated,I was incredibly sad to hear of Anthony Bourdin's passing. It just seems so unfair that such a wonderful man who gave so much pleasure to a huge number of people should be so unhappy.,"When I heard Anthony Bourdin had taken his own life, I was so shocked and upset. He gave so much pleasure to a lot of people, yet was miserable in his own life."
devastated,I tried applying for college online because I need the financial aid and I don't have enough time to complete enrollment.,"I tried finishing my application for online college classes today because I need the financial aid, and I found out I don't have enough time to complete the requirements."
devastated,I planned a trip to go to Hawaii But due to volcano eruptions i had to cancel.,I planned a trip to go to Hawaii But due to volcano eruptions i had to cancel.
devastated,I recall there was a time when great misfortune fell upon me - it actually happened this morning. I stubbed my toe when getting out of the shower and I was absolutely devastated that my toe's feeling were hurt,Have you ever stubbed your toe before? I did this morning when I got out of the shower and it felt like my life flashed before my eyes.
devastated,"A bad storm with a tornado almost went through my town, I was so scared","A bad storm with a tornado almost went through my town, I was so scared"
devastated,"I tried to get my estranged mom to speak to me, and she got mad and insulted me.","I tried to reach out to my estranged mom, but she insulted me and refused to speak to me."
devastated,"My dad past away when I was 13 years old. It happened so quickly, it was horrible to go through at such a young age",My dad got sick when I was 13 and he ended up passing away because of it.
devastated,My old cat is very sick and we have to put her down next week. She is 23 years old.,My old cat is very sick and we have to put her down next week.
devastated,My ex wife and I got a divorce a couple years back. Hardest thing I have ever gone through.,I got a divorce a few years back. It was pretty rough
devastated,Watching my house burn down after getting my family out. It was such a cold and bitter night.,Can't believe I just saw all my possessions disappear.
devastated,I was so sure I had gotten the job that I went out and told my family that it was mine and then the phone call came that it wasn't,You ever get your hopes up over a job that you just knew was yours.
devastated,I lost my ipad the other day. I can't believe it. I think it was stolen,I lost my ipad the othe day
devastated,"One night, my cats were playing and chasing a fly. All of a sudden one of them started acting weird. Then he died. He wasnt even a year old.","One night my cats were chasing a fly in the house. All of a sudden, one of them started acting weird and then he died. He was only a kitten. I was so upset."
devastated,"I lost my job a few years ago due to cut backs, they weren't making enough money. That job was everything to me.","A few years back I got laid off from my job because they were losing too much money. It broke me, I really loved that job."
devastated,Our family reunion was a disaster this year.,I look forward to our family reunion every year.
devastated,My cat recently died. I had her since I was 5 years old. She was 23. I feel so lost and lonely without her.,My cat died last week. I feel so lost without her.
devastated,When i failed one of my college courses i felt so terrible,I felt destroyed when I failed one of my college courses last year
devastated,"My pet rabbit got run over by a car a few weeks ago, i loved her so much","I had a pet rabbit that i loved so much and she got run over by a car, the cars drive by so fast here"
devastated,I was so upset when my girlfriend broke up with me. I was so in love with her. What can i do to get her back,My girlfriend broke up with me and i am quite upset
devastated,"I was devestated when I lost my grandmother, we were very close","I was devestated when I lost my grandmother, we were very close"
devastated,Earlyier this week my brother in law committed suicide. The was only 28 years old. I couldn't breathe when i heard the news.,Have you ever had a friend or loved one commit suicide.
devastated,My friend who I grew up with recently died. It was tragic and unexpected,My friend who I grew up with recently passed away.
devastated,I crashed my favorite classic car. I've had it since I was 16.,I crashed my favorite classic car. I've had it since I was 16.
devastated,"I was flying to see a relative, and my flight got delayed because of weather! Once I got on it and flew to the next airport, I missed my connection because of the first delay. Now I have to stay in the airport all alone, overnight, sleeping on the ground like a dog.","I was flying to see a relative, and my flight got delayed because of weather! Once I got on it and flew to the next airport, I missed my connection because of the first delay. Now I have to stay in the airport all alone, overnight, sleeping on the ground like a dog."
devastated,"I was devestated when my grandmother passed away, I still am not over that","I was devestated when my grandmother passed away, I still am not over that"
devastated,My wife told yesterday that she doesn't love me anymore and she want a divorce. I felt totally destroyed.,My wife told yesterday that she doesn't love me anymore and she want a divorce. I felt totally destroyed.
devastated,"I was devestated when my grandmother passed away, i was unsure what to do with myself for a long time after","I was devestated when my grandmother passed away, i was unsure what to do with myself for a long time after"
devastated,My cildhoos puppy died of cancer.,Ill never forget the day that my little puppy died of cancer.
devastated,"I have been feeling really sad, recently lost my 23 year old niece.",Our family has been really sad. We recently lost our 23 year old niece.
devastated,My mother needs a liver transplant. I am so sad thinking about it.,My mother needs a liver transplant.
devastated,i was shattered by the news.,"i was shattered by the news today, seeing all those innocent die made me very sad"
devastated,Today I had a patient who found out she could not have babies. She has been trying for 6 months now.,Today I had to tell a patient about her lab results. Come to find out she could not have babies. She was very upset.
devastated,Our dog got out of yard one day and he was hit by a car. He was like one of my kids.,Our little dog got out of the yard and got hit by a car...
devastated,My stepmother just died. I am very sad,My stepmother just died. I am very sad
devastated,I stubbed my toe in the shower. I was so shocked and hurt.,I stubbed my toe in the shower this morning...it felt like my world was coming to an abrupt end.
devastated,My uncle died last year,My uncle died last year in april
devastated,when my brother got jumped,"i felt so sad for my brother , when he came home bloody after he got jumped"
devastated,I cried the night I found out my girlfriend moved.,I cried the night I found out my girlfriend moved.
devastated,We won the big match we had been preparing for.,We finally won this game we had been preparing for for months!
devastated,My softball team just lost the season championship by 1 run in extra innings. I am so disappointed.,My softball team just lost the season championship by 1 run in extra innings. I am so disappointed.
devastated,"I recently found out that I have been diagnosed HIV positive, and I'm at a complete loss for words. I don't even know how to go on anymore.",I got some pretty horrible news recently. I've been diagnosed HIV positive. I'm just...lost...
devastated,i felt heartbroken when my dog was hit by a van.. she passed away eventually,my dog passed away earlier this year
devastated,I came home from vacation and found some stuff was stolen,I came home from vacation yesterday and found some of my stuff was stolen
devastated,My gold fish past away.,My gold fish past away.
devastated,My puppy died very suddenly a year ago. I still feel so terrible. I miss him a lot,My puppy died suddenly a year ago. I still miss him like crazy.
devastated,"Still so sad that robin williams passed away, he was my hero growing up",robin williams was my hero so sad still that he passed
devastated,I lost my mother to breast cancer several years ago and I am still grieving the loss.,I lost my mother to breast cancer several years ago and I am still grieving the loss.
devastated,"I let my friend borrow my car last year and I got a call later that night that he crashed it and totaled it, man I was crushed by that experience.","So last year I let my friend borrow my car, and that night he ended up crashing and totaling it. I was crushed."
devastated,I was diagnosed with stage 4 cancer.,I was diagnosed with stage four cancer yesterday. The doctor told me I have less than a month to live.
devastated,My mother in law was recently placed in hospice and is not expected to live much longer.,My mother in law was recently placed in hospice and is not expected to live much longer.
devastated,I lost the ring my best friend gave me before he moved out of country. He had it made just for me and I am just absolutely heartbroken over it.,So I lost the ring that my best friend gave me when he moved out of country. We had matching ones made and it's really breaking my heart.
devastated,the day i lost my father,I just wont ever forget the way I felt when I lost my father.
devastated,"I'm a really awkward position. My best friend is cheating on his girlfriend, and my own girlfriend is telling me I need to speak up and reveal his secret. No idea what to do, and I'm disappointed in my friend, too.","I'm in a really awkward position. My best friend is cheating on his girlfriend, and my own girlfriend is telling me I need to speak up and reveal his secret. No idea what to do, and I'm disappointed in my friend, too."
devastated,I found out recently that my school processed my financial aid paperwork improperly. So I won't be able to attend school this semster.,I found out recently that my school processed my financial aid paperwork improperly. So I won't be able to attend school this semester.
devastated,"My daughters little dog passed away about 4 months ago. She was only 6 years old, but had an autoimmune disease and it started attacking her red blood cells.","My daughters little dog passed away about 4 months ago, it really shook all of us."
devastated,I was so sad when my mom passed away. I did not expect it,I was sad when my mom died. It happened so randomly
devastated,I felt so bad when my friend's new puppy passed away. He got really sick and died within a few days.,I felt so sad about my friend's new puppy that died suddenly. The puppy got so sick that it passed away in a few days.
devastated,I just ran out of financial aid for school. I don't know what I'm going to do.,I ran out of funds for college and they want me to get a private loan.
devastated,I had a car accident. I can't walk any longer.,I had a car accident. I cant walk anymore.
devastated,I lost my grandmother's wedding ring. I am so hurt about it.,I lost my grandmother's wedding ring.
devastated,"Years ago I found my beagle dead from kidney failure, he had not gone quietly.","Years ago my childhood beagle died from kidney failure. I found him in the kitchen in the morning, he did not go easily :("
devastated,seeing all those fires in california is terrible,all those fires in cali are heartbreaking
devastated,Promotion results came out today and I wasn't chosen for the new job.,"So, my promotion results came out at work today. I wasn't very pleased."
devastated,I cried when the Leafs lost in the playoffs.,I cried when the Leafs lost in the playoffs.
devastated,"I was so upset when I failed my math test, I was only 1 percent off!","I was one percent off from passing my math test, I was devastated."
devastated,I was heartbroken when my dog trevor passed away last month. I shut myself off from the outside world for days.,I was heartbroken when my dog trevor died last month..
devastated,The rain flooded my farm.,Yea so the farm I had invested my life savings into just got burned due to a wildfire.
devastated,Something terrible happened. I discovered I have cankles,Something terrible happened. I discovered I have cankles
devastated,MY best friend is leaving her job. We have worked together for ten years,MY best friend and I have worked together for ten years.
devastated,I was filled with despair when my grandma died. She was always the one i relied upon.,I was so terribly sad when my granny passed away..
devastated,My cousin died in a car crash.,My cousin died in a car crash.
devastated,"The first time I heard that Steve Irwin had died I couldn't believe it...he was like my childhood hero. It was such a tragedy, the guy gave so much to the world","Steve Irwin's death was kind of a shock to me since he was like a childhood hero of mine...that guy gave so much to the world, it's such a tragedy"
devastated,i was crushed when i saw my dog had gotten loose,i was crushed when i saw my dog had gotten loose
devastated,I totally thought that I aced my final and got an A in the class. Instead I failed it and got a C in that class.,I was so sad last semester because I got a C in one of my classes when I was so close to an A
devastated,"When my grandmother passed away, I was so heartbroken, I was not old enough to be prepared for it","When my grandmother passed away, I was so heartbroken, I was not old enough to be prepared for it"
devastated,My sweet Spring Spaniel died this past weekend. I had him for 14 years.,My sweet Spring Spaniel died this past weekend. I had him for 14 years.
devastated,"I bought a very difficult puzzle from my local hobby store, spent hours on building it only to drop it when I was about to put it in a frame. I was so dumbfounded","I bought a very difficult puzzle from my local hobby store, spent hours on building it only to drop it when I was about to put it in a frame. I was so dumbfounded"
devastated,I was sad to see Lebron go to the Lakers,I was sad to see Lebron go to the Lakers
devastated,couldn't deliver the work project on time,"...i really thought i could do it, i had 3 hours do deliver the project at work, i made a promise i would, but in the end i couldn't and everyone was so disappointed in me, i feel so done..."
devastated,My uncle died in a car crash yesterday.,My uncle died in a car crash yesterday.
devastated,"After the house fire we had last year I took me and my family a long time to get back to normal, it was a very trying time","We had a house fire last year that destroyed everything , it was very tough on my family"
devastated,"I was heartbroken when my grandmother passed away, I did not know what to do","I was heartbroken when my grandmother passed away, I did not know what to do"
devastated,i was crushed when i didnt get the weekend off,i was crushed when i didnt get the weekend off
devastated,My dogs attacked my baby goat and she died.,I am so sad. My 3 dogs attacked my baby goat and she died last night from the injuries. Crying....
devastated,My dog ran away from home.,My dog ran away from home.
devastated,My father died about a year ago. I still have trouble when I remember seeing him dead in his bed.,I'm having difficulties when I think about my father. He died one year ago and it's still hurting very much.
devastated,"Not too long ago, I lost a watch one of my closest friends gave me for my birthday years ago. I was devastated!","My childhood friend gave me a watch for by birthday a few years ago, I lost it in a move recently. I'm pretty upset by it."
devastated,"When my dog died last year, it killed me. It was so random",When my dog died last year I was so sad. It happened randomly
devastated,"My brother died, my heart is in pieces.","My brother died, my heart is in pieces."
devastated,"I was heartbroken when my grandmother passed away, I could not handle that at all","I was heartbroken when my grandmother passed away, I could not handle that at all"
devastated,When i found out that my investments had lost more than half of their value i was crushed. It felt bad losing my hard earned money.,"last year i had put a nice chunk of change into crypto-currencies like bitcoin... although they went up in value a great deal, they have came back down before i actually took any profits. feels bad!"
devastated,I lost my job last week.,I lost my job last week.
devastated,I have tried three different times to complete a work task. Each time I have failed.,I have tried to complete a work assigment three times now without sucuess.
devastated,I was so upset when I had to put my dog down last month.,I was so upset when I had to put my dog down last month
devastated,I dropped my favorite coffee mug that was given to me by my grandmother who passed away.,I recently broke my favorite coffee mug that my grandmother gave me before she passed away.
devastated,i was crushed when i didnt get out of work on time,i was crushed when i didnt get out of work on time
devastated,My mom became very ill and was in a lot of pain. She had to be hospitalized.,My mom became very ill recently and had to be hospitalized.
devastated,"When I lost my dad, it really hurt me. It was just so random",It killed me pretty much when I lost my dad. It was so random and I was not ready for it
devastated,The worst phone call I ever got in my life was when my dad was put in hospice. We were told he only had a few days left.,The worst phone call I ever got in my life was when I was told my dad only had a few weeks left to live.
devastated,"I got turned down for a job I really wanted. I'd worked extremely hard to put myself in a position to have a decent chance of getting it, and I thought I interviewed really well. But when I found out someone else got the job I was extremely disappointed and demoralized.",I got turned down for a job I really wanted.
devastated,i destroyed my laptop the other day,i threw my laptop the other day and i already regret it
devastated,I found out in the last year that both of my parents have dementia.,I found out in the last year that both of my parents have dementia.
devastated,I dropped my football trophy and is shattered allover the ground!,I dropped my allstart team trophy and it shattered everywhere
devastated,my brother would've turned 34 today,my brother would've turned 34 today. he died 2 years ago and It still hurts so much
devastated,A good co-worker of mine lost his job. It's a shame because I enjoyed working with him,A good co-worker of mine lost his job
devastated,"I was carrying a large pizza from my favourite pizza place. Almost at the door home, just taking the keys out of my pocket. And then the delicious pizza fell out of the box and all onto the floor!!!",My pizza I bought fell all over the floor on my way home!
devastated,"When my aunt passed away, it was just bad. It was the worst thing to happen to me at that point",I was devastated when my aunt passed away. She helped raise me so it was tough
devastated,My pet hamster was eaten by a pit bull. I can't handle this sadness.,My pet hamster was eaten by a pit bull.
devastated,"I yelled at my mom, because I was sleepy. I feel so bad.","I yelled at my mom, because I was sleepy. I feel so bad."
devastated,"My girlfriend broke up with me. I can't believe it, I'm so hurt.",My girlfriend just broke up with me.
devastated,My cat that I had since she was a kitten passed away. She was only four years old. I was completely crushed.,My kitty that I had since she was a kitten passed away. She was only four years old.
devastated,"My dog Koko was with me ever since I was a little kid, and when he suddenly got quite sick and we found out he had cancer it was very difficult for me and my family.","When I was just a little kid my parents let my brother and I get a dog, and he was the best but unfortunately he passed away."
devastated,My 8 year old German Shepherd had hip dysplasia. He was my best friend. I loved him so much,I love dogs as well. They truly are man's best friend.
devastated,being cheated on,i found out my wife has been unfaithful for the past 2 months
devastated,My dad died of cancer in 2012.,My dad died of cancer in 2012. That was really hard for me emotionally.
devastated,I've owned 3 birds in the past 10 years and my 3rd bird just died last night. I didn't realize how much it would crush me. They were my buddies.,I've owned 3 birds in the past 10 years and my 3rd bird just died last night. I didn't realize how much it would crush me. They were my buddies.
devastated,I got pantsed in PE class once. The other 8th grade girls decided it would be fun for me to lose my pants while we played dodge ball. I was so embarrassed.,One time I got pantsed in PE class. The other girls thought I should lose my pants while we were playing dodgeball.
devastated,"A tornado siren went off 10 years ago, my family was in the basement when it hit. It destroyed our home and our car.","A tornado hit our home and destroyed it, as well as our car."
devastated,"I won a pair of tickets to go to Rockfest this summer. Unfortunately, none of my friends could go and so I ended up staying home instead.",I won a pair of tickets to go to Rockfest this summer.
devastated,I was devastated when I lost my Phone,I was devastated when I lost my phone
devastated,I dropped an entire bag of fresh shrimp on the ground today,I dropped dinner outside today
devastated,My car was broken into.,"My car was broken into last night. I lost my laptop, loose change I had in the cupholders, my GPS, and they yanked my radio set out."
devastated,when my daughter broke her tooth,The worst thing happened the other day.
devastated,My father was recently in the hospital with a chronic heart failure. I thought he was going to die. Thankfully he pulled through and is recovering.,My dad was in the hospital recently. He was in very bad condition and didn't look like he was gonna pull through. Thankfully he did.
devastated,I rent with arnb to a young couple and I found my home totally destroyed. They even took a dump in the living room.,"rent my home with arnb to a young couple. When I came back, I found my home totally destroyed. They even took a dump in the living room."
devastated,"When my mother passed away randomly, it really hurt me.",I was in a bad spot when my mom passed away randomly a few years ago
devastated,I got really upset when I got home today and my cat pooped on the bed.,I got really upset when I got home today and my cat pooped on the bed.
devastated,she went behind my back to return her ex's t-shirt. Lied about it. I found out through her facebook messages,my instincts are never wrong. I found out her lies when I checked her facebook chat history.
devastated,I was so hurt when my aunt passed away. No one expected it,I was hurt and saddened when my aunt passed away. No one expected it
devastated,I can not believe Stan Mikita died.,I can not believe Stan Mikita died.
devastated,My cat passed away the other day. I've been so distraught over it.,My cat passed away the other day.
devastated,My father died after an illness and I felt as if I could not go on.,My father died after an illness and I felt as if I could not go on
devastated,I found out my dog has cancer today.,I found out my dog has cancer today
devastated,I went through two floods in Missouri only a couple years apart from eachother. During the first one we lost our whole house. All that was left was the foundation.,The aftermath was awful. Trash and debris was everywhere and we were homeless. We lived out in the country and it took some time before red cross came out to do their report and get help to us.
devastated,"I worked so hard this semester, but I overslept for my final exam.","I worked so hard this semester, but I overslept for my final exam."
devastated,I got a really bad headache and it ruined my whole day,I got a really bad headache and it ruined my whole day
devastated,"I was on a scientific mission to mars when a massive sand storm hit. Yeah my crew thought I was dead, and they left me behind. Really sucked.",I was on a scientific mission to mars when a massive sand storm hit.
devastated,"When my father was diagnosed with cancer, I was so devastated for him. It broke my heart to see him in pain.",It was really tough to watch my father struggle with cancer. When he got the diagnosys I was devastated for him.
devastated,My brand new car was hit in the parking lot. The driver took off without leaving a note.,My car was damaged in the parking lot and the other driver took off without leaving me a note.
devastated,I failed my final exam for math last semester. I all set to graduate but now I have to repeat it. Its horrible.,I failed my final exam for math last semester. I all set to graduate but now I have to repeat it. Its horrible.
devastated,i was crushed when i didnt win the lottery,i was crushed when i didnt win the lottery
devastated,"When my car would not start the other morning, it was pretty sad","When my car would not start the other morning, it was pretty sad"
devastated,when ever i lose my losing streak on a arcade game i feel bummed,"I love video games , i used to love going to the arcades i would rack so many wins , and usually bummed when i would lose , ah the good old days"
devastated,My dad accidentally got into rat poison and died.,I meant my DOG got into rat poison and died. It was a truly horrific accident.
devastated,"One night, i hugged my wife and told her i loved her. I went to work and got a big raise. I rushed home to tell her. When i got home, all of the furniture, my wife and kids were gone.","One night, i hugged my wife and told her i loved her"
devastated,"After Hurricane Irma hit my town, I walked through the empty streets and saw windows shattered, trees on the floor, and debris everywhere","After Hurricane Irma hit my town, I walked through the empty streets and saw windows shattered, trees on the floor, and debris everywhere"
devastated,I lost my cat last week. I am so sad.,I lost my cat last week. I am so sad.
devastated,it was really hard to hear that there was a shooting in a gas station near me and there was 3 vitims i was really devastated,there was a shooting in a gas station near me i was really devastated
devastated,My new car was robbed last week during the night.,My new car was robbed last week during the night.
devastated,My 23 year old cat is missing. I have had her since I was a little kid. She has been gone for a week.,My cat has been missing for a week. I have looked everywhere.
devastated,I wrecked my car and have no way of fixing it. My life is over.,"I wrecked my car and have no way of fixing it. I need it for my job, my life is ruined."
devastated,I was driving along today. And then I crashed into a parked car!,I was driving along and had a car accident today..
devastated,"My laptop broke, and I lost all the information on it.","My laptop broke, and I lost all the information on it."
devastated,I thought I was going to get married. But my fiance just broke off the engagement.,So I was engaged until recently
devastated,I found out a friend of mine from high school passed away.,I found out that a friend of mine from high school passed away recently.
devastated,"I was devestated when my grandmother passed away, I could not handle that at all","I was heartbroken when my grandmother passed away, I could not handle that at all"
devastated,"I was keeping my savings at home in safe. My house was recently robbed. The safe is gone also,",I was keeping my savings at home in safe. My house was recently robbed. The safe is gone also.
devastated,My stepmom called today with some bad news. News I was not expecting at all. It seems that my father had a stroke. He's only 64!,My stepmom called today with some bad news. News I was not expecting at all.
devastated,I saw my girlfriend with another man.,I saw my girlfriend with another man. I was going to propose to her that day...
devastated,"when my Grandparents died, I was extremely upset for a few months.","when my Grandparents died, I was extremely upset for a few months"
devastated,"I was completely down, when i heard my father died in road accident",I was completely devastated when i heard my father died in car accident
devastated,I was in a bad place when my dad died. I just felt lost,I was in a bad spot when my dad died. I just felt lost
devastated,My aunt died.,My aunt died.
devastated,"I got laid off from a job I used to really, really love. It worked out though, toward the end I found myself really hating the work and the company. But it still hurt.",I got laid off from a job that I really used to love.
devastated,my favorite Toy from my childhood broke.,I had this amazing toy truck as a kid and accidentally broke it
devastated,I am devasted.,I am very devastated these days.
lonely,I'm an over the road trucker. It's a lonely life.,I'm over the road trucker. Man it gets boring in the evenings.
lonely,"Today when I was home alone I was snuggling with a stuffed bunny my ex got me, because I missed him. I feel so pathetic.","Today when I was home alone I was snuggling with a stuffed bunny my ex got me, because I missed him. I feel so pathetic."
lonely,I'm very proud of my daughters grades on her yearly exams.,I'm very proud of my daughters grades on her yearly exams.
lonely,"The other day I couldn't find my phone all day. When I finally found, there wasn't a single missed call or text.","I couldn't find my phone all day, but when I finally did, I hadn't missed a single call or text."
lonely,I couldn't go to dinner with my friends on time. So I ended up having dinner by myself.,I couldn't go to dinner with my friends on time. So I ended up having dinner by myself.
lonely,I was going to go to the movies with a bunch of friends. But they all bailed on me and now I have to go alone.,I was going to go to the movies with a bunch of friends. But they all bailed on me and now I have to go alone.
lonely,My kids are out of town on vacation with my parents for the next week. It is way too quiet and boring here.,My kids are out of town on vacation with my parents for the next week.
lonely,Me and my girlfriend broke up yesterday.,Me and my girlfriend broke up yesterday.
lonely,My kids are spending the weekend with my sister before school starts back. I am so alone right now.,MY kids are gone for the weekend. My house has never been so quiet
lonely,I was with my friend the other day and having fun. They they had to leave me all alone.,I was very sad when my company had left me alone the other day.
lonely,I hate cooking for myself at my new apartment. It's not nearly as fun cooking for yourself as it is cooking for a group.,"One of my favorite things to do is cook, and I recently moved into a new apartment by myself. I'm gonna say cooking for yourself isn't really as fun as cooking for a group."
lonely,"Once, I got stuck in a traffic jam. Even though I left early, I was 30 minutes late to an appointment",feeling happy
lonely,My Boyfriend left me and moved out now it is har don me...,My and John broke up a few weeks back and he moved out now it is hard to stay in my apartment.
lonely,My boyfriend left town a couple of days ago and he won't be back for over a week. It is so quiet here and there's nothing to do.,My boyfriend left town a couple days ago and he won't be back for over a week.
lonely,I was very lonely when I was in prison.,I was lonely a lot in years past.
lonely,I felt pretty alone today. I did not hear from anyone,I felt pretty alone today. I did not hear from anyone
lonely,Everyone went back to college.,"Everyone went back to college, I'll need to find new people to hang out with but I don't have the energy."
lonely,my baby is not home today,ever just feel so isolated in a room and alone? what a weird day
lonely,"Just got into an argument with my long distance girlfriend because she felt I wasn't listening to her closely enough while we were on the phone. She hung up, mad. Truth is, I was trying to do some work while talking to her, but I was listening as best I could, too.","Just got into an argument with my long distance girlfriend because she felt I wasn't listening to her closely enough while we were on the phone. She hung up, mad. Truth is, I was trying to do some work while talking to her, but I was listening as best I could, too."
lonely,sometimes i feel i have no one to turn to,sometimes i feel i have no one to turn to
lonely,I went to the skating rink all by myself yesterday. Never felt so alone.,I went to the skating rink all by myself yesterday.
lonely,I had to eat dinner alone for a few days this week. My husband had to go on a last minute work trip.,I had to eat dinner alone for a few days this week. My husband had to go on a last minute work trip.
lonely,My husband just left for a boys trip and I feel so lonesome. It's going to be a long week with him out of town.,I feel so lonesome! My husband just left for a boys' trip.
lonely,All the family members of my house left to visit grandparents. No one is home with me.,All the family members of my house left to visit grandma. No one is home with me.
lonely,I used to feel lonely a lot as a teenager,I used to feel lonely a lot as a teenager. That was dumb of me
lonely,"My children are in bed fast asleep, and no one wants to talk to me. I check my social media accounts and everyone is having fun with their loved ones except me. I am afraid to message someone because I do not want them to know the sad truth of night/life.",My children are both fast asleep and I am the only one up around my neighborhood at this hour.
lonely,I can't seem to make any friends.,Why is it so hard to make friends as an adult? No one seems to like me and it's discouraging.
lonely,My wife is going overseas for 1 month i will feel so lonely,my wife is going overseas for 1 month. gosh i will miss her so much. i don't even know what to do
lonely,Went to the bowling alley alone yesterday.,I went to the bowling alley all alone yesterday.
lonely,Another one of my friends got married this weekend. I'm starting to think my soulmate got hit by a bus.,"I'm gonna be the last of my friends to get married, another one got engaged today."
lonely,My husband works long hours. I hate being by myself specially at night.,My husband works late at night and sometimes I'm stuck by myself.
lonely,My whole family left me behind this past weekend. It was really strange to be all alone in the house.,My family forgot about me and left me behind at the house this weekend. It felt so weird to be all by myself in the house.
lonely,MY kids are getting older and hanging out with their friends on the weekend. Im always by myself,I am realizing that my kids are getting older and gonna leave me soon
lonely,When I was younger I lived in an apartment by myself. I missed having family around.,When I was younger I lived in an apartment by myself. I missed having family around.
lonely,I had to leave my dog at the vet for a week since I was traveling. It's quite silent and weird,I had to leave my dog at the vet for a week since I've been traveling. It's weird not having him with me
lonely,"I don't have many friends where I live, so I feel a bit down.",I am feeling a bit down in the dumps.
lonely,It so quiet and cold in my house. Wish my husband was home to keep me company. Trying to relax but keep hearing noises.,"Its so quiet in my house, my husband is out of town for work."
lonely,"After my recent break up, i feel so lonely and desperate. I can't stand it anymore",It is so hard to cope with loneliness. Especially after my break up
lonely,"My wife left for a trip this weekend, so it is just me and our dog. It feels a little sad.",I am feeling a bit sad since my wife left for a trip this weekend. My dog is keeping me company.
lonely,I have no friends at my new job.,I have zero friends at my new job and I don't know what to do about it!
lonely,I went to the bowling alley all by myself today. Never have I felt so alone.,I went to the bowling alley all by myself today. It was terrible.
lonely,"I moved recently and don't know many people here, so I am a little bummed out.","I recently moved to a new place and currently don't know many people, so it's a bummer."
lonely,I'm feel so alone. My children live clear across the country from me.,My kids live 1800 miles away from me. I miss them so my and feel so alone without them.
lonely,sometimes I feel all alone!,sometimes I feel all alone!
lonely,What does it take to not ever have someone in one's life,What does it take to not ever have someone in one's life
lonely,I moved to northern Alaska last year and don't know anyone.,I moved to northern Alaska last year and don't know anyone.
lonely,My friends went on vacation without me.,"My friends went on vacation without me, and now I have no one to hang out with for 3 weeks."
lonely,My husband has been out of town for work for the past few days. I never realized how much I do not like being alone in the house.,My husband has been out of town for work for the past few days. It's been a bit interesting.
lonely,"My girlfriend went on a business trip, and I didn't have anyone to hang out wiht.","My girlfriend recently went on a business trip for a week, I was very lonely during this experience."
lonely,I recently moved to a new city and I don't have any friends here. It's going to take a long time to make new ones,I recently moved to a new city and I don't have any friends here
lonely,"You ever feel like you are the only person on the planet sometimes, like no one understand you? It's hard when you feel disconnected to everything like that.","You ever feel like you are the only person on the planet sometimes, like no one understands you?"
lonely,"I divorced my wife, I have no one to be with now.","I divorced my wife, I have no one to be with now."
lonely,Sat in my house yesterday by myself,I sat home all day by myself yesterday
lonely,"After my recent break up with my partner of 2 years, i do not know whom to share my feelings with","Loneliness is worst that can happen to a human being. After a break up with my partner, i am feeling desperate for emotional coddling"
lonely,I went to a rock concert by myself. My friends ditched me and I felt so alone.,I went to a rock concert all by myself - my friends ditched me!
lonely,It will make year tomorrow since the last time i have a date. It is such a frustrating experience,I need someone to date so badly. I cannot hold it anymore
lonely,"as I walk through my house, the rooms are empty, There is no one there for me","as I walk through my house, the rooms are empty, There is no one there for me"
lonely,I felt alone for those 3 weeks she went to visit family,I felt alone for those 3 weeks she went to visit family
lonely,My husband is gone on a business trip. I miss him a lot.,I wish my husband didn't have to go on his business trip today.
lonely,Besides my cats being with me I am always alone at home all the kids are grown and moved out.,Ever since my kids left and went to college I am such a loner.
lonely,I couldnt find anyone that wanted to hangout this weekend. I had to spend the weekend by myself.,This weekend was kind of a drag.
lonely,I don't think my ex us coming back.,I my ex and I are done for good
lonely,I get lonely at times. I'd rather be alone then be abused though,I live alone now and It is hard sometimes but it's good as well.
lonely,I miss being in a relationship. I liked having someone at home,I am tired of being single
lonely,hungry and nothing to eat and no one here,"in my room, alone and i am starving"
lonely,"Before I met my girlfriend and friend group, I was so lonely all the time","Before I met my girlfriend and friend group, I was so lonely all the time"
lonely,MY sister used to live in the apartment across the hall from me. She moved away.,my sister used to live in the apartment across the hall from me
lonely,Last week I went to the movies with my friend. My friend and a random girl that was there somehow struck up a great relationship and my friend left me to spend the evening with here.,I went to the movies with my friend last week. Somehow my friend got very close with this random girl who was there. My friend ended up abandoning me to spend time with her.
lonely,Every Thanksgiving i eat alone.,"Every single thanksgiving, I eat alone."
lonely,i was all alone the other day when my kids left,i was all alone the other day when my kids left
lonely,Don't you hate that feeling when you get lonliness and it feels like it's going to make you vomit? I have been feeling that way! I just have to remember that it is better to be at peace then to deal with horrible drama.,Don't you hate that feeling when you get lonliness and it feels like it's going to make you vomit?
lonely,i feel lost without my dog!,i feel lost without my dog!
lonely,I miss my childhood.,I'm really said. I'm missing my youthful vigor.
lonely,I just came to college and miss all my friends.,I just came to college and have no friends in my dorm and no one to eat with.
lonely,Sometimes I feel like I'm alone for no reason,"I've been processing what being lonely feels like, because I want to be able to have fun by myself sometimes"
lonely,"I ended up staying at home for the holidays, all my family lives in another state. I basically just sat at home in the dark watching lord of the rings.",I ended up staying at home for the holidays
lonely,"My wife went out of town for a week for work, and I got to say, I'm pretty lonely.","Hey there, Got to admit, I'm pretty lonely right now."
lonely,I moved away from my home town last year and I regret it.,I moved away from my home town last year for a new job. I sort of regret it since I don't have many people to talk to.
lonely,A time I felt lonely was when I joined a video game lobby. There was not a single person in it and I felt alone...,A time I felt lonely was when I joined a video game lobby. There was not a single person in it and I felt alone...
lonely,I've been single for some time now. It really sucks...,I've been single for some time now. It really sucks...
lonely,"watched a really good love movie lately, reminds me of myself.","when i saw the main character finally get the girl, i could help but be envious of the fact that he found someone"
lonely,I was all alone when my family left for the weekend.,I was all alone when my family left for the weekend.
lonely,It's really quiet around here right now. No one's at work besides me and the security guard downstairs.,It's really quiet around here right now. No one's at work besides me and the security guard downstairs
lonely,"I'm going to a new town for work. It pays a lot more, but I'm going to be by myself.","I'm going to a new town for work. It pays a lot more, but I'm going to be by myself."
lonely,I wish I had my mother back!,I wish my mother never left as a kid.
lonely,I received some degree of harsh words in my address from my manager. I have no one to talk and share my feelings.,"Today, i received some criticism from my manager. I was so sad and had no one to talk to or share my feelings"
lonely,My wife works nights. Sometimes I am home alone and I get bored and just feel so by myself,Sometimes I just feel like I am living all by myself :(
lonely,"I went hunting with a friend, but I somehow got separated. I had to spend all night by myself in the woods.",A few years back I got separate from my hunting party. I had to spend the night in the woods by myself.
lonely,Me and my girlfriend broke up today.,Me and my girlfriend broke up today.
lonely,I was supposed to go out with a bunch of people over the weekend but htey cancelled so i was stuck home alone,"I wish that when people made plans, they would stick to them."
lonely,I had to walk home by myself.,My friends left me and I had to walk home by myself without anyone to talk to
lonely,My friend left me all alone at this party to go hang out with some guy. Now I don't know anybody here.,I was at a party and my friend who invited me ran off with some guy she met.
lonely,I really miss having a boyfriend. I have been single for two years now,I have been single two years now.
lonely,No one came to my birthday.,I planned a birthday party but no one came.
lonely,"I used to hang out with my best friend every day, but now she moved. I have no other friends nearby and have nothing to do.",I used to hang out with my best friend everyday and now I have no one to hang out with.
lonely,Once my friends started to get married and have kids I feel like I have no one to go out with on the weekends.,I feel like most of my friends are married with kids and as a single person I have no one to socialize with.
lonely,I recently moved to a very small town. It's been really difficult finding friends and making connections.,Good evening! I moved to a small town recently. It's been tough.
lonely,I hate it when my husband goes away for work. There is no one else here but me.,That sounds tough. What do you do/
lonely,I am tired of being single. Its been two years now,Im tired of being single
lonely,"I don't have many friends since I moved to this new country, so I feel a bit left out.",I am feeling a bit left out since I moved to a new country.
lonely,I have been single for the past year. I hate being by myself.,I have been single for the past year.
lonely,All my friends have moved out of state after college and I'm the only one left. I miss them and am trying to decide if it's worth it to move.,"All of my friends moved out of state after college, so I'm really the only one left"
lonely,I got by myself on vacation.,I go by myself on vacation.
lonely,I work from home and sometimes it makes me a bit sad to know that I'm here alone.,I work from home and sometimes it makes me a bit sad to know that I'm here alone.
lonely,My girlfriend dumped me just before Christmas. I got her a gift too.,"She actually left me the night before christmas, what a joke!"
lonely,when my dog died,the house has been so empty and quiet since my dog passesd last week.
lonely,I was very alone before I met my friends and current girlfriend,I was alone before meeting my girlfriend and friend group
lonely,For a long time I lived out in the middle of nowhere far away from many people. My friends and family were very far away and it felt very overwhelming sometimes.,I'm much better off now but I just got out of a time of my life where I was isolated out in a rural area away from a lot of people.
lonely,My friends all went back to college.,My friends all went back to college and now I have no one to hang out with.
lonely,I've been spending too much time alone lately.,I've not been around too many people lately.
lonely,my parents travelled and am left alone in the house,i felt lonely because i have never been left all by myself before
lonely,It can be really tough when your kids are older and both them and your husband have electronics. I can be sitting in a room with them all and still feel as if no one is here.,It can be really tough when your husband and teenagers have electronics.
lonely,I am a stay at home mom. My son just started kindergarten.,I am a stay at home mom. School just started.
lonely,I started a new school and did not know anyone in my class,My parents decided to send me to a new school out of the area
lonely,I have lived alone for the last 10 years some day's I think I should get a dog.,I have lived alone for the last 10 years some day's I think I should get a dog.
lonely,I got heartbroken when my girlfriend left me and now I am so lonely,"Loneliness is very bad, I miss my partner"
lonely,"When my boyfriend left me for another woman on Valentine's Day, that really sucked being left all alone.","It was Valentine's Day, and the jerk I was dating at the time turns around and tells me he's leaving me for his ex."
lonely,I was in a break room for about an hour by myself. I was about to go insane.,Man that was hard to deal with today.
lonely,The Christmas before my daughter was born it was too late in my pregnancy to travel. My family lives across the country so I spent Christmas alone,My daughter was born in January so the Christmas before she was born I had to spend alone since I was too close to her due date to travel to my family.
lonely,I felt alone in miami when i moved there. it was my first time staying away from my family,i felt so alone in miami when i moved there
lonely,School has lead me to a lack of social life.,"I just started college again, and while I'm doing great in school, it has lead me to feel very lonely with a lack of social life."
lonely,"Well, one time I went to watch a movie alone","This was several years back. I was single, but I also like watching The Notebook type of movie, so i thought it would be okay to go watch The Vow alone. Wrong! Horrible mistake. It was a tear jerker, and I had no one there to see it and be like awe. All those tears wasted for nothing! lol"
lonely,I was pretty lonely last night as it was Friday..but then the person who is trying to build trust with me acted like a (fill in the blank) and I wasn't so lonely anymore.,I was pretty lonely last night as it was Friday
lonely,i felt all alone yesterday,i felt all alone yesterday
lonely,I kind of miss my ex boyfirend. We broke up a year ago.,Me and my ex broke up a year ago and I'm starting to miss him
lonely,I did not like being alone at home at night.,I did not like being alone at home at night.
lonely,"All my friends got to go on vacation, but I'm stuck here doing work because I have a tight job deadline. It really gets me down","All my friends got to go on vacation, but I'm stuck here doing work because I have a tight job deadline"
lonely,Sitting at a computer at 3am with the lights off alone.,"Man, I was sitting alone at 3am last night with the lights off. Felt spooky"
lonely,I just moved to a new country. I know no one.,I just moved to a new country. I know no one.
lonely,My youngest child just moved out of the house and in to her dorm. I am having some strong empty nest syndrome.,My youngest child just moved out if the house and into her dorm.
lonely,I moved to a new town.,"When I moved to a new town, it was hard to make new friends?"
lonely,My son is going to college in a couple of days and I'm sure the house will be a lot quieter without him.. I think the empty nest feeling is inevitable,My son is going to college in a couple of days and I'm sure the house will be a lot quieter without him.. I think the empty nest feeling is inevitable
lonely,I didn't get to go out with my friends tonight. I had to stay home by myself.,My friends went to a bar tonight and I didn't get to go.
lonely,I just started a month long class for work in a town that I have never been. I feel so isolated in my hotel by myself.,I just started a month long class for work in a town that I have never been. I feel so isolated in my hotel by myself.
lonely,"I had to stay late for work, and my family went out to dinner without me.","I had to stay late for work, and my family went out to dinner without me."
lonely,I have a companion now i won't have to be alone,I have a companion now so i won't have to be alone
lonely,Broke up with my girlfriend last week. I don't have anyone to do stuff with anymore.,Broke up with my girlfriend last week. I don't have anyone to do stuff with anymore.
lonely,I am just by myself this weekend.,I am just by myself this weekend and i do not like it
lonely,It can be boring not to have a romantic kind of relationship.,It can be boring not to have a romantic kind of relationship.
lonely,"I was always socially awkward, i feel so lonely",I'm kind of socially awkward and I don't know how to start conversations in real life. I wish i had more friends
lonely,This was a hard weekend. Second weekend alone. It's different living alone.,This was a hard weekend. Second weekend alone.
lonely,"As i was sick, I'm unable to go to my school and I stayed in room. I miss my mom now.",I didn't go to school today.
lonely,"I went through a divorce, I had to leave my husband and daughter behind. It broke my heart and I felt so alone.",One of the hardest times in my life was when I had to leave my husband and daughter when I went through a divorce.
lonely,My best friend recently moved to another state and I haven't seen her in a while,My best friend recently moved to another state and I haven't seen her in a while
lonely,"My girlfriend has been so busy with work lately, it's left me feeling neglected. But she's working hard to pay off her student loans and to build her savings, so I have to respect that. But at the same time, we're long distance, so the time I have with her when she actually isn't working isn't that fulfilling, either.","My girlfriend has been so busy with work lately, it's left me feeling neglected. But she's working hard to pay off her student loans and to build her savings, so I have to respect that. But at the same time, we're long distance, so the time I have with her when she actually isn't working isn't that fulfilling, either."
lonely,"I used to work with my best friend, and after she quit, I don't have anyone else to talk to in the office.","My best friend used to work with me, but after she quit, I have nobody to talk to."
lonely,My family left for the weekend and I'm so bored.,My family left for the weekend and I'm so bored.
lonely,"A few years ago, my marriage broke up, and I found myself living alone for the first time in my life. Though I eventually grew accustomed to the solitude, it took a while to get used to it.","I found myself divorced a few years ago, and for the first time in my life, I was living alone."
lonely,I decided to start dating again after being single 1 year. I miss having someone.,After a year of being single I decided to start dating again.
lonely,"I felt isolated when we moved to Hong Kong -- I had a 6 month old, a husband that needed to start traveling to Australia immediately, and just didn't know anyone yet!",I felt very isolated when we first moved to Hong Kong -- I had a young baby and my husband pretty much needed to start traveling for business right away!
lonely,My best friend moved across the country this weekend. I'm really gonna miss her.,My best friend moved to Washington this weekend.
lonely,My sister was bored after her friends did not invite her for a party,She felt so left out
lonely,my girlfriend broke up with me,hello how has your day been going
lonely,Laying in the hospital after having a mini stroke and the last visitor of the day says good bye is a very sad time.,Have you ever been hospitalized? It's not much fun. I had a mini stroke and was stuck there for a few days.
lonely,My wife went out of town for a girls weekend and I sat at home with the dog for 3 days by myself.,Recently my wife left me home alone with the dog all weekend while she was gone on a girls trip.
lonely,My family is visitng extended family in Canada. There's no one to come home to. Feels weird.,My family is visitng extended family in Canada. There's no one to come home to. Feels weird.
lonely,I wanted to get together with some friends this evening after work. But apparently everyone I know is out of town. So there's no one for me to do anything with. I don't know how I'll pass the evening.,I wanted to get together with friends tongiht after work. But apparently everyone I know is out of town. So I'll be all alone tonight. I don't know what to do!
lonely,lonely: she left for 3 weeks,Felt sad when she left for 3 weeks
lonely,I went hiking all alone yesterday because my friend's ditched me. Never felt so alone.,I went hiking all by my lonesome yesterday because my friends blew me off.
lonely,My sister used to live in the apartment next door but she moved away. I don't have any friends over here.,MY sister used to live in the apartment next door to me. She was my only friend in the complex.
lonely,I miss my ex. MAybe not him particularly but having a man in the house.,I have been single for a while. I miss having aman around the house.
lonely,I spent the whole day in bed looking at the ceiling.,Yesterday was my day off and I spent the whole day in bed looking at the ceiling. My friends and family didn't even call or check up on me.
lonely,I didnt know anyone my first year of uni,I didnt know anyone my first year of uni
lonely,I was home alone while my husband went on a business trip.,I was home alone while my husband went on a business trip
lonely,My little boy started school today and I'm already feeling alone.,My little boy started Kindegarten today and I already feel all alone.
lonely,"The first time I traveled overseas to Thailand, I was having some serious culture shock and I was afraid to leave the hotel room. Haha.","I stepped off the plane and the heat, humidity, and foreign smells hit me like a garbage truck. I was in another world."
lonely,i'm 800 miles from my family,i'm 800 miles from my family
lonely,Just another day at home all by myself. Family is away on vacation.,Family is out of town for the week and I don't know what to do with myself.
lonely,I miss my ex even though we have been broken up two years.,I miss my ex
lonely,The summer will be over soon and my kids will be back at school. I will miss them,School is about to start back. I think I'm gonna miss having my kids at home
lonely,"My dog died, I feel like I don't have any friends anymore","My dog died, I feel so lonely"
lonely,I woke up too early. Everyone else is sleeping.,I woke up too early. Everyone else is sleeping
lonely,I had to eat dinner by myself. I hate being by myself.,I had to eat dinner by myself.
lonely,I have been traveling for two months now. I am really starting to miss my friends and family.,I am really starting to miss my friends and family. I have been traveling for a few months now.
lonely,My husband is going on a trip and I will feel this way.,My husband is going on a trip for a weekend.
lonely,i felt lonley after my girlfriend leave me alone,my girlfriend left me alone that hurts me more and lonley
lonely,i live 800 miles from my family and i have no local friends.,i really miss my family. we are 800 miles away from each other.
lonely,I'm pretty depressed that I've been single for years now.,I'm pretty depressed that I've been single for years now.
lonely,i felt sad when I was all alone the other day,i felt sad when I was all alone the other day
lonely,"A bunch of my friends were invited to a party, but I wasn't. I felt very left out.",Many of my friends were invited to a party. I felt very left out as I sat at home. I always invite everyone.
lonely,"not living near family, being in a new place.","I recently moved to my dream location, but it sucks not knowing anyone."
lonely,"My husband really is away from home quite often, due for his job. It can be hard at times, and make me feel a bit alone.",There are times I feel a bit alone and down. My husband has to travel out of town for work quite often.
lonely,I am really starting to miss my family and friends. I have been traveling for three months now.,I have been traveling for three months now. I am really starting to miss my family and friends.
lonely,i felt so alone in my new apartment. I have just moved to a new city for a job,i felt so lonely in my new apartment
lonely,I miss my dog.,"My dog was my best friend, now he's gone and I feel isolated."
lonely,I have felt lonely recently because I never go out and have no friends,I have no friends and I am lonely
lonely,i felt all alone the other day when my family left home,i felt all alone the other day when my family left home
lonely,No one showed up for my birthday. I was so alone.,No one showed up for my birthday party. I was so alone and sad.
lonely,"I haven't had a date in 4 years now. My last date was in high school, I'm so alone...","I haven't had a date in 4 years now. My last date was in high school, I'm so alone..."
lonely,"When I lived on my own, I found it hard without having any company","When I lived on my own, I found it hard without having any company"
lonely,i'm sad because i have no friends and i don't like my own company.,do you ever feel lonely? i do. i hate my own company and i have no friends.
lonely,"It is a rough day, I am alone a lot.","It is a rough day, I am alone a lot lately."
lonely,"I was lonely as a teenager, I had no girlfriend and few friends. I was sad often","I was lonely as a teenager, I had no girlfriend and few friends. I was sad often"
lonely,I was across the country on a work trip and had no one to hang out with for a week. I felt isolated,I was on the other side of the country on a work trip by myself. I felt very isolated and had no one to hang out with for a 2 weeks.
lonely,My boyfriend is out of town for work and I really miss him. I'm so used to him being around I didn't realize how lonely I'd be without him here.,That sucks but they do say distance makes the heart grow fonder.
lonely,The other weekend I really wanted to go out but realized I've sort of drifted away from the few close friends I have. I really need to get into a sport or something and meet people.,"The other weekend I really wanted to go out, but I realized I don't have any good friends left."
lonely,"Before I met my girlfriend and friends, I was very alone, it was a dark time","Before I met my girlfriend and friends, I was very alone, it was a dark time"
lonely,My girlfriend has left town for the week and I miss her. It is annoying waiting for her return.,My girlfriend has left town for the week and I miss her. It is annoying waiting for her return.
lonely,Didn't do anything this weekend but stay at home by myself,This weekend is so boring so far
lonely,"My wife and I moved for her to go to school, and sometimes I really miss my friends from home.",I moved far away from my hometown for the first time so my wife could go to grad school. It's hard to be away from my friends.
sad,I am sad tonight. I am broke until next week.,I am feeling down tonight. I am broke until next week.
sad,"My dog passed away this morning. He was 13 years old, a golden lab. I'm just happy he's not in pain anymore.","My 13 year old golden lab passed away this morning. I miss him so much, but I'm glad he is not in pain anymore."
sad,My little boy is starting Kindergarten and I'm sad he's growing up so fast.,I'm a little sad my youngest son is starting Kindergarten in a few days.
sad,"I cried all night, my brother is going back to Iraq.","I cried all night, my brother is going back to Iraq."
sad,When my dog died when I was younger.,"When I was younger, my dog died. He was getting up there in age, but he was still on the young side. Later, we heard the pet food we had been feeding him had been recalled because of similiar fatalities."
sad,So hard seeing homeless people around,i hate seeing homeless people
sad,I keep seeing a poor little black kitty running around outside every night. You can tell they are hungry. He won't come near me and my house can't hold another cat.,I keep seeing a poor little black kitty running around outside every night.
sad,I was feeling down after hearing that my friend's dog passed away. He was such a great dog to everybody.,I have been feeling really down about hearing my best friend's doggy passing away.
sad,My Mother had called to set up a time to meet for lunch. When the time came she couldn't make it because of health problems.,My Mother and I made plans to hang out and do lunch this past week.
sad,After moving I went through a decently long period of unemployment. It was starting to get tough not having a good source of income to support myself.,After my wife and I moved I went through a while of unemployment. It was really tough not being able to support us.
sad,"my father recently passed suddenly, i was devastated.",thank you. i am having trouble getting over it.
sad,"Before I met my girlfriend and friends I was very lonely, that was not a fun time","Before I met my girlfriend and friends I was very lonely, that was not a fun time"
sad,My cat got ran over by someone. He sped off like it didn't matter.,"So sad right now, my poor cat."
sad,"This week, my manager told me bad comments about my work performance. It made me feel bad.","This week, my manager told me bad comments about my work performance. It made me feel bad."
sad,Recently my refrigerator broke. I had to throw away all of my food and spend $1400 on a new one.,I was so upset the other day. I came home and my refrigerator was broken.
sad,I am having to be strong and not respond when it comes to a person I care about at times. It is hard to not be an enabler sometimes. It requires a LOT of strength and tough love. I,I am having to be strong and not respond when it comes to a person I care about at times.
sad,My pet died last week. His name is Jack,"last week, my pet dog died. His name is Jack."
sad,I miss my Grandma. She died when I was a kid.,I miss my Grandma.
sad,I just realized today I have not been home to where my family is from in a little over 10 years.,I just realized today I have not been home to where my family is from in a little over 10 years.
sad,I remember when my friends were helping me move out of our hometown. We were riding in the moving truck and had to drop them off and say goodbye and we all felt terrible.,I remember when my friends were helping me move out of our hometown. We were riding in the moving truck and it came time to drop them off and say goodbye. We all felt terrible.
sad,"I was looking forward to spending time with my friend Megan today, but I had to put it off again because I fell ill this morning.","I made plans to spend time with my friend Megan today, and unfortunately, I had to reschedule yet again."
sad,Watch my dying dog,My dog was dying of old age
sad,I felt this way when I had to leave my son for the first time to go to work.,I had to leave my son for the first time to go to work and it was so hard.
sad,I was pretty sad when I had to give me dog away. She was a good dog,I was sad when I had to give my dog away. She was a good dog
sad,I do not want my vacation to end. I would like to stay here forever,I do not want my vacation to end.
sad,my doggie recently passed away.,my doggie recently passed away
sad,One morning my mother came to pick my daughter up for school and told me she saw my daughter's cat dead outside.,"My mother picked my daughter up for school to take in the morning, and found her cat dead. It was so hard for my daughter and made us all very upset."
sad,"I was sad about the past this morning. I hate then when you wake up and remember a lot of bad things that happened over the past few years, the trauma hits you in your weakest moments.",I was sad about the past this morning. I hate then when you wake up and remember a lot of bad things that happened over the past few years
sad,I cry every time I think of my grandmother.,I cry every time I think of my grandmother.
sad,"I think that even when you feel down, its a great opportunity to go deeper into yourself.",I feel very strange for not feeling any remorse about anything really.
sad,I was about 8 years old and my mom left me all night with her friends. I cried myself to sleep.,My mom left me over night with some of her friends when I was 8 years old. I cried myself to sleep. It wasn't until later in life I realized she could have been possibly cheating on my dad.
sad,My wife forgot it was my birthday.,"Hello, yesterday was my birthday and my wife completely forgot!"
sad,when I was 17 I found out Brandon Lee had died during filming of my fav movie The Crow. This sadness is still with me as I am also a big Bruce Lee fan,I still haven't got over it. Brandon Lee RIP. I was 17 when I found out he died during filming. I visited the area he took his last steps a couple years ago
sad,my favorite show is ending. I will be lost,i watch a lot of tv. it is my favorite thing
sad,MY sister used to live next door to me. Now she has moved across town and I hardly ever see my neice.,MY sister used to be my next door neighbor.
sad,My cat I have had for the last 14 years got sick and passed away last month. I lost a great friend.,"Last month, my cat Sam passed away. He was 14 years old."
sad,My girlfriend dumped me yesterday. I am so hurt right now.,My girlfriend dumped me yesterday.
sad,"I'm really bummed out today, I had to get rid of my dog because I had to move across the country.","I'm really bummed out today, I had to get rid of my dog because I had to move across the country."
sad,The little kitten I rescued last Friday passed away.,The little kitten I rescued last Friday passed away.
sad,My pet turtle apparently died 2 weeks ago. I was just now told by my parents who were holding on to me while i was away.,So i was told yesterday while i've been away my pet turtle had died. :(
sad,I dropped a bowl of mashed potatoes and it smashed all over the floor,I dropped a bowl of mashed potatoes and it smashed all over the floor
sad,When I moved into this apartment my next door neighbor had an old beagle. He was a lovely pooch. The poor dog had cancer and just before Thanksgiving he had to be put to sleep. I looked for that wee dog for weeks afterwards.,My neighbor used to have an old beagle - a lovely pooch. He died of cancer just before Thanksgiving. I looked for him for weeks - I miss him.
sad,My favorite tea cup was broken. It makes me worry a lot.,I worried a lot yesterday.
sad,"I had a rough day, my husband has been out of town and the weather has been bad.",It's been a long week! My husband has been out of town and its been just me and a cranky toddler.
sad,My girlfriend left me for my best friend,My girlfriend broke up with me and now is in a relationship with my best friend
sad,My pet goldfish died recently. I was devastated. I really liked Goldie.,I was so upset when my pet goldfish died recently. I really loved Goldie.
sad,I was sad when my parents left me,I was sad when my parents left me
sad,I'm a bit unhappy with Summer being almost over.,I'm a bit unhappy with Summer being almost over.
sad,my favorite show is being canceld,my favorite show tv is being canceled ! i already hate the idea if it :(
sad,Today would've been my little sister's 3rd birthday. She was killed in a car accident last year.,Today would've been my little sister's 3rd birthday.
sad,"My mom has arthritis in her neck, and the pain seems to be traveling down now.","My mom has arthritis in her neck, and the pain seems to be traveling down now."
sad,"I had a necklace that my mother gave me before she passed away, but I just lost it.","I had a necklace that my mother gave me before she passed away, but I just lost it."
sad,My dog ran away from home!,My dog ran away from home!
sad,"i'm really close with my sister, but she is moving away in september","I'm really close with my sister, but it turns out she is moving out of state in September."
sad,I had a pet hermit crap that died this morning. I got him when I was on vacation in Hawaii.,"I got a pet hermit crab when I was on vacation in Hawaii, and I just found him dead this morning."
sad,I found out yesterday that my dad had a stroke last month. No one even told me until now!,I found out yesterday that my dad had a stroke last month!
sad,when it was my dads anniversary of death every year in july,"every july i feel the same way, down in the dumps because its the month my father passed away."
sad,I was upset when I did not do well on a test.,I was upset when I did not do well on a test.
sad,I was sad when my wife left me,I was sad when my wife left me
sad,I feel sad when I see people squandering their potential or underestimating themselves.,One of the saddest things to me is when people underestimate what they can do and/or are capable of.
sad,I dropped my favorite perfume and it broke,I dropped my favorite perfume and it broke into a million little pieces
sad,"it really makes me sad to think there are people who treat animals like trash, animal cruelty is a really serious matter",i hate to see people mistreating animals i cant stand it
sad,My first date with a woman that I met at a party didn't go as expected.,My first date with a woman that I met at a party didn't go as expected.
sad,Yesterday I saw that bugs had eaten my dandelions in the garden. I had spent so much time watering and taking care of them. I was devastated.,When I went out to my garden yesterday I noticed that bugs had eaten the dandelions in my garden. I was so upset about it that I cried.
sad,My birth flew away,I had such a sweet little parakeet and i was always letting him fly in the house. One day i opened the window and i totally forgot my bird was out of the cage and he flew away
sad,I felt pretty down when I found out that I was losing my job. It was pretty disappointing. Tomorrow's my last day.,Tomorrow's my last day of work. I can't believe it. I wish I had something lined up.
sad,My external hard disk has stop working. I had very important on it. It can't be fixed.,My external hard disk has stop working. I had very important data on it. It can't be fixed.
sad,i was upset to return to work,i was upset to return to work
sad,I was sad when my dog died,I was sad when my dog died
sad,"my grandmother has major back surgery next week, im not looking forward to it","my grandma has major back surgery next week, i feel so bad for her"
sad,My dog ran away yesterday. I am so saddened.,My dog ran away yesterday. I am so distraught.
sad,i lost my cousin last month. i feel so devastated,"she gotan accident and by the time she was reached in hospital, the doctors pronounced her dead"
sad,We had to put my cat down the other day. It was very upsetting,Unfortunately we had to have our cat put down earlier last week. It was an upsetting experience
sad,We had a flood in our basement and I lost a bunch of old photos. These were taken before digital cameras so there are no backups.,We had a flood in our basement and I lost a bunch of old photos.
sad,I was a little upset earlier. My brother was not able to meet me for lunch,I was a little upset earlier. My brother did not meet me for lunch
sad,"Harvey weinstein was such a good studio , they just ruined their business and now there arent any good movies",harvey weinstein made such great movies until he ruined it
sad,when my mother passed away,A few weeks ago it was the anniversary of my mothers death and it never gets any easier.
sad,It's tough seeing my dog get old and have trouble walking now.,It's tough seeing my dog get old and have trouble walking now.
sad,My mother's husband got alzheimers and went downhill really fast. He passed away about 8 months ago and she's not doing too well with it.,My mother's husband had alzheimers and went downhill really fast after the diagnosis.
sad,My dog has cancer. The surgery did not fix it so we have to put her down.,My dog has cancer.
sad,I was hurt when my grandmother passed away a few years ago,I was hurt when my grandmother passed away a few years ago
sad,I broke my favorite drinking glass.,I knocked my favorite glass off the table and now I have to find a replacement.
sad,Yesterday my pet hamster died. He just turned two and was not moving very much. I was tearful when I felt his body and it was cold.,Yesterday my hamster passed away. He was barely two years old :(.
sad,My armadillo passed away today. I was so distraught.,My armadillo passed away today...RIP Adolph.
sad,Life doesn't always turn out how you expect it to be. You have to make the best out of lemons but that is hard sometimes.,Life doesn't always turn out how you expect it to be.
sad,It's sad thinking about my parents growing old and not how I once remembered them. I guess that's life.,It's sad for me to think about my parents growing old and not how I once remembered them.
sad,"Today was my favorite co workers last day, I'm going to miss her","Today was my favorite co workers last day, I'm going to miss her"
sad,I miss my family,i didn't see my parents since 2014! I miss them so much. it's so sad that i live in a different country
sad,The doctor recommended hospice for my grandad today. Today was not a good day.,Today wasnt a good day
sad,I feel like I will be in this apartment forever. I really want a house,Sometimes I fell like I will never get outof this apartment.
sad,"I left my phone on the bus last night as I was coming home, I am still very upset,","I left my phone on the bus last night as I was coming home, I am still very upset."
sad,my friend died,its been a hard week. my childhood best friend died
sad,"In school, people would always bully me.","In school, the kids would always bully me and call me names"
sad,I was sad at how mad I got at my mom when she threw my vitamins away,I also have a great parent. However I got a bit too mad at her when she threw away a lot of moneys worth of special vitamins accidentally.
sad,My best friend is moving away. We have lived close to each other for 10 years,MY friend is moving out of state
sad,I had to leave home for college.,I had to leave home for college and I really miss my home
sad,"My best friend moved away, I am not happy.",My best friend moved away. I was not happy.
sad,My dog broke its leg this morning.,My dog broke its leg this morning.
sad,"My pet budgie bird died this morning. I had him for 10 years, and used to spend a lot of time with him.",My pet budgie bird died this morning.
sad,I am a little down because my computer stopped working yesterday.,I feel a bit down in the dumps now.
sad,I get sad this time of year. It makes me think of my dad,I get sad this time of year. It makes me think of my dad
sad,1,I use to be the number one tennis player in the state.
sad,I've been feeling blue since my great grandmother passed away.,I have been feeling down since my great grandmother passed.
sad,When people try to control me,I don't like working with managers that try to micro-manage me
sad,"One year during christmas, i did not get a single gift. It was a rough day for me.","During christmas a few years ago, I did not get any presents."
sad,My pet cat died recently,My pet cat died recently
sad,"Due to heavy rainfall last month, my hometown was almost completely flooded. Most of the houses in the small town are no condemned and the whole area has been declared a disaster area.","Last month, this area got pounded with rainfall. My entire home town was flooded and declared a disaster area."
sad,i was not happy when i couldnt get out of work on time,i was not happy when i couldnt get out of work on time
sad,I am watching old episodes of game of thrones. its bittersweet,I am watching the last season of game of thrones
sad,Yesterday I was notified that I didn't get a promotion. I was upset.,Yesterday I was notified that I did not receive a promotion at work. Really sucked.
sad,I purchased a robot. And the robot got broken after using it for just one week.,"Hello, have you ever used a robot before?"
sad,I was recently hoping to get a promotion. They gave it to someone else.,"I tried for a promotion at work recently. It's been a while since I've gotten a raise, so I worked pretty hard at it."
sad,I am super sad that people do not want to change their destructive behaviors. It's very sad especially when you know someone was abused for so long and they just keep ruining their lives. Almost like they are continuing the abuse on themselves.,I am super sad that people I've known and cared for do not want to change their destructive behaviors. I
sad,I was upset when my grandma passed away. It was very random,"It was very random when it happen, but my grand ma passed away and it was sad. I did not expect it"
sad,My best friend will be going to school in another country for 4 years.,My best friend will be going to school in another country for 4 years
sad,When i was 10 my cat went missing and i found her ran over in the road.,so a while aog my cat went missing and i found her ran over in the road.
sad,My 15 year old dog just died. He was my buddy and I am all broken up because of his passing.,My 15 year old dog just died. He was my buddy and I am all broken up because of his passing.
sad,I moved to a different state for my husband's job and left the rest of my fammily behind.,I moved to a different state for my husband's job and left the rest of my family behind.
sad,I ma devastated.,I am devastated.
sad,I am homesick at college,I just got to college and am terribly homesick. I miss my house and my parents.
sad,Heavy clouds make me feel bad for some reason.,For some reason I never liked cloudy weather.
sad,My 2 youngest children will both be in high school this year. I can't believe they have grown up so fast. Time has flown by and I just want it to slow down.,My children are growing up so fast. My 2 youngest will both be in high school this year.
sad,I lost my wedding ring. I am so hurt over it.,I lost my wedding ring.
sad,My wife is off to her Mom's. I will feel alone and lonely,My wife is off to her mom's. I will be alone and lonely without her
sad,when i lost a close friend i felt bad,i cried a lot but i had to let it go
sad,I was really disappointed to hear that the woods near my childhood home had been razed to build new homes.,I heard that the woods near my childhood home were torn down so they could build new homes.
sad,I was upsetwhen my dog. I kept her on the bed for a whole day. Didn't want to lety her go,Oops. I meant I was upset when my dog died.
sad,My wife's grandmother passed away recently. She was the family matriarch and I actually felt very close to her as of late. She will be greatly missed.,My wife's grandmother passed on a couple weeks ago. It's still eating at me to think about it.
sad,I lost my Grandpa 2 months ago. He died within a week all of a sudden and I miss him every day.,I lost my Grandpa 2 months ago. He died within a week all of a sudden and I miss him every day.
sad,I've lost a couple of loved ones last year and I'm having a hard time getting it off my mind.,I lost a couple of loved ones last year and I can't get it off my mind.
sad,no one came to my birthday,No one showed up for my birthday
sad,My dog died in my neighbors electrical fence last night. I am devastated!! I don't know what to do.,My dog died in my neighbors electrical fence last night. I am devastated!! I don't know what to do.
sad,I'm a bit down that Fall isn't here yet.,I wish it was Fall already.
sad,I was watching a TV show and the couple were getting married. It was so sweet that it made me cry.,I was watching a TV show and the couple were getting married. It was so sweet that it made me cry.
sad,"I felt sad when my dog passed away. It was a pet that I had since I was 3 years old, and was one of the saddest days of my life.",Have you ever had a pet that you had to put down? I was so heartbroken when my dog of 16 years had to be put down. this was years ago but it still makes me sad to this day.
sad,My grandmother died several years ago. We just got her house cleaned out and had to sell it. We have so many memories from that farm. I will miss it so much.,We just go through selling my grandmothers house last month.
sad,My father in law was diagnosed with pancreatic cancer when our daughter was 9 months old. He passed 9 months later when she was 18 months.,My father in law was diagnosed with pancreatic cancer when our daughter was 9 months old. She was his first granddaughter.
sad,Had to attend a funeral,Went to a funeral of one of my family members two days ago.
sad,i was sad to hear my mom is in the ER again,i was sad to hear my mom is in the ER again
sad,I'm trying to transition my dog into not sleeping in my room. The other night he tried following me in and kept scratching at the door. I know he just wanted to be by me.,I'm trying to transition my dog into not sleeping in my room. I know he wants to be by me and I can hear him whining and scratching at the door some nights
sad,I can never figure out why my wife is so grumpy.,I can never figure out why my wife is so grumpy.
sad,I recently said goodbye to a good friend for a while. I love her!,I recently bid farewell to a good friend. I miss her
sad,I lost my dog a few days ago. It was really sudden.,I lost my dog a few days ago. It was really sudden
sad,I've been a bit down lately and I don't know why.,I've been feeling down a lot lately.
sad,I hate how much conflict there is our country. It makes me frustrated knowing how divided we have become.,I hate how our country is so divided right now
sad,My girlfriend's cat is sick with Cancer. I don't think she's going to make it for much longer and I'm really shaken up by it.,My girlfriend's cat is sick with Cancer.
sad,sad: when she left for 3 weeks i was alone,when she left for 3 weeks i was alone
sad,My 19 year old cat died recently. I was devastated. I still think about him a lot.,My 19 year old cat died recently. I was devastated.
sad,"My dog is getting old and I think it's getting harder for him to walk, seeing that doesn't make me feel so good.","So my dog just turned 15, it's getting a bit harder for him to walk, it's tough to see."
sad,I get very depressed seeing roadkill when driving. Such a sad way to go.,I get very depressed seeing roadkill when driving. Such a sad way to go.
sad,"so sad robin williams has passed away, i miss him","robin williams was my hero, so sad he passed"
sad,My cat died.,My cat died :(
sad,My wife got sick about two weeks ago and it was something serious.,About two weeks ago my wife got sick with Tonsilitis.
sad,When I was walking I saw a dog that got hit by a car. Seeing that mess the rest of my day up.,I saw a dog that got hit by a car.
sad,My favorite donut shop went out of business. I am devastated that it's gone.,My favorite donut shop went out of business.
sad,My iguana ran away today. I never have been so distraught.,My iguana ran away today.
sad,When my best friend passed away I was devasted,When my best friend passed away I was devasted
sad,"I went to my mother in laws funeral last Sunday. My wife was very tearful, and needed to have her family around her in the difficult moment.",My wife cried quite a lot at her mothers funeral. They had a very close bond.
sad,My girlfriend had a 17 year old Chihuahua. He ran away from a friends farm and died after being struck by a car.,My girlfriend's dog was a 17 year old Chihuahua who emerged from a bathroom at a party in 1999.
sad,My dog died today. I am so distraught.,My dog died today.
sad,"Our cat had to many health problems, so we had to put him down.","Our cat had to many health problems, so we had to put him down."
sad,My roommate's cat passed away last week. There is a heavy air over the household.,My roommate's cat passed away last week. There is a heavy air over the household.
sad,"I was very interested in a girl that lives near me. I can't seem to muster the courage to talk to her so I'm feeling pretty down in the dumps. Hopefully, one day I can let my mind stop racing and just go for it.","I was very interested in a girl that lives near me. I can't seem to muster the courage to talk to her so I'm feeling pretty down in the dumps. Hopefully, one day I can let my mind stop racing and just go for it."
sad,I felt sad when my cat sylvestre died.,"The other day after hockey I found out my cat died, pretty miserable."
sad,My mother passed away today. It was awful.,My mother passed away today.
sad,I was unable to help my friend who's in need. But I tried my level best to help her to solve the issue. She understand and get the issue solved through our another colleague.,"My friend who never say no to me. Such a great companion she is! She asked me for a help. At the time I was out of town, so I was unable to do a favor"
sad,I have to go back to school and leave all my friends in 2 weeks,I have to go back to school and leave all my friends in 2 weeks time
sad,I am so devastated because I lost my pet turtle recently. I think he escaped from the yard. I miss him so much!,I lost my pet turtle. I am feeling devastated. I think he escaped the yard.
sad,My turtle ran away today. I was fraught with despair.,My turtle ran away from me today.
sad,My pet iguana just died. I'v had him since I was 5.,My pet iguana Ricado just die. I miss him.
sad,My turtle ran away yesterday. I am so sad.,My turtle that I had for 30 years ran away yesterday.
sad,"Now that I know that soon I'll need to move to a different city, I feel a bit down.","I am moving to a different city soon, I feel a bit depressed about that."
sad,"When I realized all the chocolate was gone, after a long day.",So the other day I had a crazy long day and got home to find all of my chocolate was gone!
sad,My Venus fly-trap plant died yesterday. I am very hurt it happened.,My Venus Fly-trap plant died yesterday.
sad,I am watching alpha dogs. I always get emotional at the end of this movie,I am watching alpha dogs
sad,My favorite pizza place closed down last week and I am still bummed out about it.,My favorite pizza place closed down late last week.
sad,Saw a family house burned down today. It was struck by lightening. Worried about them and hope they are all okay.,"I live in Central Texas, it rained and lightening stuck a house here and caused it to burn down!"
sad,I lost a dear friend 2 days ago,He struggled with cancer for 2 years
sad,I got into an argument with my husband last night.,I hate to let people into my personal life but I got into an argument with my husband last night. It was aweful. I felt so small.
sad,I cried when I had to return to work after my vacation.,I cried when I had to return to work after my vacation.
sad,My pet dog passed away two weeks ago. He was 12 years old.,So my dog passed away a couple of weeks ago. Its been really hard not having him around.
sad,Recently my grandma passed away. She lived far from us most of our lives but at the end she was sick so we moved her down here and I really had fun connecting with her as an adult again. It was a hard day when she died,Recently my grandma passed away. she lived pretty far from us most of our lives but at the end she had Alzheimer and so we moved her down to be near us
sad,I read in the news a family had a house fire and lost all of their animals. It makes me upset to think about how they died.,I read in the news about a family who lost all six of their animals in a house fire :(
sad,I cried when my grandma died.,I cried all day when my grandma died.
sad,"Yesterday, my grandmother was admitted to the hospital for cancer. I was sad.",I got some bad news yesterday...my grandmother was admitted to the hospital for cancer.
sad,One time I went to a restaurant to eat by myself. I felt sad and lonely,I have no friends. One time I went into a restaurant and ate by myself. Everyone laughed
sad,The rain yesterday made me feel a little down. I wanted to be out and about,The rain made me feel down yesterday. I wanted to be out and about
sad,I was watching a show last night. It was about a school shooting in texas.,I was watching a show about school shootings in Texas last night
sad,I hate having to go back to college sometimes. It always makes me upset when I have to leave all my friends.,Going back to college is so bittersweet most of the time.
sad,I was very sad when my grandma passed away. It was very random,I was sad when my grandma passed away. It was so random
sad,I broke my laptop screen.,I broke my laptop screen yesterday and now I am out a hundred bucks to get it fixed!
sad,I just preordered Black Ops 4. I can't play until October though,Black Ops 4 comes out in October
sad,My daughter is growing so fast. She is almost taller than me already. I'm not ready.,MY daughter is growing so fast.
sad,A man in our community was hit by a drunk driver the other night and didn't make it.,"A man in our community was hit by a drunk driver the other night while walking his dog, he didn't survive. It's very heartbreaking."
sad,My friend got a new job and is moving to Vegas. I am going to miss her.,My friend got a promotion at the casino in town.
sad,I found out I did not win the lottery.,I bought 30 lottery tickets and I found out I did not win the lottery in any of them!
sad,Last week my mother passed away. I am so devasted,Last week my mother passed away
sad,My dog ran away yesterday. Never been so sad in my life.,My dog ran away yesterday. I've never been so distraught in my life!
sad,I miss living close to all my friends. We never see each other any more,I really miss living in the city
sad,"I lost my favorite watch the other day. I've had it for years, so it hurts me to not have it anymore",I lost my favorite watch the other day.
terrified,"Last month, I show a pedestrian in front of me been hit by car. Since then, I am very afraid to cross the street.","Last month, I saw a pedestrian in front of me been hit by car. Since then, I am very afraid to cross the street."
terrified,I was really scared when Hurricane Irma came through Florida last year. It was a pretty horrible experience.,I was really scared when Hurricane Irma came through Florida last year. It was a pretty horrible experience.
terrified,"My son ran over my neighbor's cat on accident the other day. He's only 16, learning to drive still. I think my neighbor is going to try to get physically abusive with him. Not sure what to do","My son ran over my neighbor's cat on accident the other day. He's only 16, learning to drive still. I think my neighbor is going to try to get physically abusive with him. Not sure what to do"
terrified,"Someone broke a window in my side yard today. I don't know when, I assume I was gone as my dogs wouldv'e went nuts. I live in a bad neighborhood and it's late so I am still up a bit scared about it.","Someone broke a window in my side yard today. I don't know when, I assume I was gone as my dogs wouldv'e went nuts."
terrified,I recently had my first child,I just got home from the hospital and we carried with us my first child!
terrified,"I have never felt so terrified the day I was 8 months pregnant and started bleeding. Thankfully, baby and I are both okay!",The worst day of my life was when I was 8 months pregnant with our first child and I started bleeding like crazy.
terrified,I went to the bathroom in the middle of the night and I felt a thing fly right into my face. I screamed so loud it woke my husband up,I woke up needing to use the bathroom at midnight. As soon as I sit down a giant bug flew into my face!
terrified,"Riding a big roller coaster for the first time while having a fear of heights, I was kind of worried how I would do","Riding a big roller coaster for the first time while having a fear of heights, I was kind of worried how I would do"
terrified,One time I was on a plane and we got very strong turbulence. The plane became very bumpy and I was afraid we would crash,I was on a plane ride and we went through some pretty severe turbulence
terrified,"I think I didn't pay the cab driver and he told me he need the money so badly. I feel so bad, what do I do?","I think I didn't pay the cab driver and he told me he need the money so badly. I feel so bad, what do I do?"
terrified,One time I was woken up in my sleep to some scary noises. It wouldnt stop and there was growling and scratching. Turns out it was my dog asleep under my bed snoring.,I had the scariest experience the other night.
terrified,i was scared when my dog got loose,i was scared when my dog got loose
terrified,"I am afraid of bats, I can't even watch Batman movies.","I am afraid of bats, I can't even watch Batman movies."
terrified,I stay away from frogs!,I stay away from frogs!
terrified,"I had an insight the other day, that it is okay to be afraid, as long as you are not afraid of that.","I realized a while ago, that it is good if you are not afraid of fear."
terrified,The thought of loosing a beloved one scares me.,The thought of loosing a beloved one scares me
terrified,seeing a mouse,I saw a mouse run across my kitchen last night. I woke everyone up with my screaming.
terrified,Last week someone broke in my house and robbed us. Now I am scared to even live here!,Last week someone broke in my house and robbed us. Now I am scared to even live here!
terrified,When I went in to a haunted house and a guy chased us. It was halloween.,Wow just got chased through a haunted house.
terrified,I used to eat McDonald's every time I would get drunk in college...now I'm scared to even touch it haha,McDonald's used to be my go-to when my college friends and I got drunk...now I'm scared to even touch it haha
terrified,I moved into a new house and in the middle of the night heard this horrible screeching sound from the basement. It was so scary! Turns out it was just the sump pump kicking in.,I moved into this new house and was woken up with this horrible screeching noise in the middle of the night.
terrified,One time I had a dream where i was being held down by a shadow demon with red eyes. I couldn't move or scream even though I wanted to. It was the most scared I've ever been.,Have you ever had a sleep paralysis dream?
terrified,I had just moved into a new house and when I came home from work there was a giant spider crawling around.,I had just moved into a new house and when I came home from work there was a giant spider crawling around.
terrified,"While camping alone, I awoke to sound of growling outside my tent. It sounded like a big old mean wolf who wanted to eat me.","While camping alone, I awoke to sound of growling outside my tent. It sounded like a big old mean wolf who wanted to eat me."
terrified,I was terrified when I watched that horror film in the theaters,I was terrified when I watched that horror film in the theaters
terrified,When I was a teenager the restaurant where I was working was robbed. I was scared to death.,When I was a teenager the restaurant where I was working was robbed. I was scared to death.
terrified,One day I walked out front door and there was a coral snake laying there. I jumped and ran back inside!,One day I walked out front door and there was a coral snake laying there. I jumped and ran back inside
terrified,"I was just on vacation in Biloxi. While hanging out on the balcony, I dropped some chips and then the balcony was swarmed by seagulls.",Hi I was recently on vacation and frightened half to death.
terrified,I went to watch the Annabelle movie in the theatres. It was so scary and i was kicking myself for going alone at night,I went to watch the Annabelle movie in the theatres. It was a terrifying experience
terrified,I took a helicopter ride for a date one time and the helicopter malfunctioned. We had to do an emergency landing.,I took a helicopter ride for a date one time and the helicopter malfunctioned.
terrified,I received a letter from the IRS saying I didn't pay my taxes. I was so afraid to read it.,I received a letter from the IRS saying I didn't pay my taxes.
terrified,The most awful time of my life was when my wife went to jail for a month. I'm glad it's all over.,The most awful time of my life was when my wife went to jail for a month. I'm glad it's all over.
terrified,Our home was broken into and it was so scary.,Our home was broken into and it was such a terrible experience.
terrified,"The other night, drunk bicyclists were following me home and laughing on the sidewalk. I was pretty scared, especially since it was night.","The other night, drunk bicyclists were following me home and laughing on the sidewalk."
terrified,My car ran out of gas in the outback of Australia.,My can ran out of gas whilst I was driving in the outbacks of Australia.
terrified,I remember the first time I went into a haunted house. I was so scared I had my head down the whole time.,The first time I went to a haunted house I was so scared.
terrified,I got trapped in a cave.,"Hi, I was going exploring with my mates, and got trapped in a cave!"
terrified,I am applying for an internship and I dont think I am goin to get it,I applied for an internship with a law office
terrified,my dog got out of the house. then got in a fight with another dog.,my dog got loose and got in a fight with another dog.
terrified,Someone has knocked on my door in the middle of the night the past two nights. It is kind startling and scary.,Someone has knocked on my door in the middle of the night the past two nights. It is kind startling and scary.
terrified,"I just had a lump in my neck. I had a biopsy and was worried it was cancerous. Thankfully, after it was removed, it was determined to be a benign tumor.",I have been fortunate to live a good life but I found a lump in my neck. Most people would get it checked out immediately. I waited. I was scared to get the news.
terrified,I am really scared. I moved into this new house and I swear to you it is haunted,I am really scared. I moved into this new house and I swear to you it is haunted.
terrified,"In the park, I was attacked by a group of young teenagers. I am still shocked.","In the park, I was attacked by a group of young teenagers. I am still shocked."
terrified,This morning I found a garden snake in my yard! It wasn't very big but I don't like snakes.,This morning I found a garden snake in my yard! It wasn't very big but I don't like snakes.
terrified,"I heard a loud bang outside my house last night, I thought someone was trying to break in.","I heard a loud bang outside my house last night, I thought someone was trying to break in."
terrified,I hate driving at night because my vision isn't that great,I have a pretty bad vision so i'm so scared to drive at night
terrified,I am starting my first year of college and I am so afraid.,I am about to start college at the end of the month.
terrified,Last night I heard strange noises coming from my basement. I creeped down the stairs with a flashlight. I nearly jumped out of my skin when I saw a humongous rat in the corner!,In the middle of the night I heard some weird noises coming from my basement. I grabbed my flashlight and baseball bat and tip-toed down there.
terrified,"I was home alone. Suddenly, I heard a loud BANG. I went into the kitchen to investigate, and briefly saw a white dress flying out the window. I saw a ghost!","One night, I was home alone, when suddenly, I heard a loud BANG!"
terrified,I was terrified when I heard strange noises outside that seemed really close,I was terrified when I heard strange noises outside that seemed really close
terrified,I saw a plane once that was flying so low I thought it was going to crash. I was beyond scared.,"I saw a plane once that was flying so low I thought it was going to crash. I was beyond scared.,3|3|5_5|5|5, hit:7600_conv:15200,2,terrified,I saw a plane once that was flying so low I thought it was going to crash. I was beyond scared.,196,Did it crash?,3|3|5_5|5|5, hit:7600_conv:15200,3,terrified,I saw a plane once that was flying so low I thought it was going to crash. I was beyond scared.,548,No, but it sure did look like it was going to.,3|3|5_5|5|5, hit:7600_conv:15200,4,terrified,I saw a plane once that was flying so low I thought it was going to crash. I was beyond scared.,196,Wow. Must have been terrifying,3|3|5_5|5|5, hit:7600_conv:15201,1,hopeful,I have a job interview next week. I hope I get it.,196,I have a job interview next week.,5|5|5_3|3|5, hit:7600_conv:15201,2,hopeful,I have a job interview next week. I hope I get it.,548,That can be exciting. Are you nervous?,5|5|5_3|3|5, hit:7600_conv:15201,3,hopeful,I have a job interview next week. I hope I get it.,196,A little. I really hope I get it,5|5|5_3|3|5, hit:7600_conv:15201,4,hopeful,I have a job interview next week. I hope I get it.,548,Have you prepared for any questions that they may ask?,5|5|5_3|3|5, hit:7601_conv:15202,1,impressed,I was amazed at how beautiful San Sebastian was when I went ,196,I was amazed at how beautiful san sebastian was when I went for the first time,5|5|5_5|5|5, hit:7601_conv:15202,2,impressed,I was amazed at how beautiful San Sebastian was when I went ,238,what is that ? a town? resort?,5|5|5_5|5|5, hit:7601_conv:15202,3,impressed,I was amazed at how beautiful San Sebastian was when I went ,196,It's a city on the north coast of Spain. Near the French border. The Spanish royal family have a summer palace there.,5|5|5_5|5|5, hit:7601_conv:15202,4,impressed,I was amazed at how beautiful San Sebastian was when I went ,238,oh wow that sounds like a wonderful place,5|5|5_5|5|5, hit:7601_conv:15202,5,impressed,I was amazed at how beautiful San Sebastian was when I went ,196,It really is. The food is amongst the best in teh world and the buildings are beautiful. Not to mention the long beaches and cheap beer,5|5|5_5|5|5, hit:7601_conv:15203,1,joyful,i was happy to see that i got the day off from work,238,i was happy to see that i got the day off from work,5|5|5_5|5|5, hit:7601_conv:15203,2,joyful,i was happy to see that i got the day off from work,196,Well done. What are you going to do with it?,5|5|5_5|5|5, hit:7601_conv:15203,3,joyful,i was happy to see that i got the day off from work,238,im going to go clubbing!,5|5|5_5|5|5, hit:7601_conv:15203,4,joyful,i was happy to see that i got the day off from work,196,During the day?!!?,5|5|5_5|5|5, hit:7602_conv:15204,1,joyful,I am going to the park later. I am so happy about it.,322,I am going to the park later!,4|4|4_5|5|5, hit:7602_conv:15204,2,joyful,I am going to the park later. I am so happy about it.,377,I love the park! What are you going to do there?,4|4|4_5|5|5, hit:7602_conv:15204,3,joyful,I am going to the park later. I am so happy about it.,322,I am going to relax. I am so happy about it!,4|4|4_5|5|5, hit:7602_conv:15204,4,joyful,I am going to the park later. I am so happy about it.,377,Have fun! It's raining where I live, so I'll be stuck indoors all day.,4|4|4_5|5|5, hit:7602_conv:15205,1,annoyed,I was supposed to meet my mother for lunch yesterday, and she never showed up. I sat by myself for 30 minutes.,377,I was supposed to meet my mother for lunch yesterday, and she never showed up. What a pain!,5|5|5_4|4|4, hit:7602_conv:15205,2,annoyed,I was supposed to meet my mother for lunch yesterday, and she never showed up. I sat by myself for 30 minutes.,322,I'm sorry that happened.,5|5|5_4|4|4, hit:7602_conv:15205,3,annoyed,I was supposed to meet my mother for lunch yesterday, and she never showed up. I sat by myself for 30 minutes.,377,I sat by myself for 30 minutes. I was not very happy by the end.,5|5|5_4|4|4, hit:7602_conv:15205,4,annoyed,I was supposed to meet my mother for lunch yesterday, and she never showed up. I sat by myself for 30 minutes.,322,I hope it goes better next time.,5|5|5_4|4|4, hit:7603_conv:15206,1,ashamed,I just ate four donuts myself.,196,I just ate 4 donuts by myself,5|5|5_5|5|5, hit:7603_conv:15206,2,ashamed,I just ate four donuts myself.,238,i bet those tasted mighty good!,5|5|5_5|5|5, hit:7603_conv:15206,3,ashamed,I just ate four donuts myself.,196,They certainly did. And there's one left.,5|5|5_5|5|5, hit:7603_conv:15206,4,ashamed,I just ate four donuts myself.,238,its all about number one.,5|5|5_5|5|5, hit:7603_conv:15207,1,anxious,i cant wait for next week!,238,i cant wait for next week!,5|5|5_5|5|5, hit:7603_conv:15207,2,anxious,i cant wait for next week!,196,What are you doing next week?,5|5|5_5|5|5, hit:7603_conv:15207,3,anxious,i cant wait for next week!,238,well the kids are going to school.,5|5|5_5|5|5, hit:7603_conv:15207,4,anxious,i cant wait for next week!,196,Ah - so you can relax. With a bottle of wine.,5|5|5_5|5|5, hit:7604_conv:15208,1,devastated,My parrot doesn't talk anymore. I am so sad thinking about it.,322,My parrot doesn't talk anymore. ,5|5|5_5|5|5, hit:7604_conv:15208,2,devastated,My parrot doesn't talk anymore. I am so sad thinking about it.,196,Oh. Do you know why?,5|5|5_5|5|5, hit:7604_conv:15208,3,devastated,My parrot doesn't talk anymore. I am so sad thinking about it.,322,No, I am so sad thinking about it.,5|5|5_5|5|5, hit:7604_conv:15208,4,devastated,My parrot doesn't talk anymore. I am so sad thinking about it.,196,Maybe it needs some company. I read that parrots like to have another bird around.,5|5|5_5|5|5, hit:7604_conv:15209,1,excited,I'm looking forward to the Spanish Supercopa tonight,196,I'm looking forward to teh Spanish Supercopa tonight,5|5|5_5|5|5, hit:7604_conv:15209,2,excited,I'm looking forward to the Spanish Supercopa tonight,322,Oh, I love soccer!,5|5|5_5|5|5, hit:7604_conv:15209,3,excited,I'm looking forward to the Spanish Supercopa tonight,196,Who do you support?,5|5|5_5|5|5, hit:7604_conv:15209,4,excited,I'm looking forward to the Spanish Supercopa tonight,322,I like Manchester City!,5|5|5_5|5|5, hit:7604_conv:15209,5,excited,I'm looking forward to the Spanish Supercopa tonight,196,They looked good last week at Wembley.,5|5|5_5|5|5, hit:7605_conv:15210,1,content,The sun is shining and I have no plans,196,The sun is shining and I have the day to myself.,5|5|5_4|5|5, hit:7605_conv:15210,2,content,The sun is shining and I have no plans,322,I am so envious of you.,5|5|5_4|5|5, hit:7605_conv:15210,3,content,The sun is shining and I have no plans,196,Yup. I'm living the dream,5|5|5_4|5|5, hit:7605_conv:15210,4,content,The sun is shining and I have no plans,322,What will you do with your free time?,5|5|5_4|5|5, hit:7605_conv:15210,5,content,The sun is shining and I have no plans,196,I think I'll watch the soccer,5|5|5_4|5|5, hit:7605_conv:15211,1,disgusted,I saw a guy put mustard on his ice cream. It was really nasty.,322,I saw a guy put mustard on his ice cream.,4|5|5_5|5|5, hit:7605_conv:15211,2,disgusted,I saw a guy put mustard on his ice cream. It was really nasty.,196,Woah! Really?? That's weird.,4|5|5_5|5|5, hit:7605_conv:15211,3,disgusted,I saw a guy put mustard on his ice cream. It was really nasty.,322,Yeah, it was really nasty.,4|5|5_5|5|5, hit:7605_conv:15211,4,disgusted,I saw a guy put mustard on his ice cream. It was really nasty.,196,Maybe it tastes amazing though - we'll never know. They put vinegar on ice cream in italy sometimes.,4|5|5_5|5|5, hit:7606_conv:15212,1,trusting,I told someone something that I didn't want repeated. I had to believe that they would keep what I said private.,548,I told someone something that I didn't want repeated. I had to believe that they would keep what I said private.,4|4|5_5|5|5, hit:7606_conv:15212,2,trusting,I told someone something that I didn't want repeated. I had to believe that they would keep what I said private.,238,and... im guessing they didnt.,4|4|5_5|5|5, hit:7606_conv:15212,3,trusting,I told someone something that I didn't want repeated. I had to believe that they would keep what I said private.,548,Actually they did. It's hard to put that kind of faith in someone, so I'm glad that I did. It gives me hope.,4|4|5_5|5|5, hit:7606_conv:15212,4,trusting,I told someone something that I didn't want repeated. I had to believe that they would keep what I said private.,238,wow you dont see that everyday. thats a good friend to have by your side,4|4|5_5|5|5, hit:7606_conv:15213,1,confident,i went into that interview knowing i was going to crush it,238,i went into that interview knowing i was going to crush it,5|5|5_4|4|5, hit:7606_conv:15213,2,confident,i went into that interview knowing i was going to crush it,548,Did it go as well as you had hoped?,5|5|5_4|4|5, hit:7606_conv:15213,3,confident,i went into that interview knowing i was going to crush it,238,yea i got a job offer just waiting on the background check to come back,5|5|5_4|4|5, hit:7606_conv:15213,4,confident,i went into that interview knowing i was going to crush it,548,That's great news. Your confidence paid off.,5|5|5_4|4|5, hit:7607_conv:15214,1,prepared,I have done lots of research for an interview,196,I have been researching for a job interview allweek,5|5|5_5|5|5, hit:7607_conv:15214,2,prepared,I have done lots of research for an interview,322,What kind of job?,5|5|5_5|5|5, hit:7607_conv:15214,3,prepared,I have done lots of research for an interview,196,It's in a call center,5|5|5_5|5|5, hit:7607_conv:15214,4,prepared,I have done lots of research for an interview,322,I wish you the best of luck!,5|5|5_5|5|5, hit:7607_conv:15214,5,prepared,I have done lots of research for an interview,196,Thanks, I hope I get it,5|5|5_5|5|5, hit:7607_conv:15215,1,surprised,I bought a lottery ticket and won 20 dollars. I am so shocked it happened.,322,I bought a lottery ticket and won 20 dollars!,5|5|5_5|5|5, hit:7607_conv:15215,2,surprised,I bought a lottery ticket and won 20 dollars. I am so shocked it happened.,196,Well done! What are you going to spend it on?,5|5|5_5|5|5, hit:7607_conv:15215,3,surprised,I bought a lottery ticket and won 20 dollars. I am so shocked it happened.,322,I bought a pizza, I am so shocked it happened!,5|5|5_5|5|5, hit:7607_conv:15215,4,surprised,I bought a lottery ticket and won 20 dollars. I am so shocked it happened.,196,Free pizza tastes good.,5|5|5_5|5|5, hit:7608_conv:15216,1,anxious,Cinema's freak me out. The silence, the darkness.,196,I feel so anxious whenever I go to the movies.,5|5|5_5|5|5, hit:7608_conv:15216,2,anxious,Cinema's freak me out. The silence, the darkness.,238,why is that,5|5|5_5|5|5, hit:7608_conv:15216,3,anxious,Cinema's freak me out. The silence, the darkness.,196,I think because it's dark and quiet. I worry if I'm talking to much or breathing to loudly. Then I start holding my breath,5|5|5_5|5|5, hit:7608_conv:15216,4,anxious,Cinema's freak me out. The silence, the darkness.,238,ah yea i can see that,5|5|5_5|5|5, hit:7608_conv:15217,1,terrified,i was scared walking home alone last week,238,i was scared walking home last week,5|5|5_5|5|5, hit:7608_conv:15217,2,terrified,i was scared walking home alone last week,196,Was it a bad area?,5|5|5_5|5|5, hit:7608_conv:15217,3,terrified,i was scared walking home alone last week,238,it was a dark wooded area,5|5|5_5|5|5, hit:7608_conv:15217,4,terrified,i was scared walking home alone last week,196,Did anything happen or did you get home safely?,5|5|5_5|5|5, hit:7609_conv:15218,1,lonely,I went to the mall by myself again. I hate being by myself.,322,I went to the mall by myself again.,4|4|5_5|5|5, hit:7609_conv:15218,2,lonely,I went to the mall by myself again. I hate being by myself.,196,Yeah - did you have a good time?,4|4|5_5|5|5, hit:7609_conv:15218,3,lonely,I went to the mall by myself again. I hate being by myself.,322,No, I hate being by myself.,4|4|5_5|5|5, hit:7609_conv:15218,4,lonely,I went to the mall by myself again. I hate being by myself.,196,OH dear. Maybe you can find some friends online,4|4|5_5|5|5, hit:7609_conv:15219,1,ashamed,I just ate four donuts to myself,196,I just ate 4 donuts by myself,5|5|5_4|4|5, hit:7609_conv:15219,2,ashamed,I just ate four donuts to myself,322,I'm sorry you don't have someone to eat donuts with.,5|5|5_4|4|5, hit:7609_conv:15219,3,ashamed,I just ate four donuts to myself,196,I'm not - I just feel ashamed that I ate them,5|5|5_4|4|5, hit:7609_conv:15219,4,ashamed,I just ate four donuts to myself,322,You can always have a salad today.,5|5|5_4|4|5, hit:7609_conv:15219,5,ashamed,I just ate four donuts to myself,196,I suppose so ,5|5|5_4|4|5, hit:7610_conv:15220,1,excited,I'm looking forward to the Spanish Supercopa tonight,196,I'm looking forward to the Spanish Supercopa tonight,5|5|5_5|5|5, hit:7610_conv:15220,2,excited,I'm looking forward to the Spanish Supercopa tonight,238,what happens at the spanish supercopa ?,5|5|5_5|5|5, hit:7610_conv:15220,3,excited,I'm looking forward to the Spanish Supercopa tonight,196,The winner of the Spanish league and the Spanish cup play against each other. Barcelona v Sevilla. It takes place tonight in Tangiers.,5|5|5_5|5|5, hit:7610_conv:15220,4,excited,I'm looking forward to the Spanish Supercopa tonight,238,oh that sounds like fun,5|5|5_5|5|5, hit:7610_conv:15220,5,excited,I'm looking forward to the Spanish Supercopa tonight,196,It should be a good match,5|5|5_5|5|5, hit:7610_conv:15221,1,trusting,i knew i shouildnt have trusted my brother with my dog,238,i knew i shouldnt have trusted my brother with my dog,5|5|5_5|5|5, hit:7610_conv:15221,2,trusting,i knew i shouildnt have trusted my brother with my dog,196,What happened?,5|5|5_5|5|5, hit:7610_conv:15221,3,trusting,i knew i shouildnt have trusted my brother with my dog,238,he got out and is missing,5|5|5_5|5|5, hit:7610_conv:15221,4,trusting,i knew i shouildnt have trusted my brother with my dog,196,Oh no. Shouldn't you go and look for him?,5|5|5_5|5|5, hit:7611_conv:15222,1,afraid,We had a bad storm last night. The power was off until daylight. It was pretty scary being in the dark all night.,548,We had a bad storm last night. The power was off until daylight. It was pretty scary being in the dark all night.,4|4|5_5|5|5, hit:7611_conv:15222,2,afraid,We had a bad storm last night. The power was off until daylight. It was pretty scary being in the dark all night.,322,That must have been annoying.,4|4|5_5|5|5, hit:7611_conv:15222,3,afraid,We had a bad storm last night. The power was off until daylight. It was pretty scary being in the dark all night.,548,It was hot but the worse part was how spooky everything is during the night. I could not sleep at all.,4|4|5_5|5|5, hit:7611_conv:15222,4,afraid,We had a bad storm last night. The power was off until daylight. It was pretty scary being in the dark all night.,322,I hope everything is okay now.,4|4|5_5|5|5, hit:7611_conv:15223,1,surprised,My family threw a party for me. I am so shocked they did that.,322,My family threw a party for me.,5|5|5_4|4|5, hit:7611_conv:15223,2,surprised,My family threw a party for me. I am so shocked they did that.,548,That was nice of them. Were you surprised?,5|5|5_4|4|5, hit:7611_conv:15223,3,surprised,My family threw a party for me. I am so shocked they did that.,322,Yes, I am so shocked they did that!,5|5|5_4|4|5, hit:7611_conv:15223,4,surprised,My family threw a party for me. I am so shocked they did that.,548,It has to make you feel good to know that they care so much.,5|5|5_4|4|5, hit:7612_conv:15224,1,anxious,Cinemas freak me out. They're to dark and quiet.,196,I always feel anxious whenever go to the movies.,5|5|5_5|5|5, hit:7612_conv:15224,2,anxious,Cinemas freak me out. They're to dark and quiet.,408,Is it because of the shootings?,5|5|5_5|5|5, hit:7612_conv:15224,3,anxious,Cinemas freak me out. They're to dark and quiet.,196,No - it's because it's dark and quiet. I always worry whether I'm breathing too loud and then start holding my breath,5|5|5_5|5|5, hit:7612_conv:15224,4,anxious,Cinemas freak me out. They're to dark and quiet.,408,is it bevcause yo udon't want to bother the other people?,5|5|5_5|5|5, hit:7612_conv:15224,5,anxious,Cinemas freak me out. They're to dark and quiet.,196,Exactly. That's why.,5|5|5_5|5|5, hit:7612_conv:15225,1,surprised,I knew I was pretty smart and I had a good chance of getting into our local college. But when the acceptance letter came from Havard. I have never been more shocked.,408,I knew I was smart but I had no clue I was that smart.,5|5|5_5|5|5, hit:7612_conv:15225,2,surprised,I knew I was pretty smart and I had a good chance of getting into our local college. But when the acceptance letter came from Havard. I have never been more shocked.,196,How smart?,5|5|5_5|5|5, hit:7612_conv:15225,3,surprised,I knew I was pretty smart and I had a good chance of getting into our local college. But when the acceptance letter came from Havard. I have never been more shocked.,408,I got into our state college but never would have thought I could get into an Ivy league...I was completely shocked,5|5|5_5|5|5, hit:7612_conv:15225,4,surprised,I knew I was pretty smart and I had a good chance of getting into our local college. But when the acceptance letter came from Havard. I have never been more shocked.,196,Well done!,5|5|5_5|5|5, hit:7613_conv:15226,1,devastated,My girlfriend dumped me yesterday. I am so sad over it.,322,My girlfriend dumped me yesterday.,4|5|5_5|5|5, hit:7613_conv:15226,2,devastated,My girlfriend dumped me yesterday. I am so sad over it.,238,sorry to hear that.,4|5|5_5|5|5, hit:7613_conv:15226,3,devastated,My girlfriend dumped me yesterday. I am so sad over it.,322,I am so sad over it.,4|5|5_5|5|5, hit:7613_conv:15226,4,devastated,My girlfriend dumped me yesterday. I am so sad over it.,238,i hope it gets better over time for you,4|5|5_5|5|5, hit:7613_conv:15227,1,caring,i loved taking care of my sisters pet the other day,238,i loved taking care of my sisters pet the other day,5|5|5_4|5|5, hit:7613_conv:15227,2,caring,i loved taking care of my sisters pet the other day,322,Oh, what kind of pet?,5|5|5_4|5|5, hit:7613_conv:15227,3,caring,i loved taking care of my sisters pet the other day,238,a bearded dragon,5|5|5_4|5|5, hit:7613_conv:15227,4,caring,i loved taking care of my sisters pet the other day,322,That is quite an exotic pet.,5|5|5_4|5|5, hit:7614_conv:15228,1,proud,I made an amazing pizza the other day,196,I made an amazing pizza the other day,5|5|5_4|5|5, hit:7614_conv:15228,2,proud,I made an amazing pizza the other day,322,Oh, what kind was it?,5|5|5_4|5|5, hit:7614_conv:15228,3,proud,I made an amazing pizza the other day,196,It was a detroit style cheese pizza. Three types of chees and then sauce and garlic,5|5|5_4|5|5, hit:7614_conv:15228,4,proud,I made an amazing pizza the other day,322,That sounds so good!,5|5|5_4|5|5, hit:7614_conv:15228,5,proud,I made an amazing pizza the other day,196,It was delicious,5|5|5_4|5|5, hit:7614_conv:15229,1,ashamed,I took some of my Mom's medicine. I feel so guilty about it.,322,I took some of my Mom's medicine.,4|5|5_5|5|5, hit:7614_conv:15229,2,ashamed,I took some of my Mom's medicine. I feel so guilty about it.,196,Why did you do that?,4|5|5_5|5|5, hit:7614_conv:15229,3,ashamed,I took some of my Mom's medicine. I feel so guilty about it.,322,I thought I would feel better, I feel so guilty about it.,4|5|5_5|5|5, hit:7614_conv:15229,4,ashamed,I took some of my Mom's medicine. I feel so guilty about it.,196,Does she know?,4|5|5_5|5|5, hit:7615_conv:15230,1,disgusted,I watched a tv show last night where a guy ate a live squid,196,I watched a TV show last night where the presenter ate a live squid,5|5|5_5|5|5, hit:7615_conv:15230,2,disgusted,I watched a tv show last night where a guy ate a live squid,238,oh i heard about this earlier, its still gross and i dont know why they showed that on tv,5|5|5_5|5|5, hit:7615_conv:15230,3,disgusted,I watched a tv show last night where a guy ate a live squid,196,I know. I've been telling everyone about it!,5|5|5_5|5|5, hit:7615_conv:15230,4,disgusted,I watched a tv show last night where a guy ate a live squid,238,keep spreading the word!,5|5|5_5|5|5, hit:7615_conv:15230,5,disgusted,I watched a tv show last night where a guy ate a live squid,196,Don't worry I will,5|5|5_5|5|5, hit:7615_conv:15231,1,lonely,i felt all alone the the other day,238,i felt all alone the other day,5|5|5_5|5|5, hit:7615_conv:15231,2,lonely,i felt all alone the the other day,196,I'm sorry to hear that. What did you do about it?,5|5|5_5|5|5, hit:7615_conv:15231,3,lonely,i felt all alone the the other day,238,i went to walmart to walk around and spend some money,5|5|5_5|5|5, hit:7615_conv:15231,4,lonely,i felt all alone the the other day,196,That always makes me fee better. ,5|5|5_5|5|5, hit:7616_conv:15232,1,caring,i loved taking care of my sisters pet the other day,238,i loved taking care of my sisters pet the other day,5|5|5_4|4|5, hit:7616_conv:15232,2,caring,i loved taking care of my sisters pet the other day,322,You must be a nice sibling.,5|5|5_4|4|5, hit:7616_conv:15232,3,caring,i loved taking care of my sisters pet the other day,238,you better believe it.,5|5|5_4|4|5, hit:7616_conv:15232,4,caring,i loved taking care of my sisters pet the other day,322,Was it a komodo dragon?,5|5|5_4|4|5, hit:7616_conv:15233,1,confident,I have to make a quiche later. I am sure it will be easy to make.,322,I have to make a quiche later.,4|4|5_5|5|5, hit:7616_conv:15233,2,confident,I have to make a quiche later. I am sure it will be easy to make.,238,how long does that take to make,4|4|5_5|5|5, hit:7616_conv:15233,3,confident,I have to make a quiche later. I am sure it will be easy to make.,322,30 Minutes, I am sure it will be easy to make.,4|4|5_5|5|5, hit:7616_conv:15233,4,confident,I have to make a quiche later. I am sure it will be easy to make.,238,ah i figured it would take longer,4|4|5_5|5|5, hit:7617_conv:15234,1,disgusted,I accidentally fell in horse manure. I was so grossed out by it.,322,I accidentally fell in horse manure.,5|5|5_4|4|5, hit:7617_conv:15234,2,disgusted,I accidentally fell in horse manure. I was so grossed out by it.,548,I cannot even imagine how horrible that must have been. What did you do?,5|5|5_4|4|5, hit:7617_conv:15234,3,disgusted,I accidentally fell in horse manure. I was so grossed out by it.,322,I took a shower, I was so grossed out by it.,5|5|5_4|4|5, hit:7617_conv:15234,4,disgusted,I accidentally fell in horse manure. I was so grossed out by it.,548,LOL....I think I would have still been showering.,5|5|5_4|4|5, hit:7617_conv:15235,1,furious,I got pulled over for speeding but there were cars passing me that didn't get stopped. I was fit to be tied.,548,I got pulled over for speeding but there were cars passing me that didn't get stopped. I was fit to be tied.,4|4|5_5|5|5, hit:7617_conv:15235,2,furious,I got pulled over for speeding but there were cars passing me that didn't get stopped. I was fit to be tied.,322,That doesn't sound fair.,4|4|5_5|5|5, hit:7617_conv:15235,3,furious,I got pulled over for speeding but there were cars passing me that didn't get stopped. I was fit to be tied.,548,It wasn't. I think the reason I only got a warning was because of how mad I was.,4|4|5_5|5|5, hit:7617_conv:15235,4,furious,I got pulled over for speeding but there were cars passing me that didn't get stopped. I was fit to be tied.,322,I'm glad you didn't get a ticket.,4|4|5_5|5|5, hit:7618_conv:15236,1,trusting,I knew I was in a good relationship when I felt safe and secure. My last girlfriend I just had this feeling that she was the one I was searching for, forever.,408,Have you ever had a person who you knew you could trust and go to with anything?,5|5|5_5|5|5, hit:7618_conv:15236,2,trusting,I knew I was in a good relationship when I felt safe and secure. My last girlfriend I just had this feeling that she was the one I was searching for, forever.,196,Not really - other than close family - you?,5|5|5_5|5|5, hit:7618_conv:15236,3,trusting,I knew I was in a good relationship when I felt safe and secure. My last girlfriend I just had this feeling that she was the one I was searching for, forever.,408,Yeah, I've had crappy girlfriends in the past. But I've been dating one for over a year and its so different- Its one of those when you know you know.,5|5|5_5|5|5, hit:7618_conv:15236,4,trusting,I knew I was in a good relationship when I felt safe and secure. My last girlfriend I just had this feeling that she was the one I was searching for, forever.,196,Good - does she feel the same way?,5|5|5_5|5|5, hit:7618_conv:15237,1,content,The sun is shining and I have no plans,196,The sun is shining here and I have the day to myself,5|5|5_5|5|5, hit:7618_conv:15237,2,content,The sun is shining and I have no plans,408,Do you have any big plans? OR just a day of relaxation and recovery for this coming week?,5|5|5_5|5|5, hit:7618_conv:15237,3,content,The sun is shining and I have no plans,196,Probably just a day of chillaxation ,5|5|5_5|5|5, hit:7618_conv:15237,4,content,The sun is shining and I have no plans,408,Ah. I'm jealous- Maybe you should go for a walk or something and get fresh air too.,5|5|5_5|5|5, hit:7618_conv:15237,5,content,The sun is shining and I have no plans,196,I might do that too. ,5|5|5_5|5|5, hit:7619_conv:15239,1,proud,I made an amazing pizza the other day,196,I made an amazing pizza the other day,5|5|5_5|5|5, hit:7619_conv:15239,2,proud,I made an amazing pizza the other day,587,Pizza is my favorite food. WHat toppings did you use?,5|5|5_5|5|5, hit:7619_conv:15239,3,proud,I made an amazing pizza the other day,196,Three different cheeses and sauce,5|5|5_5|5|5, hit:7619_conv:15239,4,proud,I made an amazing pizza the other day,587,That sounds so delicious. If I had known you made a pizza I would definitely be over at your house for dinner.,5|5|5_5|5|5, hit:7619_conv:15239,5,proud,I made an amazing pizza the other day,196,You know that you are welcome anytime,5|5|5_5|5|5, hit:7620_conv:15240,1,prepared,i was fully prepared for my interview last week,238,i was fully prepared for my interview last week,5|5|5_5|5|5, hit:7620_conv:15240,2,prepared,i was fully prepared for my interview last week,274,That is always best if you are really hoping to get the job. Did you get it?,5|5|5_5|5|5, hit:7620_conv:15240,3,prepared,i was fully prepared for my interview last week,238,yes i did get the job!,5|5|5_5|5|5, hit:7620_conv:15240,4,prepared,i was fully prepared for my interview last week,274,Congrats!!,5|5|5_5|5|5,<UNIGRAM> hit:7620_conv:15241,1,anticipating,There is a bad storm outside right now. My dog is curled up like a ball in the basement corner.,274,We have some bad storm weather out here right now. My dog absolutely hates it.,5|5|5_5|5|5, hit:7620_conv:15241,2,anticipating,There is a bad storm outside right now. My dog is curled up like a ball in the basement corner.,238,did you put him inside?,5|5|5_5|5|5, hit:7620_conv:15241,3,anticipating,There is a bad storm outside right now. My dog is curled up like a ball in the basement corner.,274,No, he goes down to the basement and curls up at the first sound of thunder.,5|5|5_5|5|5, hit:7620_conv:15241,4,anticipating,There is a bad storm outside right now. My dog is curled up like a ball in the basement corner.,238,ah well at least he is inside.,5|5|5_5|5|5, hit:7621_conv:15242,1,excited,I am ordering a pizza later. I can't wait to eat it.,322,I am ordering a pizza later.,5|5|5_4|4|5, hit:7621_conv:15242,2,excited,I am ordering a pizza later. I can't wait to eat it.,548,I love Pizza. What kind are you going to have?,5|5|5_4|4|5, hit:7621_conv:15242,3,excited,I am ordering a pizza later. I can't wait to eat it.,322,I have going to have a deep dish pepperoni. I can't wait to eat it!,5|5|5_4|4|5, hit:7621_conv:15242,4,excited,I am ordering a pizza later. I can't wait to eat it.,548,Sounds great. What time is supper? I want to be on time.LOL,5|5|5_4|4|5, hit:7621_conv:15243,1,sad,The anniversary of my sisters death was a few days ago. It has me really feeling down.,548,The anniversary of my sisters death was a few days ago. It has me really feeling down,4|4|5_5|5|5, hit:7621_conv:15243,2,sad,The anniversary of my sisters death was a few days ago. It has me really feeling down.,322,I'm sorry you feel down.,4|4|5_5|5|5, hit:7621_conv:15243,3,sad,The anniversary of my sisters death was a few days ago. It has me really feeling down.,548,It's hard to be happy during this time of the year.,4|4|5_5|5|5, hit:7621_conv:15243,4,sad,The anniversary of my sisters death was a few days ago. It has me really feeling down.,322,I hope you feel better that must be tough.,4|4|5_5|5|5, hit:7622_conv:15244,1,surprised,I received an unexpected parcel in the mail this week,196,I got a parcel in the mail this week,5|5|5_5|5|5, hit:7622_conv:15244,2,surprised,I received an unexpected parcel in the mail this week,408,Was it from someone you knew?,5|5|5_5|5|5, hit:7622_conv:15244,3,surprised,I received an unexpected parcel in the mail this week,196,Yes - it was from my Aunt.,5|5|5_5|5|5, hit:7622_conv:15244,4,surprised,I received an unexpected parcel in the mail this week,408,Were you expecting it, or was it a surpise? What as in it?,5|5|5_5|5|5, hit:7622_conv:15244,5,surprised,I received an unexpected parcel in the mail this week,196,It was a surprise. It was full of chocolate and cany,5|5|5_5|5|5, hit:7622_conv:15245,1,grateful,When I choice to finally divorce my husband I had no place to go. Thats why I stayed so long until my best friend told me without a doubt I could stay with her for as long as I needed to.,408,Have you ever had that one go to person that no matter what, no matter what mess you get into they are always there for you?,5|5|5_5|5|5, hit:7622_conv:15245,2,grateful,When I choice to finally divorce my husband I had no place to go. Thats why I stayed so long until my best friend told me without a doubt I could stay with her for as long as I needed to.,196,Yeah - my wife.,5|5|5_5|5|5, hit:7622_conv:15245,3,grateful,When I choice to finally divorce my husband I had no place to go. Thats why I stayed so long until my best friend told me without a doubt I could stay with her for as long as I needed to.,408,Isn't it such a great feeling! Mine is my best friend, when I showed up at her door with my bag after my divorce- she let me stay with her without a doubt.,5|5|5_5|5|5, hit:7622_conv:15245,4,grateful,When I choice to finally divorce my husband I had no place to go. Thats why I stayed so long until my best friend told me without a doubt I could stay with her for as long as I needed to.,196,That's nice of her. Make sure you let her know how you feel,5|5|5_5|5|5, hit:7623_conv:15246,1,caring,i loved taking care of my sisters pet the other day,238,i loved taking care of my sisters pet the other day,5|5|5_5|5|5, hit:7623_conv:15246,2,caring,i loved taking care of my sisters pet the other day,196,What kind of pet is it?,5|5|5_5|5|5, hit:7623_conv:15246,3,caring,i loved taking care of my sisters pet the other day,238,a bearded dragon,5|5|5_5|5|5, hit:7623_conv:15246,4,caring,i loved taking care of my sisters pet the other day,196,Is that a kind of lizard?,5|5|5_5|5|5, hit:7623_conv:15247,1,guilty,I killed my family and fed them to pigs. Then one of the pigs died from food poisoning.,196,I killed my family and fed them to pigs,5|5|5_5|5|5, hit:7623_conv:15247,2,guilty,I killed my family and fed them to pigs. Then one of the pigs died from food poisoning.,238,did it work ?,5|5|5_5|5|5, hit:7623_conv:15247,3,guilty,I killed my family and fed them to pigs. Then one of the pigs died from food poisoning.,196,Well, yes. The pigs chewed up the bodies and crunched through the bones leaving nothing but manure. But I feel guilty because a few days later one of the pigs died from food poisoning.,5|5|5_5|5|5, hit:7623_conv:15247,4,guilty,I killed my family and fed them to pigs. Then one of the pigs died from food poisoning.,238,oh well thats life. thats a good job on your part to have pigs available to do that for you.,5|5|5_5|5|5, hit:7623_conv:15247,5,guilty,I killed my family and fed them to pigs. Then one of the pigs died from food poisoning.,196,I love those pigs. So friendly. ,5|5|5_5|5|5, hit:7624_conv:15248,1,caring,i loved taking care of my sisters pet last week,238,i loved taking care of my sisters pet last week,5|5|5_5|5|5, hit:7624_conv:15248,2,caring,i loved taking care of my sisters pet last week,196,Is it he"
terrified,When I hear gun shots last night when I was sleeping. I felt pretty scared,I hear gun shots last night when I was sleeping. I felt pretty scared
terrified,I heard some noises outside the house. I thought someone was trying to break in.,I heard some noises outside the house. I thought someone was trying to break in.
terrified,I am very uncertain if the fuel will be enough to drive me to the next station before I can buy,I am very uncertain if the fuel will be enough to drive me to the next station before I can buy
terrified,We were driving home from a long trip and it started storming real bad and we couldn't see and there were so many big trucks around us.,As we were driving on the highway we got caught in a big storm.
terrified,I woke up and saw someone staring at me in the middle of the night.,I woke up and saw someone staring at me in the middle of the night!
terrified,Once during a snowstorm I had to go to the airport. My taxi driver decided that driving on the highway in the middle of nowhere late at night was the perfect time to tell me all about how he would kill a man.,Once during a snowstorm I had to go to the airport. My taxi driver decided that driving on the highway in the middle of nowhere late at night was the perfect time to tell me all about how he would kill a man
terrified,I was scared when I went home alone the other day,I was scared when I went home alone the other day
terrified,I was driving and it began to rain so hard that I could see nothing in front of me.,I was driving and it began to rain so hard that I could see nothing in front of me.
terrified,I am terrified of heights,Heights really scare me and I don't know how to get over it.
terrified,"My dad called me one day crying out ""Help me"" over and over. When I finally got to his house he had fallen. I took him to the hospital and he had bruised his ribs.",My dad called me one day crying out for help. I had to drive over to his house.
terrified,when i was travelling in a ghat road at night,when i was travelling alone in a car at night in ghat road suddenly some boulders fell on the road
terrified,I am going to watch a scary movie with my daughter tonight. I really dont want to,my daughter gets to pick the movie tonight for movie night
terrified,My street almost flooded very bad up to my garage because of the heavy rain today. I have things in my garage that I wouldnt want to get wet and didnt even think it could flood.,My street almost flooded very bad up to my garage because of the heavy rain today. I have things in my garage that I wouldnt want to get wet and didnt even think it could flood.
terrified,I sliced my hand open trying to rip a beer can in two; I was at a park with some friends and I was scared I would pass out from blood loss.,A few weeks ago I was drinking with some friends at a park and I sliced my hand open while trying to rip a beer can in two.
terrified,"Boy, that movie The Conjuring sure was good. I have not felt scared in a long time, and I am horror movie buff myself.","Boy, that movie The Conjuring sure was good."
terrified,I was scared last year at this time. I had a cough that would not go away,I was scared last year at this time. I had a couch that would not go away
terrified,A coworker is stealing money at work. He threatened me if I said anything about it.,A coworker is stealing money at work. He threatened me if I said anything about it.
terrified,I few years back I was in a really bad car accident. I flipped my truck multiple times in a ditch. It was an extremely scary experience!,I few years back I was in a really bad car accident. I flipped my truck multiple times in a ditch. It was an extremely scary experience!
terrified,I am terrified of spiders,"I am terrified of spiders, one time I saw one on my wall and stared at it for hours to keep track of where it was"
terrified,"So... Last night I saw a huge black spider in my room. Took me like 20 minutes to muster up the courage to attack it. Well... I tried attacking it, and missed, and it went behind a piece of furniture and I couldn't find it again. I slept in another room..","So... Last night I saw a huge black spider in my room. Took me like 20 minutes to muster up the courage to attack it. Well... I tried attacking it, and missed, and it went behind a piece of furniture and I couldn't find it again. I slept in another room.."
terrified,I was robbed at gunpoint once when i worked as a cashier.,I was robbed at gunpoint once when i worked as a cashier.
terrified,When our home was broken into I felt this way.,Our home was broken into and it was so scary.
terrified,I am getting an evaluation at work soon. It might not go well.,Im being evaluated at work soon.
terrified,Last week I left home late for work. On my whole commute to work I was super worried that I was going to get there late.,Last week there was one day when I left home late to go to work. I was so worried on the entire trip that I would get to work late!
terrified,I flew for the first time a few months ago in a long time. I was scared just a bit,I flew for the first in a long time a few months ago. I was scared just a bit beforehand
terrified,I was a college strength and conditioning coach and they put me in charge of football nutirtion. Going into a male dominated field as a female can be really scary.,"I finally got my dream job, but was so nervous about starting it. Going into a male dominated world as a young female can be scary."
terrified,I was driving down the road and I almost hit a dog! I was so close. Really scary!,I was driving down the road and I almost hit a dog! I was so close. Really scary!
terrified,I saw a very scary movie last night and it had me freaked out.,I got pretty freaked out after watching a horror film last night.
terrified,Spiders make me scared to my bones i cannot see them anywhere does not matter if it is in a picture,"i cant get near spiders, even if i see them in pictures they freak me out"
terrified,I heard a noise last night and my boyfriend was sleeping. It sounded like someone got in and was walking toward the bedroom.,I was woken up by a noise and it sounded like someone was coming toward my bedroom.
terrified,I saw this scary movie the other day that made me jump out of my chair! I had to sleep with the lights on!,I totally jumped out of my chair the other day while watching this scary movie! I couldn't sleep in the dark at all!
terrified,someone almost hit me with their car today,someone almost hit me with their car today
terrified,i was scared when i had to walk home alone the other day,i was scared when i had to walk home alone the other day
terrified,I used to be so scared going to sleep. I thought there were monsters in my closet.,I used to be so scared to go to sleep as a kid.
terrified,"I was so scared when i went to watch the conjuring movie. I went at night and alone, such a bad idea",I was so afraid when i was watching the new conjuring movie
terrified,"Last week I was walking to the convenience store with my wife. We ended up not going inside because there were cop cars all around. When we asked a police officer what was happening, he said there was a shooting.",Last week my wife and I almost walked into a store where a shooting had taken place.
terrified,I am terrified of the sea. I hate sharks,Did you know that I am actually terrified of the ocean?
terrified,"When we were kids, my older sister pretended to abandon me at the mall because I was being a brat. I never did that again!","When we were kids, my older sister pretended to abandon me at the mall because I was being a brat."
terrified,Once when i was going to a hockey game with my brother and dad. My dad got mad at my brother and brake the side of the car window.,Long time ago on my way to my brother hockey game something bad happened.
terrified,I went on a airplane the other day.,The other day I went on a airplane and had a panic attack the whole time. I'm not good with heights.
terrified,I was scared this morning. I could not see out of my left eye,I was scared this morning. I woke up with a swollen eye
terrified,"I think my bofriend wants to break up. He wants to have a ""talk""",My boyfriend wants to have a
terrified,I walking in the park when a stray dog chased after me. I was absolutely scared for my life.,I was walking in the park when a stray dog chased after me.
terrified,"I thought I saw a ghost once in my old apartment, it scared the hell out of me!","I thought I saw a ghost once in my old apartment, it scared the hell out of me!"
terrified,I have to go to court on thursday. I am not looking forward to it.,I have court on thursday.
terrified,I heard a loud bang outside my house recently and thought someone was trying to break in.,I heard a loud bang outside my house recently and thought someone was trying to break in.
terrified,I almost hit a deer driving down the highway a few days ago.,I almost hit a deer driving down the highway a few days ago.
terrified,My tooth is shaking and i think will fall off. Its not like am a kid and it will grow again,My tooth is shaking and i think it will fall off
terrified,I've lost my job and am behind on my mortgage. It scares me that I could lose my home.,I've lost my job and am behind on my mortgage. It scares me that I could lose my home.
terrified,A dog chased me down the streets last night.. i was shaking by the time i escaped,A dog chased me through our street last night
terrified,Something crashed behind my house,Oh man. I heard something crash behind my house.
terrified,It's storming really badly outside right now. Freaks me out.,It's storming really badly outside at the moment.
terrified,There was a snake in my yard I was so frighten I ran back in the house.,I am so scared of snakes there was one in my back yard a few weeks ago.
terrified,I used to be terrified when I went to sleep. Thought there was a monster under the bed.,Did you ever believe that there were monsters under your bed?
terrified,I went to a scary corn maze and I got spooked by one of the people in it!,I went to a scary corn maze and I got spooked by one of the people in it!
terrified,"When a storm touched down close to my house, it was scary. I was not sure I was going to make it",I was really scared when a bad storm hit close to my house. I thought we could have died
terrified,Today a swarm of wasps was chasing after me. I was so scared.,Today a swarm of wasps was chasing after me.
terrified,"I went to the beach, I hate the water.",I went to the beach even thou I hate the water.
terrified,I was 18 and had signed up to join the military. My basic training date got pushed back to the Fall. That left the door open for more active duty and reserve military personnel to tell me how mentally/physically taxing basic training can be. With this information and as summer ended and the date for entry drew nearer for my entry into basic training drew nearer I was terrified given the multitude of stories I'd been told by numerous different people from various backgrounds.,I spoke with numerous active and reserve personnel about their basic training experiences. There wasn't much positive in what they shared so my mind wallowed in what lay ahead. Naturally I was worried to say the least.
terrified,I woke up one night and realized that a roach crawled on my arm. I jumped up screaming before I killed it.,I woke up one night and realized that a roach crawled on my arm. I jumped up screaming before I killed it.
terrified,I was startled last night by some bad storms. They knocked out the power for a few hours.,I hate when it storms so bad the power goes out
terrified,I was dog sitting at my dad's house and I heard strange noises.,I was dog sitting at my dad's house last week and I heard strange noises in his house.
terrified,i was scared to walk home alone,i was scared to walk home alone
terrified,I was playing with my toddler and there was this HUGE spider on his play tent. This spider was seriously so big. I called my boyfriend and he told me to spray it with hairspray and use one of his shoes to smash it.,I was playing with my toddler and there was this HUGE spider on his play tent. This spider was seriously so big.
terrified,There i a drug dealer selling drugs in my building. I am very afraid when I have to get out or in.,There is a drug dealer selling drugs in my building. I am very afraid when I have to get out or in.
terrified,"So, I'm dog-sitting for my neighbor right now while she's out of town, and one of them isn't acting right. They're not eating, and they seem all morose. I think I might have to take it to the vet...","So, I'm dog-sitting for my neighbor right now while she's out of town, and one of them isn't acting right. They're not eating, and they seem all morose. I think I might have to take it to the vet..."
terrified,last night I was in bed and a spider came straight down from the ceiling fan onto the comfortor.,last night I was in bed and a spider came straight down from the ceiling fan onto the comforter.
terrified,I'm cooking diinner for my boyfriend tonight. Im a llittle nervous.,I coooking dinner for the first time for my boyfriend tonight
terrified,"Yesterday, two gangs were fighting just in front of my home. It is a very scary situtation.","Yesterday, two gangs were fighting just in front of my home. It is a very scary situtation."
terrified,"a stray dog chased me when i was a kid, from then on i have never liked dogs",i do not like dogs since they chased me when i was a kid and bit mre
terrified,I was walking out of my room and the lights were off. All of a sudden a bat flew at me.,I was with some friends and went up to my room. It was late at night and the lights were off. When I left my room a bat flew at me and landed on my leg.
terrified,I was walking home late at night. I noticed I was being followed by someone and ending up running back.,I was walking home late at night and noticed I was being followed
terrified,I went on my first roller coaster last month! I was scared out of my mind and was sweating bullets!,I went on my first roller coaster last month! I was scared out of my mind and was sweating bullets!
terrified,I am so scared to go off to college this year.,I'm leaving for college soon. I have never been so far from home alone.
terrified,I am meeting my girlfriends parents tomorrow. I am so nervous,I am so nervous about tomorrow.
terrified,I'm about to move out of state all by myself. It's quite scary to think about,I'm about to move out of state all by myself. It makes me so nervous
terrified,I thought I saw a bat in my kitchen last night. I was so scared.,I thought I saw a bat in my kitchen last night
terrified,My dad came home really drunk one night and wanted to get into a physical fight with everyone. I had to call the cops and hide in the bathroom until they came over; I was so scared.,"My dad came home from a bar really drunk one night, and started instigating fights with everyone in the household."
terrified,Yesterday snake came into our garden. I was in extreme fear about it.,I was in extreme fear yesterday.
terrified,I felt terrified when a guy pulled a knife on me in Amsterdam once.,A guy once tried to mug me in Amsterdam.
terrified,A bird crashed into my window today.,A bird crashed right into my window today.
terrified,I was scared going home alone!,I was scared going home alone!
terrified,i walked out of the house and heard a rustling in the brush and found a deer running up the hill,i walked out of the house and heard a rustling in the brush and found a deer running up the hill
terrified,I have been too scared to leave my house.Because of Panic and Anxiety.,I have been having bad Anxiety for months. I cante seem to get a to stop.
terrified,"I was walking home by myself when I was studying abroad in another country, and a man was following me and kind of harassing me verbally.","Once I had a really scary experience where I was walking home by myself in a city where I was studying abroad, and a man started following me and verbally harassing me."
terrified,"I almost got into a car accident last week, it was so scary.","Last week I almost got into a car accident, I was terrified."
terrified,I almost lost my mind the other day when I heard gunshots right outside my house. I thought someone was going to come in and shoot me!,I heard gunshots outside my house the other day in the middle of the night. I think it was 2 or 3 in the morning.
terrified,i was scared walking home last night,i was scared walking home last night
terrified,I was trapped in a cave.,I was trapped in a cave with my mates for 15 days
terrified,"On Friday I'm having my daughter, I am so nervous!","On Friday I'm having my daughter, I am so nervous!"
terrified,I haven't spemt a night alone in so long. I am a little scared,Everyone is gone for the night. I haven't been alone at night in forever
terrified,I am pretty worried about being home alone,I am pretty worried about being home alone
terrified,I heard a loud smashing sound from the kitchen.,Yesterday I heard a loud sound coming from my kitchen
terrified,"I was sitting on my patio just earlier and I saw a bunch of movement inside of my house. I freaked out immediately and ran inside, but it was my wife home early! I was certainly shaken.",Oh I was so shaking in my boots. I was sitting outside on my patio and saw a shadowy figure inside my house!
terrified,"Last week, I think I saw a ghost outside. I was so scared!","Last week, I saw a ghost outside!"
terrified,in my school days,that is in my childhood at the game park
terrified,A mommy deer got hit by a car in front of my house and she had two very little babies that are left wondering around my area . They won't leave and I'm afraid they're going to go into the road.,A mommy deer got hit by a car in front of my house and her two babies keep hanging around looking for her. I'm afraid they're going to go in the road like she did and get killed. Ugh.
terrified,Crashing my dirtbike on a gravel road and having to get a drive home with the police. They were kind.,The policeman was nice bringing me home.
terrified,"I saw a ghost in my house last night. I know that sounds crazy, but I have never been so frightened in my life.",I saw a ghost in my house last night.
terrified,i'm afraid i won't achieve my goals in life,sometimes i get scared because i fear not being able to achieve my goals in life
terrified,I recently thought I saw a ghost in my house. It was horrifying to me.,I recently thought I saw a ghost in my house.
terrified,I thought somebody was breaking into my house.,"Once, I thought somebody was attempting to break into my house."
terrified,Went on a long international flight and we experienced the worst turbulence I had ever been through.,I was recently on a long international flight and we hit some really bad turbulence.
terrified,I am being in fear lately.,I am being in fear lately
terrified,"My car broke down on the busy highway the other day. There were so many cars, it was scary!","My car broke down on a busy highway the other day. There were so many cars zooming past me, it was scary!"
terrified,My department just got shut down.,My department just got shut down.
terrified,I just rode the biggest roller coaster at Six Flags! I'm still shaky!,I just rode the biggest and scariest roller coaster at Six Flags today.
terrified,A group of bad storms passed through here last week. There were tornadoes all over the place.,"Last week, there was a front move through our area that produced many very powerful storms."
terrified,"I received a call a few months ago that said my dad was in the ER. He had had a stroke, but was given medicine really fast and he is ok and back at work.",I received a call a few months back that my dad had been taken to the ER.
terrified,"I once went to a haunted house, and it was so scary! People were jumping out of corners while walking through it.",There was this haunted house that was so scary! The characters would jump out at you around corners throughout the house!
terrified,"Last night my wife woke me up in the middle of the night screaming becasue she was having a nightmare. It scared me, and then she jsut went back to bed like it was nothing",I hardly got any sleep last night and it was no fun at all.
terrified,I'm scared of snakes,I was coming back home from work and there was a snake by the stairs! I HATE snakes!! I called animal control or whatever it's called.
terrified,nightmare,worst nightmare
terrified,I promised my daughter I would watch IT with her tonight. I keep postponing it because I am too scared.,I promised my daughter I would watch IT wih her tonight.
terrified,"My neighbor's house is haunted, I have seen ghosts in there.",I refuse to go back into my neighbor's home. The last time I was there I saw ghosts all over that place.
terrified,"I was so scared by the movie the Grudge, even to this day it stil scares","I was so scared by the movie the Grudge, even to this day it still scares me today"
terrified,I heard something under my bed last night and freaked out.,I heard something under my bed last night and freaked out.
terrified,When I was little I got chased by a large dog and now that I'm much older the feeling is still the same.,When I was little I got chased by a large dog and now that I'm much older the feeling is still the same.
terrified,A storm came through earlier and lightning struck very close by and the power went out! I was worried as sometimes the power can go out for days but luckily it came back on an hour later this time.,A storm came through earlier and lightning struck very close by and the power went out! I was worried as sometimes the power can go out for days but luckily it came back on an hour later this time.
terrified,I'm going on a rollercoaster tomorrow and I haven't been on one in ages! This one has a few loops and I hate being upside down,I'm going on a rollercoaster tomorrow and I haven't been on one in ages!
terrified,I went to a haunted house and was scared of the ghosts.,I went to a haunted house and was scared of the ghosts.
terrified,Every time I hear tapping on my window at night I think it is a ghost. I am so scared it will get me.,Whenever I hear tapping on my window at night I think it is a ghost. I have such a wild imagination.
terrified,I was very scared when a tornado touched down close to my home. I thought I was going to die,I was so scared when a tornado hist close to me. I thought I was going to die
terrified,I awoke to a noise in the night.,I woke up to a strange noise in my house last night. I thought it was burglars
terrified,I was driving on a busy street and my brakes went out. There were so many cars I thought I was going to crash. I was so scared.,I was driving on a busy street and my brakes went out. There were so many cars I thought I was going to crash. I was so scared.
terrified,There was strange noise from the kitchen.,There was strange noise from the kitchen at night.
terrified,I am so scared for my sister's health. She is in the hospital and I hope she doesn't have cancer.,I am so scared for my sister's health. She is in the hospital and I hope she doesn't have cancer.
terrified,Last night there was a terrible thunderstorm. I unplugged all my computers and electronics. Then there was a loud bang and I heard my electrical box make a loud click. I think my house was electrocuted!,Last night there was a terrible thunderstorm. I unplugged all my computers and electronics. Then there was a loud bang and I heard my electrical box make a loud click. I think my house was electrocuted!
terrified,I thought I was being stalked by someone I ran into at the store. It was terrible.,THe worst thing happened the other day. I went grovery shopping and I thought I was being followed. It scared me so bad!
terrified,I had the worst nightmare. I was being chased down the street by a maniac clown with a chainsaw. He was after me and the faster I ran the closer and closer he seemed to get. I woke up screaming and shaking.,I had the worst nightmare last night. I woke up screaming and shaking.
terrified,I got a flat tire and had to pull over at 3 in the morning on a dark road. It was pitch black outside.,That was scary having to change my tire in the middle of the road!
terrified,I saw a hurricane coming towards my house,I saw a hurricane coming towards my house and there was nothing I could do than to evacuate
terrified,I was pretty scared when I wrecked my truck. I did not know if I was going to make it,I got pretty scared when I wrecked my truck. I was not sure I would be okay
terrified,I found a biggest spider in my shower this morning. I never knew I could shriek like that..,I found a biggest spider in my shower this morning. I never knew I could shriek like that..
terrified,I was driving down a road at night and my car died. I sat in a car with not lights for hours.,So last night I was driving down this road and my car died and I had no lights.
terrified,Flying out to Peru to surf next week.,In 6 days I leave for Peru
terrified,We went with our friends to a local lagoon. There are huge cliffs to jump off of. They dared me to jump off of the highest one.,We went to the lagoon a few weeks ago. My friends dared me to jump off of the highest cliff into the water.
terrified,I was so scared when my dad used to scare me as a kid,I was so scared when my dad used to scare me as a kid
terrified,I have big fear of dogs. I can't explain why,I have big fear of dogs. I can't explain why
terrified,"When I was a little girl, our house caught on fire. It burned to the ground.","When I was a little girl, we had a house fire and it burned to the ground."
terrified,"My significant other woke up last night with... a roach inside of her ear! She was complaining about pain in her ear, and a head ache that was incredibly severe. So, we took her to the doctor and he saw it with a light... and put water in her ear to get it out. Disgusting!","My significant other woke up last night with... a roach inside of her ear! She was complaining about pain in her ear, and a head ache that was incredibly severe. So, we took her to the doctor and he saw it with a light... and put water in her ear to get it out. Disgusting!"
terrified,There was a racoon by the dumpster last night when I was taking out the trash.,Last night I went to take the trash out and I almost died.
terrified,My brother jump scared me while I was out playing. It was crazy bad.,Just got scared to death.
terrified,I was watching a horror movie with my friends and I got really scared. I'm just not cut out for them honestly. I can't take them,I was watching a horror movie with my friends and I got really scared
terrified,"When I was 12, I got ran over by a truck.","When I was 12, I got ran over by a truck. I was with my older cousin and his car messed up. Since he was my hero, I listened to everything he said, so when he told me to get the truck rolling and jump in. I listened. however, my 12 year old legs didn't make it and got trapped under the truck"
terrified,"I was in an elevator inside an old building downtown. Suddenly, the elevator screeched to a halt and the lights went out. We were stuck in there for hours.","I am pretty sure everyone is scared of being trapped in an elevator, and I can confirm it's quite a shock."
terrified,The other day I was getting my mail and my neighbors little grandson accidentally let the little devil chihuahua out! I dont think I have ever run so fast in my life! What an adrenaline rush.,The other day I was getting my mail and my neighbors little grandson accidentally let the little devil chihuahua out! I dont think I have ever run so fast in my life!
terrified,"I was trying to merge onto the freeway with my girlfriend and a semi was going way too fast and veered me towards the concrete border of the highway and I ran over a rock. The rock itself was pretty big and it hit my oil pan, the oil pan broke and started spilling oil everywhere. If I had not been calm I would have died","thank you so much, nothing happened to us thankfully my oil pan was broken though"
terrified,I am terrified of ghosts.,I am afraid of ghosts.
furious,I spent 5 hours baking a cake yesterday. When I was finished my wife dropped it!,I spent 5 hours baking a cake yesterday.
furious,I get really upset when ever someone cuts me of in traffic. I just dont see why people think it's ok to do that.,I got so annoyed the other day. Got cut off in traffic.
furious,I bought some milk and didn't pay attention to the date. IT expires tomorrow!,I bought some milk today. My kids love cereal!
furious,My family cannot agree on what to eat for dinner and its making me so mad!,So tonight we are suppose to go eat out as a family but I cant get a single one of my family members to agree on a place. So frustrating!
furious,"Trump behavior make me so angry. Even with the queen of England, I had an unacceptable behavior.","Trump behavior make me so angry. Even with the queen of England, I had an unacceptable behavior."
furious,My boyfriend cheated on me with my best friend!,My boyfriend cheated on me with my best friend! Why would he do that??
furious,"I'm furious, my wife's brother just wrecked our only car, and I'm pretty sure he had been drinking!","I'm furious, my wife's brother just wrecked our only car, and I'm pretty sure he had been drinking!"
furious,I went to Walmart and someone pushed a shopping cart into my car. I was really angry about it.,I went to Walmart and someone pushed a shopping cart into my car.
furious,Cousin carelessy broke my hammock,My cousin was swinging recklessly on my hammock and ended up breaking it!
furious,i was so angry when i found out that my girlfriend cheated on me.. dont know how i can forgive her,i was so angry when i found out that my girlfriend cheated on me.. dont know how i can forgive her
furious,Someone stole my luch out of the refrigerator in the break room!,Someone stole my luch out of the refrigerator in the break room!
furious,So I came home to my dog chewing up my new furniture set that cost me a fortune! I could feel my blood boiling.,I came home from work today to a disaster. My dog chewed up the new couch i just purchased.
furious,Someone broke the headlight on my truck.,Someone broke the headlight on my truck.
furious,My sister stole money from me once.,I can't believe my sister stole money from me recently.
furious,people keep stealing my parksing space in my neighborhood,i cant even park where i want the neighbors keep stealing my parking spaces
furious,My neighbor was walking her dog the other day who she knows is aggressive towards other female dogs. She allowed her dog off leash to run up to my dog and they got in a fight. Thankfully my dog was able to defend herself and come out unscathed.,My neighbor was walking her dog the other day who she knows is aggressive towards other female dogs. She allowed her dog off leash to run up to my dog and they got in a fight.
furious,I am so mad at my sister in law. She took the money my ex brother in law gave her for her kids and got herself a chest enhancement.,I am so mad at my sister in law. You just wait until I tell you what she's done!
furious,"My friend borrowed my car for his driving test. When he returned it, the right door had scratches on it","My friend had a driving test and he borrowed my car. When he returned it, the right door had scratches on it. I was so mad at him"
furious,"The other day I seen someone had broken into my car. They didn't take anything. I'm not sure if I should feel violated, or bad because I had nothing worth stealing.","Someone broke into my car the other day, but they didnt steal anything."
furious,I was so mad when some guy cut me off in traffic!,I was so mad when some guy cut me off in traffic!
furious,MY ex was supposed to bring by $200 today and he doesn't have even half of that. I'm so mad.,My ex is the worse when it comes to payments.
furious,I dropped off my car at the mechanic and he said it would cost $300. I picked it up today and the bill was $3000 and he never asked if I wanted to go that high.,I dropped off my car at the mechanic and he said it would cost $300. I picked it up today and the bill was $3000 and he never asked if I wanted to go that high.
furious,I woke up last night and my son was peeing in my floor!,Last night I woke to my son peeing in my bedroom floor!
furious,I went shopping at the mall the other day. I was really tired and sat down for a few minutes. I placed the bags beside me and looked away for a second and the next thing I knew the bags were gone. I am still so mad,I was at the mall yesterday. I sat down for a few minutes and when I looked away someone stole my shopping bags.
furious,"I am staying in hotel, and new neighbors just moved in, from what it sounds like already, I'm not having a good night's sleep today.",My new hotel neighbors are very noisy.
furious,I couldn't finish my plate,I got mad because I was too full to finish my plate at the buffet
furious,"My upstairs neighbors had a huge party last weekend. They were playing music until 5am and I had to work in the morning. I went upstairs to complain dozens of times, but they were too drunk to care.",My upstairs neighbors had a huge party last weekend and were playing music until 5am.
furious,I get so mad when I see or hear about kids getting bullied. It is so unfair.,I get so mad when I see or hear about kids getting bullied. It is so unfair.
furious,"Someone tried to take my computer when I wasnt looking the other year, super annoyed by that.","Someone tried to steal my computer a year ago, got super angry with them."
furious,Manchester united did not sign any good defender in this transfer window. Manager lost his mind and so am i !!!,Manchester united didn't signed any good defender this transfer window
furious,i have a coworker that comes into work late every day and takes way too many breaks,i have a coworker that comes into work late every day and takes way too many breaks
furious,I just got notice that my mortgage payment has gone up this year and i'm so mad about it.,I just got notice that my mortgage payment has gone up this year and i'm so mad about it.
furious,Some people egged my house.,Some jerks egged my house whilst I was on vacation.
furious,My friends wouldn't go with me to the gym last night. I was so angry that I broke my tv.,My friends wouldn't go with me to the gym last night. I was so mad that I shattered my phone.
furious,I was just walking out of Taco bell. The bottom fell out of my bag and my wonderful taco bell covered the ground.,I can't believe the bottom of the bag ripped and my wonderful taco's covered the ground. I'm sure my face was bright red with anger.
furious,I was so mad. My husband threw away an important document yesterday.,My husband threw away a very important document yesterday and I was so mad at himk.
furious,"My neighbor just decided that while I was gone on vacation, they would dig up a tree they don't like hanging into their yard. They dug a big hole right in my backyard! My blood is boiling still.","My neighbor just decided that while I was gone on vacation, they would dig up a tree they don't like hanging into their yard. They dug a big hole right in my backyard! My blood is boiling still."
furious,Someone at work was working on a task with me...They had no idea how to do it right but kept attacking me for not doing it right. They could not speak or read english well so they couldn't do it well..yet I was the one being attacked??,Someone at work was working on a task with me...They had no idea how to do it right but kept attacking me for not doing it right.
furious,I am upset that the Jonas Brothers broke up.,I am upset the Jonas Brothers broke up.
furious,My boss passed me over for promotion and instead went with my coworker. All he does is take credit for other people's work so he doesn't deserve it,My boss passed me over for promotion and instead went with my coworker
furious,"I am so mad, my dog ate my homework that I spend 2 hours on, so now I have to redo the whole thing!","I am so mad, my dog ate my homework that I spend 2 hours on, so now I have to redo the whole thing!"
furious,"There was a time when I spilled a bowl of cheerios. I flew into a fit of rage so severe that I passed out for a couple of minutes, only to wake up, finding myself in the puddle milk and spilt cheerios.",Have you ever spilled a bowl of cereal? I did today and I was absolutely so mad! I flew into a blinding rage and started flailing about so bad that I nearly killed myself!
furious,I spent a long time making cookies and my family ate most of them without asking.,I made some cookies from scratch and left to run an errand. When I came back my family had eaten most of them without asking.
furious,My daughter borrowed my car and ended up hitting another car in the parking lot.,My daughter borrowed my car the other day and you won't believe what happened.
furious,it makes me so mad to see when someone hurts children.,it makes me so mad when i see of someone hurting children!
furious,"A couple weeks ago I walked out to my car after work, and saw that someone had destroyed my sideview mirror! They left a note that said ""sorry, the way you were parked, I had no choice""","The other day after work, I walked out to my car and saw that someone had destroyed my sideview mirror! They left a note that said ""I had no choice"" on the windshield. I'm so mad."
furious,I was furious when a lady left her child in the car. Yesterday at the gas station.,A lady left her young kid in the car yesterday alone in front of the gas station. I would have video taped it but my mom told me after she left. Anything could've happened..and too boot- we are in the ghetto.
furious,MY daughter burned our last pizza today. I really wanted it too.,I had a taste for some pizza today so I asked my daughter to put one in the oven
furious,"One the way to work last week, my car got a flat tire and I was late to work. I was supposed to give a presentation that day and someone had to take over for me.","One the way to work, I got a flat tire and I missed a very important presentation. I was pretty upset."
furious,The cashier at the grocery store gave me back the wrong amount of change. i didn't notice until I was at home.,The cashier at the grocery store gave me back the wrong amount of change. i didn't notice until I was at home.
furious,My friend stole 50 dollars from me. I am so mad thinking about it.,My friend stole 50 dollars from me.
furious,I am furious at our politicians who won't stand up to Russian hacking,I am so mad that our politicians won't do something to stop Russian hacking
furious,"I came home from work to discover that my cat had knocked down the TV. He's never done that before, but it was brand new!",I came home from work to discover that my cat had knocked down the TV
furious,I was really mad when my friend lost her husband,I was pretty upset when my friend lost her husband.
furious,My cats ripped up my brand new couch! I know they're just animals who might know any better but it was a gift from family!,Oh boy I am livid! I just got this new couch from my family and my cats have already shredded an entire side of it.
furious,"a dude pulled out in front of me, almost causing a wreck!","a guy pulled out in front of me, almost caused a dang wreck"
furious,We had a puppy going through the chewing stage. I came home from the grocery store to find that he had taken the couch cushions off of the couch and chewed through the center!,"We had a new puppy. He loved to chew on everything. I went to the grocery store and when I got back home, the puppy had pulled the cushions off of the couch. He had chewed through the bottom!!"
furious,One time I took a test in calculus and I thought I aced it. Contrary to this I actually bombed it which make me really angry.,I took this calculus test last semester and I did way worse than I thought I did which made me mad.
furious,The pigeons keep coming into the house a pooping all over the place!,The pigeons keep coming into the house a pooping all over the place!
furious,"There was a neighbor I never had met that called my son a derogatory name one time when he was riding his bike. She didn't like that he got in her yard a little bit when he went around the corner and was very ugly to him, and he was only 10 years old at the time.","There was a back neighbor that called my 10 year old son a ugly name one time, simply because he entered her yard slightly when he rode around the corner.!"
furious,My cat tore apart my favorite book. She managed to do it while I went to get a package,My cat tore apart my favorite book this morning
furious,I order a nice breakfast for me and my kids this morning. They got everything wrong!,I ordered a nice breakfast for me and my kids today.
furious,I cant believe I got in a wreck today. Some one cut in front of me and slammed their brakes. I cant stand people that drive so dangerously.,I got in a wreck today. Someone cut me off on a wet road and slammed their brakes causing me to wreck. It makes me furious someone can drive so dangerously.
furious,My dog pooped on the rug today. I was so mad!,My dog pooped on my new chaise rug today.
furious,My hair dresser decided to try a new product on my hair. The end result was me having to shave all my hair off!,So my hair dressed ruined my hair! Im so mad!
furious,I was at a retail store and was ignored by the cashier who was checking me out.,I was at a retail store and was ignored by the cashier who was checking me out.
furious,i was upset when my dog got out,i was upset when my dog got out
furious,Can you believe my car broke down!,Can you even believe my car broke down?
furious,i was mad the other day when i saw someone had put a huge dent in my car door!,i was mad the other day when i saw someone had put a huge dent in my car door!
furious,When i found out my roommate hadn't paid rent for 2 months i got really mad. He had wasted all my money for rent on other stuff for himself.,"Hey, so guess what my roommate did 2 months ago with my rent money."
furious,I am so mad that I have to go back to school.,I am so mad I have to go back to school.
furious,My lemur pooped on the rug last night. I was so mad!,My lemur pooped on the rug last night.
furious,My mom sold my dog! we loved him.,"Mom decided to sell my dog, Im heart broken."
furious,"I missed my flight that I paid heavily for, I was so annoyed","I was busy looking for my one pair of shoe, so I missed the flight"
furious,My cable bill is so high it's ridiculous. It makes me so mad.,My cable bill is so high it's ridiculous.
furious,A worker was supposed to come to look at my ac. I changed all my plans to wait for him. He didn't show up and didn't call!,A worker was supposed to come to the house to fix my air conditioning. I changed my plans for him and just sat there. Then he never showed up and didn't even bother to call.
furious,"I went to close a bank account today, and when they got there they said it was overdrawn by an IRS tax lien. I have never been so angry in my life!","I went to close a bank account today, and when they got there they said it was overdrawn by an IRS tax lien. I have never been so angry in my life!"
furious,How can i not be how I am when my wife wasted all my retirement money,How can i not be made at her when my wife wasted all my retirement money
furious,I was pulling into the gas station and this kid felt the need to not only almost hit me but also call me extremely awful names.,I can't believe this! Some kid at the gas station nearly hit me and then had the nerve to call me awful names!
furious,"I was very angry, my boss embarrassed me for nothing","I was very angry, my boss embarrassed me for nothing""."
furious,My dog go into the trash can and drug it all over the house. I am so mad right now!,My dog go into the trash can and drug it all over the house. I am so mad right now!
furious,Someone left their trash in the bed of my truck.,Someone left their trash in the bed of my truck.
furious,Anytime I see people just throwing garbage on the street I feel anger.,I get angry when people don't use trash cans.
furious,The time my brother broke my skateboard. It was new.,My brother snapped my skatebaord
furious,I was drivng home and this guy cut me off. I had to swerve in order to not hit him.,So last Friday I was driving home from work and this guy just cuts me off in traffic.
furious,"I recently moved to a nearby city and used a local moving company to assist me. I gave full details of everything to be moved and I was quoted a ""final fee"". Once the move was completed, I was charged $400 more than the quoted rate due to ""unexpected situations"" that were beyond their control!",I just finished moving and got charged double what I was quoted by the moving company!
furious,"I'm furious, my cell phone bill this month is 200 dollars more than last months. For no reason!","I'm furious, my cell phone bill this month is 200 dollars more than last months."
furious,My dog crapped on my rug yesterday. I was so irked.,My dog took a crap on my new rug yesterday.
furious,"I could not believe my ex girl friend could be an ingrate.After All i've done for here,she repaid be this way?",She jilted me!
furious,My dog elephant pooped on the rug yesterday. I was so mad!,My elephant pooped on the rug last night.
furious,My mother in law does not know how to mind her business. She continually tells my girls how their father and I should do things,"My mother in law does not know how to mind her business, I don't understand why she has to be so undermining to us."
furious,I was so angry to see that my cousin asked out my girlfriend when we were casually seeing each other. I sort of yelled at him.,I was so mad when i found out my cousin asked out my girlfriend once
furious,My neighbor in my duplex is still up at this hour doing some kind of sanding and sawing! I asked him to stop and he won't!,My neighbor in my duplex is still up at this hour doing some kind of sanding and sawing! I asked him to stop and he won't!
furious,My sister in law is a horrible parent. She sleeps all day and never cares nor knows where her sons are.,My sister in law is a horrible parent. Some people should not be allowed to reproduce.
furious,I found out someone stole my identity. They completely cleared out my bank account and maxed out my credit cards. I am so mad.,Someone stole my identity.
furious,Someone stole my shoes!,Someone stole my shoes!
furious,my next door neighbor's dog. I cannot stand the barking.,"I cannot stand my neighbor's dog's barking, its never ending"
furious,"I purchased a new phone online last week. When it got here, the box was empty. When I contacted the company, they initially refused to refund my money, and I got pretty angry.","I ordered a new phone last week, and when the box got here it was empty."
furious,i'm so mad at my sister because she always talks bad things about me behind my back,i am so mad at my sister because she always talks bad things about me behind my back...
furious,I am quite mad at how things are going at work,I am quite mad at how things are going at work
furious,someone his my car in a parking lot,I got back from vacation last week and found a huge dent in my car.
furious,Someone packed into my car the other day at the supermarket and put a big dent in it. I've only had the car for 10 days.,I have a bad experience at the supermarket the other day.
furious,My bank messed up my account and kept charging me over draft charges that were not mine. I had plenty of money in my account.,I'm so angry they end up charging me 255 in charges that did not belong to me.
furious,"My cat got spooked by something and jumped over my half wall that I had a candle sitting on top of, and knocked the burning candle onto the ground shattering the glass everywhere and liquid wax flew all over. I dont even know how Im going to clean this up!","My cat got spooked by something and jumped over my half wall that I had a candle sitting on top of, and knocked the burning candle onto the ground shattering the glass everywhere and liquid wax flew all over. I dont even know how Im going to clean this up!"
furious,I'm a pretty chill guy with a lot of patience...but if there's one thing I can't stand it's a stupid person who is stubborn about their own stupidity,I'm a patient guy...but if there's one thing I can't stand it's a stupid person who is stubborn about their own stupidity
furious,i was pissed when i saw a dent in my door,i was pissed when i saw a dent in my car door
furious,A guy cut in front of some people in a line at a store and I confronted him. He flipped me off and we exchanged very heated words. The confrontation almost got physically but finally he left.,I almost got into a fight the other day at a store.
furious,"I am upset the Eagles lost yesterday, they lost to the worst team in the league, and got shutout","I am upset the Eagles lost yesterday, they lost to the worst team in the league, and got shutout"
furious,"Someone hit my car and did not even leave a note to say sorry, although it was an older car",These people would hit your car and not even leave a not and say sorry or leave their insurance info
furious,"This new printer at work is SO AWFUL, I HATE IT",Man. This printer is GETTING ON MY NERVES!!
furious,Just got backed into at the grocery store. My new car now has damage!,Lady backed into my car the other day and proceeds to tell me she doesn't have insurance.
furious,I was mad the other day when i couldnt leave work on time,I was mad the other day when i couldnt leave work on time
furious,"missing money from my paycheck, wrong hours and bonus again!",I am so sick of my job not paying us for the proper amount of hours!
furious,I am so angry my co-worker stole from me yesterday. How could they do this to me...,I am so angry my co-worker stole from me yesterday. How could they do this to me...
furious,I am so angry I didn't win my school election.,I am so angry I didn't win my school election.
furious,My 3 year old got into some oil that I had sitting down on the counter just for one minute. He dumped it all over the couch and living room floor. It took everything I had not to explode.,My 3 year old got into some oil that I had sitting down on the counter just for one minute. He dumped it all over the couch and living room floor. It took everything I had not to explode.
furious,when i broke my favorit glasses,i broke my expensive favorite pair of glasses. im blind without them
furious,The paper boy broke my window.,So the new paper boy tried to toss the paper over the fence and ended up breaking my window.
furious,I got crashed into this morning by another car who was texting while driving,I got crashed into this morning by another car who was texting while driving which was horrible
furious,I am so mad at my daughter. She left open our freezer and my popsicles melted.,I am so upset with my daughter today
furious,One time my friend dropped a heavy object on my favorite guitar,One time my friend dropped something heavy on my favorite guitar
furious,"My new dog keeps trying to sit on her new puppy. It's making me quite upset. She also went after my little dog, I understand why she is protective but my little dog could be dead in a second, so it's not acceptable and I hope she snaps out of it.",My new dog keeps trying to sit on her new puppy. It's making me quite upset.
furious,I can't get my money under control and I am angry with mysef.,I can't get my money under control and I am so angry with myself.
furious,"An airline once lost my whole suitcase, it made me so upset!","Not too long ago, I took a trip on a plane. The airline lost my whole suitcase!"
furious,Someone rear ended me and wrecked my car.,Someone wrecked my car the other day. I'm so mad.
furious,i was pissed when someone left the gate open and our dog ran away,i was pissed when someone left the gate open and our dog ran away
furious,I was very sick one day and we had to go to the local ER. They were so inept and spent much of the time talking about their divorces while I was so nauseous.,I was very sick one day and we had to go to the local ER.
furious,We were sold a car with a known bad engine. It made me furious as we can't get a refund.,We just bought a car for cheap as ours was in an accident and the guy seemed so normal but lied and the engine has a ton of issues.
furious,I am so mad at Trump.,I am so mad at Trump.
furious,I do not understand why my credit card company would charge me 39 late fee when i was never late before,"just once was i late with my payment and they charged me 39 bucks, i hate visa"
furious,I was on the phone with my bank about some overdraft charges that were charged because of their error. I am still angry about it.,I was on the phone with my bank about some overdraft charges that were charged because of their error. I am still angry about it.
furious,Someone hit my car and fled the scene. I wish I could find the person,Someone hit my car and fled the scene
furious,I was on maternity leave but still working from home some. My boss would call and scream at me about things that happened while I wasn't even there.,"While I was on maternity leave, I worked from home a little bit. I don't think my boss liked it very much though."
furious,Someone took my laptop from my car. I am so angry someone stole it.,Someone took my laptop from my car.
furious,"My apartment flooded in a storm about a month ago, and the contractor who is supposed to repair the damage has taken three weeks instead of the three days he said it would take to do the repairs.","A few weeks ago, we had a terrible storm, and my apartment flooded."
furious,I am so mad my brother stole my car.,I am so mad my brother stole my car.
furious,"Someone broke into my car and ripped everything out, even the side speakers! I looked like the Hulk that night when I saw the wreckage.","Someone broke into my car and ripped everything out, even the side speakers! I looked like the Hulk that night when I saw the wreckage."
furious,My son broke our couch,My son recently was jumping on the couch and broke it.
furious,<y son just wasted my margarita all over my couch. I just got it cleanes,My son wasted juice all over my couch
furious,I am so tired of telling my teenage daughter to clean her room.,I am so tired of tell my daughter the same thing over and over.
furious,i was mad the other day when i couldnt leave work on time,i was mad the other day when i couldnt leave work on time
furious,Somebody stole a package from my front yard yesterday.,I caught somebody stealing a package from my front yard on surveillance.
furious,"My kid broke my watch today. I was so mad, but I shouldn't have left it out for him to play with.",My kid broke my watch today...I was so mad!
furious,i was upset the other day when i couldnt get home on time to get my kid to practice,i was upset the other day when i couldnt get home on time to get my kid to practice
furious,I hate that I am the only one who cleans around here. It really gets on my nerves,I am the only one who cleans in my apartment
furious,My sister in law should have never had kids. She refuses to take care of them and let's my mother in law basically raise them while she goes out and spends all sorts of money on herself.,"I don't know if you have kids, but my sister in law is a person that should have never had them."
furious,Recently my friend sent me a text message that was pretty mean. I was really hurt and angry.,Hey. How are you?
furious,"My father continuously gambles all his earnings away even though he has two minors to support. When I found out, I was too angry to look at him.",My father continuously gambles all his earnings away even though he has two minors to support.
furious,i was pissed when somene put a dent in my car door,i was pissed when someone put a dent in my door
furious,My niece cut my hair accidentally while she was playing around with some scissors,My niece cut my hair accidentally while she was playing around with some scissors
furious,my brothers house got broken into,"A few days ago my brothers house got broken into they took everything he had, and on top of that they started breaking the walls for no reason , i was furious"
furious,I'm so mad at my son. He has had all summer to do his summer reading and he put it off to the last minute. School starts tomorrow and he still isn't done.,I'm so mad at my son! He's had the entire summer to do his summer reading and he put it off to the last minute!
furious,A boy started being rude to my son in the bounce house. His parent wasn't watching at all!,A boy was being agressive with my son in the bounce house He was twice as large! His parent wasn't supervising!
furious,When my cat broke my mothers urn I was so mad for the longest time. It hurt so much and mad me so mad,A while back my cat knocked over and broke my mothers urn.
furious,I was upset at the way the school is functioning this year.,I've been upset at the way my daughters' school has changed this year.
furious,I trusted my coworker to get the report printed by the deadline by he did not.,I trusted my coworker to type up an important report but he did not.
furious,I was furious to find out that my inlaws didn't respect my house rules. My husband and I specifically told them the rules and they purposely chose to ignore them.,My inlaws don't respect my house rules.
furious,i was mad when i saw someone put a dent in my car door,i was mad when i saw someone put a dent in my car door
furious,My dog pooped in the house the other day,My dog pooped in the house the other day
furious,"One of my coworkers has been arguing with his supervisor frequently. Despite this, he hasn't been fired and he's even gotten extra hours--which I don't think is right at all!",One of my coworkers has been arguing with his supervisor a LOT lately.
furious,i was very angry when i learned about what happened,i was very angry when i learned about what happened
furious,I cannot believe that my wife cheated on me!,My wife cheated on me! It's absurd!!
furious,"My puppy urinated on my outing cloth, I became so angry, that I tried to hit her","Oh yeah, I kept it to iron it, for me to come out and see her on my beautiful dress"
furious,I loaned some money to my friend at work. Turns out he quit a couple days ago and I won't be getting my money back as I have no way of contacting him..,I loaned some money to my friend at work. Turns out he quit a couple days ago and I won't be getting my money back as I have no way of contacting him..
furious,I caught one of my good friends stealing from my parents house.,I caught one of my friends doing something unforgivable.
furious,Someone stole money from my account!,"Someone stole money from my account and my bank won't help me, I can't believe this!"
furious,I was furious when my friend made fun of me in front of random strangers,I was furious when my friend made fun of me in front of random strangers.
furious,when my car insurance got turned off bc someone forgot to pay it,"My wife forgot to pay the car insurance, and i ended up getting pulled over!"
furious,Someone threw a pretzel at me at the baseball game. I was so mad at that guy.,Someone threw a pretzel at me at the baseball game.
furious,I feel mad when marketers try to con me,"I don't like scammy sales people, nothing good comes from it"
furious,I was so mad when my mom wanted divorce my dad. He did not deserve that,I was mad when my mom wanted to get a divorce. My dad did so much for her
furious,"when someone tell me a lie and i found it,i was at the peak of furious","hi, my friend,i have a request for you,please don't tell lie to me,if i found you were telling lie to me,it hurts me more and i am furious"
furious,I'm a guy with pretty thick skin. I can take the most politically incorrect or classless jokes and dish them back...but I become livid when someone insults my family for no reason,"I've got thick skin and can trade crass, classless, and politically disturbing jokes all day...but if someone insults my family with malice I go livid and deny all responsibility for whatever happens next"
furious,My daughter dropeed an entire carton of eggs in the kitchen.,My daughter just ruined a carton of eggs.
furious,Someone keyed my car at work today! Injust got the car last week!,Someone keyed my car at work today.
furious,My internet is started to act weird and its making me mad.,MY internet used to be awesome now it cuts out several times a day.
furious,i was pissed when i saw someone had put a dent in my door,i was pissed when i saw someone had put a dent in my door
furious,My neighbor stole a package from me. I know he did it because it was an outdoor planter I ordered that appeared on his porch a few days after my package went missing!,My neighbor stole a package from me.
furious,Somebody stole my package I ordered! I am so mad!,Somebody stole a package off my front door!
furious,Someone stole my phone!,"Last year, late at night someone stole my phone."
furious,i got so angry when a friend of mine tried to make a pass at my girlfriend. I am thinking about confronting him.,i was so angry when a friend of mine made a pass at my girlfriend
furious,I once caught my mother going through my phone,I cant believe my mother would go through my things!
furious,"I am furious, my step brother sold my laptop so that he could buy a new gaming station!",I have been feeling very angry lately! You will never guess what happened.
furious,Someone bumped the back of my car while they were talking on their phone. That really made me angry.,Someone bumped the back of my car while they were talking on their phone.
furious,I woke up this morning with car damage that happened while I was sleeping.,The cop said I will probably never find out who did it.
furious,"it makes me really mad to see homeless people on the street, i think there should not be that many homeless people makes me really mad",It really makes me angry to see that many homeless people on the street
furious,I was at work and my friend left to go to the bathroom and didn't come back for what seemed like 30 minutes! There were so many customers that I had to deal with!,I was at work and my friend left to go to the bathroom and didn't come back for what seemed like 30 minutes! There were so many customers that I had to deal with!
furious,I drove 4 hours to hang out with my family on a trip and we spent a total of about 2 hours together over 2 days. I wish I had just stayed home.,Recently my family had a trip that was very disorganized. Basically drove a long way to hang see my family for a handful of hours.
furious,My father took my game system from me once. I paid for the console myself and i went to his room and took it back and punched him.,So when i was a teenage my father took my game console away.
furious,I got a ticket earlier for driving 1 mile over the speed limit. I was so angry about it.,I got a ticket earlier for driving 1 mile over the speed limit.
furious,"I was recently really excited for a baseball game, but when we got there there was heavy rain and they cancelled the game.","I got in my car to go to a baseball game. I was really excited to see some of my favorite players. When I got there, heavy rain started to come down. Eventually they cancelled the game."
furious,I was pretty mad last week when my ac broke. It was very hot,I was pretty mad last week. My ac broke and it was so hot
furious,I was angry in teh supermarket this week. Parents weren't controlling their kids,I was angry in the supermarket this week
furious,I was sucker punched when I was 17. He broke his hand and ran away. I never got to punish him.,I was sucker punched when I was 17. The guy broke his hand and fled the scene. I saw him one time after this riding a bicycle but didn't do anything.
furious,MY daughter forgot to turn the oven off earlier. IT could have been a disaster,MY kid forgot to turn off the oven earlier
furious,Once i got the wrong order when i paid 600$ for my television. WHAT?,It was bad and ontop of it they refused to admit their mistake
furious,I am mad that the summer is almost over.,I am mad that the summer is almost over.
furious,I am so mad I can't play soccer this season.,I am so mad I can't play soccer this season.
furious,My little sister caught off a chunk of my hair when I was sleeping last night. She did it because I came up with a fun but mean nickname for her the day before. But that was way over the line!,My little sister caught off a chunk of my hair when I was sleeping last night. She did it because I came up with a fun but mean nickname for her the day before. But that was way over the line!
furious,it upset me to see that my dog to loose the other day,it upset me to see that my dog to loose the other day
grateful,My car broke down on the way to work yesterday. Luckily my mom was able to come get me and take me to work. She even dealt with getting my car into the shop for me.,My car broke down on my way to work yesterday.
grateful,I am so grateful that I know how to bake bread as it has fed me when I've been poor.,My biggest skill is being able to bake bread.
grateful,I am so glad I have my brother. He's great to talk to,I have an amazing brother. He's so great to talk to. I can tell him anything!
grateful,"I was eating at a restaurant. As I was leaving, one of the employees rushed over to me and gave me my phone I left there.","I was eating at a restaurant and as I was leaving, an employee there gave me my phone which I had left behind"
grateful,i am thankful for my supportive family,i am thankful for my supportive family
grateful,I'm really lucky to have the family that I do. We're all so very close knit and the togetherness really helps me get through some tough times. I'm so fortunate to be around them.,"I just moved back near family, and I'm feeling overwhelmed with how close knit everything is again."
grateful,I was jobless but recently I found a job. I will be able pay my bills and avoid be evicted from my appartment.,I was jobless but recently I found a job. I will be able pay my bills and avoid be evicted from my appartment.
grateful,"During Aug. 2016 there was a huge flood here in South LA. Even though I got 5 feet in my house, no one was hurt or died. Overall, the number of causlaties was super low",Have you ever had one of those moments in your life that you have no clue how you are still alive?
grateful,I'm really happy to have the family I do.,I'm really happy to have the family I do.
grateful,my mom always invites me places and pays for everything. Its so nice.,I love when my mom invites me places
grateful,I am so lucky to have my kids. They are gonna take care of me one day.,MY kids are gonna take care of me when I get older. I just know it
grateful,I am pleased that I got to meet Donald Trump.,I am pleased that I got to meet Donald Trump.
grateful,I'm glad it's nearly Fall.,"Well, Fall is almost upon us at last."
grateful,I got pulled over by the police earlier. I am so thankful he didn't give me a ticket.,I got pulled over by the police earlier.
grateful,I'm happy I've learned from my past mistakes. I've been at ground zero and I'm thankful that the feeling of what it's like to be at the end of your rope has propelled me into financial autonomy.,I'm thankful for all my past mistakes. They've helped me grow in a big way
grateful,My husband was in a car wreck 2 years ago and broke his back. After he came home from the hospital the church brought us dinner every night for 2 weeks. It was so great.,My husband broke his back in a car wreck a couple of years ago. For 2 week after we came home the church brought us dinner every night.
grateful,I love thatmy kids have started helping out around the house now,I love that my kids have started helping out around the house now
grateful,Everyday I remind myself of how lucky I am to have a pair of supportive parents.,Everyday I remind myself of how lucky I am to have a pair of supportive parents.
grateful,"My best friend took my daughter for the weekend so that I could have some alone time with my husband. She's a great friends, so thankful for her!",My best friend took my daughter for the weekend so that I could have some alone time with my husband.
grateful,I was glad that my friend paid me back money when i needed it.,I was glad when my friend paid me back money he owed me.
grateful,"when i was going through a divorce, money was tight, my mom stepped in and helped with attorney fees, was so helpful.","I went through a divorce last year, which caught me off guard financially, luckily my mom was able to help with some of the costs."
grateful,I lost my debit card and didnt have access to funds. My bank went out of their way to ship it first class back to me free of charge.,I lost my debit card and didnt have access to funds. My bank went out of their way to ship it first class back to me free of charge.
grateful,Am thankful to God for keeping me alive,Am so thankful to Him for the breath of life
grateful,"I was unable to make my full rent this month. Thankfully, my dad came to the rescue and loaned me the money!",I was unable to make my full rent this month.
grateful,I really needed a ride for an hour to be able to go on a date since my car broke down. My buddy took me there in a heartbeat so that was kind of him.,My car broke down so I needed someone to drive me somewhere otherwise I was gonna be late for my date!
grateful,My sister helped me to study for my finals and I got an amazing grade,"My sister helped me study for my finals, and now thanks to her I got an amazing grade"
grateful,I felt happy when my brother gave me a present. I was grateful,My brother gave me a present last week. It was nice of him
grateful,I received a full ride scholarship to my dream school. I was so happy.,I received a full ride scholarship to my dream school. I was so happy.
grateful,I was very happy when I got to see my aunt at Christmas. I had no seen her in a long time,I was happy to see my aunt at Christmas. I had not seen her in a long time
grateful,My old boss put in a good word for me at a new organization and helped me land a new job.,My boss at my old job was nice enough to put in a good word for me at a new organization and helped me land a higher paying job!
grateful,I have a wonderful sister-in-law who I am so incredibly thankful for. Whenever I am going through a hard time she is always there for me to talk or to offer an encouraging word.,I have a wonderful sister-in-law. who is always there for me when I need her
grateful,We found out our son wasn't as sick as we thought he was and I was really glad.,We took our son to the doctor and luckily he is getting better!
grateful,My brother asked me to church yesterday. It was a nice feeling and gesture from him,My brother asked me to church yesterday. It was a nice feeling and gesture from him
grateful,I am so fortunate to have a great mother.,I am so fortunate to have a good mother.
grateful,I had a baby. I was so happy and joyful that I had been given this blessing.,"When I had my first baby, it was amazing. I was just so happy and joyful that I had been given this blessing."
grateful,"I tore my jeans while climbing a fence, and my friend gave me her sweater to wrap around my waist.","I tore my jeans while climbing a fence, and my friend gave me her sweater to wrap around my waist"
grateful,I was wanting to do the dishes the other day but couldn't so my husband did them all for me! I felt so thankful,I broke a finger the other day and couldn't do any dishes! It was terrible
grateful,Last month my car broke down and I had no way to get to and from work. A friend of mine let me borrow his car for almost the entire month.,"Last month my car threw a rod and needed to have the engine overhauled, leaving me without a way to get to work and back."
grateful,My wife and I had to move far away from home recently for her grad school. My parents were kind enough to cosign on a loan for a condo.,"When my wife and I had to move for her to go to school, we had a lot of trouble finding a place to live until my parents were nice enough to cosign on a loan."
grateful,I did not have enough money to take my son back to school shopping. My mom took him shopping yesterday and got all his supplies and clothes. I am so lucky.,I did not have enough money to take my son back to school shopping.
grateful,"I'm glad to have my close group of friends to cheer me up. I was dumped a few days ago, and it really hurt",I was dumped a few days ago after 4 years so I'm glad I have a close group of friends who helped me get through it
grateful,i am so thankful to have such a great wife. she is the best.,my wife is the best. im so thankful for her
grateful,Even though I broke up with my ex I'm kind of thankful for the experience. I now am fully self-employed working from home and have full autonomy of time. And I have really hot chicks texting me nonstop it's kind of surreal,It's crazy how the big changes in my life I thought were catastrophes ended up being catalysts for a better future. I'm thankful for all of them.
grateful,At a recent holiday my wife's family was saying things they were thankful to have an my father in law said how happy he was to have me in the family. Made me feel really good about having them in my life as well.,It is nice to have in-laws that are accepting and loving. So many people don't have a good relationship with their in-laws.
grateful,My little sister is very kind. Yesterday she made a yummy cake for me. I feel really very thankful to have her.,"My sister is very kind. Yesterday, she made a delicious cake for me."
grateful,I am so grateful to have great parents,I am so grateful to my parents for everything that have done for me growing up :)
grateful,I just got a new job and they offered to pay off my school debt.,I just got a new job and they offered to pay off my school debt
grateful,I am so happy I met my wife during college.,I am so happy I met my wife during college.
grateful,I receive my blood test result yesterday and I am so grateful that I don't any immune system diseases.,"I receive my blood test result yesterday and I am so grateful that I don't any immune system diseases."""
grateful,The storm narrowly missed my neighborhood.,Phew! The recent storm narrowly missed my neighborhood!
grateful,I found my stolen bike before I knew it was stolen.,I found my bike infront of a store before i even knew it got stolen
grateful,It can be really hard coming up with all the money needed for back to school. For the most part I have it covered. There is an organization helping with some of it and even a small amount helps a lot.,Back to school time is always stressful because of how much everything costs now.
grateful,Once a QT employee put 5 dollars in my gas tank for me when I was broke,Once my card got declined and the employee put 5 dollars on my gas pump anyway
grateful,My parents just gave me the best birthday present ever.,My parents just gave me the best birthday present ever.
grateful,I am so blessed to be able to have a car.,I am so blessed to be able to have a car.
grateful,My car broke down today. My friend gave me a ride to work.,Crappy day today. My car broke down on the side of the road.
grateful,My grandmother took care of me my whole life.,My grandmother is the sole reason I am where I am today.
grateful,I was walking in the park earlier. A friend of mine showed up and brought me some pizza slices.,I got free pizza today!
grateful,I was having such a hard day and I was so thankful for my husband coming home to help out with the kids.,"I've been sick and it's been hard to take care of my 3 kids during the day. My husband came home early from work to help out, I'm so thankful for him."
grateful,my best friend friend helped me through some rough spots with my marriage and job. I am gland he was there for me,my best friend friend helped me through some rough spots with my marriage and job. I am gland he was there for me
grateful,i was really lucky when my cancer got cured not many people can say that and i feel very lucky,i am really lucky that my cancer got cured many years ago
grateful,I was walking along today and suddenly someone stopped me. They prevented me from stepping in a hole.,The walk I was on today got a little dangerous at one point.
grateful,I was given a large raise at work.,"Last month, my boss gave me a 10% raise, even though I didn't ask fo it. It was quite the welcome surprise!"
grateful,Yesterday my husband told me that we can get a puppy! I'm so excited! I wasn't sure if he'd agree when I brought it up but I'm so glad he did.,"I had mentioned to my husband that I was really interested in a Cane Corso puppy since our dogs are getting a bit older now. I really never thought he'd agree, but we had a discussion and decided we should start looking into getting a black male pup!"
grateful,"On my birthday my parents give me a decent sized check. It helps pay for bills and debt, I am so appreciative of it",On my birthday my parents give me a decent sized check
grateful,I love that I can see my friend more now,"I love that I can see my friend more now""."
grateful,I'm thankful for the way my parents raised me.,My parents raised me like a king and I'm thankful for that. Because although I was introverted for most of my life I was pretty confident and successful in my abilities and always did well no matter what I did
grateful,I was grateful when my mother visited me for my birthday.,It was my birthday and my mother came to surprise me.
grateful,My husband was in an accident 2 years ago and broke his back. I was trying to take care of him and 4 kids. The church brought us meals every night for 2 weeks after we came home. It was great.,The church bought us meals after my husband broke his back in a car accident.
grateful,I am happy I survived the weekend.,I am happy I survived the weekend.
grateful,i appreciated all the help i got from my friends last week,i appreciated all the help i got from my friends last week
grateful,I needed a pen and a stranger gave me a nice silver one,I didn't have a pen while returning a rental car to an unattended location
grateful,I am glad my oldest does not mind helping out aroung the house. She is such a sweet kid,MY oldest daughter is so sweet.
grateful,"I've been stressing at work, and my coworker gave me a pair of movie tickets they weren't using.","I've been stressing at work, and my coworker gave me a pair of movie tickets they weren't using"
grateful,"to be a parent, to have my daughter.","You know being a parent is so hard, but I feel so lucky to have my children especially in stressful times..."
grateful,I am happy that I wasn't part of the recent lay off.,The company that I working for is having financials issues. I am happy that I wasn't part of the recent lay off.
grateful,I was thankful when i found my dog!,I was thankful when i found my dog!
grateful,I needed to fill out a form but didn't have a pen. I was in a car garage returning a rental car.,"Hey, the other day I didn't have a pen while trying to fill out some paperwork"
grateful,My little grandson just came home from the hospital. He was born several week premature and weighed under 2 pounds but now he is doing well and we are so thankful everything is ok.,My little grandson just came home from the hospital. He was born premature and weighted under 2 pounds.
grateful,I am happy I am not being abused today. I am happy I have a chance to live my life still and make something of it.,I am happy I am not being abused today.
grateful,I have a great life. My wife and son are so amazing!,My life is great!
grateful,"My car broke down recently, now my brother in law helps me get around and I can't thank him enough.","I've been having car trouble lately, but my brother in law has been helping me get around. I'm so thankful towards him./"
grateful,A situation when I felt grateful was when I had a flat tire and my father came to help me with it. I felt grateful to have family around to be there for me.,One time I had a flat tire and my dad came to help me fix it.
grateful,"There was a chance that it could rain on the day my best friends and I went camping. I'm so thankful that it didn't, because we made a lot of nice memories during our trip.",There was a chance that it could rain on the day my best friends and I went camping.
grateful,"I'm thankful that I've got more balls that most people...moved to South TX after living in MN for 15 years with my parents, no friends family or connection...and now I'm fully self employed living the dream every day","I thank God everyday for having big balls...moved to South TX after living in MN for 15 years with my parents, no friends family or connection...and now I'm fully self employed living the dream every day"
grateful,"My oldest child needed braces and her health insurance would not cover is. The cost was close to 4000 dollars. My aunt paid half of it for us and didn't ask for any of the money back, just because she knew we needed the help.",My oldest child needed braces but her health insurance wouldn't cover the expense. It was close to 4000 dollars and we did not have that kind of money at the time.
grateful,greatful to be alive,"today everyone said congratulations to me, as i succeed in making an amazing app, and now i am so greatful to be alive!"
grateful,I'm thankful for my job. I've got full autonomy of time.,I love my job and I'm thankful it gives me full autonomy of time.
grateful,My son needed to borrow money for transportation last week. I was just thankful to be able to help him.,It is such a privilege to be able to help someone in any way you can.
grateful,I was thankful for the job i was offered,I was thankful for the job i was offered
grateful,Am thankful to all my friends that attended my birthday party,They made my day worthwhile
grateful,"thankful for my family, thankful to have a roof over my head in these stressful times","I am so thankful for my wife, and child. I honestly dont know what I would do without them."
grateful,My friend went out of his way to pick me up from work after my car broke down. I can't thank him enough.,My car broke down yesterday but luckily my friend was able to pick me up from work while it was in the shop. I think I'm going to take him to a nice restaurant to say thanks.
grateful,My highschool football coach put me on the right track.,"Without my coach, I would be nothing."
grateful,After years of trying to get back on my feet. My family and I are finally moving into a house we will own.,It's been awhile since I lost my last job. After two years of working my family and I are finally moving into a home of our own.
grateful,"My friend lost her job. But because she doesn't have any debt, she can pretty much work McDonalds and still be okay.","My friend lost her job. But because she doesn't have any debt, she can pretty much work McDonalds and still be okay."
grateful,I realized that we are more financially stable than we've ever been. It really feels good plus we're still moving forward.,Not long ago I realized we are more financially stable than I think we have ever been.
grateful,My entire family came together and put me through college.,My entire family came together and put me through college.
grateful,I was very happy when my grandmother gave me a scooter,"So this one time my grandmother gave me a scooter, it was the best gift ever, I was really happy"
grateful,Just got a new job after being without one for a couple months now.,Just got a new job after being without one for a couple months now.
grateful,There was a test that I needed to pass in order to graduate college. I was having so much trouble understanding the subject and really didn't feel like I could do it on my own. My sister sat down with me and really went over the whole thing allowing me to finally understand it and get a great grade on the test!,I had to take a test in order to graduate college but I really didn't understand the subject at all and couldn't get anywhere studying on my own. After a lot of agony my sister sat down with me and went over it in detail. She really helped me to learn and understand it. Thanks to her I got a great score on the test!
grateful,"I was in line getting fast food today, and the person in front of me paid for my meal! I offered to do the same for the person behind me, even though I always think that's cheesy when I hear about it. But it was still kind of a cool event that happened, as I'm sure it carried on a while.","I was in line getting fast food today, and the person in front of me paid for my meal! I offered to do the same for the person behind me, even though I always think that's cheesy when I hear about it. But it was still kind of a cool event that happened, as I'm sure it carried on a while."
grateful,"I am appreciative of my family, they do a lot for me and help out a lot too","I am appreciative of my family, they do a lot for me and help out a lot too"
grateful,to see in the mornings that beautiful and leafy tree in the mornings ... it makes me feel that God exists,"This morning and I saw a tree, I never detailed it, but this time I saw it beautiful ... I realized God exists"
grateful,I am grateful for my parents who helped me along the way when buying my first house. They helped with some groceries and with understanding my loan papers etcc.,"When I bought my first house I put down 20% of the loan, which made me broke quick. My monthly paycheck helped me with bills but my parents bought me groceries for a month until I got on my feet. SO grateful for them"
grateful,"Life hasn't always been easy, but I have many things to give thanks for. I try to remind myself of that everyday, especially when I spend time with my family.","When I spend time with my family, it reminds me how lucky I really am."
grateful,I am so happy to have such talented kids. We were all raised to love and play music,I am so ahppy to have such talented kids.
grateful,"My dad gave me some money to buy some e-cig liquid for my vape, I am so thankful!","Recently, my dad gave me some money to buy e-cig liquid for my vape, I am very thankful!"
grateful,My computer broke and I cant afford a new one right now. My friend gave me his old one for free. I am so thankful for that.,My friend gave me his old computer because mine broke. That was so nice of him considering I cant afford one right now.
grateful,My husband drove 30 hours to get us a new puppy last weekend. He knew it was the puppy of my dreams. I was so thankful that he sacrificed his entire weekend for me!,My husband drove 30 hours this past weekend to get the puppy of my dreams. I was really thankful and excited.
grateful,My friend helped me move last summer,My friend helped me move last summer
grateful,I felt happy and cherished the weekend when I got to see old friends. It had been awhile,I felt happy and cherished the moment this weekend with old friends. It had been awhile
grateful,When my mom recently offered to help me with a medical bill. I was very stressed out because I had to have surgery and had a high deductible. She really helped me out a lot.,I'm so happy and relieved my mom came to my rescue this week.
grateful,I'm thankful for my old elementary school principal. Hope she's doing well wherever she is. She saved me from drowning when I was in 1st grade,My old elementary school principal saved me from drowning when I was in 1st grade. I'm eternally thankful for her and hope she's doing well wherever she is now
grateful,"I feel so wonderful and blessed to have an amazing girlfriend. She is very understanding, like one time i was sick and she made me soup from scratch and a tea to help my throat.","I feel so wonderful and blessed to have an amazing girlfriend. She is very understanding, like one time i was sick and she made me soup from scratch and a tea to help my throat."
grateful,"I had food, water, and a place to sleep last night. I need to be more thankful for stuff like that that I take for granted...","I had food, water, and a place to sleep last night. I need to be more thankful for stuff like that that I take for granted..."
grateful,for the meal i just made,I just had the most amazing lunch ever. I am so thankful to have cooking skills.
grateful,"I was on my way to work last week and I didn't notice I was so low on gas. I ended up running out of gas, and a nice man stopped and gave me enough gas to get to the station. I was so happy he stopped to help me.","Last week on the way to work, I did not notice my wife had ran my car so low on gas and I ended up running out of gas on the freeway."
grateful,"I am happy with my life now, I have a good girlfriend and friend group","I am happy with my life now, I have a good girlfriend and friend group"
grateful,I'm grateful for a roof over my head.,"In these uncertain times, it's easy to be happy that I have a roof over my head."
grateful,once when i went to shopping i mistakenly parked my car at a no parking place which i was not aware,"when i went for shopping i parked my car at a no parking zone which i am not aware , police approached the car and was about to tow it away"
grateful,"Yesterday, I lost my favorite pair of underpants. I was quite grateful when my favorite bartender returned them.","So, went to the bar last night and woke up missing my underpants. I had no idea what happened to them,"
grateful,I was able to get a full ride scholarship. I'm attending an ivy league school.,I was able to get a full ride scholarship. I'm attending an ivy league school.
grateful,When I was out of work my car broke down and since it was my only car a friend of mine actually gave me his old car to replace it. It was such a nice gesture.,When I was out of work my car broke down and since it was my only car a friend of mine actually gave me his old car to replace it. It was such a nice gesture.
grateful,Recently I lost my dog. I thought he was gone forever. Then I got a visit from a stranger who had my dog with them. I was ecstatic this person had brought me my dog!,I was so sad last summer when my dog ran away. I thought I would never see him again.
grateful,I so happy I am a working woman who can provide for herself and her children alone.,I am so happy to be independent.
grateful,i really appreciated all the effort my friends put into my birthday,i really appreciated all the effort my friends put into my birthday
grateful,"I recently got a $1,000 scholarship that I even forgot I applied for last year.","I recently got a $1,000 scholarship that I even forgot I applied for last year."
grateful,I am allergic to shell fish. I almost ate something with shellfish but someone stopped me and I thanked him.,I am allergic to lobster.
grateful,I don't have a car anymore but I am content with that. Everything I need is within walking distance so whatever.,I don't have a car anymore but I am content with that. Everything I need is within walking distance so whatever.
grateful,I feel grateful that I have so much in my life. I have a nice apartment with so many useful items.,Do you feel grateful for anything in your life?
grateful,I'm glad that it's raining here today. We've really needed it.,I'm glad it's raining here today.
grateful,I just got a huge raise at work.,I just got a huge raise at work.
grateful,"Had a little bit of a hospital stay to have routine surgery. A co-worker came to visit me while I was there, which surprised me. Kinda nice to see something unexpected like that, for people to show they care.","Had a little bit of a hospital stay to have routine surgery. A co-worker came to visit me while I was there, which surprised me. Kinda nice to see something unexpected like that, for people to show they care."
grateful,I was having some relationship trouble. My friend stuck around and talked with me to make me feel better.,So last weekend me and my girlfriend got into a fight. Luckily I have great friends to talk to and be there for me.
grateful,I'm pregnant but wasn't able to have a baby shower but all my friends and family sent us nice little gifts.... It was such a nice thing of them to do,I'm pregnant but wasn't able to have a baby shower but all my friends and family sent us nice little gifts.... It was such a nice thing of them to do
grateful,I got 2 working arms and legs. I am so thankful for that.,I got 2 working arms and legs. I am so thankful for that.
grateful,I was away from my house for the day and my neighbor called me to tell me I had left the garage door open. I really appreciated it.,"I had left my house for the day, and my neighbor called me and told me I had left my garage door open. I was very appreciative because someone could have easily robbed me"
grateful,"I sure am glad I have the mother that I do. She's so patient and forgiving, and kind and caring. She's helped me become the good person that I am today.","I sure am glad I have the mother that I do. She's so patient and forgiving, and kind and caring. She's helped me become the good person that I am today"
grateful,"I recently went to a rock concert. We weren't going to go, but someone gave her 3 free tickets. We went and had a great night.",Some people are just so generous. Really makes you feel like there is some humanity left out there.
grateful,I picked up a 2nd job last year and today made my last student loan payment,I picked up a 2nd job last year and today made my last student loan payment
grateful,"After my 4th child was born, I had friends sign up to bring dinner for us for 2 weeks. I had a c section and was really limited in what I was able to do, so I was very grateful.","I usually hate to ask for help, so when my friends all surprised me by taking turns bringing us meals for 2 weeks after my 4th child was born I was blown away. I was so relieved to have help."
grateful,I am so happy I am not Theon on game of thrones,I would never want anyone to compare me to theon
grateful,I was glad when I woke up this morning and saw that an expected paycheck finally posted.,I checked my bank account this morning and I couldn't be happier.
grateful,"When I was kicked out of my step parent's house for no reason, my best friend immediately took me in. I was so thankful for that opportunity.","One time when I was kicked out of the place I was staying at, my best friend immediately told me I could stay with her until I got on my feet."
grateful,I'm so grateful I have a working car to get around and run errands now. Mine has been broken down for awhile.,I'm so grateful I have a working car to get around and run errands now!
grateful,"My dog had a medical emergency and I didn't have the money to cover it, so my parents loaned me some money until I got paid.","My dog started looking really sick and in pain, but I didn't have the money to take him to an emergency vet, so I had to ask my parents for a loan until I got paid."
grateful,I couldn't pay for all my groceries and someone came up from the line behind me and paid for the rest. I was so touched!,I couldn't pay for all my groceries and someone came up from the line behind me and paid for the rest. I was so touched!
grateful,My mom recently completed radiation and surgery for breast cancer. I'm so thankful she had great doctors.,My mom just completed seven weeks of radiation treatments for breast cancer!
grateful,I woke up another day,Each day waking up I can't believe how lucky am I just to be alive.
grateful,"I was sick recently and my mother made me some chicken noodle soup, so glad I have someone like her around.","I was sick recently and my mother made me some chicken noodle soup, so glad I have someone like her around."
grateful,"It means a lot to me that my in-laws are helping us buy school clothes for our girls. That takes a burden off of us. They don't even realize how much they are helping us, they are just doing it because they love us and they love the girls.",My in-laws are helping us pay for school clothes for our kids this year.
grateful,A coworker helped me move to another city. He was so kind.,A coworker helped me move to another city. He was so kind.
grateful,My friend really helped me out by letting me borrow money when I was struggling. I am so glad to have a friend like her.,My friend really helped me out by letting me borrow money when I was struggling.
grateful,"My husband and I have been able to finally get a bit of savings and financial security. I'm so appreciative that we can have that, as many can't.","My husband and I are at a point in our lives, we are able to save, afford all that we need and save for retirement. I'm so appreciate we can, as I know many aren't able to do that."
grateful,We really are lucky to live in the United States.,Do you ever wake up and realize how lucky we are? I travel a lot and I just got back from Haiti. I'm convinced it's better to be poor in America then rich in Haiti.
grateful,"Finally got to cut my grass last Sunday and the pull cord that starts the push mower fell off and got chewed up under the mower. Luckily it left enough cord to tie another cord to that so I can start it again,",Started cutting my grass the other day and my pull cord fell off and got chewed up under the mower
grateful,My daughter is amazing. She cooked the family dinner tonight after we got home from work.,"After a long day at work, I was surprised to find my daughter had cooked the family dinner."
grateful,I am so glad I have good friends in my life. They always pick me up when I am down,I am so glad to have good friends
grateful,"I'm so happy, my husband was offered a better paying job in his hometown. We move in November.",I got some great news today! My husband got a better paying job offer!
grateful,We recently was able to purchase a new home. We have been saving money for 4 years to be able to afford the home of our dreams. We are really thankful that we got it.,I recently moved into a new home.
grateful,I'm consistently grateful for being able to live an easy life.,Life is a lot better when you can eat solid food. Never get your jaw wired shut it sucks.
grateful,I just got a bonus from my job. That money came at the perfect time!,I just got a bonus from my job. That money came at the perfect time!
grateful,so glad i can have food on the pot and groceries in the fridge,there was a time i had no food to eat now i'm so glad i can afford food and my pantry is stocked to the brim
grateful,My best friend helped me assemble a surprise party for my sister,My best friend helped me assemble a surprise party for my sister in record time
grateful,"My wife decided to pick me up from work the other day when it was raining. It was nice to have a good, warm drive home.","It was raining pretty hard the other day, and I normally walk to and from work, but my wife vey kindly decided to pick me up and give me a ride home that day."
grateful,my friend helped me move the other day,my friend helped me move the other day
grateful,I was in a bad mood but my friend cheered me up.,I am feeling very good right now.
grateful,my friend helped me move to uni last week,my friend helped me move to uni last week
grateful,I have amazing friends. One of them drove me to the airport,I have some great friends. One of them drove me to the airport tomorrow
grateful,I once accidently ran down the battery on my car when I mid-judged how long I could run the radio for without the engine running. It was 5am and I was in the middle of nowhere. I called the first person I could think of who could help and they came with crocodile clips and recharged the battery. I felt so grateful to be on the receiving end of a kind act. I was also embarrassed that I had let that happen and I learned from it!,I once accidently ran down the battery on my car when I mid-judged how long I could run the radio for without the engine running. It was 5am and I was in the middle of nowhere. I called the first person I could think of who could help and they came with crocodile clips and recharged the battery. I felt so grateful to be on the receiving end of a kind act. I was also embarrassed that I had let that happen and I learned from it!
grateful,for the life i have been given,so greatful to be given this wonderful life
grateful,I left an abusive relationship. My best friend took me in.,My best friend took me in when I escaped an abusive situation.
grateful,I am thankful i got that job last week,I am thankful i got that job last week
grateful,My sister gave me some advise during a very difficult situation. I was so glad that she was there when I needed her.,My sister gave me some advise during a very difficult situation. I was so glad that she was there when I needed her.
grateful,I got very good marks in university exams. I must thank my lecturer's for all their effort I have topped the university rank,I topped my university exam!!
grateful,my aunt paid for my exam,i almost wasnt going to take my pharmacy tech certification exam. was too expensive
grateful,My grandma went out of her way to print out some old photos to send me.,My grandma went out of her way to print out and send me some old pics.
grateful,I was having dinner and just praised the Lord for it.,"Hi, I was having dinner yesterday and just stopped for a moment to thank the Lord."
grateful,I received a late birthday gift from a friend and it was exactly what I needed,I received a late birthday gift from a friend and it was exactly what I needed
grateful,my car was haivng issues,my car was acting up and i was able to get a good deal at the car dealer to replace it
grateful,I'm happy to have 2 dogs and a cat,I'm happy to have 2 dogs and a cat
grateful,I recently got an unsolicited raise at work.,"I came back from a trip recently, got called in the boss's office and was given a decent sized raise."
grateful,"My a/c broke the other day, but luckily my dad is the manliest man there is, and knew exactly how to fix it.","My a/c went out the other day, and I knew I wasn't gonna be able to fix it."
grateful,My husband got me a new laptop! I was so shocked and happy,My husband got me a new laptop! I was so shocked and happy
grateful,My husband never cooks. Today he cooked my favorite food.,My husband cooked me my favorite food today! He never cooks!
grateful,when my health issues resolved,I have had so many health issues this year. It is been crucial to find the silver linings
grateful,I was riding a taxi one day and I ended up being short a bit for the fee. The driver offered to cover the rest out of their pocket.,I rode a taxi one day and ended up not having enough to pay the fare. The driver was nice enough to offer to cover my fare.
grateful,I recently received a raise at work. It came at a good time and was much needed.,My boss finally realized all the hard work I've been doing lately.
grateful,Even though I'm not rich yet I wake up every day with gratitude in living life on my own terms,"Though I've got a long ways to go I'm waking up everyday with gratitude in living life how I want, answering to nobody. It's pretty awesome"
grateful,I got tipped at work yesterday.,I got a tip at work yeserday.
grateful,My local animal shelter donated a dog to me because of my service connected disability. It was such a nice surprise,My local animal shelter donated a dog to me because of my service connected disability. It was such a nice surprise
grateful,I got 3 quarter pounders and 3 big macs. This is gonna be good.,I got 3 quarter pounders and 3 big macs. This is gonna be good.
grateful,to have a roof over my head.,"I am so thankful to have a roof over my head, and food to eat. Its been rough lately but life is good."
grateful,My boyfriend brought me dinner after I had a long stressful day. I had no groceries in the house and I didn't feel like driving to get anything.,"Isn't it nice when people bring you food, when you've had a long day?"
grateful,"I had a tire low on air but, a co-worker of mine had an air compressor in his car he let me use.","I had a tire low on air but, a co-worker of mine had an air compressor in his car he let me use"
grateful,My friend bought me lunch,My friend bought me lunch today
grateful,My dad bought me my first car!,My dad bought me my first car a few weeks ago!
grateful,I've been wanting to buy a massage table for a while now. My mom gave me a gift card that finally made it possible.,I have been wanting to buy a massage table for my business.
grateful,My brother is a math wizard. I was taking a math class that I found really tough. He tutored me through the whole semester and I got a great final grade. I really appreciate his efforts!,My brother is really great at math. When I was taking a really hard math course he was so happy to help me throughout it and I did great in the class thanks to him!
hopeful,I'll be getting a raise in February.,I'm expecting a raise in Feb.
hopeful,"When I was a kid, I went on a few trips to the Mountain for some snowboarding lessons, come Christmas time you bet I was just praying for a snowboard of my own.","When I was a kid, I went on a few trips to the Mountain for some snowboarding lessons, come Christmas time you bet I was just praying for a snowboard of my own"
hopeful,I may be able to get a new car by the end of the week!,I may be able to get my new car by the end of the week!
hopeful,I hope to find a new job this week,I hope to find a new job this week
hopeful,I interviewed for a job and thought the interview went decent. I just had to wait to hear back from them.,"I went for a job interview, and it seemed to go pretty well."
hopeful,I have been talking to this girl online that I like. I am going to ask her on a date. I think that she will say yes,I have been talking to this girl that I like for awhile now. I think that I am finally going to ask her on a date
hopeful,I think things will get better in the future. Thats all im hanging on to at the moment.,I think things will get better in the future. Thats all im hanging on to at the moment.
hopeful,I just went on a job interview. I feel like it went really well.,I just got back from a job interview. It went really well. I feel I might get an offer.
hopeful,I entered a raffle at work. I'm crossing my fingers I win!,I entered a raffle at work. I'm crossing my fingers I win!
hopeful,Hoping for job promotion,I recently completed some additional training at my job. Perhaps a promotion is on its' way?
hopeful,"I'm getting married next year, and I'm really looking forward to it. I'm hoping it's going to go well, and we'll get to have everything we want to have.",I'm getting married next year! Hoping everything goes smoothly and we get the wedding we want to have.
hopeful,"I have been trying to save money so that I can help my husband pay for Christmas gifts for our daughters. At first, I wasn't very successful because I wasn't making very much, but things have picked up recently and I feel like I will really be able to help when its time to shop for Christmas gifts.",I've been trying to save money so that I can help my husband with the Christmas shopping this year.
hopeful,I was told that my dog may have severe health issues. He doesn't like to walk around much any more. I am praying it is not something that could end his life early.,My dog has been having health issues. I took him to the vet and they couldn't find anything wrong.
hopeful,The time I applied to become a manager at burger king. I have what it takes.,"Just sent in my application to Burger King, feeling good."
hopeful,I have a promotion coming up in the next few weeks. I am hopeful that I will get a raise,I have a performance review and potential promotion coming up in the next few weeks.
hopeful,I felt good after I got some medicine today. It felt like I was going to get better,I felt good getting medicine today. I think it will make me feel better
hopeful,I'm glad it's almost fall now. My favorite time of year.,I'm glad it's almost fall now.
hopeful,My husband went to a job fair today and got tons of offers! He gets out of military in November. Ready for a new start in a new town,My husband went to a job fair and got a lot of job offers!
hopeful,I'm going back to school to become a chef.,I'm going back to school to become a chef
hopeful,"When I think of the future, I am very positive","When I think of the future, I am very positive."
hopeful,I'm anxious to see if I get this home loan I applied for. I have been waiting forever!,Have you heard anything from the bank?
hopeful,I felt very good recently when my city did not pass a breed specific ban. It makes the future look bright.,"Recently my city did away with breed specific bans for dogs, it is a good thing."
hopeful,"I've been crushing on this girl a while, and I'm going to ask her out.","I've been crushing on this girl a while, and I'm going to ask her out."
hopeful,I thought just maybe I would of got the promotion.,"I thought I may of got the promotion, but I didn't."
hopeful,I would like to try ice skating even though my balance is horrible,I would like to try ice skating even though my balance is horrible
hopeful,Nephew plays football. I hope he does great this year!,My nephew starts football this year!
hopeful,"I'm waiting to hear about a lucrative job opportunity, it would pretty much be everything I want. I feel pretty good about my chances.","I'm waiting to hear about a lucrative job opportunity, it would pretty much be my dream job."
hopeful,I found a real estate lady who said she could sell my house fairly quickly.,I am hoping to sell my house soon and move near my cousing
hopeful,I got a lot of hours at work for next month. I am trying to use the extra money to move out.,I got a lot of hours at work for next month. I hope I can use it to move to a new apartment
hopeful,I going to see a doctor to know my blood test results and I hope that I don't have anything serious.,I going to see a doctor to know my blood test results and I hope that I don't have anything serious.
hopeful,I had a date yesterday with a girl i met in our college campus. I think it went very good as i was expecting,I met a girl in college and we had a date yesterday. It went very good and I am very positive about out future relationship
hopeful,I applied for a new job at a law firm. I really really need to get this job.,I applied for a job at a new law firm.
hopeful,I pray for better days.,I pray for better days.
hopeful,"When I missed up a hit, but was told I could redo it to reverse the rejection.","I missed up on something, but was told I could redo it"
hopeful,It's birthday soon. I want to be a better person.,It's birthday soon. I want to be a better person.
hopeful,I put in an application for a new home and I am really wishing to get it! I've searched everywhere for a home like this!,I put in an application for a new home and I am really wishing to get it!
hopeful,I cant wait for my house to sell.. its a slow market.,My house feels like its taking forever to sell...but I have a feeling something good is going to come soon!
hopeful,"I am going to try and start my lawn mower today, it's missing a part. I am feeling confident I can get it to start","I am going to try and start my lawn mower today, it's missing a part."
hopeful,"I want to get a dog, but my cat would hate that","I want to get a dog, but my cat would hate that"
hopeful,I started my new job today. I am hoping for a raise soon.,I began my new job today! I'm hoping I do really well there.
hopeful,When I was accepted in to university for my business degree. It felt like such a weight was lifted off my shoulders.,Can't believe I got accepted to school.
hopeful,My dog is having surgery on his leg. I have faith he will recover.,My dog is having surgery on his leg.
hopeful,I went a bunch of job interviews last week. I have a good feeling that I will land something soon.,I went a bunch of job interviews last week. I have a good feeling that I will land something soon.
hopeful,I meeting with my boss tommorrow. I really am praying for a raise!,I'm meeting with my boss tommorrow.
hopeful,I am hopeful that I would be rich someday,I am always suffering due to lack of money and I wish I could be rich someday
hopeful,I have high hopes for tonight. I am going on a date,I have high hopes for tonight. I am going on a date
hopeful,I had severe allergy in couples of month. I tried a new diet and it was helpful in relieving my allergy. I felt happy.,hi there?
hopeful,"I had a recruiter contact me for a job, so I am hoping to get a new job!","A recruiter contacted me the other day about potential job openings, so I'm hoping I may have a job soon!"
hopeful,I was very positive about my team's chances to win the Superbowl in 2006. The Chicago Bears got an early lead against the Colts.,I love watching football. I was sure the Bears were going to win the superbowl in 2006.
hopeful,My kids are joing a co-op this year. I am hoping they will enjoy it.,My husband and I signed our kids up for a co-op this year. I really hope they enjoy it.
hopeful,I'm feeling positive about the newborn we have here and that he will make it! He seems to be growing everyday and is very chunky and nursing well.,I'm feeling positive about the newborn we have here and that he will make it!
hopeful,I just applied for a new job! It is a job that I have always wanted.,I just applied for a new job! It is a job that I have always wanted.
hopeful,I read this story about climate change. I'm really optomistic that we will solve this problem,I'm really optomistic about climate change. I think wed really can solve this crucial issue.
hopeful,I am hopeful that good things come to those who wait. I have messed up a lot with relationships in my life..picking the wrong people so I am happier to wait until it is right and I can trust someone.,I am hopeful that good things come to those who wait.
hopeful,"After dropping out of college 6 years ago, I decided to go back this year","After dropping out of college 6 years ago, I decided to go back this year."
hopeful,I got a new job. There's so much debt I want to clear off.,I got a new job. There's so much debt I want to clear off
hopeful,I am wishing that Trump wins re election.,I am wishing that Trump wins re election.
hopeful,im starting to make more and more money online i hope one day online could be my full time job,"im starting to make more and more money online, eventually i want to make this my full time job"
hopeful,Grades come back for my language test tomorrow. Crossing fingers for an A.,My grades come in tomorrow for my language exam. Crossing fingers for a good result...
hopeful,The future looks bright though right now things are not going as i had planned.,The future looks bright though right now things are not going as i had planned
hopeful,when i moved and took a chance in a new state with little money.,I took a huge risk and moved from 1 state to another without a job. I really wanted change in my life.
hopeful,I was hoping to get a new pet this year!,I was hoping to get a new pet this year!
hopeful,I started doing more research on salaries for the degree I'll have in 6 months. I'm eager to see if the statistics are accurate.,I started doing more research on salaries for the degree I'll have in 6 months.
hopeful,I have done everything I can to stop my girlfriend from eating junking food. I am looking forward to her trimming down,I have done everything I can to stop my girlfriend from eating junking food. I am looking forward to her trimming down
hopeful,I was really looking forward to the future when i got a new job in Houston earlier. I felt like lots of good changes are about to happen.,I was feeling so optimistic about getting a new job at Houston a while back
hopeful,It is my wish to not live from paycheck to paycheck,It is my wish to not live from paycheck to paycheck
hopeful,"I am waiting to see if I got this job at walmart, I really need it.",I have been pacing waiting to hear back from Walmart after my interview.
hopeful,"Although I'm having a difficult times in life right now, I always have faith that God will provide for me a blessing.","Although I'm having a difficult time in life right now, and it seems I have been having a difficult time for a while... I still have faith that God will provide for me a blessing."
hopeful,I did not have enough money to pay rent but I had some freelance work that I could do and I was confident I'd make the money in time.,"I did not have enough money for rent, but I had some freelance work that I could do and I was confident I could make the money in time."
hopeful,I think this semester is going to go well. I am prepared.,I am excited about my next semester at school.
hopeful,I hope my dog returns home!,I hope my dog returns home!
hopeful,"After my wife left me, i've been trying to better myself and have a prosperous future. I'm looking to make positive changes and am optimistic about the future.","When my wife left me, i felt worthless and like giving up on life to be honest, I've since started making some positive changes and and more optimistic"
hopeful,the future is looking bright,I was looking though the window today and the beautiful sight outside the window gave me a positive outlook on life and made me realise to work harder for my future
hopeful,I am hoping to win the lottery this week!,I am hoping to win the lottery this week!
hopeful,My wife is getting checked at the hospital. We might be getting good news!,My wife is getting checked at the hospital. We might be getting good news!
hopeful,I pray that the sun rises for another day for me.,I pray that the sun rises for another day for me.
hopeful,my doctor is going to tell me the results today and I think they'll be good,"well, I have faith that everything will turn out okay today. it's a big day"
hopeful,im hoping to win the lottery this weekend,im hoping to win the lottery this weekend
hopeful,We are moving soon. I am really looking forward to the change and my kids to have a new school to go to.,I am so ready to move.
hopeful,i hope im going to get to go fishing this weekend!,i hope im going to get to go fishing this weekend
hopeful,I felt that the future looked bright after I found my first job,Getting my first job felt like I had a lot more freedom with my life
hopeful,I keep playing the lottery but have not won anything over $10. I know one day I am going to hit it big!,I buy a lottery ticket every day but for some reason I have not won more than $10. My luck will soon change!
hopeful,I think today is going to be a good day.,I think today is going to be a good day.
hopeful,"I recently applied to medical school. I have always wanted to be a surgeon, and my professors tell me I should get in no problem",I recently applied to medical school. I really want to be a surgeon
hopeful,"I just applied for a promotion, and I should earn at least 10k more.","I just applied for a promotion, and I should earn at least 10k more."
hopeful,So i gave my dog away since school and work keep me busy. I pray the new owner is good to him.,I gave my dog away to a family today. I did not have time for him since work and school take alot of it up.
hopeful,I am praying that I get the part,I am praying that I get the part
hopeful,I hope I do well in school,I pray I can do well in school
hopeful,I got an interview for a nannying job. It is full-time for two twin babies.,I just got a job interview!
hopeful,"I'm flying on a plane tomorrow. I hope it goes wheels up and wheels down with no trouble... But it's the first time I've flown, and I'm pretty sure any sign of turbulence is just going to make me want to hurl. Plus, I'm worried about getting lost in an airport!","I'm flying on a plane tomorrow. I hope it goes wheels up and wheels down with no trouble... But it's the first time I've flown, and I'm pretty sure any sign of turbulence is just going to make me want to hurl. Plus, I'm worried about getting lost in an airport!"
hopeful,I got a new job that pays a lot more than my previous one. I should be able to pay off my home sooner now.,I got a new job that pays a lot more than my previous one. I should be able to pay off my home sooner now
hopeful,I applied for a new job.... can't wait to hear back,I applied for a new job.... can't wait to hear back
hopeful,My daughter starts public school for the first time in 3 years. I think she is going to do well,My daughter starts public school for the first time in 3 years! I think she is going to do great but she's a little bit nervous.
hopeful,I'm looking forward to next year when my finances will be so much better.,I'm looking forward to next year. My finances will be straightened out by then.
hopeful,"I just started a new book, and I really want it to be good. I hope it is.","I just started this new book about the American Revolution. It's not something I usually read about, so I hope it's good."
hopeful,I tried out for the broadcasting club to do the announcements at school. I really wanted to get in!,I tried out for the broadcasting club to do the announcements at school. I really wanted to get in!
hopeful,I am exciting that my father said he would come and visit me soon. He travels so much and it is hard to get his time.,I am exciting that my father said he would come and visit me soon. He travels so much and it is hard to get his time
hopeful,One time I studied all week for my final exam! I think I can pass now!,One time I studied all week for my final exam! I think I can pass now!
hopeful,Ive been talking to this girl that I like. Im going to ask her out on a date tonight. I think she'll say yes,"Im pretty nervous, and i need some positive thoughts sent my way."
hopeful,i am hoping to get out early from work on friday,i am hoping to get out early from work on friday
hopeful,I lost an earring at work..... Im hoping I find it,I lost an earring at work..... Im hoping I find it
hopeful,I bought 5 lottery tickets today. I am positive for the future because I think I will win.,I bought 5 lottery tickets today. I am positive for the future because I think I will win
hopeful,"I just found out that my sister in law is pregnant which is so exciting, but she has had a miscarriage before so I'm just trying to stay positive for her and I know things will go well.","I just found out that my sister in law is pregnant which is so exciting, but she has had a miscarriage before so I'm just trying to stay positive for her and I know things will go well."
hopeful,I am hoping that while my son is in a youth challenge program that it will help him become a better person and help him open his eyes before it is to late,My son went into a youth challenge program. I am hoping that this will help him become better person and give him the discipline that he needs.
hopeful,The lottery was over 100 millions dollars and I just had to buy a ticket. I waiting for the numbers to be drawn to see if I won.,"I bought a ticket last week for the lottery, when it was over 100 million dollars."
hopeful,I applied for a different position at work.... I'm eager to hear back,I applied for a different position at work.... I'm eager to hear back
hopeful,i have hope for the future,"i have a lot of hope for the future. i'm going to get married soon, and everything is going to be amazing!"
hopeful,I recently had fun with a friend I had not seen in a while. I want to see him again at some point in the future and I think I will.,I recently met up with a friend I had not seen in a while. I want to see him again soon and I think I will!
hopeful,Final grades are in I am sure that I passed!,"Final grades finally were posted, I know I did well, I havent looked yet."
hopeful,I need a raise from my job. I am waiting for one in the next review.,I have been working so hard and it seems my payment can no longer take care of my bills
hopeful,I used to be pretty buff a couple years back. That gives me inspiration that I can get back to that shape again.,I used to be pretty buff a couple years back. That gives me inspiration that I can get back to that shape again.
hopeful,I recently started in vitro treatments in hopes of getting pregnant. I have been trying forever.,I recently started in vitro treatments in hopes of getting pregnant.
hopeful,"I applied for a better position within my job, crossing my fingers I hear positive news!","I applied for a better position within my job, crossing my fingers I hear positive news!"
hopeful,My wife has an interview tomorrow. I want her to get it.,"Weve been struggling lately, but my wife finally has an interview tomorrow."
hopeful,"There is a man I love so much, but I only know him through internet. I live in Canada and he is from Nigeria. But I have faith we will meet soon and get married.","I live in Canada, but I like a Nigerian man"
hopeful,"I got laid off from my job a couple of months ago. Every week starts off the same. I look for jobs, apply for jobs and yet I'm still unemployed. I try to stay optimistic though that something will come along soon.","I recently was laid off from my job. I haven't found anything yet, but I'm trying to stay positive that I will soon."
hopeful,I have a job interview tomorrow and I can not wait!,"You know sometimes when you just feel like you have to leave a job? Well, that time is now for me and I can not wait for my job interview this week."
hopeful,i think the braves have a great shot at winning it all this year,the braves have a shot this year!
hopeful,how do you feel about the world?,i have hope for the future
hopeful,I didn't do too well on an assignment but i still felt like i could improve my grade for the final exam,"I only got a B- on an assignment i worked really hard on recently, but i'm working even harder now studying to ace the exam!"
hopeful,My mother is sick in the hospital. I am optimistic she will make it through,My mother is sick in the hospital. I am optimistic she will make it through
hopeful,I really hope i got the job i applied for,i really hope the job i applied for picks me
hopeful,This summer heat is almost over!,This summer heat is almost over!
hopeful,"Even when it has been a rough year, I am now feeling that things are beginning to go my way and that the future will be much better.","Even when it has been a rough year, I am now feeling that things are beginning to go my way and I can expect good thing for the future."
hopeful,My new foster dog finally run around last night. She has been very abused and starved but is so young. I didn't know how long it would take her to get better or if she would recover quickly from her abuse. A week in- and loads of progress!,My new foster dog finally run around last night. She has been very abused and starved but is so young.
hopeful,Just got offered a car as a gift. I really needed it.,Just got offered a car as a gift. I really needed it.
hopeful,"I really was starting to believe that, finally I can relax in solitude.","As the day was coming to an end, I was begging to believe that my solitude was perfect."
hopeful,I borrowed some money from my friend. I've a confidence I'll repay this month to him.,I borrowed money from my friend.
hopeful,I just found out that I'm pregnant. Its exciting but also scary because I lost my last baby at 18 weeks along. I'm just really trying to have faith that it'll turn out well.,I just found out that I'm pregnant. Its exciting but also scary because I lost my last baby at 18 weeks along. I'm just really trying to have faith that it'll turn out well.
hopeful,I applied for a new job last week. I am really wanting to get this one.,I applied for a new job last week.
hopeful,"I really want to win the lottery someday, maybe i will?","So this is going to sound crazy but, one day I am going to win the lottery."
hopeful,I am going back to school this month and I always drop classes but I am positive to stay on track this time around to get my degree.,I'm going back to school I am going to stick to my goal and don't stop until I get my degree.
hopeful,"My son enters kindergarten soon, I plan to get caught up on my scrapbooking! Years behind I am!","My son starts kindergarten next week, I am a stay at home mom. I want to get caught up on scrapbooking my pictures of him!"
hopeful,I did really well this quarter at work. I should be getting a bonus because of exceeding my goals.,I should be receiving a bonus for how well I have been doing at work.
hopeful,I know my daughter is going to do well this year in schoool. She is so excited,My daughter isgoing to do great this year
hopeful,"I applied for a new position at work, similar to mine but better pay. I think my interview went well.","I applied for a new position at work, similar to mine but better pay. I think my interview went well."
hopeful,I was thinking I will make a profit in my business,5
hopeful,"I'm in high spirits with my new job, I have a feeling I'm going to love working there. Tomorrow is my 2nd day.","I'm in high spirits with my new job, I have a feeling I'm going to love working there."
hopeful,I was expectant of getting a new phone,Cox my old phone was bad
hopeful,"Some time ago, I interviewed for a new job. It would've been a huge pay increase and something interesting to do so I really wanted the job. The interview went well and I waited for the employer to call me back.",I interviewed for a new job and the interview went really well.
hopeful,I started my new job yesterday. Hoping for a promotion soon.,I started a new job yesterday. I hope I perform well at it.
hopeful,I've been working out now for 2 months and I just started losing weight. I'm now hopeful that it's all worth it.,After 2 months of working out I'm finally losing weight and hopeful it's all worth it.
hopeful,i am really looking foward to see what my husband and i can do by the end of the year.,trying to same money for a trip. trying to get pregnant. just lots of stuff
hopeful,im hoping to win the lottery tonight,im hoping to win the lottery tonight
hopeful,My dog is having surgery on his leg. I am confident he will recover.,My dog is having surgery on his leg.
hopeful,"I am playing in a tournament this weekend, i think we can win",this weekend i play in a tourney i think i can win
hopeful,I am hopeful that I will win my ebay bid,I am hopeful that I will win my ebay bid
hopeful,I was worried for the future when my friend went on bed rest during her pregnancy.,"When my friend went on bed rest during her pregnancy, I was confident that she would have a healthy baby."
hopeful,I graduated and was very excited for the future.,Hey i had a lot of fun graduating!
hopeful,I hate a date tonight.,I have a date tonight.
hopeful,Recently applied for a new job and am waiting to hear if I got it.,I recently applied for a new job and am waiting to hear if I got it.
hopeful,I am finally getting paid enough at work to start saving for my retirement. My future is finally looking good!,I am finally getting paid enough at work to start saving for my retirement. My future is finally looking good!
hopeful,I think I can get much better grades at school this semester!,I'm feeling very motivated and good about school this year. I think I can get much better grades this time.
hopeful,I am praying that I did well on my exams.,I am praying that I did well on my exams.
hopeful,I found a new girlfriend who is more in line with my interest. She is a wonderful person and makes me happy.,So i am really happy now that i have a new girlfriend.
hopeful,I am hopeful that my new degree will land me a better job,I am hopeful that my new degree will land me a better job
hopeful,I was awaiting my college entrance letters.,I have applied to 5 different colleges this year.
hopeful,I have been in college for four years and am only a sophmore. I am going diuble my work load and finish next fall.,I have been going to school for whar seems like forever.
hopeful,"I've applied for several new jobs, and I'm hoping at least one of them ends up working out for me.","My current job isn't working out, so I've applied to several others."
hopeful,I had a move a couple weekends ago. I was really planning on getting everyone done in one weekend.,"I had a move a couple weekends ago. I was really planning on getting everything done, or at least moved over, in one weekend."
hopeful,waiting for college acceptance letters,I'm waiting to hear back from a few colleges about scholarships.
hopeful,I'm planning to buy a house in 2 years,I'm planning to buy a house in 2 years. Right now we live in a small apartment but i really want a nice house with a big backyard!
hopeful,"I really like shoes, and i'm hoping i can get a pair of Yeezy's that are coming out on october.","I really enjoy collecting shoes, and i'm hoping to get a pair of Yeezy's that are restocking this october."
hopeful,When applying to my favorite university. I have one shot at it.,Just sent out all my applications to school.
hopeful,i hope i win the lottery,i hope i win the lottery
hopeful,I know the upcoming election is going to turn this country around.,I know this upcoming electionis going to change the state of our union.
hopeful,waiting to hear if i got the job,cant wait to get the phone call about the new job. i fell very good about it
hopeful,My water heater is busted. I got the line on a great plumber whos reputable and they can do it tomorrow. Looking forward to it being done by the end of the weekend.,It's been a rough day! My water heater is busted. Fortunately I got a plumber coming in that can fix it over the weekend.
hopeful,"My best friend is going to try and drive up to see me next month. Fingers crossed, he'll be able to make the trip.","My best friend is going to try and drive up to see me next month. Fingers crossed, he'll be able to make the trip."
hopeful,I got dumped by this girl but then she said that we could try to start over but slower. I thought it would work out but it didn't.,I really thought that me and this girl were right for each other but things didn';t work out.
hopeful,I feel joyful from my relationship with my partner. The joy radiates from how well we mesh together and always see eye to eye.,I am in a very fulfilling relationship. My partner and I mesh so well together it brings me great joy!
hopeful,I just recently applied for my dream college. I want to get in very badly,I just recently applied for my dream college
hopeful,I just applied for graduate school! I feel good about my chances!,I just applied for graduate school! I feel good about my chances!
hopeful,I think I will pass my college test tomorrow.,I think I will pass my college test tomorrow.
hopeful,maybe if I believe hard enough i can get this job,If I ust believe it hard enough in my heart then its mine!
hopeful,I just know that God is going to bless me.,"I don't know if you're a religious person or not, but have you ever just had the feeling that you've got a blessing on the way?"
hopeful,I have an interview with a local ad agency tomorrow. I hope I get it!,I have an interview with a local ad agency tomorrow. I hope I get it!
hopeful,I just put an offer in on a new house and I am waiting back for an answer on whether or not its mine.,"I'm looking to move! Just put an offer in on a place, looking forward for a positive result"
hopeful,I sent a bid for a construction project,The project was worth more than a million dollars
hopeful,"I have been jobless for 6 months now. Next week, I have five interviews. I hope to be hire in one of those positions.","I have been jobless for 6 months now. Next week, I have five interviews. I hope to be hire in one of those positions"
hopeful,I have my job interview tomorrow. I'm quite hopeful that it will go well.,I have my job interview today. I am quite hopeful that it is going to go well.
hopeful,I feel very optimistic about where my life is headed,I feel very optimistic about where my life is headed. The future is bright!
hopeful,I asked my coworker out. She said yes. I never thought she'd agree.,I asked my coworker out. She said yes. I never thought she'd agree.
hopeful,"When I saw my brother come home from college, it gave me a good feeling. It made me think I could do the same",I got happy when my brother came home from college. It made me think I could go to college one day too
hopeful,I am convinced my family's finances will soon turn around. Hard work and never giving up will be the key to it. I believe it will happen.,"Financially, things will turn around for my family soon!"
hopeful,"I am excited for the football season, I hope the Eagles can repeat!","I am excited for the football season, I hope the Eagles can repeat!"
hopeful,I just had a great job interview. I think I might get this job. I really want it.,I just went a job interview. I feel it went really well. I really wish that I get it.
hopeful,I have a good feeling tomorrow will be fun. We are going to a new restaurant in town,I have a good feeling tomorrow will be fun. We are going to a new restaurant in town
hopeful,I feel so sad to see the world in the state that it is in but I am confident that times are changing and humanity is actually good.,I feel so sad to see the world in the state that it is in but I am confident that times are changing and humanity is actually good.
hopeful,"I'm starting a new job tomorrow. I'm feeling really nervous, but optimistic.","My new job is starting tomorrow. I'm feeling nervous, but really optimistic about it."
hopeful,"I remember when I submitted my CV to a company, I couldn't wait to get a response, hoping that it was positive!","I remember when I submitted my CV to a company, I couldn't wait to get a response, hoping that it was positive!"
hopeful,Got my fingers crossed on getting my EP out on iTunes by mid-September,"I'm looking to get my EP out on iTunes by mid-September...I'm sure people will like it, fingers crossed hoping I get some good exposure"
hopeful,"I really wanted my package to come in the mail today, so I stayed at the window to see if it would arrive.","Damn, I really wanted my eBay package to arrive today, but it didn't."
hopeful,Whenever I see a newborn baby I always think about how I wish their life will be happy and long.,Whenever I see a newborn baby I always think about how I wish their life will be happy and long.
hopeful,My first baby is on the way. I'm going to make sure they have a great life.,I can't wait to December when my first born arrives into the world. I'm going to make sure they have a great life.
hopeful,That everything will turn out to be okay with my health.,I am staying positive that my blood results will come back okay.
hopeful,My favorite store is going through some tough times. They're trying to find another distributor so they don't have to raise prices and lose their customers.,My favorite store is going through some tough times. They're trying to find another distributor so they don't have to raise prices and lose their customers.
hopeful,I was following a sad news story about a missing child but remaining optimistic that they would find the baby.,I was following this sad story about a missing kid just trying to be optimistic that they'd find them.
hopeful,I have been working on my programming skills and I feel like I can get a new job!,I have been working on my programming skills and I feel like I can get a new job now!
hopeful,"While their relationship is rough now, I have to believe that my oldest child and husband will end up with a wonderful relationship.","My oldest and my husband have always had a rough relationship. I've got to believe that as she gets older, it will get better!"
