context,prompt
afraid,"I have to go rescue a dog from a violent household. This place has a bad history and the cops are always there. This might not end well, but I'll work for it to be fine for the dog's sake."
afraid,I was scared when I saw a mountain lion at night right in front of me. I ran to my tent.
afraid,"Anytime I see a bear, I run the other way."
afraid,my health isn't good i'm scared to go see the doctor
afraid,I had to walk through a shady part of town.
afraid,"When I was younger, I went on a trip to my cousins ski home in New York. I am from Florida and didn't know any better and stuck my tongue to a frozen pole when one of my cousins dared me to. I dont recommend it."
afraid,I have to have an important medical test.
afraid,When my house burned down. I had to save my mother.
afraid,I REALLY THINK WE SHOULD BE THIS DEEP IN THE WOODS.
afraid,there have been many instances of attempted abduction in my area. i hate when my wife and son are out without me
afraid,"I am Junior Manager and one night I have to stay at office for whole night as I was having excessive work that day. So, everyone in the office left and I was all alone in the office. There was pin drop silence there and even I can hear the ticking of the clock. Even a single noise scared me that time."
afraid,I felt a bit terrified when i was hit by a drunk driver last year but i am very grateful to be alive to today
afraid,A spider dropped down in from of me while driving once. I almost lost it.
afraid,I was walking down the sidewalk at night. I thought I saw the same car following me from a distance
afraid,I was so scared to go into my apartment building at night. So many roaches!
afraid,"I was walking home alone from a friend's house, and it was really dark. When I get close to my home, I see a figure moving behind me. I freaked out, but it was just my shadow."
afraid,Watched scary video late at night
afraid,"I'm scared of the dark, but I have to walk home from work in the dark. It is really nerve wraking."
afraid,I saw the biggest spider in my life near my bed this morning. I've been scared of seeing another one all day...
afraid,"Lately, my two year old boy has been so much into wearing dresses and playing with babie dolls,i don't even want to think of it."
afraid,"There's this tree outside of my apartment, and the way it's illuminated it looks like the silouette of a person, which startles me sometimes."
afraid,"I was lost in a neighborhood I didn't know, when some guy came up to me and quietly asked if I needed a ride."
afraid,I don't think I' going to like this semester. I didnt get any of the classes I want
afraid,I was cleaning out my basement and a giant rat jumped out at me. I nearly jumped out of my skin. It ran away and now I can't find it anywhere!
afraid,Our home was broken in to 2 months after we purchased it.
afraid,I heard a noise im my garage and was concerned since it was late at night
afraid,I saw a mouse in my kitchen this morning.... scary little animal
afraid,I saw where someone escaped the local jail and is on the loose. It has me on edge.
afraid,"My friends took me to a club for the first time a few nights ago. I've never been, obviously, so it made me nervous and scared"
afraid,One time I saw a ghost in my living room. I was absolutely terrified.
afraid,I woke up the other day to REALLY loud knocking at my apartment door. I don't know who it was because I didn't answer the door.
afraid,"Last week, when I was going to the office, I stopped by a cafe to get a coffee. There I saw a young man watching angrily at me. He even has a gun in his hands. I was very much frightened."
afraid,I was scared when i had t go home alone the other day
afraid,Our home was broken into shortly after we moved in. I am still scared about what happened.
afraid,The power went off for a few minutes last night. The noise it made was pretty scary
afraid,MY son likes to hit his head on things when he is upset. I think he might realy hurt himself
afraid,I hate wasps so much. They always seem to get into my apartment somehow and I turned into a little girl!
afraid,afraid that my daughter will be bullied
afraid,"I keep hearing noises coming from the basement. I want to go check it out, but I'm somewhat afraid."
afraid,I'm scared to move
afraid,I hate hate hate riding on trains!
afraid,I'm afraid to leave my current job (which I hate) because I might not be able to find work that I enjoy that pays well enough to live on.
afraid,I'm afraid of what the future has in store with overpopulation and unemployment.
afraid,I forgot to make my student loan payment this month. I'm scared it will affect my credit score.
afraid,I think I'm getting new neighbors. I'm scared they will be jerk like the last ones
afraid,"After been beaten by a mosquito last night, I am very scared of sleeping in my room"
afraid,One time someone came to my door with a gun. He robbed my house
afraid,I went to the movies recently and saw the most scary movie ever. I couldn't sleep!
afraid,one day for that time my sister marriage to vey afraid.
afraid,"I remember back when I was younger my parents and I had rooms right next to each other. One year my parents decided to finish their basement and make it a master suite for themselves. I thought it would be great! I was so wrong. I was terrified for many months to sleep ""by myself"" and ended up sleeping on a couch in the basement."
afraid,Once I was super afraid b/c there was this guys following me and my mom at this grocery store. I wasn't sure what to do about the situation so I told the manager at the store and he had someone walk me and my mom out to my car so we would be safe.
afraid,"When a tornado warning came on the screen, I was scared. I thought it was coming for us"
afraid,A car was following me as I was walking home. I was so scared.
afraid,I went to Cuba to visit some family members and met up with some friends to go to a bar. It was like 3 AM when we were walking back home and there were these guys hiding in the shadows looking at us. We ended up running very fast but they never followed thankfully.
afraid,One time a hurricane hit my city and it was so windy I couldn't sleep that night. I thought the wind would tear the roof off of the house
afraid,I got new neighbors and I don't think they are too nice. I don't want to speak to them
afraid,I owe some guys some money after playing a poker game. They know where I live and I see them driving by late at night.
afraid,I am rewatching game of throne. I always get scared when there are white walkers
afraid,"i have to take a business trip next week, I 'm not looking forward to flying"
afraid,I feel a bit scared sometimes living alone in a rough neighborhood. I have dogs..but I don't have a weapond.
afraid,I heard a loud sounds from downstairs.
afraid,"When our home was broken into, right after we moved in."
afraid,I always have this feeling that someone or something is always behind me.
afraid,Our electric went out for the whole night. It was so dark and scary.
afraid,"This is going to sound silly, but yesterday I realized when I went to change a diaper that I could not find a single baby wipe in the house. I didn't know what to do and did not have a car until my fiance gets home from work later that night. I was scared I wouldn't have a way to like.. change diapers!"
afraid,When I was a child I was in a destructive tornado.
afraid,"I am sometime to afraid to speak in public, for example, during meeting at work."
afraid,i was scared being home alone last night
afraid,"I got an phone call from someone I used to know. It was threatening in nature, and I am scared."
afraid,playing silent hill one
afraid,last night I heard a windows shatter in my house and i was home alone.
afraid,I was scared of the spider in my bathroom.
afraid,I think my husband is cheating. I'm afraid to find out though.
afraid,"I was out walking down the street at night, it was scary and dark and I felt like I was surrounded by unnatural beings."
afraid,I am worried I will not be able to go to my fathers birthday party.
afraid,i was scared walking home alone last week
afraid,I was driving home from work late at night and noticed a car following me. They made every turn that I did. I was all alone and this was before cell phones.
afraid,I do not like to be in the woods at night. The coyotes make scary noises!
afraid,"Right after I had my baby, my husband was working second shift so he didn't get home until 2am. I was changing the baby's diaper and the changing table was right in front of a window. The front porch is right in front of that window. As I'm changing her diaper, I hear people running up and down the porch and banging on the walls. After that, I changed her diaper in the living room until my husband got home. I'm glad all the doors and windows were locked."
afraid,when a dog was running at me in the dark
afraid,The other day I was walking in the bushes alone and I was scared when I heard noise behind some bushes.
afraid,I am really not liking Mondays.
afraid,the braves are really good. i just dont know if we have the pitching to make a run
afraid,I found a copperhead in my backyard.
afraid,I woke up in the middle of the night because I thought someone was trying to get in my window.
afraid,I haven't seen a horror movie in so long. I don't know if I can take watching one this weekend with my friends.
afraid,when my job fired me during maternity leave
afraid,I have a big test next week and I am super nervous.
afraid,I was out in the woods naked.
afraid,Yesterday I came across a huge snake in my back yard!
afraid,Last night I heard a weird noise outside. It really scored my wife and I.
afraid,"I had decided to go visit my brother out of state by driving, but as soon as I got on the road it started snowing heavily. The farther I drove the worse the snow got, and I was unprepared for it. I was in a very rural area, hundreds of miles from a major city, and the snow started covering up the road such that I couldn't even see the lines or where the ditch started. I ended up turning back and cancelling the trip."
afraid,In a way I'm scared to show love or get close in a relationship. I mistook pity and infatuation for love and ended up being miserable. Am I gonna let that happen again? Hell no
afraid,The power got cut randomly at our house in the middle of the night. No storms near by or anything. I was really worried something had happened!
afraid,My wife and I have been quite scared lately. There has been a rash of burglaries and robberies in our neighborhood lately and some have involved violence against the home owners!
afraid,I have been watching a new show. I am afraid to watch the new episode
afraid,I got lost when I 8 at the county gfair. I was looking every where for my mom and could not find her I sated crying and didn't no what to do.
afraid,Once I studied really hard for a physics quiz and then I tried to set an alarm to wake up for it. Instead I slept through it and thought I was gonna get a zero on the quiz.
afraid,A man was chasing after me because I did not give him money. I was scared for my life.
afraid,I'm scared my car may be on it's last legs. It keeps overheating on me and I don't understand anything about cars.
afraid,My son has been having stomach pain for months now and the doctors can't figure out what it is. They basically say he has to get worse for them to find a diagnosis if some new problem comes up. I'm so scared.
afraid,I think i will lose my teeth and its shaking
afraid,I am frightened that i will lose my job.
afraid,"I really do not like water, I can't swim."
afraid,I'm so scared of bugs
afraid,I am so scared of my dog dying.
afraid,I'm scared because both of my parents will not be with me too much longer.
afraid,I heard a noise outside my window last night that sounded like someone tapping on the window. I was terrified. It turned out to be a bird on a tree limb.
afraid,My daughter screamed because there was a humongous spider on the kitchen floor. It turned out to be a pretty small one.
afraid,A wasp was in my room this morning.
afraid,"I've recently visited a 800 year old city, the architecture there is so beautiful."
afraid,"I saw this scary movie the other day, and it completely freaked me out!"
afraid,I really do no like worms.
afraid,I was at the park today and almost stepped on a rattle snake. I almost jumped out of my skin.
afraid,when the lightening hit near my house and we had a storm
afraid,Not long ago we had a storm that was horrible. Couldn't even see 5 feet outside the windows. The next thing we know all of our phones went off telling us to seek shelter while a tornado went by.
afraid,when someone was pounding on my door hard
afraid,I was so afraid to go to sleep when I was a kid. I thought monsters were under the bed.
afraid,"i have to go out of town, i am not looking forward to flying"
afraid,We are relocating for my husband's work. I'm excited but scared
afraid,My ex is coming over to talk. I'm scared that he wants to make up. I don't
afraid,I went to a haunted house.
afraid,"I am scared Carson Wentz will never be the same after his injury, it was brutal"
afraid,School is starting up soon and I'm worried I may not be able to keep up with all of the homework.
afraid,I was worried that I wouldn't make it to the bank in time to make my deposit. I didn't want my checks to bounce.
afraid,i was scared yesterday when i was home alone
afraid,I am sitting in my house right now. The power just went out because of this big storm!
afraid,I just finished cleaning out my a/c condensor. But I'm worried I might have cut one of the electric linies
afraid,i was scared walking home yesterday
afraid,"Two years ago, i was admitted in hospital. I was not well. I felt afraid whether i would be alive. But fortunately, i am live"
afraid,I was in a car accident.
afraid,I'm going to an amusement park tomorrow. I don
afraid,I was walking home alone one night in a bad part of town and I thought I was going to get robbed. I was scared!
afraid,I am going to try my grandmas recipe for dressing today. I am scaerd I won't do it justice.
afraid,scared that my daughter will grow up and be bad
afraid,I dont like uncertainty. I like to know what is going to happen.
afraid,I saw a neighborhood report that someone is breaking into houses and watching people sleep. Creepy! I want to buy a million locks.
afraid,"The first time I saw the move ""The Ring"" I was afraid to go home to an empty apartment!"
afraid,when i was going for an interview i had a crazy feeling
afraid,i felt scared walking home alone the other day.
afraid,i thought someone was breaking i
afraid,I get scared walking around my neighborhood. I dont unless I really have to
afraid,I hated waiting each day to see if a college acceptance letter came in
afraid,I was in a car accident one time. I could see the other car coming at me before the impact.
afraid,i get this situation in midnight
afraid,I have been watch thing new stephen king series on hulu. It is frighteneing.
afraid,My dog pooped on the rug today. I am so scared to pick it up.
afraid,I hate bugs and insects so much. I've called pest control but I still have them everywhere in my house. I'm so scared of them crawling around all the time...
afraid,i was scared going home alone the other night
afraid,I went to the store. When I got there the place was being robbed!
afraid,I was waiting in front of a store one day when a man approached me and whispered something scary in my ear. I was not pleased.
afraid,"I do not like being around cats, they scare me."
afraid,I am scared of Trump right now.
afraid,the first time i got on the rattler
afraid,I do not like the dark.
afraid,"Ten years ago now, a massive hurricane forced my family to evacuate. I didn't know if there would be anything to come back to."
afraid,OMG I was so scared. There was a ghost in my bedroom.
afraid,One time i heard someone outside my window.
afraid,There was a giant spider in my bathroom. I hate spiders!
afraid,I was really frightened the other night. I was home alone and there was a big storm.
afraid,Our lights went out last week during a storm. Its was only for 15 minutes but I was so scared.
afraid,"One night, I was just done reading some really scary stories and my door suddenly opened on its own. Upon closer inspection it was my cat opening it since it wasn't completely closed."
afraid,I was watching my dad's house last week and I heard some odd noises while I was there alone.
afraid,I am afraid of who will move in next door to me.
afraid,I had to work late the other night and had to walk out to my car alone. It was very dark outside.
afraid,I was so scared but I went skydiving! It was a great experience and I'm so glad I was able to overcome my fears.
afraid,"i was driving along a lonely street,however i've heard that some notorious hoodlums hang out there"
afraid,i was scared the other night when i had to walk home alone
afraid,I am going to my first haunted house this October! I don't know why I feel so scarred!
afraid,Our youngest daughter fell down our back stairs and hit her head on the bottom step. She started throwing up about an hour later and we went to the ER.
afraid,"I don't know what that thing is, but it has way too many legs for my comfort."
afraid,We had a storm last night and lost power. I couldn't find a flashlight. It was so scary.
afraid,I had to investigate a noise coming from my backyard at night.
afraid,I have a presentation to do at work tomorrow and I'm not prepared. I hope I don't mess up.
afraid,When I was a child I was chased by a pitbull and I was very afraid. Dogs had always scared me at that age
afraid,I am scared of another hurricane coming through Florida. I had a bad experience last year.
afraid,My husband wants to go parasailing together when we go to Mexico next month.
afraid,Lately I hav been hearing some big monkeys howling up in the mountain. I hope they don't come down near my house.
afraid,Standing in front of the judge for the first time and him telling me i am going to prison for years. that is scary.
afraid,A group of students at the university are extorting money from me. I am too afraid to go back to the university.
afraid,My friend got into accident last month. His leg might be removed!!
afraid,I was really scared once when I thought I would be homeless
afraid,"I was watching going down youtube rabbit-hole last week when I stumbled on this dark web stuff. There was a video about how you could contact hitmen. Eventually it lead to the guy who made the video meeting a supposed real hitman and it was a weird experience. The guy was very sketchy to say the least. I wouldn't be surprised if it was fake, but the possibility of people out there like kept me up that night."
afraid,"I was in a situation where I was standing outside with a group of friends. Out of nowhere, gang members showed up and pointed a gun at us. This was alarming to say the least."
afraid,I don't like the dark. I am worried about something bad happening.
afraid,Today when I was walking home from the park a pit bull was chasing me. I was scared for my life.
afraid,I am afraid of the upcoming economic crisis in the USA
afraid,I am scared to ask my landlord for an extension on the rent this month. She isnt tht nice.
afraid,"A squad car cut in to my lane head on the other day and I had nowhere to go, I was on a small crossbridge and he would not slow down at all. I could see that he was looking at the seat next to him and not straight ahead so I threw my car in reverse and hauled it."
afraid,I was afraid when I went into the movies alone
afraid,I sat on the worlds scariest rollercoaster.
afraid,I got pulled over and almost got a ticket.
afraid,We had some storming last weekend. It was pretty scary
afraid,I was watching a horror movie all by myself one night. It was really scarey
afraid,I used to be scared of sparring in the ring because guys 3 times my size would usually kick the crap out of me.
afraid,I think my new neighbor is creepy. I want to move.
afraid,"One of the neighbors has a white husky dog. I was walking one day and it approached me and started growling, i thought it was going to bite me."
afraid,I have to go to court and I was didnt follow through with what I told the judge
afraid,Riding coasters next week :/
afraid,I've been worried about money a lot lately.
afraid,A person tried to break into a store I was working at to rob it. They didn't get in but it was highly stressful.
afraid,"Anytime I see a earthworm, I run away. I am so scared of them."
afraid,Driving always scares me. I've seen some pretty bad car accidents with fatal injuries on the internet and it always crosses my mind while driving.
afraid,My brother is getting out of jail next week. I'm afraid that he knows that I'm the one that turned him in...
afraid,"My car broke down yesterday and they say it might be the transmission. If so, I'd need a new car and that's hard to do right now"
afraid,"I had to go to the doctor recently to get my foot looked at, always makes me scared going there."
afraid,I am going to rock climbing for the first time this weekend and I do not like heights
afraid,There might be a hurricane in my area soon. I am worried our house may flood and we may be without power for awhile.
afraid,I am old. I am seperated from my wife. I live far from my children. For pragmatoic reasons I am the one that can file for divorce. I do not want to die alone.
afraid,I was nervous when it was raining real bad last night. I hate storms
afraid,I was so scared to go to sleep at night. I thought monsters lived under my bed.
afraid,Last year a tree fell on my house while my family was at home. The tree broke through the ceiling just a few feet away from my daughter. The experience was terrifying.
afraid,"The way interest rates are these days, i'm so scared to go get a car loan"
afraid,While working at a restaurant I was robbed
afraid,I was traveling internationally literally the day after a high level travel alert was issued for the region I was going.
afraid,One time there was a homeless guy running towards my car
afraid,I was on vacation and I saw a ghost at a hotel. I couldnt fall asleep the whole night. It was so scary
afraid,At a haunted house we explored. It was very spooky.
afraid,when it was dark in my house and something made a noise in the kitchen
afraid,"I am afraid of growing up, I am just now an ""adult"" but not ready to fend for myself yet"
afraid,when my daughter choked on a piece of food
afraid,I was deep in sleep last night and I heard this loud bang on the side of my house and woke right up wondering what was going on.
afraid,"I was so scared when my car spun out of control in the snow, I had never been in that situation before"
afraid,I felt afraid walking through a shady part of town.
afraid,I changed my transmission fluid today. Hope I did the right thing
afraid,The doctor told me my blood pressure is too high. I'm scared I may have a stroke.
afraid,I was scared over the weekend. All it did was rain and storm
afraid,I kept hearing odd sounds at night... I think there is a racoon in the attic!
afraid,I had a bad nightmare last night.
afraid,I haven't heard from my friend in 3 days. His family doesn't know where he is.
afraid,My friend hasnt been feeling well lately.
afraid,i was scared walking home alone
afraid,I was home alone the other night and I heard a loud crash in the other room. It turned out to just be the dog ran into a shelf and knocked something down but it was scary.
afraid,When I was a child I was in a tornado.
afraid,For the last three nights I've been hearing really creepy sounds just outside of my bedroom window. I'm not sure what it is but it's scaring me.
afraid,I was afraid when my dad used to scare me and my brothers
afraid,I am afraid that the Russians are going to take over the USA.
afraid,I was so frightened when it was thundering last night the loud sounds seemed like my house was shaking.
afraid,I am feeling all creeped out. Been watching crime shows all afternoon.
afraid,I rode on an airplane last week and there was so much turbulence! I was so on the edge!
afraid,A thunderstorm raged all of last night! It kept me awake all night!
afraid,I went out to get the mail and there was a snake right up against the house. I was freaked out.
afraid,I had been looking a pictures of car crashes. Now I am afraid to drive anywhere. Seriously I can hardly go anywhere a car might be.
afraid,3
afraid,I heard a noise downstairs in my kitchen. I am home alone and i am scared to go see what it was
afraid,I'm going to be across the ocean from my girlfriend for school.
afraid,Last week there was a large spider on my wall.
afraid,I was scared driving home last night. I felt like a car was following me
afraid,I had real fear when a tornado was close to my home. I thought we might die
afraid,"I heard this strange crash noise in the garage. I thought it might have been an intruder, but it was a raccoon!"
afraid,It is so dark in my house. I keep hearing creepy noises.
afraid,"I went to the optometrist, and my prescription got strong. She warned me about being at risk for losing my vision."
afraid,"Wasn't able to register for one of the classes I need to be on track to graduate in my last year of college. Have to contact the school and see if they'll be able to make an exception and squeeze me into a full class, or I don't know what I'll do."
afraid,I am really worried that I will miss my flight tomorrow.
afraid,I watched a scary movie with my boyfriend. Ever since then I have not been able to sleep.
afraid,i'm scared of people who speed
afraid,Our home was broken into shortly after we moved in. We are still cautious today.
afraid,I am terrified of clows
afraid,I think my car has quit for good now. I am scared about how tough it is going to be for me now
afraid,when my daughter was born
afraid,i was robbed
afraid,"Got into a small car accident the other day. Everybody was fine, both drivers and passengers. It was totally my fault though.. and now I'm worried about the insurance rates afterwards. I'm a college student, and can't afford much more"
afraid,I love to hear the rain falling but seeing the lighting and hearing the thunder makes me shudder.
afraid,I watched a scary movie the other day while i was at home alone.
afraid,My hamster got out of its cage and I haven't been able to find him. I hope he's ok and hasn't gotten hurt
afraid,I was wondering around a abandon building once. I started to hear banging and crawling in the walls. I couldn't move a inch.
afraid,There was once a mouse in my kitchen. I almost died.
afraid,"I'm not a big fan of water, like oceans, lakes, or rivers. Recently my husband's family invited us for a weekend at their cabin which is on a lake. They have a pontoon so I thought we'd just fish and hang out. My husband made me get in the water. I was so terrified something was going to eat me."
afraid,I was very worried the they told me I needed heart surgery.
afraid,"While i was sleeping the other night, my house alarm off. it was scary"
afraid,I saw a creepy looking clown peering at me through the window. I almost jumped out of my skin. I ran into my basement and hid in a closet.
afraid,I watch so many scary movies that I haven't been able to sleep alone in years due to fear.
afraid,"A big wind storm blew through my town and knocked over trees. I looked outside and saw one of the trees in my yard was uprooted. I worried that at any moment I'd hear the crash of a tree or branch on my room, or the sound of breaking glass."
afraid,I am not sure I am brave enough to walk alone at night anymore.
afraid,"I had to get my foot checked out at the doctor, always makes me scared going there."
afraid,I have been having horrible stomach pains and have followed everything my doctor said to do but nothing is helping. I am worried that something is horribly wrong!
afraid,I was afraid when I saw that horror film in the theater
afraid,Ok.. I was driving across S. Dakota last summer at night. Its super dark and you can see all the stars. Then my car broke down.
afraid,I'm scared a tornado will come in and destroy my city
afraid,I am worried I won't have money for rent. I am scrambling to try.
afraid,When my house burned down in middle school. It was in the middle of the night.
afraid,I have a meeting at work tomorrow that I'm suppose to give a speech at and I'm a bit nervous.
afraid,We were under a significant storm warning. The sky turned dark and the wind began to blow harder.
afraid,Someone got shot near my house the other day. I am terrified now and want to move.
afraid,"There is an abandoned school an hour drive from my house. It is said to be haunted. A group of friends and I decided it would be fun to go check it out. Once we arrived, I was so scared that I could not even get out of the car!"
afraid,"Tomorrow, I have surgery. I am so afraid of it."
afraid,When I got in to a car accident and injured my arm. The car was on fire.
afraid,I am scared these days.
afraid,Our home was broken into right after we moved in and I felt this way.
afraid,"Have to do a long road trip tomorrow to visit an ailing family member, but the scary part is it's set to be thunderstorming for a big stretch of the drive. I've never done well driving in the rain"
afraid,My fiance found a snake in our yard the other day! It was terrifying!
afraid,I was so scared to sleep when I was a little kid. I thought there were monsters in the closet.
afraid,I am going on a flight for the first time in a couple weeks. I am really scared for some reason!
afraid,i was scared to walk home last night
afraid,I really get nervous when I have to drive.
afraid,I think a mouse is in my kitchen again.
afraid,I was at a scary maze and one of the people there actually scared me! It was super funny afterwords
afraid,I am worried my cancer may return.
afraid,i hate when my friend speeds down the interstate for no reason whatsoever
afraid,I was scared last week when it stormed. I hate rain and thunder
afraid,I'm scared I'll never get married and settle down
afraid,My son came home on his birthday really drunk. I thought he was going to go to jail. He kept trying to walk down the street and fight my other kids. We had to call the police to calm him down. He went to sleep after that.
afraid,There is a wasp nest in my hallway outside of my apartment. I have to use the back door now.
afraid,someone breaking in
afraid,We went camping in the mountain. We did not know it was bear season. There were a lot of hunters and hunting dogs in the area. They were chasing the bears into one area.
afraid,I just went to a late night showing of insidious. I almost wet myself from the shock at certain parts.
afraid,i was scared when i walked home last night
afraid,I was always afraid to go to sleep when I was a kid. Thought monsters were under the bed.
afraid,"It's really stormy right now. I keep glancing outside my window, hoping it doesn't get worse. I sure wouldn't like to see a tornado."
afraid,There's 2 escaped convicts loose in my town! They were last seen in my neighborhood!
afraid,A man was following me home last night. I had to walk really fast to avoid him catching up.
afraid,When my house burned down in junior high. I had to rescue my parents.
afraid,"I watched a horror movie last night. I was so scared, I nearly cried."
afraid,Last week my dog got really sick.
afraid,i was scared to walk home yesterday
afraid,I am home alone this weekend. I do not like that. It gets too quiet.
afraid,I was pretty scared when it stormed last night. I do not like storms
afraid,One time me and my friends went to the movies and one of them ate some edibles (weed) and started to panic. I got really worried that something might be wrong but he was just too high and we just waited until he was more sober after we left the movie early.
afraid,I was cleaning the yard and uncovered a huge nest of black widow spiders!
afraid,There were really loud storms last night. I have never liked thunderstorms and I thought my windows would break.
afraid,I was playing a VR game home alone. It took a really creepy turn.
afraid,I am scared of the police.
afraid,i cant wait for monday!
afraid,"MY daughter keeps begging me to watch IT. I am going to tomorrow, with all of the lights on."
afraid,I remember one time I went somewhere with a friend while they were driving. They were weaving in and out of traffic while texting on their cell phone and messing with the radio all at the same time. I wanted out of that car.
afraid,"I was in a neighbors house when they weren't there (I had a key) which was not uncommon. I heard voices and felt like there was a ghost in the house,"
afraid,I went outside my house yesterday and there was a big snake in the driveway!
afraid,I have to go to court for a speeding ticket and i am worried and nervous over the whole ordeal.
afraid,"My cat hasn't been feeling well this past week, I think there might be something really wrong."
afraid,My daughter passed out one day last week.
afraid,I saw a scary movie last night. I was so frightened by it!
afraid,i used to scare for darkness
afraid,I felt afraid when I was in a car accident. I was rear ended and my car was totaled.
afraid,"I'm never home by myself, but a few weeks ago I was. There were these men running up and down the street in our neighborhood just screaming and yelling. Turns out it was some sort of domestic issue and the police came and arrested them."
afraid,"When my son was born, I was pretty worried. We knew that something wasn't quite right, so we weren't sure what to expect."
afraid,i am concerned about my father
afraid,I was so scared to sleep at night when I was a kid. I thought there were monsters under the bed.
afraid,I felt scared when I had to go to the doctor to have a lump checked out on my side. I thought it was going to be for the worse.
afraid,On Halloween I was nervous to go out at night. I was scared people were going to kidnap me
afraid,I have kids aged from 14-21. I am always worrying that something bad will happen to them. I couldn't live with myself if something did. I love them so much!
afraid,once upon a time i am go for the market at that time one man for very hungry because some food for provide the man .
afraid,I was so scared when i went to watch the new conjuring movie in the theatres at night. The movie was terrifying.
afraid,It might storm tonight. I am a little scared to be honest
afraid,I think my boyfriend is cheating on me
afraid,My cat was acting weird earlier. It was starting to scare me
afraid,When my house burned down in the 8th grade
afraid,Before my final exam on of the semester. I needed a 90% to pass.
afraid,I worked one job where I was always the last person to leave the building. I hated going into the empty parking lot by myself.
afraid,I am concerned about the financial situation of my employer.
afraid,"Last year, someone was kicking on our front door late at night. I looked out the window apprehensively to see it was my cousin. She was drunk and had knocked but we hadn't answered."
afraid,i was scared walking home alone the other night
afraid,I left my room at night and a bat flew at me.
afraid,There's a hard bump on my arm. I don't know what it is.
afraid,I get off work late at night. It's really scary walking home in the dark.
afraid,I was so scared of my uncle. He is so mad at me for not graduating.
afraid,i was scared walking home last night
afraid,Being alone in a foreign country.
afraid,My friends want me to scuba diving with them. I really don't want to because I worry about sharks and other creatures.
afraid,I keep hearing noises outside my window. It sounds like scratching.
afraid,"Though I'm confident in my mental and physical resources I fear the worst for most people in my generation sometimes...especially in a hypothetical World War 3 scenario, or some type of global calamity occurring...every soft little punk wussy Millenial would just go to pieces"
afraid,I was terrified to walk home from the bar one night. There were gunshots nearby
afraid,I went to a haunted house and just couldnt bring myself to step inside
afraid,"I did not have a car for a few years and just recently bought a new one. I was scared to drive at first, especially on the highways around here. People drive like crazy people and didn't want to get in another accident. I am getting used to it now though."
afraid,I am afraid of flying cockroaches
afraid,"it's monsoon season here where i live and I can hear the thunder rumbling, I hope we don't get flooded. I'm pretty scared."
afraid,I saw a spider running across my desk and screamed
afraid,I have to have suregery soon. I am scared
afraid,My brother is in the hospital and is very sick. I am very scared
afraid,I do not like being around bats.
afraid,"I used to get terrible nightmares, it made me have trouble sleeping."
afraid,"I missed my purse in bus. I'm not sure how i will go home, its late at home"
afraid,"During a storm in the middle of nowhere, my car broke down. I didn't have cell reception and was stuck on the side of the road in a really bad storm by myself for a few hours"
afraid,My exam results are coming back tomorrow and I am scared to look at them.
afraid,I am afraid of clowns.
afraid,I think I'm going to get evicted.
afraid,"When I was a kid, I got chased down the street by our neighbor's dog. The school bus showed up just in time and the driver helped me."
afraid,I was home alone and someone was in the carport looking in a window
afraid,I had to live in a haunted house for a month
afraid,"I have to go rock climbing with some friends. I have practiced climbing indoors, but have never done a big climb outside so who knows how it will go."
afraid,I have a doctors appointment tomorrow. I am afraid of what they might say.
afraid,I thought I saw a ghost in my house last night.
afraid,I was camping last weekend in a tent and I heard some animal walking outside our night one night. When I woke up we seen these large footprints that were nothing like any animal we've seen before.
afraid,"Last night, I dreamt that I was riding around the road on a motorcycle, and at one point almost fell of making a quick sharp turn."
afraid,i am so scared i want to finish all the book today and i may not be able to finish it
afraid,My neighbor is a drug addict. I hear him talking alone and I see him having weird behavior.
afraid,I didn't prepare for my exam yet. I anxious about my tomorrow's exam.
afraid,"I have been diagnosed with psoriatic arthritis and the pain is horrible. The problem is, the medicine that my doctor wants me to take has side effects that are worse than the pain, so I don't want to take them. That means I have to suffer through the pain."
afraid,Recently my husband and I were traveling home from visiting his family when all of a sudden this car cut us off. We had to slam on our brakes not to hit them. It was so scary!
afraid,We went to see The Meg yesterday. Now I'm terrified of the ocean again. Way to go LOL!
afraid,Alone while family was at a party when someone rammed a quad into the garage.
afraid,"A while ago, I was riding in the car with my uncle at night to get some food. He had a few drinks earlier and we ended up getting pulled over."
afraid,Roller coaster riding next week
afraid,"I am sort of scared of growing up, it can be daunting"
afraid,Afraid of my dog dying
afraid,I was very scared when flying for the first time.
afraid,I'm going skydiving in a few days. I've never been before so I'm quite nervous about it
afraid,"My nephew was racing around our house, and fell head first into the corner of a bookcase. There was a ton of blood and I had to take him to the ER. Luckily, it was better than it looked and it wasn't a huge deal."
afraid,"My friend's eyes keep hurting at night. She's been to the doctor, but they can't find anything wrong with her."
afraid,I got stuck in an elevator recently. I was so scared that I would die in there.
afraid,My dog has to go stay at the doggie daycare for a couple of days so I can go to a wedding. Im scared that she will think I am leaving her there and never coming back and I dont want her to feel that way.
angry,When I was listening to music at the gym
angry,Someone broke my window with a soccer ball.
angry,i was pissed when i was told i couldnt leave work on time
angry,My dog decided to pee on my bed when I wasn't home. I just cleaned it too!
angry,My nephew told me once of something really stupid that he would do if the situation arose.
angry,These people at work are so disrespectful and racist!!
angry,I went out to my car one morning to go to work. Some kids in the condo complex had thrown food all over the top of my car.
angry,It really gets underneath my skin to see a child try to bully another child especially if it comes to my family members. I become a fierce protector and do my best to keep the peace. I have a look though that seems to work best.
angry,Our home was broken into when we moved in and it made me so mad.
angry,"When working on a group project at work I came into contact with someone I was working with who just DIDNT take the TIME to READ the DIRECTIONS. Because of that, the project took too long and neither of us got paid for it. Made my blood boil."
angry,i get so frustrated with my slacker coworker
angry,I was at the grocery store today using self checkout. A man was checking out beside me and he took my receipt!
angry,"I'm tired of being harassed by this corrupt city. They don't show up to gunshots all night, fire bombs, breaking in too abandoned houses, rapes, beatings..but they care if my own car is parked on a lawn that I mow????"
angry,Recently my manager lied to us. He changed our money and took the bonus away.
angry,"I woke up this morning, and my mailbox had been smashed in. I think the neighborhood teens had smashed it with a bat."
angry,My boss said that I was rude to a customer earlier this year and that is why I am not getting a raise.
angry,I love my girlfriend but she can get me so angry
angry,I think someone stole my headphones recently.
angry,Someone cut me off in traffic today
angry,I am so mad. Someone took my crystal ball.
angry,I just bought some honey buns and the entire box is gone. I didn't even eat any.
angry,"I was supposed to close on my house this weekend, but the people are refusing to move out!"
angry,When planning my wedding the caterer we were trying to hire was completely ignoring my wife every time she tried to talk to her.
angry,Some left their garbage outside of the dumpster in my apartment complex. Now at night there are a bunch of raccoons outside.
angry,I was driving down the highway and a semi-truck doesn't even look and just merges into my lane. I had to swerve over and luckily there wasn't a car there.
angry,"I am mad at how the Eagles played the other day, they lost to the browns"
angry,"Went to a fast food place, and they messed up my order. I even repeated it twice, and had them double-check with me again after that! I know they're under a lot of pressure and work hard, but why is order accuracy so hard..."
angry,"I would be angry if a truck full of rotten salmon smashed through the wall of my room right now, if I'm being honest. Not only would it destroy most of what I own, but it would also make the place smell awful for months. And I mean, the smell is a bit more important, let's be real."
angry,My kids don't like to listen and it drives me crazy.
angry,I am mad at my brother because he broke my bike. He always want to use my stuff and break it.
angry,My internet company tried to deny having someone come out to fix my internet. It hasnt been working for 3 months.
angry,I was upset when my dog tore up my living room couch
angry,All my cucumber plants died this week due to too much rain
angry,i was upset whewn i saw someone had put a dent in my car door
angry,One of my roommates left without cleaning his room and the school charged me and the other two roommates 100$
angry,I applied to get a new passport. They have lost my paperwork.
angry,i hate when i see people homeless in the street i dont know if i should get mad or sad
angry,I am getting more mad at my landlord. They are not doing what they promise to do
angry,My boss fired me because I kept making him look bad. I am so mad about it!
angry,I lost my mind and lost temper when i came to know that i will not get my deserved promotion
angry,A man poured a beer on me at the bar. I was so upset at him!
angry,My friend has promised me that he would drive me to the airport for my flight. He never showed up and I missed my flight.
angry,Im tired of paying rent. Id rather have a mortgage and own my home
angry,I just found out my husband is cheating on me. I am so disgusted not sure what to do next.
angry,"We paid 600$ for a cruise, but they canceled it with not refunds one week before. so mad"
angry,My workers did not perform the task to satisfactory standard.
angry,I got pulled over for speeding the other day. I know I wasnt speeding because I had my cruise control set. Im so mad
angry,My neighbor ran into my car! They didn't even leave a note!
angry,Someone hit my car in the parking lot.
angry,I called my bank to resolve the issue regarding them blocking my debit card. It took me hours until i could get to a representative
angry,My dog keeps going into my garbage and throwing the contents onto the floor. I don't know how to get him to stop and it's frustrating as all heck.
angry,I spilled coffe all over my keyboard.
angry,I remember there was a TV show on called Hero's and it was awesome they had 2 seasons and I watched them religiously every week when new episodes came on and after season 2 they decided to cancel it and I never found out what happened to the characters that I was invested in and it made me so freaking mad
angry,i went out with a couple friends to a local bar and we were having a great time. then my friend said he was going to step out and do some drugs and i knew my friend for years and i told him no just stay and party with us but he declined and i started yelling at him and he punched me. i felt like he chose the drugs over our friendship
angry,"My partner nags almost about every detail in our relationship. Just yesterday, she criticized my taste for clothing style"
angry,I really do not like when I order a hamburger with no ketchup and they still put it on.
angry,Last night my dog knocked over all of my figurines. He has never done that before.
angry,I was super annoyed when a scammer called me on the phone today. He wouldn't listen to my pleads to stop calling me.
angry,My neighbor is out again having a party...I find it strange because he yelled at me on a night before- but he has decided when HE isn't working- it's fine to be loud later at night
angry,My parrot pooped on my arm last night. I was so mad!
angry,Somebody said something about me that was not true.
angry,I don't know what makes me more upset a rude employee or the manager I had my food order messed up and Wendy's gave me so much attitude super rude.
angry,Someone stole my phone yesterday! I can't stand people at my job!
angry,"I am getting frustrated with my job recently, they are overworking us"
angry,I was mad when it was only tuesday!
angry,I am angry with how my neighbors talk to their dogs. They yell at them everytime they go outside for the MINUTES they are out there and they get harassed the whole time until they don't want to get off the porch..then they get yelled at more!
angry,It pisses me off when someone interrupts me in the middle of a sentence. Throws off my whole train of thought
angry,I am super ticked at people who just want to make everything upsetting for everyone else. Why can't people just let others be if they are in a bad mood?
angry,fell on my keys
angry,I had to go to the DMV today to renew my license. It took 4 hours and I ended up having to use a sick day...Not happy!
angry,I decided to grill a steak tonight for dinner. I got distracted and it got burned.
angry,I saw a guy throw a bunch of garbage out his window. I was so mad. I yelled at him to clean up the trash.
angry,I was mad when I didnt get paid my entire check
angry,I am mad at the democrats.
angry,My brother accused me of taking his money but i would never do that!
angry,I got a parking ticket for no reason!. I was livid with the city.
angry,My husband gets cranky when he gets woken up and takes it out on me.
angry,I had given my two older daughters a small math assignment to do in my absensents. When I returned home they were playing video games and the work had not been done.
angry,My sister was supposed to show up at 3 today and she didn{t come until. Ruine my entire day
angry,My son is still up and everyone else is asleep. He has to stop this madness
angry,I just got a new car. I parked it in front of my house. Right away some neighborhood teens came around and keyed it. Now I have to get it fixed.
angry,The traffic was so bad this morning. It just makes me so mad.
angry,My armadillo bit me today. Never felt so irked!
angry,Today I was cut off in traffic and almost hit someone. It really mad me mad.
angry,I was so mad when I didnt get a promotion
angry,I got mad when I lost my dog
angry,MY new neighbors are so loud. They constantly slam doors all day.
angry,"Yesterday I paid at the bakery in cash and the gave me the wrong change, went I told the cashier so she told me I had given her $10 when I was sure it was $20, I had to speak to the manager."
angry,"One day my daughter came home and told me a much older boy tripped her as she was going off the bus. He did it on purpose, and this made me very, very upset. She was only 10, he was a teenager."
angry,someone eating my food
angry,My uber had me late to work this morning. I was not happy.
angry,A guy cut me off in traffic today
angry,when i moved into my apartment it was full of bugs!
angry,Today I was driving home and someone almost hit me. I was really mad because I just got a new car
angry,My mother in law cannot mind her own business. She always tries to bend my husband's ear to her way of thinking we should do things.
angry,I got into a fight with my wife lately and we were so mad with each other.
angry,My mother got scammed out of hundreds of dollars. It was some internet phishing thing. She had no recourse.
angry,My father promised to buy me a car when I graduate from university. He never did.
angry,Not being able to reach my goals
angry,"My neighbors dogs keep barking, and my daughter is asleep. I'm afraid they are going to wake her up!"
angry,"Wow, is always reduces my standard"
angry,"I was going to have a picnic at work today but it began to rain, so I felt pretty ticked."
angry,I can't believe my favorite restaurant was closed today. I was so upset.
angry,My best friend had to leave town to help take care of her mother who was diagnosed with lung cancer. Her husband agreed she needed to go and then filed for divorce
angry,My kids spilled juice on my brand new white carpet.
angry,My kids still arent sleep. I sent them to bed hours ago
angry,My coworkers are not good at their jobs. Because of them I had to stay late and do their work before i could go home
angry,"My boss accused me of messing up on a project when it wasn't my fault, it was my colleague who messed it up!"
angry,I hate this new printer at work!!!!
angry,I am so mad! I took my car in to the dealership for an oil change and find out I need new brakes! They want to charge me $800 for just the rear brakes!
angry,A manager from another team is trying to undermine my work.
angry,i'm mad at my mother because she didn't call me
angry,I was pretty mad tonight when my friend canceled on me. I was wanting to go out
angry,"I can't really say that I get off balance that easy, but that guy really made me feel negative."
angry,I was at the grocery store and someone dinged my car with a shopping cart.
angry,My boyfriend cheated on me while I was away visiting family.
angry,i was upset when i saw someone left my gate open and our dog ran away
angry,Someone threw a bunch of trash in my yard. That makes me so mad!
angry,"I was charged by a subscription magazine, even when I cancelled my subscription a month ago. Now I have to call or write to them and lose a lot of time."
angry,Someone knocked all my documents off of my desk. They didnt even bother to pick them up. This really grinds my gears.
angry,I was upset when my dog ricky went missing
angry,my dad bit someone and I'm furious that he let his drinking get this out of control
angry,anger: no confidence to speak to girls until age 22
angry,"My neighbor would stay up all night playing LoL. He'd be yelling into his headset at 4am when I was trying to sleep, it was infuriating."
angry,I can not even think about losing any more money!
angry,i was angry when i saw someone had put a dent in my car door
angry,Yesterday I was unloading the dishwasher and I guess not paying enough attention and dropped one of my good mixing bowls that busted all over the floor. It took so long to clean up. I was so mad at myself.
angry,Some sad individual could be calmed down by a sweet word
angry,My dishwasher leaked and we had to have our whole kitchen and living redone due to the damages.
angry,I came home from vacation to find my home had been broken into. They stole my grandmothers broach.
angry,The fast food guy forgot to give me my correct change in the drive thru. And he refused to give me my receipt! I had to demand to talk with the manager.
angry,"I got really mad at my dog the other day. There's a rabbit living under my shed, and when he saw it eating our grass, he chased it out of our yard."
angry,I wasn't happy today when someone ran in to the back of my moms car.
angry,"Any time my boss asks for my ideas and they work, it becomes ""Our idea"" and then ""his idea"", but if it fails it's ""your idea""."
angry,I was cut off today and crashed my car to avoid colliding with someone.
angry,"My friend never paid me back the money I loaned him. Even worse, he acts like it never happened!"
angry,My friend took my car without permission a few days ago. Literally...without even asking me!
angry,I am so mad! I just got charged double for something I only got one of!
angry,I'm so angry at my self. I was in my performance review today and I passed wind in front of my boss. OMG
angry,The other day my four year old smashed my favorite figurine.
angry,"Got a call from my cousin. Her husband took her and their 4 kids to a county fair. Ate about noon and headed home. They decided to stop at a cemetary to look around, lost track of time and now they are locked inside. It is 7pm and everyone is very hungry."
angry,my friend stole my laptop as a prank and gave it back by the end of the day
angry,In the supermarket last week I was angered by parents letting their small kids push trolleys. It was very busy and they were causing chaos.
angry,Someone stole 20$ off my desk at work. My office is private.
angry,"As a coach, you think you prepare your athletes for every situation and outcome. What we saw when we arrived at the track meet was unexcuesable and I've never seen anything like it before."
angry,I was really upset when I found out that the Dallas Cowboys were going to let go of Dez Bryant. I think he's a really good wide receiver if only he wouldn't run his mouth.
angry,It really bothers me when people stand close to me in line
angry,I came outside this morning and found my car had been broken into. I was very upset and frusterated
angry,I found out that my first boyfriend had been cheating on me. I was so mad at him because I knew I deserved better. He never apologized to me about it and I told him I never wanted to see him again.
angry,"At work today, I got blamed for a problem that I had nothing to do with. A report was written incorrectly, and I was blamed for the incorrect figures even though I didn't provide them."
angry,"Last, my car glass was broken,"
angry,I feel so upset when other people tell such horrible lies about other people. Some people are just cruel and are only out for themselves.
angry,i was mad when i saw my dog got out
angry,One time my friend and I were going to a concert and we had both paid for front row tickets...I was so mad at myself when we got there and I forgot it back home
angry,My neighbors cat keeps pissing in my grill
angry,I came back last week at home and I found that my girlfriend left me. She took with her some of my stuff
angry,All my neighbors constantly want to get together to gossip and talk bad about the people who live across the street. I'm sick of it!
angry,im so mad! I can't find my hair brush!
angry,the police officer tried to harass me
angry,I am so mad. My boyfriend is drinking beer and he so dumb when he drinks.
angry,"Someone in my family snuck $20 out of my wallet without asking me. It had to be one of them, because it's been here on the counter all day, and I know I definitely had two $20 bills in there. No one will own up to it..."
angry,"I was on hold with the cable company, kept getting transferred, then hung up on. They make me so mad!"
angry,Not too long ago a people stole my identity. I am so upset by it.
angry,"I worked so hard on a project, and someone stole it and presented it as their own."
angry,I would not tolerate such attitude from a surbodinate
angry,when my brother got jumped
angry,"I was in charge of moving a whole bunch of stuff at work from one building to another, and one of my co-workers bailed on us."
angry,My dog pooped on the rug today. I was so mad.
angry,"I don't get big companies who think they can take advantage of everyone. When I get a product, it should work right or they should replace it."
angry,my neighbors dog keeps pooping on my driveway
angry,My dog pooped on the rug yesterday. I was so mad!
angry,My roommate ate all of my food today. I didn't have any lunch.
angry,It makes me angry when people never notice me
angry,I can't beleve I only got half of the maximum for my raise?
angry,I was angry when my son destroyed my car
angry,I hate it when someone cuts me off. I get really bad road rage
angry,that dang storm last week upset me
angry,"My friend came over while I was on a trip and trashed my apartment. I was just livid, he took things too."
angry,I saw a man yelling at a young boy. It made me very upset.
angry,"Last week, someone during the night drove off the road and destroyed a large section of my fence. It is going to be expensive to have it replaced."
angry,The waiter spilled coffee on my $1000 suit.
angry,I was fired from one of my jobs because of something a coworker did and I was blamed for.
angry,I broke my favorite vase. I am so upset with myself.
angry,I am piss-off
angry,it makes me very unhappy when i let someone out in traffic and they dont acknowledge me
angry,I can't believe I lost another bet to my sister. I think she cheats.
angry,I was walking up out of the kitchen yesterday and I spilled my bowl of cereal all over myself.
angry,My husbands brother stole $500 from us let's talk about someone being beyond mad more like furious.
angry,I have been without water for two days.
angry,I just witnessed someone steal from an old woman walking across the street. Boils my blood!
angry,My manager keep lying to me. He is trying to advantage of me.
angry,Have you ever hit your toe on hit doorway? Talk about being furious!
angry,my new neighnors keep leaving trash on the stairs. it is so annoying
angry,My neighbor hit on my wife!
angry,I got a final warning at work today for something I didn't even do!
angry,Why do people get so mad at each other for no reason?
angry,My dog pooped on the rug. I was so mad!
angry,"My husband's sister was living with us. She was acting rude, and we ended up kicking her out."
angry,I just found a bunch of random toys in the catch of the sink of my kids bathroom. There going to have some explaining to do when they get home.
angry,when i ordered food and it was bad
angry,"I recently got in trouble at work for not making my schedule, but it is their fault because they gave me one they knew I couldn't work."
angry,I was pretty angry when my ac broke. It was bad timing
angry,My friend was really rude to me. I'm so upset!
angry,I smashed my finger in the door the other day and I was so upset and mad!
angry,I am so tired it is making me mad
angry,I bought a brand new truck a few months ago. Did not even make it home and someone ran in to me. It was not my fault.
angry,I just found out my husband is messaging another woman on facebook. He's asking her to meet up with her.
angry,"I took my car to my mechanic, who I thought I could trust. He quoted me $1000 in parts and labor. I took it to another mechanic and he fixed it on the spot for $100."
angry,I was cut off this morning on the way to work. It caused me to crash into the ditch. I am so mad.
angry,I had a huge conflict with my parents about moving to another country and I was simply enraged to have them trying to control my life.
angry,I had a bad encounter of someone with horrible road rage.
angry,some guys shot my neighbour and ran into the woods
angry,my room mate will not clean anything. It is so ridiculous.
angry,My light bill was super high
angry,someone almost crashed into me
angry,I forgot my lunch and my wallet at home this morning.
angry,i felt furious when someone drove past me in a really scary manner last week.. i barely escaped
angry,i let someone out in front of me today and they didnt wave or anything
angry,Facebook trolls
angry,My parents always argue and it pisses me off!
angry,I had a performance review at work where I was surprised by the presence of my least favorite person in the company. The account manager part of my position was effectively dissolved and I was forced to answer phones.
angry,Any time i let someone out in front of me in traffic and they don't wave i get angry.
angry,One time I stayed at a friend's house for the weekend. When I got home I discovered that my brothers had destroyed my bedroom
angry,it makes me really angry when the neighboors door poops on my yard and she does not pick it up
angry,It seems like no one lately can drive right. They're always speeding or cutting you off. Also no blinker use.
angry,Someone screwed up a work task that I was partnered with. He also wasted 30 minutes of my time and his own and did it out of spite.
angry,i was mad when i had to go into work on a saturday
angry,Our home was broken into right after we moved in and I felt this way.
angry,I'm upset with the federal reserve bank.
angry,I was so angry when my brother spoiled my favorite dress when we were kids. He cut animal shapes into it.
angry,I was so mad when I went to work the other morning when I was going to work and my neighbors dog jumped up on me and knocked me over. I hurt my back and couldn't go to work. The dog needs to be on a leash.
angry,I'm so mad. My husband ate all my ice cream.
angry,i stubbed my toe this morning
angry,I had someone back into my truck last week. I learned today that they did not have insurance!
angry,"i dont know why i keep going to mcdonalds anymore , they always get my stuff bad"
angry,My cousin crashed my car
angry,"I wanted to take friday off but, I'm unable too."
angry,My pizza didn't arrive on time last night - it was an hour late!
angry,I am so upset they man that hit my car was not ticketed!
angry,I have the worst neighbors. They have company all times of the night and constantly slam the doors.
angry,I am so mad. My husband won't stop playing his video game. It has been days.
angry,I was pretty angry when I had to wait at the pharmacy. They were taking their tim
angry,"Before my birthday, my boyfriend tried to get me to pick menu items that everyone could eat--including him. This meant I picked place that served only chicken because it's the only meat my boyfriend can have due to his digestive/health issue. Of course, I got anxious and upset because the place I picked was serving healthy food--my preference--but the serving sizes were missing and I couldn't tell what ingredients were in what; this lead to us arguing."
angry,I was so pissed off when i found out that my girlfriend kissed my best friend
angry,I hate it when I see people get bullied. It makes me so furious!
angry,I was driving home from work and a driver cut in front of me and made me almost hit another car.
angry,i was upset when i saw a big dent in my car door
angry,I can't believe someone hit my car in the parking lot and left. There is a huge scrape on my door. I am livid about it.
angry,I am really upset about my electric bill. Its twice as high as last month.
angry,My kids were arguing with each other a lot yesterday. It was so frustrating and I got angry with them.
angry,I am so mad that I couldn't go to Disneyland.
angry,We spent a lot of money on pizza. They didn't deliver what we ordered and then were rude when we called back! It was so frustrating.
angry,I recently got very upset with my sister when said some very mean things to me. I let her know that she was out of line by yelling at her. I feel bad for both of us.
angry,Some one crashed into my car
angry,"One of our friends got a call from the school that her 11 year old wasn't at school, and it turned out to be a mistake. Glad, but upset at the false alarm."
angry,My sister in law is a horrible parent. Her kids can run fevers of like 104 and she will not take them to the doctor.
angry,"I ordered a Big Mac no lettuce from Mcdonalds. They gave me so much lettuce! I sent the order back 5 times, before I finally just walked out and took my money elsewhere!"
angry,I was mad last week when my car would not start. Its always giving me problems
angry,I was mad when i saw the dog got out
angry,My sister had my laundry for two days and is sending it back dirty.
angry,I really don't like a judgmental person. It irks me
angry,once my brother insulted me infront of my family.
angry,"I couldnt believe my wife took money from my bank account,"
angry,"I bought a watch on eBay that claimed to be a ""9/10 cosmetic condition"", but when I got it I noticed a huge crack in the watch face!"
angry,"Took son to ER because of sore throat. They said it was just a virus and sent him home. Still sick 2 days later, took to his doctor. Just sore throat, heres some antibiotics. Getting worse, took to ENT, Severe strep throat, here is the correct antibiotic. That worked. ER visit bill, DR bill and ENT bill, for a simple sore throat!"
angry,I just got cable installed and I can never find anything good on television. What a waste
angry,Every single time I go in the office bathroom someone comes in and needs something. If I don't go to the bathroom no one comes in all day.
angry,"When I was in college I was in a class with an older woman who was a returning student. She heard me talking about a paper idea I had, then presented it as her own, stealing my work."
angry,I was really mad with my housemate last night. She got in really late and made loads of noise.
angry,I asked my friend to water my plants while I was on vacation but she didn't and they died. I was so mad
angry,I was stopped at a light and when it was my turn to go a car from the other direction ran the light. I wanted to chase them down and give them a piece of my mind.
angry,A customer is refusing to pay a bill because they claim it has already been paid but cannot provide any proof of doing so.
angry,I'm quite upset at those I know that complain all the time. I get that we all can once in awhile..but incessantly day in and out no matter WHAT way things go...so either way? That's a problem.
angry,One time someone kicked my dog!
angry,I was angry last night. My friend got drunk and annoying
angry,My neighbor lets his dog poo in my yard.
angry,My car was involved in a hit and run! Good thing it was just parked on the street but I'm annoyed I have to pay the bill.
angry,These kids keep riding their bikes through my lawn! They've killed every one of my flowers!
angry,My mother in law always lies and exaggerates everything. It's very frustrating and causes fights between us.
angry,My boss called me a liar in front of the whole office last week.
angry,I thought I would have a good day today but someone ruined it. I really kind of hate them sometimes.
angry,I lost a game of DoTA today! My stupid teammates all left the game and I couldn't win on my own.
angry,Someone took my car stereo from my truck. I am furious about it.
angry,I'm pretty mad about the fact my internet bill went up 40 dollars out of no where
angry,My friend wrecked my car when I let him borrow it over the weekend. Now it's a giant hassle to manage insurance
angry,"I did really well on a test last week. I got most of the answers right, but the teacher gave me a failing grade. The person sitting next to me cheated off of my answers, so she failed both of us. It's not fair."
angry,i was upset when i saw someone had put a dent in my door
angry,"When I got fired for something I did not do, it was very aggravating for me. It just made me mad"
angry,someone almost killed me the other day
angry,I walked in on my brother going through my desk!
angry,My partner took my credit card and purchased a bag for herself without even asking me
angry,I am upset that my brother stole from me.
angry,"I just stubbed my toe a few minutes ago. Why does that have to even be a thing? Something so small on your body can cause you such great pain, and all you can do is just hop around like a moron."
angry,My landlord posted a curfew for our complex. Its pointless now the summer is over
angry,I lost another wallet today. I just can't keep up with those things
angry,My boss scolded me for something I didn't do.
angry,I got angry because my girlfriend cheated on me
angry,when my girlfriend cheated
angry,I forgot my lunch at home two days in a row.
angry,"I am mad I got passed over for a position at work, I thought I was qualified for it too, but no contact"
angry,"i was so mad, my dog knocked my phone off the table."
angry,My daughters's boy friend got drunk and started a fight with my husband. We had to call the police.
angry,I was driving along today and crashed my car. The person pulled right out in front of me!
angry,2
angry,"My flight has been delayed 7 hours due to weather, I'm mad."
angry,My homework submission had not been accepted for Calculus class. Professor claims it was plagiarized
angry,My mom yelled at my girl friend for something that wasn't worth yelling about.
angry,My cat just scratched up my brand new leather couch while I was at work! I am so mad at him right now I could scream!
angry,I was overcharged at the grocery store but did not realize it until I got home.
angry,"My neighbor's dogs started barking early this morning. They woke me up, which I'm not happy about."
angry,My sister slapped me. I was annoyed with her.
angry,My friend broke my phone that I had worked hard to buy
angry,Why does no one ever pay me!
angry,I once found out that my mother threw away my drawing.
angry,My son is still up. He always does this when I have to get up early
angry,"A colleague at my job took credit for months of my work and claimed I was of no help to them. It all worked out as it should have in the end, but that's never an easy situation."
angry,My parents keep taking my money
angry,I lost my car keys at a bar last night.
angry,MY kids refuse to go bed every night. I can't stand it.
angry,I broke my phone
angry,my neighbor's cat keeps pooping on my balcony
angry,Someone ate my lunch at work.
angry,Someone backed into my truck and broke the tail light.
angry,at my cat for pooping
angry,"One day my debit card suddenly stopped working.The fraud prevention said it was the bank, and the bank said it was fraud prevention. After trying to use it again, I went back to the band and was informed they would need to send me a new card."
angry,My son is being bullied in school and no one is doing anything about it.
angry,I have been working very hard on a project at work. My boss suddenly just took that project away from me for no good reason!
angry,I was in a drive-thru line and someone cut in front of some other people. I confronted the guy about it and he basically told me to take a hike. I was furious and blew up at him. Finally he left the line but he flipped me off when he did.
angry,I spilled whiskey all over my keyboard!
angry,I get aggravated by people that don't understand personal space.
angry,"I'm pissed, my wife came home from work and went out to eat. She didn't even bother to see if I wanted anything!"
angry,My kids wouldn't clean up their room yesterday. I was quite displeased with them.
angry,Ate at a fancy place the other night with the wife and the food was just terrible it cost that much.
angry,Felt helpless when my dog passed away.
angry,I was pretty mad the other night when my check engine light soon light came on. It was just in the shop
angry,When my brother wanted to fight me. We had just got off the ice.
angry,"I lost my wallet a t relatives house with $400 cash inside of it, I immediately told them of of situation and they help look me for it and and expressed sorrow for my bad luck when I returned the following day they had bout a living room suit a immediately gave a story of how they one the lottery the night before , I was very upset and could hardly hide my true feelings."
angry,I got a notification that I had a package delivered. I didn't see it on my porch and found it sitting in the middle of my driveway!
angry,Every time I am promised a promotion they give it to someone else. It just happened again!
angry,A guy out in traffic getting mad at me and then giving me the finger when he is in the wrong
angry,Lies
angry,I didn't like when I found out my mom threw away my old Nintendo.
angry,I got out of work the other day and noticed that someone had slashed one of my tires in the parking lot. I was taken aback and upset
angry,Today i waited for the cable company to show up at my house for 5 hours... No one ever came
angry,I can't believe my landlord has fixed my stove yet
angry,I was pretty mad when I got fired last year.
angry,My upstairs neighbor gets up at 3am for work. Instead of preparing the night before she does everything in the am. I am so tired of being woken up!
angry,I really am mad at my brother.
angry,I was very angry when I was fired from my job July 23rd.
angry,I lost my car keys. I'm furious with myself.
angry,I put in vacation request since January for next week. And now they're telling me they're too busy to let me go.
angry,I spilled soda on my laptop.
angry,My neighbor keeps letting her dog poo and pee all over our parking lot and I'm not sure how to get her to stop. It's really irritating.
angry,Why won't I get made at you?
angry,I never thought my ex and I would break up for good. I think we are really done now.
angry,I'm a bit upset today that the man who has lived here for a couple years has this house falling down around him and isn't fixing anything. He knows how to fix things and has such talents but doesn't use them here.
angry,"I was very upset when I realized my neighbors dog had puppies, about ten of them. They don't take care of them and they are malnourished. It's enfuriating."
angry,My partner dropped my newly bought phone into the ground and the screen got a crack line on it. I had just bought it and now this
angry,"I applied for a job recently, it was a federal job and it took months to apply for. After I gave my 2 week notice to my current employer of 11 years, they pulled the job offer."
angry,it upset me when i couldnt leave work on time
angry,"I ordered a product with express delivery, and it was delayed for a week!"
angry,"After being married to my first wife for 8 years, I found out she was having an affair behind my back. It was not a very good time for me."
angry,I am so mad at the republicans.
angry,My refrigerator broke today. I just went grocery shopping
angry,"I am angry that my brother ruined a movie ending for me, that is such a rude move"
angry,i was upset when i couldnt go home on time
angry,I was so upset when Michael Jackson died.
angry,People who steal make me crazy. I watched some people come into my driveway and try to take my spare gas can!
angry,Someone broke into my home right after I moved in and I felt this way after it happened.
angry,The store down the street never has any Corona light in stock
angry,"I used to be afraid of the dark but now I am not so much, I had a nightlight for a long time"
angry,"I took this girl on a really nice date and then she said that it went well. Then, out of the blue, she dumped me and said she wasn't ready."
angry,I was going to see my favorite band. But the show was canceled!
angry,i was mad when i saw a huge dent in my door
angry,I told my daughter she wasn't allowed to watch youtube. I caught her watching videos on her tablet
angry,My brother tripped me and made me fall. He's such a jerk.
angry,My brother tried to fight me after class. I couldn't believe it.
angry,I was walking home when a car drove through a huge puddle near the sidewalk. I was completely drenched
angry,I dropped my laptop and broke it.
angry,"It always feels like I'm not being listened to. My family seems to be deaf when I speak, when of course, I know they aren't."
angry,I went to the post office earlier and it was closed. I was so mad I didn't get there earlier.
angry,"the neighbor's dog barked all night and kept me up, let's say I am not very happy right now"
angry,The paper boy flung the newspaper and broke my window.
angry,I hate it when I get ignored. It makes me feel less human and I get very mad!
angry,I was so mad when my friend forgot my birthday.
angry,"I kept playing a card game with my brothers, and I kept losing. They were bragging over and over, and being disrespectful. I just wanted to spend quality time with them... It gets frustrating sometimes."
angry,My car broke down
angry,Someone threw away my lunch at work today. I was so upset someone did that.
angry,My dog decided to take a break from potty training and go all over my house while I was at work. No more free roaming for that bad dog
angry,"For the 3rd month in a row, I have received and incorrect cell phone bill! I feel like screaming at the customer care representatives!"
angry,I was driving through my neighborhood when a car backed out of their driveway without looking. I was so mad.
angry,The printer at work is the worst thing ever
angry,My mailman delivered my package to the wrong address. I am furious about it.
angry,When i see people leaving their parents in oldage home. I get furious
angry,I was stollen my wallet at work.
angry,A coworker mad me very mad one day. She slammed a large order of work on my desk and basically demanded that I do it! She has no right to do that.
angry,Someone cut me off on the road and almost caused me to wreck.
angry,Some dude..because I live in a ghetto city..thought it was okay to pull up on my property beeping until I came out..smoking his cig with ashes in my driveway.. Makes me so angry at how UNCOUTH people are here.
angry,When a friend slapped me
angry,My girlfriends dog isnt getting potty training. One week she will be great. The next week the only place she doesnt go to the bathroom is outside.
anxious,I drank all the coffee this morning and didn't share the whole pot with anyone. Now I feel very strange.
anxious,My department is being closed.
anxious,I have a big test coming up for school. I have studied every day but am worried I will not do good.
anxious,I can't wait until I have grandkids.
anxious,I was a little nervous going to this job interview. I did not know what to expect
anxious,"We're refinancing student loans, buying a house, and my wife is getting a new job."
anxious,"Whenever I have to give a presentation, I get so nervous. Mentally, I don't really care, but my legs shake, my heart pounds, and I speak too quickly. Being the center of attention makes me feel that way"
anxious,"When I interviewed for the job I have now, I didn't hear back from them with a solid response for a month. I kept having to check with them to make sure I hadn't been forgotten."
anxious,I am worried I won't wake up to my alarm
anxious,I'm anxious to meet my wife's ex-husband. Hopefully it will be civil and not awkward!
anxious,"I went to the doctor recently for my annual check-up, I always think they're going to tell me something's wrong."
anxious,"The first day I went to the gym after years of being out , I was so anxious I was going to look stupid."
anxious,I have to go to the doctor tomorrow. I hope I get a clean bill of health.
anxious,I have to go to the dentist really soon. One of my teeth are very sensitive lately. I don't want to go.
anxious,I'm always nervous about public speaking
anxious,I am not sure about payday. It can be a stressful time and I really wish I didn't have to go through it this week.
anxious,I haven't heard from my girlfriend in 2 weeks. Wonder what's going on?
anxious,I had a wisdom tooth giving me some pain recently and had to go to the dentist. I waited as long as I could before i finally went. I hate the dentist.
anxious,I've just been to see my orthopedic surgeon. He has suggested an operation to fix my hip. I'm worried about it as surgery is quite stressful.
anxious,I have a huge work presentation coming up Friday and I am very nervous.
anxious,I am feeling trepidatious about payday this week. I don't now if someone I know will act up and I am not looking forward to any drama.
anxious,I'm really nervous about a test I just took. I hope I passed.
anxious,I'm giving birth on wednesday.... I can't wait!
anxious,Four more days and school is back in session. I could skip the entire weekend.
anxious,My girlfriend sent me a gift and it will get to me in 3 days. I cannot wait to see what she got for me
anxious,"im excited to go to a concert on sunday, it should be awesome"
anxious,"At my day job, we recently had a departmental meeting where we were discussing who our new department head should be. I'm really uncomfortable with one person we're considering, so I felt anxious during and after this meeting."
anxious,"I had to go to the doctor recently to get something checked out, I was definitely nervous about the outcome."
anxious,I'm going to job interview Thursday. I'm currently employed but I'm ready to move on.
anxious,I am very nervous to be a father.
anxious,when im stuck in high traffic my anxiety goes through the roof
anxious,I was pretty nervous today going to the gym. There were a lot of people there
anxious,I'm moving to a new city and starting a new job in an industry I've never worked in. I'm both excited and nervous at the same time.
anxious,"I have to get surgery tomorrow morning. I am getting my wisdom teeth taken out, and I am pretty nervous about it."
anxious,waiting on a call
anxious,I am expecting the reports from my doctor. I am not sure what is the matter with me and will find out.
anxious,I hate storms so much. We are supposed to be getting bad storms tonight. I have a feeling I won't be getting any sleep.
anxious,I really hate going in front of crowds. Especially when I had to recite a poem in front of a whole crowd of people.
anxious,I am pretty nervous about my doctors appointment on Thursday.
anxious,"I have a business meeting coming up this Friday, and I really want to make a good impression."
anxious,Riding rollercoasters this weekend
anxious,I am so ready for this weekend. The kids are leaving and I get to do absolutely nothing
anxious,I recently flew for the first time on an airplane. My anxiety was through the roof!
anxious,everytime i order something i really want it makes my anxiety go through the roof
anxious,I am nervous about my 5 year old starting kindergarten.
anxious,We were driving to Colorado to visit my sister last month. The traffic in Denver was very scary to me. I felt panicky.
anxious,I'm looking forward to some Fall weather.
anxious,My final exam for Statistics summer class is in two days. I feel so stressed out about it
anxious,I was at the doctors office waiting for the results of a blood test and I was a little scared
anxious,i cant wait to hear if my house sells. i am so nervous
anxious,"I have a lot of nerves today! I am sick a lot in my health and I can't seem to figure out what sets off my fibro a lot, it gives me anxiety and depression and I am just so overwhelmed with it I don't know what to do anymore!"
anxious,I'm so worried I will fail my Chemistry test. I just can't remember all the elements.
anxious,I was a little nervous going to the doctor this morning. I did not feel like going
anxious,"I am scared of how work is going to go, it is the start of our busiest period of the year"
anxious,I was waiting in the waiting room for my last job interview.
anxious,I woke up yesterday and forgot I had a midterm exam later that same day. I had to quickly cram because I was worried that I wouldn't remember the material for the test.
anxious,I have a job interview coming up adn i am a little nervous about it.
anxious,I'm a little nervous about the aliens in my backyard
anxious,I am on a new diet for my Lupus and it is critical that this work b/c the next steps to take care of my Lupus are very powerful drugs that I don't want to take
anxious,"When I was younger, I had social anxiety. Speeches would give me terrible anxiety."
anxious,i am nervous for a meeting i have later
anxious,I got in a car accident and now i have anxiety attacks every time i drive
anxious,I hate being in public by myself. It gets me super nervous and I turn bright red.
anxious,I will be going to New York Next week. I cant wait!
anxious,I am worried about my cat. She is acting kind of strange. I hope she doesn't have an illness.
anxious,I was nervous driving this evening. There was so much traffi
anxious,I start my new ob tomorrow. I am so nervous.
anxious,I have a speech to prepare for and I'm not ready.
anxious,I have my math test tomorrow and didn't study. I don't feel very good about it.
anxious,Tomorrow I have to give a big speech to my colleagues at work. I am very nervous.
anxious,I had a video job interview.
anxious,I found out my sister was finally able to get pregnant last week.
anxious,I was waiting to see if I was going to receive an award
anxious,My dog pooped on the rug today. I am not looking forward to cleaning it up.
anxious,I am so ready for Thursday.
anxious,I was in my car and got stuck in traffic. everyone was honking and it was kinda scary.
anxious,I think i have anxiety attacks
anxious,I took a medical test today. I am so nervous to find out the results.
anxious,My dog has been acting kind of funny. I am worried that he has health issues. I hope he is OK.
anxious,I had 2 job interviews yesterday and my nerves are on edge today.
anxious,"I am anxious about moving, I have lived in this house almost my whole life"
anxious,My partner/semi partner (lol) wants to come over next weekend..but I am not feeling comfortable with it.
anxious,I am expecting a very big settlement. I can not wait
anxious,I have a health check coming up in a week and I'm a bit antsy about it.
anxious,Going to the dentist always worries me.
anxious,I have a really big game coming up this weekend. I haven't played soccer since I was a kid and have been really nervous about joining an adult league.
anxious,i get anxious when my girlfriend says we need to talk and then it turns out it's nothing big
anxious,The other day I was driving somewhere unfamiliar and I got lost. The GPS on my phone stopped working and I felt panicked.
anxious,"The other week I was walking a friend's dog as a favour, but while out with the dog I lost it and could not find it for ages. It had run off into some trees, I was really getting anxious about it"
anxious,I shot a roll on 35mm film. I was very excited to see the results.
anxious,I am starting a new job next week. I am really nervous and not sure if I will do well.
anxious,I am so ready for the first Monday Night Football game.
anxious,"I have to take a foreign language class for college, and I'm not sure how well I'll do"
anxious,Long trip to florida. Don't like riding in cars.
anxious,"When my pet got badly injured a few months ago, I thought for sure that she would not make it."
anxious,"i felt anxious when i do ,my work in office"
anxious,finding out if baby is boy or girl
anxious,"i was in a competition,tomorrow is the elimination stage"
anxious,I can't wait to see what my boyfriend has planned for my birthday. He says its a big surprise
anxious,I have a big certification test coming up for my job. I studied so much but am still nervous I won't do good.
anxious,"I think it's funny how I got the lead role for ""The Selfish Giant"" in my elementary school play....I was the shyest kid in my class and was really nervous at first...but I nailed it twice and had parents and teachers crying when my character died, it was hilariously cool"
anxious,"I remember when I was in 8th grade, I had to sing the national anthem at my middle school graduation in front of hundreds of students and parents"
anxious,when i was getting ready to move and take a drive across the usa
anxious,I have a dentist appointment tomorrow and it's starting to make me a bit nervous. I have to get a filling replaced.
anxious,I'm running my first Marathon Sunday. I'm scared that maybe I did not train hard enough.
anxious,I have a test next week
anxious,waiting for my twins to be born
anxious,when i don't know if i have a busy day coming up the next day the unknown drives me crazy
anxious,I had to wait a few weeks to get some results back from a test at the doctor's office.
anxious,to get hired at a new job
anxious,I'm so excited to go out to dinner tonight! I feel butterflies in my stomach
anxious,next week i will be presenting my project
anxious,"i am going to a concert on sunday, i cant wait"
anxious,"The result of my final college exams was to be published the next day,I could hardly sleep due to expectations"
anxious,I took a test last week and I'm still waiting on the results to come in.
anxious,I was expecting a person to show up at my meeting. They are not very nice!
anxious,I just got my vacation approved. I leave next Friday. I am getting real antsy about leaving.
anxious,I'm so sleepy but have so much work to do.
anxious,to start my new job
anxious,I start a new job as a nurse next Monday and I'm so nervous. Nothing can prepare you for the real world of nursing compared to nursing school.
anxious,I had a job interview and wanted to just get it over with.
anxious,I am starting a job next week in a new school as a teacher and I have to give a speech in front of the entire school. Pubic speaking in front of that many people isn't my favorite thing.
anxious,I seriously can NOT wait to finish work so I can go to the beach.
anxious,I am waiting for my blood test results. I am very stressed about it.
anxious,I have to go into a new job today. My friend told me it wasn't any fun.
anxious,I have been feeling very apprehensive these days.
anxious,After having 4 interviews none of the employers had called me after 1 week which stressed me out.
anxious,"I'm trying to join the Air Force. It's exciting to think of the future, but it's also scary thinking of it. I don't know what to expect from Basic and I don't know if I want to give up 4 years of my life."
anxious,I have a big exam coming up! My nerves are getting to me.
anxious,I find myself with being over ran with anxiety that it is hard to concentrate and stay focused
anxious,A close friend said she was having problems with her knee. I hope she goes to a doctor soon
anxious,I start back at work soon. The beginning of the school year always has me on edge.
anxious,My girlfriend is going to work overseas. We've never been apart for more than a couple of days.
anxious,My wife is pregnant with twins. I am really looking forward to the delivery.
anxious,I was really nervous when my girlfriend asked me to meet her parents. I was so close to running away!
anxious,"I am scared about my upcoming job interview, I get really nervous about this type of thing"
anxious,I'm finally going to get to talk to a girl I contacted onine.
anxious,I have a toothache. It has been getting worse for the past month. I don't want to go to the dentist though. I hate going.
anxious,My best friend is coming to visit next week. I am so excited to see her because it's been a long time.
anxious,My aunt was rushed to the hospital a few days ago. They are currently monitoring her condition.
anxious,I had a meeting with a new doctor this week. I hate meeting new doctors.
anxious,I've got an employee review at work on monday.
anxious,I've been having to deal with me and my wife's new business and it's been kind of sttressful.
anxious,"I was having serious medical issues so I went to the doctor. They worried it was all these terrible things, so they had to run tests."
anxious,My girlfriend is moving in. I was pretty calm when we first started talking about it. Now I'm excited but there is so much to pack up!
anxious,"I'm typically this way in a lot of situations, most recently when I had to go to the doctor and have something removed. I felt better once I was there, though the feeling lingered a bit. Everything turned out fine in the end."
anxious,Meeting with my boss
anxious,being alive
anxious,I was nervous going to the dmv. I hate going there
anxious,I wanted to ask this girl out and planned on doing it soon.
anxious,"The movie starts in 30 minutes, but I'm still stuck at work. I hope I make it in time."
anxious,"When I order something online, I am so impatient to receive it"
anxious,I've been a bit uneasy about money lately.
anxious,"I walked into my physics final knowing that I was gonna do awful. Despite that, I was still nervous walking in there."
anxious,Driving sometimes gets me very nervous. I don't like the thought of getting in a deadly car accident.
anxious,I am so nervous. I have a blind date tomorrow night.
anxious,I was so ready for the black ops 4 beta today
anxious,I had to go to the ER when I cut my hand. I was very concerned about the course of the treatment while waiting to see the Doctor.
anxious,"I am so stress. Tomorrow, I will have my final exams."
anxious,I have my birthday coming up and my co-workers are expecting me to throw a party. I am so stressed about it
anxious,I was on my first blind date!
anxious,"Im so nervous, have a big exam coming up. I hope I do good."
anxious,Bills and mortgage payments are comming up. I am working hard to make sure I can satisfy them.
anxious,I'm going to drive a truck. Never driven a car that big before.
anxious,I cant wait to move
anxious,I have felt this way while waiting to get into grad school.
anxious,My a/c is going out and it is supposed to be real hot today. I hope it doesn't break on me.
anxious,"I was recently waiting to hear the results of a medical exam. Fortunately, in the end it all turned out ok. But it was nerve wracking."
anxious,"I have been working on a big proposal for weeks. Tomorrow, I have to give the presentation to the client and in-front of my team."
anxious,"I have a meeting with my boss in a couple of hours. I have no idea what it's about, so I'm kind of nervous."
anxious,I got laid off a few months back and was really worried about paying my bills. It was consuming me. But I ended up getting a new job the week my unemployment ran out!
anxious,The first day I started working out I was anxious about looking silly at the gym.
anxious,I can't wait to see the meg. It looks really good
anxious,"I was going through some boxes in my moms storage unit looking for something the other day and came across a bunch of my great great grandmas momento boxes. We looked inside them and found some super weird stuff, like a ponytail full of my grandmas grandmas hair! I was so weirded out!"
anxious,Public speeches always get me. It makes me very nervous and I just can't do them.
anxious,"Getting on a flight in a couple of days. Kind of nervous because I've never flown before, and I just have a weird feeling about it. Like, I know it will be fine, but I'm worried about the safety of plans, I'm worried about getting lost, I'm worried about being far from home.. Just a little overwhelming."
anxious,i had to wait a day for test results last week
anxious,I start a new job on monday.
anxious,I am excited about going on vacation.
anxious,I was supposed to go on a work trip but my child go sick. I was so worried to tell my boss that i wouldn't be able to go. It was an important trip and it was too late for someone to replace me.
anxious,I was on a plane last month and they had bad storms. The plane was shaking and it was unnerving
anxious,I have so much to clean and get ready before summer ends! It's making me a bit nervous as there is so much to do and so little time!
anxious,"I have a very hard time taking tests. When I know I have an important exam coming up, I worry for weeks in advance."
anxious,I was so worried about getting on the roller coaster at the fair but I couldn't let my family know it so I got on anyways.
anxious,I was nervous when it storm last weekend. It rained hard
anxious,I am so prepared for this storm coming up. But I didn't buy any fun stuff..
anxious,I had a tree limb fall on the roof of my house
anxious,I feel nervous most of the time but when my regional boss comes into town it gets pretty bad
anxious,"Dealing with a partner away at therapy is tough. Especially when they go through some hard things and you don't know how they will react and if they will take it out on you, leave etc."
anxious,taking kid to first day of school
anxious,so many emotions i feel distressed
anxious,I am almost done with law school. I cannot wait to graduate and start working.
anxious,I have to make a birthday cake later tonight. I am worried I might mess it up.
anxious,I have a huge test tomorrow and I am so nervous. I don't feel ready for it.
anxious,I felt really nervous when cops pulled me over last week. I thought i was in trouble
anxious,One time I was so nervous to look at my grade for my final exam
anxious,I always get nervous when I drive. The possibility of getting into a car accident is nerve wrecking.
anxious,I am unsure of how my future is going to turn out.
anxious,waiting for my new car to arrive
anxious,Going on roller coasters makes me so nervous. I can't stand the feeling in my chest on the comedown.
anxious,School starts back in 2 weeks. I'm a bit nervous about the new students/class that I will have.
anxious,The final exam for my Linear Algebra summer class is in a week and I do not feel prepared for it
anxious,I am very nervous about my wife giving birth next month.
anxious,I was about to check my result so I had an anxiety to checking it
anxious,"I was feeling a bit apprehensive lately, since my children are going back to school. One to college, the other to high school. They grow up so fast!"
anxious,"Tonight I feel wound up a bit. I am tired of being sick. I have tried so many things, I am hoping the herbs I am getting tomorrow will help with my digestive problems, blood flow, fibro etc"
anxious,I went back to college as an adult. It was surreal seeing all the young kids around me.
anxious,I'm going on a date tonight. I'm pretty nervous
anxious,I'm really worried I screwed up at work and said something I shouldn't have. Now I can't stop thinking about it.
anxious,I was excited to go to a concert tonight but couldn't get myself to go by myself at the last minute and so I bailed. I'll probably regret it.
anxious,I am ready for the Foreigner reunion concert.
anxious,"I am scared about growing up, it is sort of unnerving"
anxious,"My friends are in the process of adopting a child through DFACS. It has been a long time coming and all of us are eager for this to go through, it's been pretty nerve wracking"
anxious,I think I'm losing my hearing almost entirely in my left ear and now in my right. No one knows what's going on.
anxious,I have a big test coming up for my psychology class. I'm not sure how I'm going to do.
anxious,I have to go into get my tooth pulled soon. I don't do well at the dentist.
anxious,"When I applied for the job I have now, it took them almost a month to get back to me. I contacted them two or three times and they kept telling me they were working on it."
anxious,My daughter was thrown from her horse a few months back. We took her to the hospital and it took hours to make sure she was ok. Those were a long few hours.
anxious,I am going to have a quiet night alone tonight. I cant wait
anxious,I have my math final tomorrow. Never been so nervous.
anxious,"My son had to have surgery to remove his tonsils last month. I know it's a routine procedure, but I could not sit down for the entire time and I was so relieved when they said everything went just fine."
anxious,im nervous for the new week to begin
anxious,I've a bit nervous. I've got a blind date tomorrow.
anxious,My girlfriend lost a lot of weight.
anxious,"We had a trip planned and had to go by airplane. I was so nervous about getting on the plane I couldn't sleep at night. After actually flying, I have stopped worrying so much and we fly all the time now."
anxious,When I was a little kid I participated in a spelling bee. I was nervous at first but ended up taking first place.
anxious,Ive been waiting for months for Madden to come out. Finally this friday i will be able to get it.
anxious,I am worried and concerned about the environment. There always seems to be bad news on TV.
anxious,I was nervous for my mom's surprise party
anxious,"the new madden came out today, i was so amped for it"
anxious,I didn't pay my taxes this year. I am nervous I may get audited.
anxious,"I had to get my foot looked at by the doctor, always makes me nervous."
anxious,"I've got to get an MRI and I've been waiting for the appointment for almost 3 weeks now. I guess it's good it's not an emergency, but it's sure nerve wracking not getting it over with."
anxious,My little grandson was admitted to the hospital a few days ago. He is still having testing and it's so hard to wait around to get the test results back to find out what is wrong.
anxious,I had to wait in line for food at the mall but all the people sitting and eating made me nervous.
anxious,I am anticipating a really long day tomorrow and it makes me nervous
anxious,"The first day of my new job, I was very anxious. I felt like it was just a completely different world."
anxious,I was nervous when I had to go to jury duty. I just did not want to go
anxious,I'm a bit nervous about a trip coming up.
anxious,I was very nervous to fly on a plane.
anxious,I have to go to the dmv on friday. I am nervous about it
anxious,My friend said she wanted to talk to me. No idea what it could be about.
anxious,My boss is coming for dinner tonight with his wife. Many things could go wrong I hope they don't or I probably won't be getting a raise.
anxious,"Thieves came to break into our compound last week, but was caught"
anxious,"I was anxious when I applied for grad schol, I did not know if I would get in"
anxious,I took the train to work the other day and it so crowded. I was feeling really claustrophobic.
anxious,I have a big interview scheduled for Friday. I am scared that I will not do well.
anxious,I get so excited when I get to a seafood buffet. I just love crab and lobster
anxious,"Work has been slow lately, making me stressed."
anxious,I did not want to go to jury duty. It just made me nervous
anxious,I went to the dentist yesterday to have a cavity filled. I was extremely nervous about going after being told that it was close to my nerve.
anxious,I was talking to my aunt on the phone but I felt awkward and nervous because I am not good at talking.
anxious,when i was waiting on my baby to be born
anxious,"I used to be nervous getting in the pool when I was a little kid because it would remind me of when I almost drowned...but swimming lessons took care of that, I'm glad my parents pushed me and gave me confidence to be on the swim team"
anxious,everytime a pretty girls looks at me its like I forget how to function.
anxious,Today is my birthday. I can't wait to see who calls me. Or my gifts.
anxious,"I'm an introvert, so being faced with a new situation and new people puts me on edge."
anxious,"I sent an email to a family member I hadn't spoken to in a long time, I really didn't know what they'd say or how they handle it. Waiting for a response made me quite nervous."
anxious,"I sent an email I shouldn't have sent, and for about a week I obsessed over it. Thankfully nothing came of it and all that worrying was for nothing."
anxious,I can't wait until everyone is back in school. Including the neighbors kids. ITs too loud around here
anxious,When I was waiting for my certification exam results.
anxious,Big day for me tomorrow. I start a new job.
anxious,I was so nervous starting my new job. I had no idea what to expect
anxious,for a long time I wasn't sure what would happen. But almost 2 years on and no sign of them
anxious,"I had all my stuff moved from my old apartment to my new one, but the truck had a crash. I'm scared to find out if my furniture is ok"
anxious,I can't hardly wait to see if I really did win the lottery.
anxious,"I let my health insurance coverage lapse and don't have any insurance right now. Figured I'd be okay since I'm young and haven't gotten sick or hurt in years. Just yesterday, someone smacked into me and my leg hurts a ton now."
anxious,"I love to travel, but I hate flying. Last time I took a flight, I was nervous and didn't want to go."
anxious,I'm really scare of heights. I can't go to the top of a building with out my knees getting a bit weak.
anxious,I get really nervous when I have to confront someone and be assertive.
anxious,I gotta go to this serious interview tomorrow
anxious,I am waiting for an important package. I am worried if I will get it.
anxious,im nervous about an interview next week
anxious,I'm going on a blind date this weekend. I've never even been on a date.
anxious,I have to go to the dentist next week and im so nervous. I hate going to the dentist
anxious,I am in the middle of a contract dispute and I don't know what is going to happen.
anxious,I can not wait for my best friend to visit from Germany.
anxious,"I'm starting a new job next week, and I am super nervous."
anxious,"I woke up to the sound of my phone ringing. I hate the sound of my phone going off, it stresses me out. It was bill collectors too, although for the wrong person."
anxious,I am so worried I will fail my Geometry test coming up. I just don't understand the concepts.
anxious,Tomorrow I have to give a presentation at work and I just found out that the Vice President of the company is going to be there.
anxious,i don't like the feeling of the unknown
anxious,Getting interviewed for a job for the first time.
anxious,i hope that i can see my family by the end of the year
anxious,I had an interview for a hospital I want to volunteer at
anxious,I am ready for Connor Mcgregors UFC fight in October.
anxious,"I've been passively job hunting for a few months now, looking for a better job. I haven't had any luck yet and I'm starting to feel like I never will."
anxious,I am nervous thinking about going on a date.
anxious,I had to get my foot checked at the doctor recently.
anxious,I'm not ready for the long 9 hour drive.
anxious,"I'm getting anxious about visiting my girlfriend's parents this weekend, it'll be our first time meeting."
anxious,I felt nervous before I rode on an airplane for the first time3=
anxious,I couldn't get any sleep last night. Something was scratching on my window.
anxious,I couldn't wait for my mom to get here from New Jersey.
anxious,I start a new job on Monday! I am excited but very nervous!
anxious,I just dropped my son off at daycare for the first time. It was the first time I've been away from him for more than a couple hours.
anxious,"I remember the first time I asked a girl out. My heart was beating out of my chest. She said no, but I learned that ""no"" isn't the end of the world."
anxious,I am stressed. My wife is expecting a baby. I am happy but at the same time I feel littlle stress by the responsabillities.
anxious,I cant wait to relocate again.
anxious,I'm turning 60 soon. Time flies by so fast.
anxious,I had been waiting on the results of a test of my blood pressure. Thankfully it was fine but it made me nervous waiting.
anxious,I can't wait to know if my wife is going to have a boy or a girl child
anxious,I recently went to the doctor for some tests He checked to see if I have a disease. I'm very nervous.
anxious,Before my final math exam. I needed to score a 90%.
anxious,I had planned a beach trip about a month before we actually went. I had so much trouble containing myself until the trip actually happened.
anxious,The site I have a subscription hasnt updated in 1 week with no news as to what's happening. I paid for 2 years.
anxious,I'm doing a drink a paint session this weekend. I can't wait. It's goin to be fun!
anxious,I had to give a speech in front of a few people I have never met. I was a little scared
anxious,"Girlfriend found a lump in her throat. She has no idea what it could be. Has a doctor's appointment tomorrow. Not sure how forward I am looking to finding out the results, but I guess it's better than leaving it up to my imagination."
anxious,I was super anxious when my power went out yesterday and I had no phone service! I had to go walking to get wifi.
anxious,I had a panic attack the other night and it was terrible. The worst part is that I have no reason to be so stressed
anxious,One time I walked into a final knowing damn well that I was gonna fail. Just the idea of knowing that I was gonna 100% fail was so nerve wracking.
anxious,I am feeling uneasy about going to court
anxious,I was driving on the road one day and I saw a man hit a dog.
anxious,I can't wait to get my paycheck. I'm going shopping.
anxious,i cant wait to see if i got a raise on my next paycheck
anxious,"I work as a self-employed transcriptionist. I told my client I'd have work done this week, but my university classes also started this week... and things kind of got away from me, and they won't be done. I'm worried he's going to just tell me he'll have someone else do them, and I'll lose his business."
anxious,im so ready to see what the future holds
anxious,i have an appointment with the doctor on thursday and it has me so worried
anxious,"Last semester, I had to give a presentation. My stomach hurt from the nerves."
anxious,I have a surgery coming up on Monday.
anxious,I had a job interview the other day. I was so nervous but excited at the same time!
anxious,"My dad had a stroke about a month ago and we've been waiting to see if he would recover 100%. Thankfully he did, but the waiting was pretty intense."
anxious,I have a math test tomorrow. My stomach won't stop churning.
anxious,I can't wait until my daughter becomes an adult. She think its so easy.
anxious,I went to the store and had to buy presents for my family. I really didn't know what to buy.
anxious,I really hate when I have to wake up early for an appointment. I fear I will sleep in and miss it!
anxious,My grandmother is having surgery this week. I hope everything goes good!
anxious,"I had gone on an interview for a job I wanted. I was waiting to hear back, but it was taking a really long time for them to contact me."
anxious,I had a job interview which I was worried about. I had to prepare a presentation and I was scared I would mess up
anxious,I am expecting a friend that I haven't seen in years to come over tomorrow. I'm a bit nervous about seeing him and how much may have changed since the last time.
anxious,My mother had to have a medical test the other day and it took forever. They should not make people wait like that when it's a serious test.
anxious,I have a test in a month from now
anxious,We submitted our proposal for the new project and hope we get it. It would be such a high profile project that would get us a lot of new clients if successful.
anxious,"I had to get my foot checked out at the doctor recently, always makes me nervous."
anxious,"New superintendent has joined my school system. Every superintendent has his/her own expectations, and you never know what type of impression you will make. Today was my first lengthy meeting with him."
anxious,I have been waqiting to hear back about my second interview for a new job.
anxious,My sister is having another baby! I can't wait to meet her! This will be her fourth child.
anxious,for christmas to come
anxious,waiting for my new car to be delivered
anxious,I just took an English teacher certification test. I can't wait for the results to come back.
anxious,There was a wasp in my rom when I woke up thsi morning
anxious,"I've had a few panic attacks lately. I'm supposed to go see the dr tomorrow about them, I hope they can give me something to help."
anxious,I am nervous about Monday. I have to go to the doctor again
anxious,I have been having nightmares every night. I am not looking forward to going to sleep tonight.
anxious,Every time I walk across a major street I am afraid I am going to be hit. I use the crosswalk and look both ways but I keep thinking someone will not stop. I wish I didn't worry so much.
anxious,"I wasnt sure how I was going to pay my car insurance on time. If I didn't, it would get canceled."
anxious,I can't wait for school to start back. A litlle quieter in the house.
anxious,I can't wait to be reunited with my familly
anxious,"I am not looking forward to my job interview, I do not want to do poorly"
anxious,I am really nervous. I have to take an important exam next week.
anxious,I was so curious about being alone
anxious,I have to go to a doctor's appointment on Monday. Hospitals make me so nervous.
anxious,Having an existential crisis and realizing I'm going to die and there's no way to know what will happen when I do
anxious,"ive been feeling really nervous for the past few days and i cant quite tell why, Nothing is specifically going wrong but on the other hand it feels like something is going wrong"
anxious,I was very anxious when my son had his tonsils taken out
anxious,I just took an HIV test because I'm worried about my partner's fiedelity. I'm really nervous about the results.
anxious,One time I had an in person interview for a job. I did not really feel prepared for it
anxious,I'm supposed to cook dinner tonight but have no idea what to cook.
anxious,I have my job interview tomorrow. I am so nervous.
anxious,There's a bad storm coming in tonight. I'm nervous about the damage it might do.
anxious,"I feeling kind of anxious today because I have to run several errands for my father-in-law and he wants them done before my mother-in-law gets back into town which will be sometime today. We don't know what time, so that just complicates things."
anxious,I've been having anxiety attacks
anxious,I kept thinking I had left the front door unlocked whilst I was on vacation
anxious,Just injured my ankle. Now I can't work.
anxious,I am nervous because I am having surgery tomorrow
anxious,Once I had an interview for a job. I didn't feel prepared for it at all
anxious,I am worried about my test scores coming back
anxious,I'm going to ride a jet ski for the first time this weekend.
anxious,Fair rides make me nervous.
anxious,I entered my name in a raffle at church. I cant wait to see who wins.
anxious,The other day I forgot to take my anti-anxiety medication. It didn't affect me too bad until the next morning.
anxious,I am really nervous for my swimming test next week.
anxious,I have my performance appraisal tomorrow at work! I am really nervous!
anxious,I can't find my phone anywhere. Everything is in it!
anxious,The other day I got a strange message from a distant relative. It said they needed surgery but couldn't afford to pay for a doctor. I was so worried.
anxious,My lawn is getting overgrown and I don't know if I can afford a new mower. Mine is broken and hard to start. It's driving me crazy to have my lawn so high
anxious,I'm very socially awkward
anxious,i am moving out of this country soon and i'm worried about my university
anxious,"I am expecting an express package tomorrow, but the tracking has not been updated correctly."
anxious,Long car drive coming up
anxious,Received an off-putting email
anxious,tonight... i really am bc my house is under contract
anxious,"I had to go in for an mri scan due to some headaches. Fortunately the mri was clear, but my mother has MS and we were worried."
anxious,I have a job interview coming up next week. I'm a little nervous about it.
anxious,I've got a first date in about an hour.
anxious,"I drunk texted my boss last night and told him everything that is wrong with his management style, I'm afraid to go to work because I'll get fired."
anxious,I am already nervous about tomorrow. It might rain hard
anxious,Uni is starting up soon and im nervous
anxious,Tomorrow I have my yearly review. I am nervous about it!
anxious,"Driving gets me so nervous sometimes. At any moment, I know I can be involved in a deadly crash..."
anxious,"My girlfriend was feeling nauseous this morning and thinks she's pregnant. She went to get tested, and I am praying that she isn't."
anxious,I just started got a new massage table and now I feel I have to find customer. i'm all in.
anxious,My girlfriend asked me to meet her parents next week. I am feeling all nervous and sweaty about it.
anxious,I have a big presentation at work coming up. This is my first one. I am really nervous.
anxious,I am so ready for Halloween this year. Its my favorite holiday
anxious,i cant wait to see if i got the promotion at work
anxious,I can't wait for summer to be over. I want the heat to be over.
anxious,Last week was the first day of school for my granddaughter. She didn't go to preschool so I was really worried how she would like it and if she would be sad or not. Turns out she loves it and I was worried for nothing
anxious,I am very anxious this weekend as someone I was trying to fix a relationship with is acting up again. I just get a lot of anxiety about what they will pull next because they usually do pull something.
devastated,passing of my mother
devastated,My world was turned upside down when my husband received this medical diagnosis
devastated,My dog I've had since I was a kid died a few days ago. It really hurts to think about
devastated,"Two weeks ago, I found my home totally flooded. I felt totally destroyed."
devastated,My husband was in a car accident a couple of years ago. A woman pulled out in front of him on the highway. Unfortunately a woman we knew was in the vehicle and passed away. We were so upset.
devastated,"My sister just lost her baby at 18 weeks along. We are all grieving and I'm trying to support her in any way I can. Being a mother myself, I feel so depressed and sad for her."
devastated,I was really stressed out and grad school and had no choice but to drop out to keep my sanity.
devastated,I am still in awe that game of thrones is ending. It is my favorite show
devastated,My father passed away when I was 33 years old.
devastated,I have two uncles and they both died within three months of each other
devastated,"I went to the grocery store, while at the cashier I realized I could not find my debit card."
devastated,I had my wallet stolen today.
devastated,I am so devastated we lost out house to the forest fire.
devastated,"My father passed away in November, it's made me feel empty ever since."
devastated,"it was really hard on my family when Katrina hit texas, our house and belongings got kind of affected by it"
devastated,my kids gold fish died
devastated,I made kimchi and it turned out pretty bad.
devastated,When I came home to my dog dead.
devastated,My aunt recently passed away after a long battle with Alzheimer's disease. I'm so sad at the loss.
devastated,It was my birthday today! I came home from work to find a big pink cake and flowers from my husband!
devastated,My dog died and I was just heartbroken. I got her when she was a puppy and she lived to be 20 years old.
devastated,My mother was just recently diagnosed with cancer. I am just so sad and upset right now
devastated,i was crushed when i didnt get approved for a day off last week
devastated,I can not believe my friend died in a car accident last week.
devastated,"Last year in the spring, we got record rainfall and my basement got flooded. Many of my childhood things and photo albums were destroyed."
devastated,"When our house flooded, it was a terrible occasion. It took a lot of work to overcome the challenges we faced."
devastated,"My new car was extremely damaged in a road accident last week being my very first car,i;m shuttered."
devastated,My cat just died. I don't know what I will do without him.
devastated,I was heartbroken when I got pregnant and the father of my future baby beat me. He went to jail and we broke up.
devastated,The first time I took the SAT my score was so much lower than I thought that I paid for a class after a week of depression.
devastated,i just lost my pet dog. I do not know what to do.
devastated,I am so upset. I found out today that I did not get the job.
devastated,"My grandmother, who raised me, just passed away unexpectedly. I don't know how to process this!"
devastated,I loss my grandfather. He was very sick
devastated,My Grandma just passed away. Its been a brutally tough time.
devastated,My mom gave me her old car but I didn't realize the trunk leaked. I had put my dads memorabilia in the trunk and it rained. almost ruined everything.
devastated,"We just had a house fire one month ago. We lost most of our things and our dog, Pudges."
devastated,My mom called about a year ago to let me know she had cancer
devastated,I was in an occasion and received a call that my friend is dead
devastated,When my grandmother passed away I was so sad. I was only 13 years old
devastated,My house burned down today. I am still in shock.
devastated,I will never forget the day after my 28th birthday. It already was raining and thundering that morning and the news that came after shocked me.
devastated,I found out that my girlfriend has been cheating on me. I am so hurt right now.
devastated,My dog passed away last month. I am so sad about it.
devastated,I worked so hard on the science project I was so upset when I didn't get first place. I thought I deserved it!
devastated,I thought my life was over when my dog died.
devastated,I was absolutely so sad when I found out that Paul Walker died. I loved him in the Fast & Furious movies. I recently saw a trailer for a movie about his life which brought back all the sadness I felt when i found out all those years ago!
devastated,My friend of 15 years passed away in his sleep last night. I am shocked beyond belief.
devastated,My little pet bird accidentally flew out the window.
devastated,My AC went out a month ago. I just knew it had to be the summer.
devastated,My daughter's dog was diagnosed with pancreatitis. She didn't survive unfortunately and I'm still having a hard time getting over it.
devastated,My mother died
devastated,It really hurt me when my parents got divorced. I never thought it would happen
devastated,"When I found out that I wasn't going to be one of the ones who gets to walk on the moon during the upcoming lunar missions, I took it pretty hard. I've been training my whole life for this, and now I just have to do lame NASA grunt work because I have a ""communicable disease that makes me a flight risk."" It's just ebola, what's the big deal?"
devastated,I felt really bad when my dog died
devastated,My car broke down when I was travelling to work and I missed a very important meeting regarding my promotion. I was devastated.
devastated,My spouse had a brief affair last year. It ended and we are still together.
devastated,My fiance died when I was 18
devastated,I was so heartbroken when my dog passed away last month.. She was my childhood dog
devastated,Me and this girl from Tinder seemed to really like each other. Then out of the blue she ghosted me hard.
devastated,When i lost my dog of 12 years i was absolutely devastated.
devastated,I cried all night when I found out Trump won the election.
devastated,"I was heartbroken when my grandmother passed away, I am still not over it"
devastated,I was devastated when my dog died
devastated,I am very sad these days.
devastated,I applied for a job online. I didn't get approved.
devastated,I was really sad to hear that my friend's little dog passed away. He was a good dog.
devastated,I once got a terrible score on a test that was important to my final grade in the course
devastated,I had an argument last week with my wife. She told me that she want to divorce and that I am not the father of our son. I felt destroyed.
devastated,"I was planning a vacation soon, but due to an emergency at work, all vacation time was cancelled."
devastated,I recently found that I was adopted. I felt terrible bad.
devastated,Someone I know was nasty to me again after trying to build trust. It really just crushed me because it's again another chance they took advantage of.
devastated,"I've been working for the same company for 10 years and managed to work myself up to a solid, well paying position. I was just informed that the company is going to shut down and lay everyone off. I have no idea what I'm going to do."
devastated,My friend's mom isn't doing too well.
devastated,I didn't get the promotion at work that I worked so hard to get.
devastated,I had written a 20 page paper for a class. Before I could save it the computer crashed and lost all of my work.
devastated,"I was planning on meeting up with my father for the first time in a few years since we had a falling out. We had a tentative meeting to see each other at the end of the week, but he's already canceled."
devastated,"My husband's grandmother and I were very close. We hung out and talked every day. One Friday she called me and asked me to go to breakfast with her. While at breakfast, she told me that her and her husband were going on vacation. She was so excited. They left the next morning and I called and told her to have fun and be safe. She told me she would and that she loved, and I told her I loved her. Early the next morning, we found out that she had a heart attack and had died. I was heart broken."
devastated,I'm devastated by my mother's death
devastated,My little sister didnt get accepted to college
devastated,"I am sitting at home drinking whole milk and eating a tub of peanut butter. I get a call from my main man, Nitro Dubbs. ""World Peace is cancel"" ""No"""
devastated,"my cat's an outdoor cat that i let out to have fun, and i just found out he was run over by a car yesterday"
devastated,When I looked at one of my bank accounts I realized I lost all my money. I found out it was stolen and there was no way to get it back.
devastated,My pet snake died
devastated,i was crushed when i couldnt get the day off
devastated,"When my grandmother passed away, I was devestated, I hated it so much"
devastated,lost my cat whisker he was the best pet i have ever had
devastated,My sister got into a bad car accident. I am so sad that it happened.
devastated,I saw my ex-girlfriend on a date with my best friend. I am so hurt right now.
devastated,"When I was a kid, my granpa bought me a dog. The dog was supposed to be a hunting dog, and he didn't want to keep it because I had made it into a pet. He ended up giving it away."
devastated,I dropped my chipotle after being hungry for the whole morning
devastated,I was wearing my favorite white shorts out to eat. I accidentally sharted.
devastated,I lost a good job a few years back. As a consequence my kids and I also lost our home of 11 years.
devastated,"My father had a large tumor removed from his kidney. They thought the surgery successful and he was recovering. On the third day he passed away suddenly, with no known cause of death."
devastated,"I found my kitten outside very ill, it had to be put down because it ate a poisonous plant."
devastated,One time a build a tower of cards that was over 8 layers tall. It fell when someone walked by
devastated,grandermother passing
devastated,food was ruined
devastated,"Someone spray-painted my car last night, wrote some curse word. I have no idea why, since i have no enemies. I don't understand how people can treat others like that."
devastated,I got a call in the middle of the night during college that one of my best friends had been in a fatal car crash.
devastated,I had a cat who lived to be 19 years old. She was one of the best things to happen to me. I still feel her loss
devastated,I had been fired from my job that I had for almost 4 years. I do not know what to do now and not much savings I have to live
devastated,"my cat just died, I had him for 10 years"
devastated,I really am sad that the boat sunk last week.
devastated,I just learned that I field my final exam. I was planning on taking the summer off but now I have to take the class over instead.
devastated,I was so upset when my dog destroyed the model airplane I was building. He thought it was a toy and chewed it all up. Now I have to get a new one.
devastated,My father passed away 2 1/2 years ago. We didn't know he had a life-threatening illness and it really traumatized our family. The unexpected loss was so agonizing and painful for us.
devastated,Our little chihuahua was diagnosed with an auto-immune disease. She got pancreatitis last August and then passed away in February.
devastated,"About four years ago, my apartment was robbed. I discovered the state of my apartment. Everything turn over, any object that had some value was taken. I was totaly destroyed."
devastated,I had to put my dog down today.
devastated,i was crushed when i wasnt able to leave work the other day
devastated,My dog got ran over last week and I have had her for 13 years and raised her from a pup. I loved her very much and it felt like I was going to die when my husband called me at work and gave me the news it just felt like everything was gone and I wouldn't be able to go on.
devastated,My cat died a few weeks ago. I'd had him for more than a decade.
devastated,When i left my money on the bus
devastated,A friend who I regularly saw had to leave the state for work. It's sad I'll probably not see him again
devastated,I could not find my favorite handkerchief that my grandfather gave me. I am afraid I lost it. It means so much to me since he has passed away.
devastated,"I was devestated when my grandmother passed away, that was a very sad time for me"
devastated,"My daughter had the sweetest little hamster. One day she went to feed it and it had died, she was crushed."
devastated,I lost my entire paycheck at the casino last night. I dont know what came over me
devastated,I cried for a week when I found out my wife has a miscarriage.
devastated,We just lost everything in our basement in a flood. We had torrential rain all week long..
devastated,My house flooded with all the rain!
devastated,My friend's home is being foreclosedo n.
devastated,Our dog passed away after 8 years of having in the family.
devastated,There is always a fight when my family gets together. We aren't even having a big thanksgiving this year
devastated,I met this girl on Tinder this one time. She was really into me but then she randomly denied the hell outta me.
devastated,I'm so so sad. My cat that i had for 15 years just died.
devastated,"My beloved tabby/calico mix cat, Callie, was out in our yard sunning and playing. A stray pit bull came into the yard, caught her and shook her like a rag doll, and killed her."
devastated,I brokedown when I got a bad news
devastated,I broke my ankle!
devastated,I couldn't pay my rent. I am homeless.
devastated,I met this girl on Tinder and we really hit it off. Then she randomly ghosted me and it made me really upset.
devastated,i was schocked when i had to go home early
devastated,I made plans for my dream vacation. I had been looking forward to this trip for over two years. I broke my leg and was unable to make the trip.
devastated,"My sister passed away in 2010. She had taken her own life and my mother and I found her after she did. It was very traumatic and painful for us, and all our family."
devastated,I am still in shock after my house caught on fire.
devastated,I lost my work ID card yesterday.
devastated,"My brother got hit with a DUI the other night. His wife said that was the last straw, as she was tired of his drinking. She kicked him out and now he's living with me. I feel so terrible for everyone involved, especially because they have two kids."
devastated,I lost all my money in my bank account due to fraud. I am so broken...
devastated,My pet rock rolled away yesterday. Never have been so distraught in my life.
devastated,I have to put my dog down.
devastated,"There was a small kitten that was hanging around my house. My neighbor brought it in from the heat, but didn't know how to care for cats and it end up passing away."
devastated,My sister lost her house due to a fire. We are all pretty much in shock and very sad.
devastated,I was shocked when i wasnt approved for time off the other day
devastated,"after the entire semester of hard work, I found out that I failed the semester."
devastated,When I was moving I put my stuff in storage. My unit got robbed of all my antiques and precious things.
devastated,i was fired from my job.
devastated,"When I found out my aunt had a heart attack and died alone, it devastated me. I was not sure what to do with myself afterwards."
devastated,I met a girl on Tinder and we seemed really into each other. We started dating shortly after and then she dumped me like 4 days in.
devastated,"I lost my wedding ring, I am so sad."
devastated,My heart is broke. My wife has left me.
devastated,I was hurt a lot when I was passed up for a full time position I wanted at my company
devastated,I lost my favorite bracelet a few days ago... I have looked everywhere
devastated,when my dog died
devastated,I made a stupid mistake at work and I got fired. What am I going to do?
devastated,"When my aunt passed away randomly, it hurt. It was just so random it killed me"
devastated,"My car of 13 years, a trusted vehicle, was totaled in an accident. I loved that car so much it had been through a lot with me."
devastated,I woke up really wanting some coffee... turns out my coffee machine isn't working. What a morning
devastated,i was crushed when i wasnt able to go to vegas as planned
devastated,I had a day where my grandfather and father both died in the same day.
devastated,My storage unit burned down and I lost several precious momentos
devastated,I recently lost my pet turtle. I think he may have escaped my yard. I am so sad I miss him terribly!
devastated,"I let my cat out for the evening , the first time I left her outside at night and she didn't come back."
devastated,I am so sad that my uncle died.
devastated,"Found out some bad news today. Due to a technicality, custody reverts back to my kids dad."
devastated,When my relationship ended it was very hard.
devastated,"I applied for a different position at work, and I didn't receive the promotion."
devastated,My pet cat passed away. She was 15 years old. I am very sad about it.
devastated,I lost my friend in a car accident. It has been very sad news.
devastated,We have to make an expensive car repair. This is coming just after finding out our roof is finally kaput.
devastated,My dog passed away of bone cancer. She was such a special dog.
devastated,Right after buying a brand new phone I dropped it and shattered the screen. I barely had any time to use it.
devastated,I've known my best friend since I was 4 years old. When he joined the Air Force he moved out of state and I was really upset when he left.
devastated,Me and my sister were yelling at each other then my brother came up to us. He ended up telling us he found grandma dead on her bed downstairs.
devastated,My dog just passed away two nights ago. She was 12 years old.
devastated,I lost a pair of earrings my grandmother had given me. I wanted to wear the to her funeral but couldnt find them
devastated,The hurricane violently ripped through my neighborhood.
devastated,My storage unit burned down and I lost several momentos that cannot be replaced
devastated,I had to put my ferret to sleep last week. I am so hurt just thinking about it.
devastated,I found my cat dead on the side of the road. I was so hurt and distraught I couldn't even drive home
devastated,I am so upset I lost everything in a flood yeaterday.
devastated,My friend was diagnosed with throat cancer last year. She didnt live long.
devastated,It really hurt me when my brother moved away. I could not handle it
devastated,"When I lost my parents, when they both passed away within a year of each other."
devastated,My little brother go in a car crash over the weekend. I was so upset
devastated,My dog passed away and it was really hard.
devastated,My dog just died. I am so sad.
devastated,I was devastated when I found out that my daughter was moving to another state. It made me sad not to be near her anymore.
devastated,"it was really hard for me when i heard i dint get accepted in my dream college, but i moved on and got into another one that was not as good"
devastated,I was so sad when my aunt passed away. It came out of no where
devastated,A student I teach was in a house fire. He lost his home and all of his belongings
devastated,I couldnt believe i didnt win the lottery yesterday!
devastated,"I had to put my cat to sleep last week. He was old, sick and in pain so it was time. I am still so heartbroken, though."
devastated,"The dog I grew up with died a few years ago suddenly. He was quite old, but it was still a shock. I don't live near home any more so my mom had to call and tell me. I was extremely sad about it."
devastated,A clsoe family friend recently died in a car accident.
devastated,My mother died yesterday it was just so sudden. I am just a mess right now and can't believe it's happening.
devastated,"I loved watching ""Sons of Anarchy"" and had only got through Season 2...when my friend ruined everything and said they were all gonna die at the end. I was sad and horrified"
devastated,A big storm blew through this week and knocked a tree down. The tree crushed my shed full of all my garden tools and supplies.
devastated,My car broke down right before I was about to go on a road trip. I took it to the garage and they said it will take weeks to get the right parts.
devastated,I was just informed my grandma has cancer.
devastated,I crashed my car. It was my dream car and I loved it so much.
devastated,I was pretty sad when my brother moved away. I was going to miss him
devastated,I was totaly destroyed when I found that my wife took all the money that was in the bank account and left me.
devastated,"Last month we had record rainfall in our area. The river down from my house flooded so bad, it flooded my home and destroyed everything. It sucks having to start from scratch again."
devastated,I am so sad about the bridge collapsing.
devastated,"My father almost died last year. The whole experience was very, very tough"
devastated,I felt very sad when i found out that my mother had lung cancer 6 months ago
devastated,"I was so excited when I got my brand new motorcycle a week ago, but yesterday I crashed and totaled it."
devastated,"Our family dog died recently, it was really hard on the family."
devastated,My dog was ran over yesterday after sneaking outside.
devastated,I lost my wallet at the store yesterday. I go there all the time. I can't believe no one turnes it in.
devastated,My girlfriend dumped for my best friend.
devastated,I came home from school. I found out my dog was run over by a car.
devastated,My sister was not paying attention and she let the dog run right past her and out the door. We can not find him and I don't know what to do!
devastated,i was crushed when i couldnt get out of work on time
devastated,I was ad when I found out what the hurricane did the Caribbean.
devastated,I received horrific news from a best friend recently. They had tried to commit suicide. It was very hard to hear but thankfully they are getting the help they need.
devastated,I just got word that I did not get the job I really wanted. I feel crushed.
devastated,I just wrecked my brand new car!!!
devastated,I lost a hundred dollar bill today
devastated,i was shocked when i couldnt go to the game i bought tickets for
devastated,My neighbors chopped down a tree in my front yard while I was away from my house. I felt so angry and upset.
devastated,I was so sad when my pet iguana died recently. Izzy and I were best friends. We had such a good time together.
devastated,my brother got sick and passed with no warning
devastated,"My hamster died when I was a child, she was my best friend."
devastated,The high school I went to is being torn down for a condo.
devastated,took my cat for a walk and he got lost
devastated,My partner and I had a very fierce argument last night. She left the house and I do not know if she will ever come back
devastated,I had a pitbull that I loved dearly named Lily. My boyfriend left a candle burning one night and left the house to go to his sisters. Our house caught fire and lily died.
devastated,"I am going through a breakup, we were together for five years I am heartbroken"
devastated,when i had to say goodbye to my dad
devastated,A friend let me know the morning of Christmas of 2007 that my best friend had fallen off of a roof and died.
devastated,"There's a wild fire let loose in my areas ,it gutted several houses ,mine inclusive. It was ..."
devastated,We had a little chihuahua pup that had an auto-immune disease. She had a great life for 6 years and then passed away a few months ago due to pancreatitis.
devastated,When I found out I was betrayed...there is almost no worse feeling besides losing someone.
devastated,"Last month I came home from work and noticed my cat wasn't feeling well, so I rushed her to the vet. I had to put her down."
devastated,"We tried for a long time to get pregnant. Unfortunately all of the pregnancies ended in miscarriage, it just wasn't meant to be."
devastated,"My father went to the hospital for abdominal pain. They found a tumor, but the operation to remove it went well. He passed away suddenly a few days after."
devastated,I had my hopes up to win a sweet contract I bid on. They chose someone else for the project. I really wanted that project.
devastated,I lost my dog to bone cancer three years ago.
devastated,I recently lost my grandmother. She had stage 4 liver cancer. It was a hard thing to deal with.
devastated,There was a race I should have won.
devastated,I dropped my moms anniversary cake on the way into the party. I had ordered it weeks agao
devastated,"I just found out my husband has been cheating on me last week. I already told him it's over, and that we can't come back from this."
devastated,I was broken when i heard a bad news from my office
devastated,the episode didnt come out
devastated,I was devastated when I had to put my chihuahua to sleep not to long back. She had congestive heart failure. She was my constant companion and I loved her so much!
devastated,"I was devestated when my grandmother passed away, I was not prepared to deal with that"
devastated,My husband lost his job. It was 3 weeks before christmas.
devastated,i was devastated when my favorite world cup team was knocked out of the tournament.
devastated,I was crushed when i didnt win the lottery
devastated,"When my friend canceled on our trip last month, it really hurt me. I was looking forward to it"
devastated,"When the Las Vegas Shooting happened, I was so emotional and sad. I hate when stuff like that happens"
devastated,One time I was doing a really important art project for a contest and I had put in 8 hours of work into my piece and then my mom ripped it.
devastated,My grandmother died and i feel absolutely horrible.
devastated,My dog just died in my arms
devastated,My car burned down.
devastated,"My sister died in a freak accident, my heart is broken."
devastated,"After working at my job for over 2 decades, they're closing down."
devastated,"I came home one day to my cat, Muffins, dead."
devastated,"My wife just told me today that my vasectomy failed, if you know what I mean."
devastated,I came home from work.. and opened my mail up.. and you won't believe what I got in the mail.
devastated,Today we found out at work that they are closing the business down. This is horrible
devastated,my uncle died last year
devastated,I applied for a job and thought I was going to get the position. They called and told me that the position had already been filled. I was devastated.
devastated,My dog pooped on the rug. Quite sad that she destroyed it.
devastated,i was crushed when i saw someone had taken my lunch from the fridge at work
devastated,My neighbor's house burn down. We can't find where the cats went.
devastated,Last year we lost our home of 20 years to a house fire. We lost all of our belongings but thankfully nobody was hurt.
devastated,My heart sank when I heard my favorite teacher from elementary school passed away.
devastated,I just found out my wife of 10 years has been unfaithful to em.
devastated,I was driving the other day and a little turtle was in the road. I turned around and went back to get him before he got ran over and didn't make it. Ugh. He got hit and smashed that fast before I could get him
devastated,I just broke up with my boyfriend of 8 years. I am beyond distraught.
devastated,My dad died last year
devastated,My nephew died yesterday.
devastated,"On the day on September 11, 2001, Life was never the same after"
devastated,I met this girl on Tinder and we really hit it off. Turns out she was crazy and led me on for a while and that made me upset.
devastated,"for the death of my mother, my soul was destroyed"
devastated,I lost my job and i'm the only provider in my family i'm so stressed
devastated,"I was looking to adopt a dog and found one that I loved. By the time I was ready to adopt and get to the rescue shelter, somehow else had adopted the dog."
devastated,I just got laid off from my job! I am floored! This will destroy me!
devastated,I can not believe that airplane crashed. I cried all night.
devastated,Our family dog passed and my mom was so wrecked it hurt her really deep.
devastated,"My mom, who's in her 60s, lost her best friend today, who passed away. She was one of the only friends my mother had, and I feel sad for her since she lost a connection to her childhood and past. She seems really lonely."
devastated,I can not believe my friend died last week.
devastated,I just found out I didn't get into the college I wanted to. I'm really disappointed
devastated,I was devastated when the Falcons blew the Super Bowl.
devastated,My cat ran away from home. I'm starting to think he'll never come back.
devastated,When my dog died.
devastated,"I was heartbroken when my grandmother passed away, I still am not over it"
devastated,My wife and I decided to get a divorce. I feel absolutely defeated and distraught because of it.
devastated,I was sad when my cat died. He was so sick
devastated,I was upset when I failed my math test.
devastated,My girlfriend broke up with me. She did this right before my birthday
devastated,the floods destroyed everything. The insurer is not returning our calls
devastated,I was going through a hard time and my dog died unexpectedly. It was a great shock.
devastated,I was so mad when I came out of the salon with different hair color than I asked ofr
devastated,I found out my cat has terminal kidney failure. I really don't want to lose her.
devastated,"My cat I've had for over 15 years who went through college, kids , my divorce with me had to be put down recently."
devastated,i was sad to see my favorite tree had been broken in the storm last week
devastated,I think it's tragic what our country is like right now. We are falling apart as a society.
devastated,My son and I went to the beach and had a near death experience. We almost drowned as we got sucked in to an under tow.
devastated,I'm losing my home
devastated,Me and my girlfriend at the time were really going steady. Then randomly she broke up with me and started dating this other guy.
devastated,I was shocked when the Lakers got lebron
devastated,My car burned down in a fire.
devastated,"I went to the mall with my niece, suddenly she started to cry, she lost her purse with her money."
devastated,i was crushed when i didnt get the day off
devastated,I was so hurt when I heard my friend's puppy was stolen. I couldn't believe it.
devastated,My 32 year-old son died of a sudden heart attack. I was with him. the day before.
devastated,"My favorite horse, Gracie, died the other day. I've had her since I was a child so it's very hard to take."
devastated,I was totally disappointed today. No one remembered my birthday.
devastated,"Last year, heavy rainfall caused my basement to flood. I lost all of my childhood photos as well as many irreplaceable things from my past."
devastated,My friend is moving away. I am pretty sad about it
devastated,When I got rejected to my dream school. I put in so much work to the application.
devastated,when i found out my dad died
devastated,My dog got run over by a car today. I've had her for 10 years.
devastated,I saved up my money for a long time to buy my motorcycle. I was able to get it after 4 years of saving. I crashed it last week after only 2 weeks of owning it.
devastated,"Roommate just walked in on me while I was... trying to... ""feel good"" if you know what I mean. So awkward. My door doesn't have a lock, either. I told him to not come in, and he just kept coming in!"
devastated,"I put a deposit down on a dog, but it died before I could pick it up. I was so sad."
devastated,My cat ran away and had been missing for over a week. We just found out she had been hit by a car.
devastated,the braves are having a great season. i am gunna be so bummed if they dont make a run
devastated,I was planning to attend classes this summer. It broke my heart that they want me to pay 1000 out of pocket.
devastated,I was torn away to hear that my dad was having health problems again. It's always so stressful
devastated,My brothers wife left and took the baby. We haven't seen her since.
devastated,I was pretty sad when my grand dad died. It was not expected
devastated,A 10.2 magnitude volcanic eruption shattered my neoghborhood.I lost a fortune!
devastated,I learnt a few days ago my best friend passed away in a car accident. I am still in shock.
devastated,my little brother is going to jail!
devastated,I lost my job last week! It is horrible and has completely destroyed my plans for the future and my finances!
devastated,I felt so upset because of the damage caused by the hurricane to my town last year
devastated,My car caught fire
devastated,My father in law was diagnosed with pancreatic cancer when our daughter was just 9 months old. He passed 9 months later so never really got to know her and never met our other daughter.
devastated,My wife's cousin was sent to the hospital and was placed in a medically induced coma with something having to do with his lungs
devastated,One time my dog got hit by a car. He did not survive.
devastated,There was a storm last night and a tree fell onto my roof. I think I need to get the roof re-shingled and I am lost for words...
devastated,My puppy just died
devastated,Our puppy got out of his leash and ran toward the busy road
devastated,I have received news that my brother has died. I am beyond devastated.
devastated,Probably the worst time of my life was when my second marriage ended. It lasted over 20 years and much of my life and plans for the future were intricately bound within that relationship.
devastated,i was crushed when i saw my dog had gotten out
devastated,"When my aunt died a few years ago, it really hurt me."
devastated,a younger guy i used to work with passed away this week
devastated,My dog passed away.
devastated,I remember when I got into a really big fight with my roommate and she kicked me out and I had to move back into my parent's house.
devastated,A tornado went threw my house.
devastated,About a year ago I lost my grandmother to cancer. I was really close to her.
devastated,I didn't get the promotion at work that I had been working so hard for.
devastated,I am sad that they closed my favorite restaurant.
devastated,"My cat is sick, I don't know what to do."
devastated,My friend's boyfriend of 10 years cheated on her.
devastated,when my house caught on fire.
devastated,My friend died in a helicopter crash.
devastated,I think I'm goin to be in school forever.
devastated,Our fence fell down. It's going to cost so much to get it fixed.
devastated,"I have been trying to get a car but my credit is so bad, I tried to repair it but to no avail."
devastated,i was heartbroken when my dog died last month. He was always by my side as long as i remember
devastated,"Last week, when I was in the meeting, my boss got an acute heart attack. I was very shocked. He is very young and now he is in coma."
devastated,My best friend moved away to another city. I am so sad she's leaving.
devastated,i was crushed when i had to work last weekend
devastated,I was devastated to find out my cousin passed away in a tragic car accident.
devastated,Someone close to me passed away recently in a freak car accident. He was young and doing great academically. It hurts so much.
devastated,i took a pregnancy test just to find out it was negative
devastated,"Despite working hard, I failed my exam."
devastated,I really wanted my last relationship to work out. But instead she basically just ghosted me and moved on.
devastated,I was so upset when I heard my Grandma had passed. I was overseas and didn't know about it as nobody could contact me.
devastated,My dog just died. It was the worst thing that ever happened to me.
devastated,I was so hurt when i found out a friend of mine lost his brother
devastated,"My grandfather passed away, and when I found out it had already been several weeks after the funeral happened."
devastated,I just lost my job. I've been working there for years and was so close to qualifying for retirement. I can't believe they did this after all these years.
devastated,"When I found out my brother was moving when I was younger, it really killed me. I was going to miss him so much"
devastated,My father unexpected passed away around 2 1/2 years ago. We never thought he would be leaving us this soon and it was very traumatic to me.
devastated,I went and applied for a new teaching position. I went through 3 different interviews and I just knew it was mine. I got a phone call 3 days later that they hired someone else.
devastated,I am so hurt that my baby goat died. My dogs were playing to rough and killer her. Man I should have stopped it sooner. It is all my fault. :(
devastated,"I worked so hard on this project, but my professor said it was horrible but didn't want to fail me."
devastated,"My uncle died last week, I loved him so dearly"
devastated,One time my dog got run over by a car. He had been playing outside with my brother and his friends.
devastated,My dog I had for five years just passed away. He was hit by a car last night.
devastated,I felt like the world was over when my tire got punctured
devastated,I was heartbroken when i heard my dog had died. She was my childhood dog while i was growing up'
devastated,I am heartbroken that Lebron left for LA
devastated,"I lost a loved one last week, I felt like I was loosing my breath"
devastated,"I was hoping to get an interview for a position and was told I would at least get that chance. However, the recruiter didnt look at any internal candidates and by the time it was reported they had already hired someone from the outside."
devastated,I think I have a coyote or wolf running around my area. I think it killed a little beaver that lived near the creek near my house.
devastated,I just bought my first new car last week.
devastated,once I bought a new dress to wear on a date. I decided to wear it before the date and spilled wine on it. Had to find something else to wear.
devastated,I was in complete shock to receive the news of the demise of a bosom friend
devastated,Someone was killed outside of my apartment once. IT was a hard thing to see
devastated,I was very sad when I found out that my neighbors houses were going to be demolished because the city ordered it.
devastated,I am so sad Anthony Bourdain died.
devastated,My brother passed away 2 years ago and i still don't know how to cope
devastated,My neice and I were distraught because she worked so hard to get into nursing school and didnt get in.
devastated,My mom passed away
devastated,My younger brother was hit by a drunk driver and lost a leg we are all devastated
devastated,I found out my cat left me.
devastated,i was so sad when i found out my pet horse died of cancer last week while i was over in vacation
devastated,When my mom got really ill and was in the hospital I wasn't able to visit her for about a week. It just also happened to be the week that she died. I was broken. I couldn't be there when she needed me the most.
devastated,"I saved up for so long to buy my car. 5 days after I got it, it was totaled when someone hit it in a parking lot."
devastated,"My dog since childhood died a few days ago. It was heartbreaking, and it made me very sad"
devastated,The chain on the necklace my boyfriend gave me broke and I lost the pendant. It was so beautiful and I can't find it anywhere!
lonely,My boyfriend went out of town for a few days leaving me all alone at the apartment. I didn't have many friends here.
lonely,I knew no one first semester of college
lonely,I feel abandoned.
lonely,It was a gloomy weekend. A girl didnt call me like she was supposed to
lonely,I sometimes feel so alone since Ive been single
lonely,I'm a single mom and my son just went off to college
lonely,I just moved into my first one bedroom apartment alone. I miss having a roommate to have around.
lonely,I am going to feel pretty alone this weekend. My friends are going out of town
lonely,WHen my ex boyfriend of over 4 years suddenly just up and left me for another woman I didnt know what to do with myself. I was so used to doing everything with him all the time and it was really hard for me.
lonely,Went to the park yesterday alone. My friends ditched me.
lonely,"My husband left for a week long business trip, and he took our dog with him! I was all alone in the house."
lonely,The house has been really quiet since she went on vacation.
lonely,I broke up with my boyfriend last week.
lonely,I had no roommate in freshman year of college.
lonely,I am lonely when my bf is away at therapy but its for the best
lonely,My girlfriend went out of town on a business trip. I feel alone in my house.
lonely,I went to the park all alone. It was quite depressing.
lonely,"Last year, my father passed away. He was my best friend."
lonely,"After my fiances PTO days are over that he likes to use almost two weeks in a row, and things get back to the usual grind, it stinks because I feel so alone in the house trying to control my child."
lonely,I went to the park all by myself yesterday. My friends ditched me.
lonely,"I don't have a lot of friends. In a mom's group I go to, all the mom's seem to click but I don't."
lonely,I miss my family. everyday
lonely,When my wife left me last year. I felt like I had nobody
lonely,I live by myself. Sometimes it gets tough without anybody around.
lonely,I have been travelling for three months now. I am really missing my friends and family right about now.
lonely,When I got my first car I thought I'd finally have a cool social life. My first night out I spent alone at a Whataburger..
lonely,"Even though I'm looking forward to being an empty nester, I have brief periods when I wish that all of my children were here at home. Then reality hits and I realize that there is peace in being here by myself."
lonely,I am so sad my husband was deployed this week.
lonely,"My best friend moved a few states away, I've never felt so alone."
lonely,"when my wife left me a year ago i went a little stir crazy. it was so silent in the house, i had to get out and make new friends."
lonely,"Whenever it's late at night and I'm on the couch watching T.V., I feel alone and empty inside."
lonely,I spent a lot of time by myself as a child.
lonely,I was lonely before I met my girlfriend and friends
lonely,My friend dint come to watch a movie with me
lonely,I felt distant once I moved away to college
lonely,i moved to a new state and know nobody
lonely,"It's high time i get my self a girlfriend,i feel so bored up."
lonely,I have been alone for almost 5 years now.
lonely,My mom had been out of town for a whole weeks now.
lonely,I haven't seen my boyfriend in about a week. Being apart is sometimes hard.
lonely,I just moved to a new city for work. I do not know anyone that lives here.
lonely,I felt so alone after my dog trevor passed away. he was always by my side over these years
lonely,Some days I feel so alone as if I'm the only person on this earth.
lonely,My girlfriend left to go to her mothers in washington and has been gone for 3 weeks. Every night all I do is think about her and wish she was here with me.
lonely,"I think the most lonely I have felt was when we moved overseas, my husband had to travel out of *that* country for business, and I had a new baby and dog to keep me company!"
lonely,I just moved out of my parents house into my own apartment. I don't have anyone to talk to anymore.
lonely,"I just broke up with my girlfriend, we were together for 8 years, i feel so empty."
lonely,"My dog passed away a week ago. I live alone, and he was the only person that kept me company when I came home at night. Apartment feels so quiet and lifeless without him around."
lonely,All of my friends aren't speaking to me and I don't know why.
lonely,rainy day spent at home
lonely,my parents went on vacation
lonely,I have no one to read with.
lonely,"My girlfriend and I recently broke up. For the first time in 5 years, I have been in a house all alone every single night."
lonely,I had to go out of town by myself for three weeks. It was hard not being able to talk to anyone I knew.
lonely,I went to the skating rink all alone. It was terrible since my friends ditched me.
lonely,It can be hard to wake up sometimes when you live alone. It's like..Oh...yeah. You know?
lonely,My family had to go to a funeral out of state this week. I hate being alone.
lonely,I wanted to go out with some friends to a party tomorrow night. But all of my friends will be out of town. So I'll have no one to spend any time with.
lonely,Today was the first day of school for my kids. It's been so quiet here.
lonely,there was a time when I lived in another state with no family around.
lonely,I just moved to a new city for work recently. I don't know anybody here and am just stuck by myself at home.
lonely,"I went to a restaurant last week by myself, meanwhile everyone else was sitting with at least one other person."
lonely,My husband cheated on me with his high school girlfirnd.
lonely,I went swimming in the lake yesterday all by myself. Felt quite bad since my friends ditched me.
lonely,Well I am in a relationship kind of..but they are away and I can't talk to them so I am quite lonely. But I cannot live with them they way they have been so it's a pickle.
lonely,I hate being single! It makes me so bitter seeing happy couples everywhere. I'm so sad...
lonely,I feel alone whenever i think about my dad.. He passed away last year.
lonely,I broke up with my girlfriend a week ago so I'm trying to adjust to single life.
lonely,My husband is out of town for work. This sucks
lonely,I planned a vacation with a friend who got severely sick right beforehand so I had to go without her. Its been fun so far but quiet and there's no one to have fun with.
lonely,day four now since my wife went to visit her family. The house is too quiet now. I have started sleeping with the light on lol
lonely,"Just moved here for work, and I don't know anyone. My coworkers have families of their own."
lonely,I went to the bowling alley all by my lonesome to day. It was terrible.
lonely,I just moved to a new state for work and haven't made many friends yet.
lonely,Recently I've been feeling that I don't need a company to feel wholesome.
lonely,My wife and I recently got divorced. It is strange her and the kids not being around the house.
lonely,I went to a concert by myself.
lonely,"I went to eat by myself last night, I have no friends."
lonely,My boyfriend broke up with me.
lonely,"When my wife and son are gone from me, i dont like it."
lonely,I have no friends in my new class.
lonely,My son went to stay with family for a few days. The house felt so empty without him.
lonely,My kids went on vacation with my parents for the week. I feel so lost and bored without them here.
lonely,Sometimes I feel alone even in a crowd.
lonely,My daughter went on vacation with her friend. It is very quiet around here and I am not used to it.
lonely,I knew i shouldnt have trusted my brother with my dog!
lonely,My family went on a vacation without me because I had to study for final exams. I have to stay home by myself which feels a bit like I am living in exile.
lonely,"I miss being able to talk to my parents, I don't live near them anymore"
lonely,I just moved by myself to Spain to study. I do not know anyone here.
lonely,My kids are gone unitl wednesday. The house is so quiet.
lonely,I remember rushing home to watch Passions after school. We would all talk about it it homeroom the next day.
lonely,I moved away from my family and friends to start a new job next week. I'm looking forward to it but its so isolating not knowing a single person.
lonely,"I moved recently for work, but am having trouble meeting new friends out here."
lonely,as a writer i prefer to always be alone
lonely,"My best friend off to London . We bread and buttered together. Eben though am happy for him , I am going to miss him a lot"
lonely,I moved to a new city and have no friends.
lonely,"I was at a basketball game, although there were so many people. My partner could not make it so it was not fun"
lonely,Alone in a car
lonely,My friends left to dinner without me since I canceled last minute.
lonely,i live alone work alone
lonely,When I moved into my house I was living by myself for the first time.
lonely,I just moved to a new city for a new job and I've been so busy I haven't really been able to go out and meet new people.
lonely,"I brought lunch to work as usual, and it seems everyone went out to lunch this time around."
lonely,I was very lonely before I met my friends and current girlfriend
lonely,"I moved to a new area and there's a lot of places to go, but I don't have many friends in my new area. So sometimes I'm left to be alone."
lonely,"About two month ago, i broke up with my partner of 2 years. I have never felt so sad about myself"
lonely,"Yesterday was a very hard day, in addition to drama, I felt so alone. I live alone and don't see many so it can get hard on days like the weekend."
lonely,A few years back my brother left for college and I had one year of high school left. It was weird having the house be so empty.
lonely,I posted a party on social media this morning. Not single soul showed up and I am alone...again
lonely,No one wants to each lunch with me.
lonely,"My husband's been out of town this week, and will be gone for another week. It's so quiet around the house, I can't get used to it."
lonely,My cat is at the kitty spa.
lonely,I just moved to a new city. I do not know anyone here and there is nothing to do.
lonely,I felt like I didn't have many friends when I didn't get invited to someone's cookout.
lonely,I went to the park yesterday all by myself. I felt so lonely.
lonely,I am so stressed out due to work load. And I have no one to come home and receive an emotional support from
lonely,I have been traveling for a month now. I am starting to miss my family and friends.
lonely,Birthday last year. Sitting at home alone.
lonely,My wife and our three children just left for a two week vacation with my inlaws. I have to work so I couldn't go with them. I feel so alone right now.
lonely,My dog just passed away and he was the only friend I had.
lonely,I live by myself and it gets so boring. Just me and my dog.
lonely,"I started a new job recently, but don't really know anyone there yet, so I am a bit bummed."
lonely,brother moved away
lonely,"My husband and I divorced, he has the kids this week."
lonely,My girlfriend left me for another man. It was on christmas.
lonely,I spent Saturday night playing Lord of the Rings Online.
lonely,Right now I live out in a rural area. I'm home bound sometimes and it can get pretty lonely waiting for people to get home.
lonely,No one came to my party.
lonely,"When my last ex ghosted me after things were going really well, I felt lost. I had no idea what I'd done wrong, so I was forced to assume that it was something to do with my personality. That didn't help matters."
lonely,"All of my friends have moved away, when I still live and work in the place where I grew up. Many local people my age do drugs and stay out all night, so I just stay in and keep to myself."
lonely,I rea;;y miss having a man around the house. I have to do too much
lonely,My husband went to hang out with the guys and I was all alone in the house.
lonely,My friends went out to a party. They didn't invite me along
lonely,Moved to a new city with a lower cost of living. I kind of feel isolated here.
lonely,i felt all alone the other day
lonely,I was lonely before I met my girlfriend and all my frinds
lonely,I feel alone most of the time and I kinda enjoy it
lonely,I went to the bowling alley yesterday all alone because my friends ditched me.
lonely,"That first morning after a break up, and i realized that my my now ex wasnt there was one of the most lonliest times."
lonely,I went to college out in the middle of nowhere. It was a very small school and there werent many people who were like me. I experienced a lot of singling out and exclusion while I was there.
lonely,"These days I've been feeling a little isolated, especially since I broke up with my ex. But then I see how much money I'm saving and I feel a lot better."
lonely,"My husband is away on a work trip. I thought I'd like the time alone, but I miss him."
lonely,My dog injured herself on her tongue and had to go in for surgery and my child went to his grandparents house that day so it was weird having the house so quiet. It was almost an eerie feeling.
lonely,When my kids are in school all day I get lonely sometimes.
lonely,"Before I met my girlfriend and friends I was very lonely, that was not a fun time"
lonely,"I was so bored last night. I live by myself, just me and my dog."
lonely,"I hate being alone at my house, it's not fulfilling at all."
lonely,"When my daughter went to university, and wife travelled abroad for work, I had the whole house to myself. I found the place became empty really quickly."
lonely,I was all alone last week when my dog got out
lonely,I get to feeling alone sometimes throughout the week. I wish I had a girlfriend
lonely,I have nobody to share the joys of my life with
lonely,I didnt know anyone my first semester of uni
lonely,I went on a road trip to Utah a few months ago by myself and missed my friends
lonely,My girlfriend dumped me last month. I hate to be all by myself.
lonely,My entire family when to Europe for the summer. It is just me at the house.
lonely,I'm so sad because my family left today on a trip without me and they'll be gone for a week!
lonely,I spent a lot of time alone as a child.
lonely,My husband took my girls on a father-daddy day trip the other day. I had no idea how quiet it would be at the house with all of them gone - it was a bit weird.
lonely,I moved to a new city. I have no friends here.
lonely,I had to eat dinner alone today. Husband is on his way back from a work trip
lonely,I have been single for 10 years.
lonely,"My husband passed away last year and with my kids out of the house, its often eerily quiet."
lonely,My brother who went abroad for his research study. I miss him and feel like isolated.
lonely,I had to eat dinner by myself again. I hate being by myself.
lonely,I am sitting alone in my apartment. I had a friend over earlier but now I am all alone.
lonely,I was walking home at night. I didn't see anyone else during the walk.
lonely,My roommate has been gone all week. I don't have anything to do without him here.
lonely,My husband will be away on a bachelor's trip and I will be alone.
lonely,My kids are now officially gone to college and my husband is away on a 4 day business trip. Its so quiet.
lonely,I went to the bowling alley all alone yesterday. My friends ditched me.
lonely,All my friends live in a different country
lonely,I feel lost. I have no friends and do not know how to earn friendship.
lonely,"It's been a hard night tonight, just sitting on the couch by myself watching TV."
lonely,My flew home to see family. It is very quite at home now.
lonely,i miss my familly so much
lonely,About 8 years ago I moved to Texas with just my boyfriend. I left all my family behind when I moved.
lonely,I felt alone last summer when my friends were all gone for the summer.
lonely,My roommate went to Paris. I was at the house all alone.
lonely,"Here I am, another night all alone. You ever feel like you will be alone forever?"
lonely,One time I moved to a new city and didn't know anyone. I had to go out alone to do things
lonely,"Back in senior year of high school, my brother went to college and my mom worked a lot so I was the only one in the house a lot. It was a pretty sad time."
lonely,No one came to visit my house today and I was very lonely
lonely,My husband had to go out of town for work recently. I don't have a lot of friends or close family so I had no one to spend time with or talk to and it was sad.
lonely,"Before I met my girlfriend and friends, I felt very alone, it was a dark time"
lonely,"When I was young, we moved to Arkansas. I felt very isolated, as I was away from my friends"
lonely,It can get really rough when you have a problem and just need to vent. It's even more hard when you realize you don't really have anyone to talk with.
lonely,I have severe social anxiety and don't have any friends.
lonely,"when i walk through my house, the rooms are empty. There are no one here but me"
lonely,i felt all alone this weekend
lonely,"My wife passed away about a year ago, now I have no family in my life."
lonely,"My roommate moved out, it is just me now living at the house."
lonely,I miss being young and getting to hang out more. Those days are over
lonely,my wife and my baby are going overseas for a month. i will be so lonely in this big house
lonely,No one even cares about me.
lonely,"Boy is it hard to be alone sometimes, this past weekend I feel like I went through every emotion."
lonely,"My husband used to work out of town in a different state Sunday through Thursday. Even though my kids were with me and we kept to our usual routine, I still missed him very badly when he was gone. Every Sunday after he left, I would cry."
lonely,"lonely: I like being alone, but not feeling bad"
lonely,I don't have many friends and my family lives very far away. I sometimes feel very sad.
lonely,I moved to a new state a few years back. Now my childhood best friends and I are in different parts of the country and I don't know anyone where I am.
lonely,"I had planned a bicycle tour with a friend of mine. At the last minute, he was unable to come on the trip with me. I ended up only doing about half the trip and flying home."
lonely,"Just over 2 years ago, my wife and I got divorced. It was so strange being in our big house all alone, and her and the kids not being there."
lonely,My best friend and I had been roommates all through college. We each moved out on our own over the summer. I miss her.
lonely,My wife and I got divorced four years ago. The house was very quiet without her and the kids being there.
lonely,I went to the pool yesterday all by myself. Never felt so alone in the kiddie pool.
lonely,"Once, my boyfriend left me for my friend. I felt very left out since I no longer had either of them in my life. It was a sad time."
lonely,"I watch my son when I'm not at work, usually for a day or two in a row."
lonely,I dont really know anyone at uni
lonely,My wife is on a business trip for two weeks. I'm starting to miss her a lot.
lonely,i had a bad day and tried calling two different people and couldn't get anyone
lonely,"My girlfriend went on a trip with her friends, and left me alone at home."
lonely,One time my family went out to vacation and I was home alone with no friends
lonely,It's 6 a.m. and everyone is sleeping. but me!
lonely,"I had to go to a work conference last week. I didn't know anyone there, and I really don't like to travel without my family. It was hard."
lonely,"I haven't had a boyfriend since I got cheated on, five years ago. I feel alone"
lonely,"When my kids are in school, I get lonely sometimes."
lonely,I never get to go out and see people.
lonely,"I can recall when my mother passed away I was very alone, literally. At 20 years old and an only child, you still need your mother. My father wasn't in the picture after she passed either. So I was completely by myself with a 2 year old toddler. Very sad time."
lonely,My family went on vacation and left me all alone.
lonely,I saw a man on the street and he looked so sad. He had no one and I kept on walking by to leave him alone.
lonely,My wife is off to her mom's for couple of days. I think am going to miss her
lonely,I feel like no one understands me in this world.
lonely,"I was watching my son the other day and I'll watch him for two days at a time. I realized in the second day that I really don't talk to anyone else other than him during the day, and needed to get out more."
lonely,"My friends had a party and I was not invited, it made me sad."
lonely,I have given up on finding love. I have looked everywhere but just can't find my soulmate. Guess I will be by myself for a long time.
lonely,I just moved to a new city and I don't know anyone. I can't seem to break into the social circles at work.
lonely,"Family went out of town today. Since I start school soon, I couldn't go with them. House is empty, just hear some outside noises of passing cars and some birds. Feels a little like I was abandoned, even though no one had any other choice to do anything other than what they did. Oh well"
lonely,I don't have many friends at my new school
lonely,"When I went to Texas for some office work. I was alone for almost two months. In that period of my life, I felt a lot lonely. No, one was there with me, not even my friends."
lonely,All of my friends are away for the summer so I have no one to spend time with right now. It's quite upsetting.
lonely,"After my two best friends moved away, I felt pretty depressed and miss them a lot."
lonely,I never thought I would say this but its a little too quiet since my kids went back to school
lonely,I was feeling alone in the city of Miami after i moved there. it was my first time staying away from family
lonely,"I was married for 10 years, but something just didn't feel right. I felt like he was cheating on me but could never prove it. But I recently did and the hurt, depression and just the feeling of sadness is indescriable."
lonely,I recently moved from California to North Carolina. It was ok while my friend (who drove me across the country) was here. But after he left I realized I knew absolutely nobody. It was not a good feeling.
lonely,No real plans this weekend and just sitting here alone.
lonely,I moved away from my parents not too long ago. It's been really different and a little too quiet.
lonely,"Since I broke up with my girlfriend, I feel bad been alone."
lonely,My daughter is leaving for college. I don't now what to do.
lonely,"I was on a trip to a heavy metal festival in Las Vegas. While there, my girlfriend broke up with me, and we were still staying in the same room."
lonely,i was all alone last night
lonely,My girlfriend dumped me for another guy. It was on christmas.
lonely,"My close friend whom i know for years and lived in the same city which we used to meet regularly for coffee or for having fun time, is moving away to different state for a job offer he got. I don't know what i will do by myself only"
lonely,I used to live alone in my twenties and I hated it. there was no one to come home to.
lonely,i hate when i am the only person in the bar. even if it is at 10 in the morning
lonely,I spent last evening alone because I don't have many friends. This normally happens for me.
lonely,"when my friends went out without me, and didnt invite me."
lonely,I was very lonely before I met my girlfriend and close friends
lonely,I ate dinner by myself again. I hate being by myself all the time.
lonely,"My wife is off to her mom's, stuck alone at my home!!"
lonely,"My dog died, now im alone in my home."
lonely,I don't work or go anywhere most of the time. I always feel like I'm waiting for my boyfriend to spent time with me
lonely,"After moving to Dallas from a small town I felt I would like it, but after a few weeks of not knowing anyone I got home sick."
lonely,I feel like I am going to be single forever. Every date I go on is terrible.
lonely,my whole family is out of town
lonely,My husband had to go out of town for work. He will be gone for 2 months. I don't know what I will do.
lonely,I felt really alone when my dog passed away last month. He was always by my side all the time.
lonely,I felt alone last weekend. All of my friends were out of town
lonely,My kids are still on vacation with my parents for another wee. I really miss them.
lonely,I invited all of my online friends in Fortnite. None of them joined to my surprise.
lonely,I lived in New York City for a couple years and it is definitely a place where one can feel quite alone if you don't have family or friends.
lonely,"I'm pretty bummed, I have to dog watch my parent's dog all weekend by myself."
lonely,I feel abandon these days.
lonely,When I think of my life I feel lonely. I live alone with no family.
lonely,my daughter went on vacation with her friends and the house feels really alone without her
lonely,i was all alone the other day
lonely,I feel lonely since the incident. The pigs are my only friends now.
lonely,Sometimes I feel all alone
lonely,"My wife has been out of the country for school for a month and a half. She gets back in a couple weeks, but it's starting to get tough being alone with just the dogs."
lonely,My roommate moved out and soon my girlfriend will move in but right now it is just me in the house. I dont remember the last time I lived without any roommates.
lonely,"I work from home now, and at times its so quiet, I wish i had the company of coworkers to talk to."
lonely,I am very lonely with my man away at treatment but it's necessary.
lonely,I felt so alone in the new city i moved in to. I moved there from my family.
lonely,I usually spend Saturdays with my parents since my Fiance works most Saturdays. Football season is coming up and my parents always get season tickets to the football games on Saturdays. It is really going to stink not having anything to do once that starts up again. I get to go to some of the games but the ones I dont get to go to I spend alone.
lonely,I was lonely on Monday. I was sick and alone
lonely,Some days I listen to sad music at work
lonely,It was a hard weekend! I had lots of bouts of loneliness that punched me in the gut!
lonely,My husband left me.
lonely,I have no friends.
lonely,"I was watching over my girlfriend's cat while she went away on a little trip. The cat wanted barely anything to do with me, and I felt so isolated."
lonely,"Just got ditched by my friend for the third time this week, when trying to make plans. Wish people weren't so flaky these days. Why does it feel like I'm putting in more effort to hang out with people than vice versa?"
lonely,My best friend died last month.
lonely,I've been living alone for the last 5 years.
lonely,"I once couldn't find anyone to go out with, so I went to the bar alone."
lonely,My family left today after a long visit to my house. I miss them already and wish I lived near them.
lonely,I don't have a girl friend
lonely,"i went to a concert myself because my friend could not make it, wish i had stayed home"
lonely,I was sharing a house with 5 girls and all of them have boyfriends and hang out with them over the weekend and I feel lonely and down.
lonely,I live alone and I feel lonely a lot! I don't like living alone most of the time
lonely,I felt leftout when I was in a train yesterday
lonely,I wish I had friends.
lonely,"I'm a truck driver and even though I'm married, I feel very lonely much of the time. I may have to find something else to do, as the long trips away from my wife are troublesome."
lonely,"When my dad passed away, I felt alone. I had no one to talk to it seemed"
lonely,I wish I had more friends. I got no one.
lonely,I was feeling pretty much alone when I didn't see my boyfriend for two days.
lonely,when my wife and daughter went to peru without me.
lonely,living aline
lonely,I went to the bowling alley all by myself last night. It was quite lonesome.
lonely,"Before I met my girlfriend and all of my friends, I was very lonley. That was a dark time in my life."
lonely,"When my mom got another job and my brother left for college, it was always an empty house. It made me feel pretty isolated."
lonely,"Usually it's just my cat an I at my house, but it seemed extra empty when she had to stay at a friend's house for a week."
lonely,I recently had a baby and now none of my friends want to hang out with me anymore. The father also left me.
lonely,I have nobody living with me. I feel all alone all the time.
lonely,"I hate being alone so much, my husband works a lot of hours. He also works over an hour away that makes it rough."
lonely,"My parents traveled for about a year, I felt all alone, because there was no one to talk to in the house"
lonely,Went to the bowling alley all by myself yesterday. My friends ditched me.
lonely,I felt really alone when my husband went to work out of state for a few weeks.
lonely,I just moved to a new city for work. I havent made any friends yet and I am missing my old home city.
lonely,"Before I met my girlfriend and friends I was very alone, that was not a fun time"
lonely,My dog passed away last week from old age and I've been really missing him. I don't think I can ever have another pet.
lonely,I was very alone before I met my girlfriend and friend group
lonely,"My husband had to go out of town for work, I already miss him!"
lonely,Having kids takes away a lot of your free time. I someties feel pretty alone.
lonely,last week i felt all alone when the family left
lonely,I was pretty lonely last weekend. I was sick and my friends were busy
lonely,I live by myself. It's really sad
lonely,yesterday i was all alone!
lonely,"I remember the time when my grandfather died and caused a family feud. It made my life quite alone, with no one I can relate to because I was young."
lonely,I felt alone when my friends were all gone for the summer. I just had no one to hang out with
lonely,My daughter moved out and now I'm all alone. I feel so isolated and to myself these days I don't know what to do.
lonely,"Is it bad to enjoy solitude, because I am enjoying it."
lonely,I have Lupus so i am not able to get out of the house much b/c I am so sick. It makes me really lonely b/c I don't have many friends since I am not able to go out and hang out
lonely,"I've been taking care of my aging mom for 5 years now and don't really have any friends, since so much time is used taking care of her."
lonely,I moved into a new town recently but don't know anyone here yet to hang out with.
lonely,"I had no friends in high school, misery is being surrounded by an entire class and no one talking to you."
lonely,I wish i had someone with me on these nightly walks.
lonely,"When I was working for my last company, I used to travel a lot and frequently used to miss my family and friends"
lonely,"I went to Europe last year, to watch a cricket match. But, I went there all by myself. I felt isolated."
lonely,I have no friends at my new job
lonely,"Just moved to a new city, new work, and I've got no friends."
lonely,moving to a new city
lonely,I feel so lonely because I have no friends
lonely,The other day my friend cancelled plans with me and i was left with nothing to do except watch movies by myself.
lonely,I have been traveling for over a month now solo. The new place I am in is empty and I have no one to talk to. I miss my friends.
lonely,I have been feeling lonely lately because my best friend moved out of town
lonely,My wife has out of town for a couple weeks and we just moved to this city. I feel so bored and have no one to hang out with.
lonely,"my mom was always working, i was alone alot."
lonely,I had no roommate my first year of freshman year of college
lonely,"I hope when I get older, Im not lonely as I am now"
lonely,"I spent a Christmas working in a computer lab on a school project. My family were thousands of miles away celebrating together, but I had to work on my project by myself. It wasn't at all festive and I felt isolated."
lonely,I have been traveling solo. The last week has been hard because I havent really met anyone. I miss home.
lonely,"I have lived by myself for the past 10 years. It has just been me and my dog, but now he is gone. I can't get used to it."
lonely,im 800 miles from my family and i miss them
lonely,"I spent all weekend by myself, wish I was closer to my family."
lonely,I am so tired of working at my desk all day like this.
lonely,I'm very lonely since I fed my family to the pigs.
lonely,Workcamping in the mountains of NM. It took an hour and half to get to the grocery store. There was really no one around to chat with either. It was very hard to be so far from everything and have no new faces.
lonely,I went to the bowling all alone yesterday. It was quite a bad time.
lonely,Once my wife went with her family to the beach and left me at home by myself.
lonely,I work nights and its so quiet with no one around in a darker room. I wish at least one other person was here.
lonely,"There are times when I feel like getting a girlfriend, but than I remember how nice it is to be by myself."
lonely,I was pretty sad last weekend. All of my friends were off being busy
lonely,my kids left and i felt all alone
lonely,"Right after my second divorce, I had two roommates. After they both moved out, I always had this empty feeling."
lonely,I had to move far away from my aunt and i miss her a lot.
lonely,10 days alone and no car
lonely,Sometime I miss my little puppy
lonely,I went to the movies all alone. It was quite depressing.
lonely,I have to stay to myself as no one talks to me.
lonely,"My wife went out of the country for 2 months, it's almost over but it's been tough."
lonely,"I've been attending a new school for weeks now and I still don't know anyone. I'm so busy with the work I've been keeping to myself. It's no fun, I'd like to socialize more."
lonely,I'm staying away fro home for my studies. I miss my family.
lonely,My wife and kid have been out of town for a week. I am so bored being all by myself in this empty house.
lonely,i hate wen summer break is over. The house is so quiet when the kids go back to school
lonely,moving to a new town not knowing anyone
lonely,I wish I had someone to spend my days with. I feel a alone.
lonely,No one ever visits me anymore. I am always by myself in this apartment.
lonely,When I was younger my mom would always have to go on a week long training for work every year and I would always miss her so much.
lonely,"Wow, is always a very bad situation for me"
lonely,i really miss my family. it sucks to be 800 miles away.
lonely,My wife left me alone for the whole week. I'm gonna be all by myself taking care of the dog.
lonely,I tried to meet some friends yesterday but they were all busy.
lonely,"My parents came and visited me from out of town. It was so great to see them again, and they brought so much energy back into my small crummy apartment and isolated life. But now they've gone back home and it's back to an empty room and not having anyone to talk to."
lonely,I couldn't leave bed for three weeks. I was so alone.
lonely,My cat ignores me sometimes and just stares into the distance
lonely,I moved far away from the city. I hardly ever see my friends anymore.
lonely,"I've been married a long time, but my husband has to travel for business so I feel a little bit by myself sometimes."
lonely,I had to stay home and work while All my friend got to go to colorado to skii. Not only was I missing out on the fun but I was lonely with nothing to do.
lonely,"After being at work all day, I am now home relaxing with no one around. There is no one to share my day with."
lonely,My wife went out of town and I was alone for a whole week.
lonely,in my room no one here
lonely,My family has shunned me.
lonely,I am kind of glad the summer is coming to a end my kids was gone all summer I missed them and I was very isolated when they was away.
lonely,"I work in the oilfield a a field geologist. My work requires me to be away from my family for days, and sometimes weeks at a time. I feel very isolated and miss home."
lonely,when my family went on a cruise without me
lonely,I went to the hospital for surgery last week. None of my friends were around to go there with me to support me. It was somewhat annoying.
lonely,I just sit at home all day by myself. I tired of it.
lonely,My dog passed away a week ago. Feels different not having anyone to come home to.
lonely,I have been feeling a little lonely lately
lonely,My wife has been out of the country for 2 months for school. It's been a little tough being alone at home ever night.
lonely,My girlfriend dumped me for my best friend.
lonely,My girlfriend broke up with me yesterday. This place is so quiet without her.
lonely,I am just finishing my college degree. All of my friends have moved away..
lonely,My friends went to dinner without me. I thought they'd call for sure
lonely,I am so lonely because I am all by myself
lonely,I have been wondering how it feels to be without someone
lonely,I felt really alone at Miami when i moved there. I had moved out of my family home for a new job.
lonely,My husband has been deployed for over a year and I miss him a lot.
lonely,my first year of college i didnt have much contact with people
lonely,I went to the skating rink all by myself today because my friends ditched me. I was so sad.
lonely,Super sad today. It's the weekend pretty much and I have a hard time with loneliness on the weekends especially. I would prefer to skip over them during this time in my life.
sad,I just got laid off from my job. I need the paycheck so this is not a good situation.
sad,"My dog died after 13 years, and it broke my heart. Burying him was one of the hardest things I have ever had to do. Gut wrenching to lose something you love."
sad,"While I didn't know him personally, I was quite distressed to hear of the passing of Anthony Bourdain. That a man with such talent who has given so much joy to so many people, should feel he has to take his life is just soul-destroying."
sad,I didn't get the job I applied for. It was given to someone else.
sad,My goldfish died yesterday. I am so heartbroken.
sad,"I went to the zoo last month, I haven't been since I was a kid. I went to a zoo that was supposed to be one of the top zoos, however I couldn't help but feel bad for the animals the whole time."
sad,"My wife has been out of the country for 2 months for school, and she was having a really bad day one day. I felt terrible that I couldn't help her."
sad,I watched a st jude infomercial last night. It tore me up inside.
sad,My dog ran away today. I was so distraught.
sad,Yesterday was my last day at my job. I will miss everyone. I got so emotional driving home.
sad,I just found out my brother had to get checked into rehab! I had no idea he had a problem and am quite upset over it!
sad,"I felt so devastated whenever it's been time to say goodbye to any of our dogs. I've been grateful for their time with us, but so sad when it's time for them to go."
sad,I'm sad that I have to leave to go back to school next week and leave my friends.
sad,"I was in a situation where I missed out on making some money, that caused me not to be happy."
sad,My long term boyfriend and I broke up recently. I'm so lost right now.
sad,My pet turtle died.
sad,Someone ran over my dog and then ran away
sad,It is so unfortunate about how ladies treat men's heart these days
sad,My Pet parrot died yesterday.
sad,my friend left my job
sad,A good friend of mine moved away recently and we lost contact. I really wish we would still speak.
sad,My tree died a few weeks ago.
sad,My cat has been battling cancer for a couple months. She already had two surgeries. Next week she will have to be put down.
sad,I was really sad when I was 15 and my dog that I'd had since I was 4 died.
sad,Today when I went outside to check my banana plant I noticed the leaf was wilted.
sad,"I was heartbroken when my grandmother passed away, it was so sad"
sad,I missed the sale at the supermarket.
sad,I felt sad when I saw Alex Jones channel taken down
sad,it is really depressing going to visit my grandmother to the hospital and see all the sick patients
sad,my dog passed away. I am really distrout over it
sad,"Earlier this week, my cat Sam passed away. He was 17 years old. It's been odd not having him asleep at my feet while I work."
sad,"I lost someone special long time ago, I felt so gloomy and depressed"
sad,My boyfriend and his family went to a Christmas party one Saturday and I had to stay home and work.
sad,"My rabbit died last year, I miss her to this day."
sad,My hamster Donatello just died.
sad,I get depressed when I run out of dr pepper. It is my coffee
sad,I am moving hundreds of miles away from my friends and family to start a new life with my husband. I am not excited to be leaving. I hope it gets better.
sad,"It might sound silly, but I am really down about this next season of Game of Thrones being the last one."
sad,I ruined my favorite shorts today. i sharted
sad,"When I got sick, I had to move away from the place I consider my home. I had to leave everyone behind"
sad,One of coworkers passed away. I dont want to go back to work.
sad,I finished my favorite show a few days ago. I was really angry but happy at the same time
sad,All of my friends are married now. I am the only single one
sad,"My aunt came into town today, she could only stay for dinner. It made me upset it was only a few hours and not for the night."
sad,I broke my ankle a few weeks ago and am unable to compete in a run I signed up for.
sad,"I couldn't believe it when my dog died a few weeks ago. I honestly thought I was going to stay lonely forever. When my girlfriend asked me if I wanted to go look at dogs to cheer me up, I said no."
sad,My pet rock rolled away yesterday. I was quite saddened.
sad,I sometimes feel sad about things when I shouldn't It might be depression.
sad,My son just left for college.
sad,I'm turning 40 Saturday and I'm feeling old.
sad,"I am upset, my dog passed away."
sad,My best friend just left for Europe. She'll be gone for 4 years.
sad,Summer is almost over. I'm not happy about it.
sad,I miss being in a relationship sometimes.
sad,i wasnt happy when i had to go into work on saturday
sad,Our little chihuahua got pancreatitis this past year. She passed away in February and it's been hard.
sad,My cat ignores me until she wants food from me
sad,I woke up feeling down today. Some days the past you are trying to get over and heal from just hits you in moments of weakness
sad,"I moved a great distance away from my family, and even though I enjoy my new location, I miss them."
sad,"I was reading the news and I saw some terrible news about some Christians being persecuted in Nigeria. I heard that 6,000 families had been massacred and it made me feel heartbroken."
sad,I was really upset when my rabbit died a few years back. My brother wasn't nearly as upset but I couldn't help it.
sad,I recently found out my mom was very sick. SHe has stage 4 liver cirrhosis.
sad,My little boy is starting Kindergarten in a few days
sad,One day I couldn't stop thinking about my estranged family and how much I missed them.
sad,my pet dog is getting older. I know one day she won't be around anymore
sad,"When someone talks down to me, it makes me sad."
sad,My old car finally died last week.
sad,I have been struggling with a flare up from my Lupus after I had such a long period of feeling good. Its depressing to be in bed all day and fail your family in what you need to be doing.
sad,I had an old hard drive with tons of pictures on it and it just gave out on me.
sad,My dad left for deployment to Afghanistan yesterday. I am so depressed.
sad,I saw a deer get hit by a car yesterday.
sad,"Don't you hate it when you're feeling confident in a new hairstyle or some clothes you're wearing, and then someone makes fun of you? Had that happen the other day. Makes you want to be able to hide in the background and never try anything new again"
sad,My pet snake died :(
sad,My girlfriend of 3 years broke up with me the day of going to college. I couldn't focus that day and i felt depressed.
sad,"I'm going back to college in a few weeks and I really like it over there. Despite this, not seeing my cat will be really sad."
sad,I bought a new puppy about three weeks ago. When I came home from work I found it dead in the living room.
sad,My girlfriend of 10 years broke up with me yesterday.
sad,My goldfish took his journey into the afterlife today. I was a traumatizing day.
sad,My close friend is moving away to another state. I think I am going to miss him a lot
sad,It was really hard to say goodbye to everyone at the end of the family reunion. It had been so long since we were all together.
sad,It was raining all day on my day off. The sky was gray and cloudy and it felt really cold. What a terrible day off
sad,"I was upset as a kid when the Eagles lost the superbowl, I cried a lot"
sad,I can't believe our little girl is all grown up and going to colledge . We are going tyo miss her so much.
sad,I am upset that I have been used for so long. After you get out of a situation you realize how bad it was.
sad,"Robin williams was my hero, still so sad he passed"
sad,My nephew died in a car wreck.
sad,"When my father went into hospital, after he fell down the stairs, we had no idea he had cancer."
sad,My dog pooped on the rug today. I was so distraught.
sad,i am starving and nothing to eat
sad,I packed up all my things and moved out of state.
sad,"My dog is getting old, and I can tell he isn't going to make it much longer."
sad,My pet rat died last week. I loved him so much. I cry all the time.
sad,My sister had a miscarriage
sad,I have to work all weekend. I just want to sleep and do nothing.
sad,My son scold me to cook well. I was feeling bad about it.
sad,i was upset when i had to my sons game
sad,i was upset i woke up so late today
sad,"My kids are getting so big, They aren't my litlle babies anymore"
sad,My mom came to visit in March for a couple of weeks. She helped out a lot around here and then she had to leave and go home miles away.
sad,My wife is leaving town next week.
sad,I lost my cat to old age and cried all night about it.
sad,My cat is very sick. We are going to have to put her down this week.
sad,My friend just went through a break up. Think some good movies and food are in order.
sad,We had a trip planned to the beach today but sadly it was storming all day and had to cancel
sad,It was a surprise to me when I found that my grandmother had passed away
sad,My cat passed away last weekend. It has been a rough week for me.
sad,My cat just turned 23 last week. She has been really sick. We have to put her down next week.
sad,I was sad when I had to put my dog down last month.
sad,when my dog died
sad,"Anthony Bourdain was a huge inspiration for me when I worked in a kitchen. Everyone I have worked with has read ""Kitchen Confidential"". When he passed away I felt we had lost an ally and a friend."
sad,"I was very depressed and upset when my partner left, we've been together for years and I feel like my time has been wasted."
sad,I recently had to put my cat to sleep. It was an emotional day.
sad,"I lost my dog in the divorce, everything else I lost were just things and money. But My dog was one of a kind."
sad,My dog just passed away. I am so hurt right now.
sad,i didnt win the lotto
sad,I got some bad news today. It has made me feel down and depressed.
sad,You ever have those mornings where old memories come up..or old traumas..and it just makes you feel so bad.
sad,I saw a kid who is crying extremely since her mom beaten up her. I feel sorry for the kid.
sad,Last week we had to go to a funeral. It really hit me hard seeing all my grieving friends.
sad,I recently lost my job adn i feel horrible.
sad,I just lost my grandfather a month ago.
sad,I am so upset I lost my phone while doing errands today.
sad,I've been feeling pretty down since my dog passed away.
sad,My grandmother passed away two weeks ago. I used to see her everyday and its been really hard lately.
sad,My son went to stay with family for a few days. I really missed his hugs while he was away.
sad,I felt depressed today when I realized I was so non tech saavy. I can't figure out how to download a game. This is just bad.
sad,One time I wanted some ice cream very bad. By the time I got to the ice cream store they were already closed so I didn't get any ice cream.
sad,My dog died 10 minutes ago. I am so saddened.
sad,I just found out that my cousin passed away after his battle with colon cancer. He was only 27. I am so upset!
sad,My pet lizard died he was 15 years old. it has been hard on me
sad,"I had 20 dollars sitting in my car and I opened my windows. Next thing you know, the 20 dollars flew out the window."
sad,I keep thinking about my grandmother. She passed away last year and I do not know how to cope with it.
sad,When my parents got a divorce.
sad,i was not happy when i was told i had to go into work on saturday
sad,"When I moved, I had to leave my dog behind that I got when my father died."
sad,My goldfish died.
sad,Our little dog got pancreatitis. She never recovered and we had to have her put to sleep because she was in so much pain.
sad,My dog was stolen while we was out shopping I have been so down and heart broken ever since.
sad,I was unhappy when my girlfriend broke up with me
sad,My rent is going up and I can't afford it. Now we will all have to move
sad,"My mother is getting very old, and isn't in great health. I don't know if she has much longer to live."
sad,I got recently got three rejection letters for 3 different jobs in a matter of a week and a half. That was a painful experience.
sad,A few years ago when my grandmother died unexpectedly.
sad,I feel sad that I don't have a social life.
sad,I cried when my brother passed away.
sad,The doctor said my grandfather needs hospice today. Sad day for my family
sad,I cant belive my friend is getting married. He fiance is terrible
sad,A hungry man is an angry man
sad,"Growing up, my mom always played a lot of Aretha Franklin. When I found out that she passed I was bewildered."
sad,My friends dad died last month
sad,Its hard to deal with when your kids are getting older and have to handle their own problems. As a mom you can't just step in and fix everything like you want to.
sad,My cat is really sick and old. She is not going to make it much longer.
sad,"My daughter started kindergarten today. I know we aren't supposed to cry, but I could not help it."
sad,I used to be miserable when no one would text me and I'd spend the weekend solo at my parents' house...now I've got to turn off my phone just to get away from it all
sad,My grandfather passed from medical malpractice a year ago.
sad,The anniversary of my father's death recently passed. It has been a process adjusting to things without him.
sad,I was really broken up when we had to put our family dog to sleep
sad,"I think my brother's children are going to have to be put up for adoption soon. He and his wife just aren't fit for parenting, as they fight and get drunk all the time. It's a shame, because I love the two nephews myself, and I hate the thought of not being able to see them again. But it may be for the best..."
sad,"i miss my old pet dog, i feel so empty without her around"
sad,Today is the anniversary of my fathers death. He has been gone for 18 years now.
sad,I was told my cat only has a few weeks to live.
sad,My favorite watch broke today.
sad,I recently learned that a close friend is getting foreclosed on their home. They were diagnosed with breast cancer 2 years ago and I think it drained the family of their money. I wish I could help but I don't have any money to give them. It is just a terrible situation.
sad,Overwhelmed with school work and life.
sad,I can't stop thinking about my dog that died a year ago this week.
sad,I cried when my best friend moved away.
sad,"I went to Whataburger a few days ago and they messed up my order, they put onions on my burger and the taste of onions make me feel sick."
sad,My dog is really sick. I don't know if he's going to make it.
sad,My friend is moving away.
sad,My best friend and I have lived 5 minutes or less away from each other for the past 20 years. Next week she is moving an 11 hour drive away from here. I don't know how I will cope.
sad,"One time when I was letting my cat outside, it ran out into the streets and got ran over."
sad,My pet parrot died this week.
sad,"We had purchased and raised several chickens. One evening, I forgot to put them back in their coop. Something killed all of them."
sad,I cried when I found out my uncle passed away.
sad,"I am so sad, my mother recently passed away from a heart attack"
sad,I can't believe my sister is moving. I am not happy
sad,My daughter is graduating middle school this year. I have always been stressed about her going to high school
sad,I cried when I heard Top Gun 2 was being made.
sad,"I just earth about and earthquake in indonesia,it seem that many people died there."
sad,We (family friends) planned a holiday trip to go for the last weekend. I was preparing for that like packing dress and getting ready to it. Unfortunately one of my cousin was unable to come due to his personal reasons. So we just cancelled the trip. I was feeling sad for this trip cancellation.
sad,My pet ferret Fuzzy died recently. I was devastated. Me and Fuzzy go way back.
sad,I felt sad yesterday. At work our computer systems went down and customers were mad
sad,"My husband is going through the process of quitting smoking and he also has drama going on with his parents that isn't his fault. There is nothing that I can do to make the situation better for him, so it makes me sad."
sad,i am not going to be able to see my favorite band when they come to town.
sad,I feel down and blue whenever thoughts about my brother pop into my head. We lost him 5 years ago
sad,My grandmother died when I was 10 and I was devistated.
sad,"Ever since I started taking medication for anxiety and depression, I've been gaining weight. I've been a skinny boy all my life, and I still am but this extra chub has me feeling down."
sad,"A day before yesterday, my cat died. I was very very sorrowful."
sad,When my aunt passed away. She had colon cancer.
sad,My dog of 10 years recently passed away. I felt so down.
sad,I was upset when I found out that my favorite coworker was transferring to another department.
sad,I lost my lucky pen. I worried for it.
sad,My roomate is leaving at the end of the month. I won't be able to hang out with him as he is moving up north.
sad,my brother is sick
sad,I saw a cat get hit by a car this morning
sad,I got really upset when I had to move away from my childhood home. all my memories were there.
sad,"I really wanted this coconut pineapple cake, but they ran out."
sad,My son is in so much pain
sad,My wife has been out of the country for a couple months for school. Dropping her off at the airport was really tough.
sad,I had to leave my parents behind in the country I grew up in. I haven't seen them in 12 years and I cry a lot thinking about them
sad,"My cat was run over by a car. I found her on the street, what was left of her. It was heartbreaking."
sad,My uncle died last year
sad,I had just watched the notebook. The main character ended up forgetting everything about his life. He died at the end
sad,My car stop working last week. I took it to the mechanic. It need a lot of money to fix it.
sad,My manager has taken my coworker for a work trip to New York. I was also suppose to go with them.
sad,My youngest son is going into kindergarten and I'm a little down.
sad,I broke my phone today. It was the worst.
sad,My wife is thinking about divorcing me. I am really torn up about it.
sad,"A good friend of mine is moving to another city in the other side of the country, I guess we won't see each other much in the future."
sad,It's always sad to see someone you liked from work find a different job.
sad,I got locked out of my house today and couldn't shower despite being really sweaty.
sad,My 12 year old lab just passed away. He was my buddy and I am really upset about losing him.
sad,"My grandmother recently passed. We were close, so it's been hard."
sad,I lost my cat. It just disappeared one day and I can't find her.
sad,"I lost my wallet the other day, I think I left it on a bus"
sad,"I really got close with a girl that I met from Tinder, to the point where we were ""dating"". Then randomly, after like 4 days, she says that she doesn't want to date anymore and then just stops talking to me."
sad,I just moved out of the city. I am going to miss all of my friends.
sad,Our chihuahua dog had an autoimmune disease. We lost her in February and it's still hard.
sad,I was super sad yesterday when someone I know ruined the little bit of trust I had in them. I allowed them back in too rebuild..and they ruined it again
sad,I miss kids everytime they go to sleepovers. I'm such a sap.
sad,"I was upset when my parents told me we would be moving, we went all the way to florida"
sad,"My friend's little kitten got hit by a car, it was so tragic and sad. I was crying for my friend."
sad,When I was crying myself to sleep
sad,My friend wants nothing to do with me anymore. I am so hurt about it.
sad,I'm upset that my husband is lazy
sad,I am having a hard time coping with having to kick someone out. I know it's been necessary for them to get better but it doesn't make it any easier
sad,"I'm an emotional mess today, found out my dad passed away. Want to attend the funeral but tickets are expensive."
sad,I'm upset that my daughter suffers with allergies.
sad,I lost my cell phone today. I can't believe it
sad,I have been watching dramas all week. They are so heart warming.
sad,I get so sad watching st jude commercials. I always watch them though.
sad,I am starting school again next week. I am not going to have any free time now
sad,I need to put my dog up for adoption. I am so devastated thinking about it.
sad,My dog was attacked by a coyote yesterday and she's been in the hospital ever since. I don't think she is going to make it.
sad,"i hate watching my parents smoke, it makes me really sad to think they could face cancer as a concequence"
sad,I totaled my brand new car.
sad,My father was diagnosed with stage 4 brain cancer. It only took a few months for him to pass away because of it.
sad,My best friend is moving far away. I am going to be so miserable.
sad,My favorite shade of lipstick was discontinued today. Now I have to find a new one.
sad,My wife went out of the country for school for 2 months at the beginning of the summer. Dropping her off at the airport was really hard.
sad,I get a little upset this time of year. It makes me miss my dad
sad,I had to give my pet up for adoption because my new apartment wouldn't take them.
sad,I was partially raised by my grandparents and my grandmother recently passed away. She had a good long life though.
sad,I miss my grandmother. She passed away last year.
sad,I get sad when I think of my parents. They have been gone for a few years now
sad,my brother is in rehab after 2 months in the hospital
sad,When my cat passed away after being hit by a car. It was just after my hockey practice.
sad,My dog is getting older and is starting to walk a little slower these days.
sad,It was mothers day and I was feeling bummed because she won't speak to me.
sad,I was sad when my grandma died.
sad,I was so devastated when my pet parakeet died. Polly was such a good bird to me. I will miss her so much.
sad,I feel for my ex again. I know he is no good. I am doomed
sad,"I am sad, it is my birthday and I feel really sick"
sad,"My mom is starting to develop dementia early. I feel like I'm losing such an important figure in my life much earlier than I should, even though she's still alive. Like, she struggles so much with daily activities and remembering who I am."
sad,"I lost my dog last year, I cried so hard."
sad,My cat passed away today...
sad,I miss my old job. It was fun.
sad,I found out that my grandma has Dementia and is deteriorating pretty quickly.
sad,My cat dissapeared after 14 years one day. He never came back.
sad,"My doctor told me to give up caffeine to help with my anxiety. I really, really miss my morning coffee."
sad,i was disappointed when i couldnt go home
sad,"When people buy assorted doughnuts, and somebody eats the only flavor you like."
sad,I saw a dog that got hit by a car on the die of the road. It was very upsetting to see. I cried a little bit thinking about the person who lost their dog
sad,"When my daughter got her first cat, it only lived with us a few weeks until it was hit by a car."
sad,The summer feels like it just started but its about to end now. I'm gonna miss my friends for most of the year.
sad,I shouldn't have to cook on my birthday. This is when I miss having a boyfriend.
sad,The anniversaries for my Daddy and my sisters passings are coming up this month.
sad,My dog died 5 minutes ago. I am so distraught.
sad,One day I saw a video of a grandparent playing with my grandkids and I realized I was no longer able to do a lot of those things.
sad,I just had a birthday and now I feel old. Its depressing
sad,i knew i shouldnt have trusted my brother with my dog
sad,My house caught on fire and I lost all my belongings. Im so upset right now. I dont know what I am going to do.
sad,"had to leave my long distance girlfriend to go back home, after I had spent a month of time with her"
sad,When my dog passed I was very emotional
sad,My grandma died the other day.
sad,I never get to go to the movies.
sad,"I was sad when my grandmother passed away, that was not a good time in my life"
sad,"Shortly after my nephew was born, i received a call from my sister informing me that he had a genetic disease."
sad,I missed my favorite show on TV.
sad,Our dog is getting older and she's just at that point. She's blind and can't walk well. We might have to put her down soon.
sad,"I miss my dog, Baby Girl, poor thing passed away last year after 15 years."
sad,"I was sad before I met my girlfriend, I did nothing interesting"
sad,My pet turtle died the other day. I will miss Petey so much. We were best friends!
sad,I woke up to something quite terrible this morning. My vegetable garden has been ravaged through by some strange animal.
sad,My grandmother passed away when I was 30. She really didn't get to know my girls very much at all.
sad,Thinking about really morbid stuff always makes me upset. Like how we all die one day and things like that really make me upset from time to time.
sad,I really wish summer wasn't ending.
sad,My friends went out drinking last weekend without me. They didn't even both sending me a text to see what I was doing.
sad,My birthday was yesterday. I didn't get a single happy birthday message from anybody family or friends. That was really depressing.
sad,I found out that my childhood cat passed away yesterday
sad,My pet fish ran away today. I left him in my room like I always do and when I got home he was gone.
sad,I'm a bit upset that summer is almost over.
sad,"My dog, Riley had to be put to sleep due to congestive heart failure. It was one of the hardest things I had to do."
sad,ive been losing a lot of weight but i gained a bit this summer.
sad,My hamster died yesterday. I was so distraught.
sad,I remember being really upset when we had to move away from my very first best friend when I was 10
sad,My friend's grandmother passed away and I felt this way.
sad,"My dog is getting old and is having trouble walking, it's tough to see."
sad,My goldfish ran away yesterday. I was so distraught!
sad,I failed my driving test today. It was my second time trying
sad,I dont really know anyone at uni
sad,i feel down after getting fired
sad,My husband and I were really struggling to get pregnant with our second child. It had been over a year and I was feeling really down about it. I ended up having to go to the doctor to try and figure out what was going on.
sad,I really miss my kids being babies. They were so sweet then
sad,I'm sad I didn't get the job I really wanted. I prepared and practiced interviewing for so long.
sad,My cat died the other day. She was 24 years old.
sad,I lost my wallet and had to get all new cards
sad,My dog got hit by a car. Unfortunately he did not make it.
sad,I forgot about my best friend's birthday last week and I felt like I betrayed him by forgetting about our long friendship.
sad,My friends dog ran away. we looked for him all day but we couldnt find him. I was pretty upset about it
sad,My 15 year old cat just passed away. I feel so empty and down in the dumps without him.
sad,I am getting older and it's hard to think on how many bad things I have experienced. Life really doesn't always turn out how you think it will or how you want. It's a series of unfortunate and traumatic events a lot.
sad,I'm pretty bummed I didn't get to see my sister when she was in town. I don't get to see her often.
sad,i've read an article about a little newborn babygirl. She died because she was premature and she had problems breathing on her own when she was born but parents didn't take her to the hospital because they don't believe in medication
sad,"One morning my mother came by to get my daughter for school, and told me she saw that my daughter's cat had been hit on the road. He was dead, and I had to tell my daughter. She loved her cat so much, it was very difficult."
sad,We just found out my cat has cancer. We are going to have to put her down soon.
sad,One time I saw a stray dog walking around a restaurant looking for food
sad,MY dauhter is growing up too fast. She is going to leave me soon.
sad,"I just found out that I'm not getting the promotion I thought I was going to, and now I can't take my girlfriend to Disneyworld"
sad,I proposed to my girlfriend and she said no. I am so hurt.
sad,My daughter's chihuahua had an autoimmune disease. She passed away in February
sad,My sister left for college.
sad,I wish I can stay just one more day i'm so unhappy that I will be leaving today
sad,"I recently attended my grandmother's funeral. Although she had just turned 93, I definitely miss her."
sad,My cat passed away because of old age
sad,Went to a funeral a couple days ago
sad,I feel bad.. I had to leave my husband in the ICU and come home without him.
sad,Yesterday my sister left to go back to her state. I wanted her to stay longer
sad,My friend died in a car accident recently. I am so hurt over it.
sad,They stopped making donuts at my favorite bakery. I am so hurt thinking about it.
sad,I saw a kitten get run over by a car.
sad,My smartphone is pretty old and i do not have enough money to get a new one
sad,My pet gecko died :(
sad,I miss being a kid. I hate all the responsibility I have now
sad,It really sucked when my rabbit died like 10 years ago. That was probably the most upset that I've ever been.
sad,My cat died last year
sad,I'm bummed that it is supposed to rain here all weekend.
sad,I got news that my grandfather passed away. Nobody saw it coming.
sad,I moved to another state and my family was left behind.
sad,My pet hamster died the other day. I am so devastated.
sad,I was devastated when my dad passed away. It was just hard
sad,I just got a new puppy last week and now he's dead. He got hit by a car.
sad,Our pet will need to be put down soon. She has suffered a long time with feline AIDS.
sad,I felt bad while watching my sick father on the bed
sad,"A separation is something that hurts, especially when you love with your heart"
sad,I cry every time I think of my sister.
sad,A girl I asked out just rejected me. Feels bad man.
sad,our company is firing people
sad,"My pet toad died, I am sad."
sad,My friend of 4 years ended last weekend.
sad,I lost $100 yesterday I am so unhappy still what a big lost can't believe I did that.
sad,"When I had to give away my dog Omar, it was sad. The place I was going did not allow animals"
sad,My local store stopped carrying my favorite spring rolls.
sad,My dog is 10 years old. He has been getting more infections in his ear and sleeping alot. I don't think he has much time left.
sad,I just ordered food and it came and it's totally the wrong order. Now I have to wait another hour for it!
sad,I still have another 75k on my student loans to go before I can afford grad school.
sad,I am bummed out today. I failed a big test and my co-worker passed.
sad,I had to put my dog to sleep yesterday. I am hurting so bad right now.
sad,I am not too happy that I didn't drive my mother to the airport
sad,I just celebrted my first birthday without my grandmother.
sad,I am getting older and to still see that people can be so untrustworthy and that they will be such betrayers and so hateful over nothing is hard to see
sad,I am sad that my friends dont visit me
sad,My dog died right after my cat died. ;(
sad,Today is my last day working. I am going to miss my coworkers.
sad,My mom called me last week to let me know our childhood dog passed away
sad,Sometimes I cry when I watch sad movies
sad,MY kids are just growing constantly. I want them to be babies again.
sad,I lost all my money in gambling.
sad,My pet has a tumor.
sad,Life can be hard sometimes or even often. I just don't understand why people can't just be kind and good and instead want to hurt and destroy
sad,"Yesterday I remembered the anniversary of my mother's death, something hard, hard to remember"
sad,"It's been a long week already and it's only Tuesday! Trying to heal through trauma and dreaming of it, really is unpleasant!"
sad,"Over this past weekend, I found out a friend of mine from school had passed away. Even as I get older it is still shocking to see people I went to school with passing."
sad,I came home and my goldfish have died
sad,it upset me when i saw my food was taken out of the fridge at work today
sad,I was very sad when I watched the ending to Orange is the New Black. They told the Mexican prisoner she was free adn tehn she wasn't.
sad,i really miss my family. it's hard to be 800 miles away
sad,i watched a depressing movie
sad,I was devastated my pet gerbil died recently. I loved him so much. I don't know what I will do without him.
sad,My dog died last year.
sad,My dog had to be put down the other day. I'm heart broken.
sad,I wish my grandma was still alive.
sad,My friend's girlfriend cheated on him. I've never seen him so destroyed.
sad,I dropped my 5 dollar ice cream as soon as I left the store
sad,I feel sad when I left home
sad,My childhood cat died while I was away at college. He was 15 years old.
sad,I was talking to someone and we had great chemistry then they went ghost on me.
sad,I am very sad these days.
sad,Losing your family pet after 10 years is one of the hardest things I have had to do. I am not sure I can recover
sad,My wife left me last year.
sad,I am upset I didn't get to go to Hawaii.
sad,Looking in my yearbook and seen a lot of people that passed away
sad,"I passed by my grandma's old house today, she passed last year. It really brought me down."
sad,"My daughter lost her last baby tooth today, she's growing up."
sad,Today was my coworkers last day of work. We both got along so well. Im upset she is leaving us.
sad,When my stepdad told me we couldn't play baseball anymore. I had just got injured.
sad,im feeling blue because my days and nights are mixed up.
sad,"A while ago one of my friends died from an overdose. I knew that she was fun and adventurous, but I had no idea that she was into stuff that could cause her harm."
sad,I dropped my phone in the toilet and I didn't have insurance on it. It was a pretty expensive phone too.
sad,I didn't get into my first choice school.
terrified,"The night my husband went to jail I was so scared. I didn't know what was going to happen to him or how I would get him out. I needed him to support out family. He had made mistakes, but was a good man otherwise."
terrified,I was at a zoo where a lion broke free.
terrified,A tornado came through my area last week
terrified,I was visiting a haunted house on a trip and I was really scared by all the jump scares.
terrified,I have to go to court soon for a drunk driving incident and I am so scared. What if I have to go to jail?
terrified,I was in a wreck on the interstate.
terrified,I was very scared when my mom went in the hospital and was going to have surgery. Iwasn't sure she would make it out.
terrified,I was at a birthday party and saw a clown the other day. It was a scary clown. I didn't like it and I had nightmares afterwards
terrified,"During a bad storm this past spring, we had a tornado touch down in my neighbors yard. It sounded like a train was going past my house as we hunkered down in the basement."
terrified,I ran out of gas while traveling across state and had no idea where I was.
terrified,I saw a man with a gun in his car last week. It definitely scared me
terrified,My dog pooped on the rug. I am scared to go clean it up.
terrified,I was pretty shaken up from the scary movie id
terrified,I was attavked by seagulls on the balcony of a hotel last weekend. I was eating crackers.
terrified,I'm going skydiving tomorrow
terrified,I was running and a cat jumped out of this bush and scared me
terrified,just lost sight of a creepy crawly
terrified,I opened the bathroom door and there was a snake laying on the floor. I shut the bathroom door and ran to find someone to kill it!
terrified,Taking a large amount of classes this upcoming semester.
terrified,It was the first time I was living alone and even though I knew the alarm was set and all the doors were locked. For the first two weeks every little noise I thought was someone breaking in.
terrified,I've been watching the new stephen king show. I don;t even like scary things
terrified,the horror movie kept me awake all night
terrified,I felt bad when I saw a guy holding a jack knife
terrified,I crashed my truck today.
terrified,I was so scared. The other night me and my friend played with a Ouija board... and it spoke to us.
terrified,I heard a loud bang late in the night recently and thought someone was trying to break in to my house.
terrified,"One time I saw a horror movie and I was afraid. But when the night came it was worst, I was remembering the movie and I could not get it out of my head."
terrified,I watched thus movie called Sinister and it really freaked me out.
terrified,There was such a bad thunderstorm last night that the power went out
terrified,I was attacked in the street by someone who stealed my bag. I was so scared that I had a panic attack.
terrified,"I was so scared by the movie the Grudge, even to this day it still scares me today"
terrified,I went skydiving today. I was so afraid to jump out of the plane.
terrified,I saw a black cat the other day. I am convinced I will have something bad happen to me now. I always have bad luck.
terrified,I was lost in the woods one night outside my house. I hear some strange noises that were really scary sounding.
terrified,Today going to the dentist I was going to have my first root canal done ever along with three other teeth worked on. I knew I would be numbed but that came with the price of a needle being used. I was very nervous and worried.
terrified,"I saw the most terrifying movie a few weeks ago, called Hereditary. I was so scared!"
terrified,"While i was alone at home, someone robbed me very late in the night"
terrified,There was a big storm last night. I was so scared.
terrified,About 6 years ago a really bad storm rolled through my city and a tornado almost hit us. I was really scared
terrified,A man was chasing me down the alley last night. I was scared for my life.
terrified,Last night i woke up in the middle of the night and i couldn't move
terrified,i was scared to go home alone the other day
terrified,I was pretty shook up last year when Hurricane Irma came through Florida.
terrified,A truck almost ran me off the road the other day.
terrified,I walked into class yesterday fully unprepared for our final exam. I knew for sure I would fail and not pass the class
terrified,I really get scared when I have to talk to people in public.
terrified,I was working late at a fast food place years ago. Two robbers came in and held us up at gunpoint. They pistol whipped the manager and locked us in the walk in.
terrified,I get scared when meeting new people
terrified,I was throwing trash away in the dumpster when I heard a screaming noise from the dumpster! I totally freaked out and ran back to my car!
terrified,I was walking in the park when I heard a dog barking. When I looked in the dogs direction I saw it was running towards me so I ran as fast as I could.
terrified,We were recently told that our 15 year old son has a degenerative neurological disease. The doctors tell us that there is no cure. I am really scared for his future.
terrified,I keep hearing strange noises from underneath my bed at night. I am too scared to look. I am afraid it is the bogeyman.
terrified,I have been putting off watching a scary movie with my daughter for months now. I cant
terrified,"I was chased by someone down a street last night, I was shaking in fear."
terrified,I once awoke not able to move or speak. I was scared to death.
terrified,I almost got hit by a semi truck today on the highway. It scared me half to death.
terrified,That horror movie made me terrified
terrified,I heard a noise outside my window! I hope nobody is out there waiting to kill me!
terrified,When I went to a haunted house and got spooked.
terrified,I can't stand snakes.
terrified,I'm about to ride a roller coaster for the first time! I hope I don't die!
terrified,"A really bad summer storm that wasn't predicted came through, with large wind gusts and heavy rains and hail around the size of a 50cents piece. I wasn't expecting it to storm, so I was caught really offguard."
terrified,snakes
terrified,"I just lost my job, and I've got too many bills."
terrified,"A man approached me in a parking lot and told me to give him a dollar. He told me he used to rob banks. I was paralyzed, but I managed to give him a dollar, and he walked away."
terrified,I just finished watching Mindhunter on Netflix. The first season ended with me cringing on the couch.
terrified,I felt terrified today when I realized how far behind I am on some assignments. I let them creep on me.
terrified,The other night I went to take my dog out and there was a giant spider on my front porch. I thought it was going to attack me.
terrified,I am so afraid I will forget my lines during the play.
terrified,the first tornado in oklahoma
terrified,i was scared walking home alone last weekend
terrified,I am going zip-lining in Colorado in a week. There is only one problem I am really scared of heights!
terrified,I really do not like being around spiders.
terrified,I saw a black cat cross the street. I think I am going to have bad luck. I am worried something will happen to me.
terrified,"I'm SO afraid of my neighbors new pit bull ! Every morning our neighbor lets out the dog - he immediately heads towards MY driveway to get MY newspaper, runs off and tears it to shreds !"
terrified,When my friend got into a car accident
terrified,i saw a big snake in the in the yard yesterday
terrified,my best friend is always ditching at the last second.
terrified,Going roller coaster riding
terrified,Last winter I was out on my porch at 4 am. I suddenly noticed a large figure dressed all in black approaching me. My heart was in my mouth!
terrified,"When I was younger my dad scared me and my brothers when we were trying to sleep, I almost wet the bed. I was very terrified"
terrified,a few nights ago I was awoken to a spider crawling across me in bed.
terrified,I'm going skydiving this weekend.
terrified,I was scared when they said a big storm was coming!
terrified,I went to see that new shark movie. I was so scared! I covered my eyes the whole time!
terrified,I rescued a dog in the woods. Was scary!
terrified,"I woke up in the middle of the night and looked through my doorway, which was open. There was a sweatshirt hanging on a door, and in my sleepy daze I thought it was a real person. I live alone so I thought it was an intruder and I just about had a heart attack. I soon realized it was just clothes hanging there, in the shape of a person."
terrified,I was so scared. I was walking to my car and I thought I was going to be robbed.
terrified,"I heard a loud crash outside my house last night, I thought someone was trying to break in."
terrified,I just missed get run over by a 18 wheel truck the other day.
terrified,"I was at the World's Largest Pistachio when an armed man burst in to the gift shop. He was in a shootout with the Police, but he never acted like he was going to hurt us. I'm just happy to be alive"
terrified,my parents are on vacation
terrified,When i was moving and lost my insurance to my car.
terrified,i though i saw a ghost in my closet
terrified,I found a snake in my boot. I was so afraid that it would bite me.
terrified,I was startled by a snake in my yard a couple of days ago.
terrified,"I got in a bit of an altercation with a co-worker today, and I'm afraid it may lead to me losing my job. It started with a misunderstanding,and when they didn't want to simply accept that it was a misunderstanding after I apologized, I decided to simply defend myself and there was a verbal back-and-forth witnessed by a few people. This is not the image I wanted to have at my job..."
terrified,I almost hit a dog running down the road last night. It was scary
terrified,The amount of crazy people in the world is scary.
terrified,I watched a scary film last night and have been horrified about it all day.
terrified,"My parents didn't save enough for retirement, and now that they're retirement age, they're struggling a little. I'm still in college and am not able to really help them. I'm worried about how they'll survive financially, and I feel guilty about not being able to offer much."
terrified,I saw a horror film last night. It was so scary!
terrified,"On my way back from a funeral, my friends and I almost got into a deadly car crash. The driver was falling asleep on the road and drove on the wrong lane directly towards us."
terrified,I was shocked and scared when our car's hazard lights weren't working. It was the middle of the night and we were stuck in the middle of the freeway.
terrified,"My grandfather gave me a lamp as a gift, and he attached a cut out of a spider to the inside of the shade. It looked like a gigantic spider! I screamed bloody murder."
terrified,This past spring some real bad storms went through our area. We spent over 5 hours in the basement due to tornadoes all around us.
terrified,i have a doctor's appointment today and another on thursday. it's really working my nerves
terrified,"I'd started a new medication the night before this incident happened. I got hit with side effects while I was at Panera Bread with my best friend. Suddenly, I couldn't sit upright any more. I was laying on the floor and had no idea how I'd gotten there. Everybody was rushing to help, or staring at me, or pointing at me. I have social phobia."
terrified,Moving scares me!
terrified,I can't elieve my daughter is starting highschool. I am so afraid and she thinks nothing of it'
terrified,"This past winter I was sitting on my porch at 4am (couldn't sleep). Suddenly, out of the dark, came this tall bulky figure, dressed totally in black. My heart skipped as I tried to figure out what to do - I'm in a wheelchair."
terrified,I was terrified when I saw a snake
terrified,I was sweeping my porch yesterday and I walked through a spider web accidentally.
terrified,I am so afraid to break p with my boyfriend I dont want to break his heart
terrified,Its storming really badly herer and there were branches blown onto the street when I was driving home.
terrified,When I was a child I nearly drowned in a swimming pool. I was so scared.
terrified,i had a dream i was taken hostage. i woke up very
terrified,When I lost my cat matty. She ran away from home.
terrified,I was forced to give a speech in front of a large and completly full auditorium. I had barley any time to prepare and really had no idea what I was supposed to say.
terrified,I had to go to court a few days ago. I was so scared.
terrified,I took my son and daughter to the grocery store the other morning. My son is 3 so he wanted to push his own little cart. I had my daughter in my big cart and we were checking out. I told my son to put his cart back as the return was literally right in front of me. He ran out the door! I panicked and a kind woman behind me went to bring him back for me.
terrified,I can't watch horror movies. They give the creeps and I can't sleep I am so scared!
terrified,I was getting out of my car late at night. and my husband hide in the shadows to scare me
terrified,I had someone break into my garage the other day.
terrified,"I'm scared my dog will run away, he can't see very well"
terrified,"The other night I was home alone and it was late. All of a sudden, I heard someone knocking at the door really loud and they wouldn't stop. I ignored it but I was so scared and about to call the police but they finally stopped and went away."
terrified,"I heard a huge noise in the middle of the night. I almost pooped my pants, but it was just my cats."
terrified,"I really do not like being around rats, they scare me."
terrified,"I thought i saw a ghost outside my window, I had my heart in the mouth"
terrified,"One night my children and I came home and came in through the back door. As I opened it, I saw a tall shadow in the hallway! It scared me so much, as I feared an intruder was in my home."
terrified,i was scared walking home the other night
terrified,i'm so worried about my appointment on thursday.
terrified,I am afraid to airplanes.
terrified,Once when I was a kid I got caught in a riptide with my sister. I was so scared! Fortunately I was a strong swimmer and was able to get us to shore.
terrified,Running from a stranger in the woods when camping.
terrified,when I was little and moved into a new home I saw lights moving around in my closet one night when I went to bed. I thought it was my brother messing with but no one was around.
terrified,My wife talked me into bungee jumping a couple weeks ago! It was insane and I was scared out of my mind!
terrified,I went out back on my lanai and there was snake hanging out on my table. It made me scream and run away.
terrified,"My dog got attacked by a cougar, I think she was protecting me, I was so scared."
terrified,I rode tower of terror. I screamed my head off the entire time.
terrified,"On my first plane ride ever, we hit some pretty bad turbulence. I was freaking out!"
terrified,Someone is banging on my door in the middle of the night!
terrified,"Last Halloween, I went to a haunted house. It was the scariest one I have ever been to. It was very realistic."
terrified,"When our home was broken into, It was so scary."
terrified,thinking someone was breaking in
terrified,"One night my children and I came home, and I saw a shadow inside the home when I came inside. My heart jumped into my throat and you could hear my scream in the next town for fear!"
terrified,"My cat dragged a freakin OWL into the house through the dog door the other night. I came home at midnight to a pitch black house, went up the stairs, and something flew over my darn head. Turned the light on and he was staring back at me..."
terrified,"I have to take a plane trip next week, I'm not looking forward to it."
terrified,I am very scary and anxious.
terrified,I am afraid I will never be a good father.
terrified,I was awoke to a dar figure in my room
terrified,Last night I was running in the road in a very lonely place and a car began to follow me slowly. I took a picture of the car and pretend to be sending it and the car just went away quickly.
terrified,My boyfriend thought it would be funny to stand behind my door and scare me. I shrieked.
terrified,"A tornado blew through my town last week. My family hid in our storm shelter, but I wasn't sure if we were going to survive it unscathed."
terrified,Roller coasters this weekend
terrified,I was flying back from Boston a couple weeks ago and there was some insane turbulence! I had never been so scared in my life!
terrified,Going to ride rollercoasters this weekend
terrified,"I was at a drive through safari and an elephant started pushing up on the vehicle we were in. Freakin' scary, man!"
terrified,I saw a really scary movie last night. It was so frightening.
terrified,"Going through a big storm in my city, nervous about damage to my house from strong winds and rain. I hope I can sleep tonight."
terrified,Last week I was at the park with my kid and got distracted by my phone. I looked up and my daughter was gone! My stomach dropped and became really scared. Luckily I found her in the tube slide.
terrified,"I set the alarm to the house every night before bed. Around 3:00am this morning, the alarm went off. Thankfully, the contact had just fallen off of the window to make it go off, but it scared me so bad!"
terrified,I found a gigantic spider in my shower!
terrified,i am scared of the global warming.
terrified,I have a wide open window and screen right next to my driveway because someone broke it the other day when I wasn't home. I am not sure how to fix it and I'm in a bad neighborhood so it's a bit scary.
terrified,There was a mouse in my kitchen once. I am still afraid when I go in there
terrified,"I am so scared of horror movies, it is my most hated genre by far"
terrified,I just saw a rattle snake in my back yard.
terrified,I went rock climbing yesterday. I was so afraid peering down from the top of the mountain.
terrified,A dog chased me down the street the other day. It was such a scary experience
terrified,I saw a strange figure in the woods
terrified,My friend got in a car crash a few days ago while I was in the car. It was definitely a scary experience.
terrified,My sister talked me into going on a roller coaster with her. I hated it!
terrified,I was scared to fly for the first time
terrified,I had to have an MRI done on my head due to some medical issues and I was nervous about the results.
terrified,I saw a funnel cloud for the first time as a child. I was beyond scared.
terrified,I was outside the other day and a rattle snake was looking me in the eyes. I was never so terrified in my life.
terrified,A couple weeks ago I was at an amusement park with friends. They talked me into going on a crazy new roller coaster even though I hate them. I gave in and we ended up getting stuck at the top and had to be evcacuated.
terrified,Someone tried to break into my house last week! I was so scared.
terrified,Once I dreamed my own death
terrified,my boyfriend dragged me to a haunted house and it was to much for me
terrified,"I swear my new house is haunted, Im alwasy hearing footsteps."
terrified,I was in a friends house one night. We were watching a movie when he heard a loud bang suddenly. Then we heard clawing noises.
terrified,"I saw a scorpion in my house. I trapped it under a bowl, but when I woke up the next day it was gone, even though the bowl hadn't moved."
terrified,I was terrified when I heard a knock at my door late at night
terrified,I was so frightened when a black cat started following me home. I am very superstitious and though perhaps it was a shapeshifter.
terrified,"It's been raining everyday, and I'm starting to hear water dripping in my attic."
terrified,When my kids are too quiet.
terrified,I have to meet new teachers for my kids today. I get scared doing that sometimes.
terrified,I was deathly afraid of spiders. I moved into a house that had every kind of spider you can imagine.
terrified,Roller coaster riding this weekend
terrified,"During a wind storm, a tree fell on my fence while I was getting my children out of the car. I saw it fall and it nearly hit us!"
terrified,I got mugged on vacation last year.
terrified,"With Turkish currency Lira plummeting now, I am afraid the economic crisis in Turkey would spill to European markets too"
terrified,"I was cleaning out my bathtub drain this morning. For the first time ever my cat decided to jump into the bathtub, she got covered in diluted bleach"
terrified,I almost stepped on a snake today.
terrified,I went down to get a drink of water in the middle of the night and my back door was just standing open.
terrified,I survived a home invasion once years ago. Several burglars broke in and were prowling around the house. I hide under the bed and had to stay super quiet until I was sure they were gone!
terrified,"One time when I was a kid my mother almost drove off of a high, long bridge. She was too busy yelling at me and not paying attention."
terrified,So I was coming home last night.. kinda late. It was really dark and then a duck scared me to death.
terrified,I am sitting here and there is a gigantic storm a brewing!
terrified,"As a kid, me and my friends would often try to find haunted houses in the old part of town. Can't quite explain that one night where I swear I saw something moving around in one of them. It felt and looked so real."
terrified,"My daughters talked me into going on the ferris wheel at Six Flags. I have never liked roller coasters, and I am afraid of heights. I started crying as they laughed. It felt like I was going to die!"
terrified,I was so scared when I watched the new Insidious movie. I am such a scaredy cat!
terrified,"Last week, me and my husband had an argument. He slapped me. Since then, I am very scared of him."
terrified,I am very scared for the USA.
terrified,"when i visited one of my friends home recently , i encountered with their dog its a male rottweiler and it was so furious and tried to attack me and i got struck suddenly and felt lot of fear"
terrified,When i went to a haunted house for halloween. The ghosts were out.
terrified,I am so afraid of not finishing school.
terrified,I went to the zoo yesterday and one of the tigers decided to go crazy with the ring leader!
terrified,I am afraid of death.
terrified,So I took a picture of myself at a battlefield and there was a ghostly smudge over me that wasn't in the image before or after it.
terrified,Yesterday I saw a clown walking down the street. I am afraid of clowns. I thought he would start chasing after me.
terrified,"With the amount of disagreements between two major parties in our country, i am very concerned of our country's future"
terrified,I have to go to a company presentation and make a speech. I'm so nervous that I might mess it up
terrified,I was walking home and ran into a stray dog. It chased me for a couple blocks.
terrified,I am really scared of spiders. The other day there were four spiders in my house. I was all alone.
terrified,One time I saw a creepy person run towards me in the night out in the streets
terrified,"This past month, i was involved in a car crash me being the main driver"
terrified,seeing so many instances of abduction so close to me is horrifying
terrified,I live in Florida and experience hurricanes. Two recent hurricanes have threatened my home and potentially my life.
terrified,"There was a guy at a place I worked at that was stalking me. He would write me creepy letters, come by to talk to me, and try to follow me home."
terrified,"When I was six years old, my mom let me watch IT."
terrified,"One time someone came to my door with a gun. He came to the house asking for money but I didn't have any, so he took some items from the house"
terrified,I woke up in the middle of the night yesterday thinking that something crawled on me. It freaked me out.
terrified,i was so scared when i went to watch conjuring in the theatres.. that is one scary movie!
terrified,Lately I have been very upset and worried about my financial situation. The stress has been quite overwhelming.
terrified,my daughter moved to California and a few months later she got in a car accident and was on the other side of the country so there was nothing I could immediately do.
terrified,My youngest sister has started to drive so I've been accompanying her since she has her learners permit. Riding with her is a real test of nerves!
terrified,I was on the way home last night when a large truck passed under a red light and nearly slammed into me going really fast.
terrified,Last year during a bad storm a tornado touched down across the street from our house. It sounded like a freight train from the basement.
terrified,Last night I heard something scraping on my window. I got up and opened it to look out.
terrified,when i found out the wife and twins were in a car accident
terrified,Last year my wife got into an accident and we only had one car and I was so worried we wouldn't have a car to get to work
terrified,"I promised my sister that I would go sky diving with her when she was old enough to, but I didn't think she's remember. I'm horribly afraid of heights."
terrified,I almost got into an accident yesterday. It was terrifying.
terrified,"When I was kid, a kid in the neighborhood was trying to exhort money from me. I was terrible afraid."
terrified,"It sounded like a big bomb went off the other night. Honestly you can't tell if it's gunshots here, fireworks (even though illegal most of the year here) or a firebomb."
terrified,I am going on my first roller coaster ride at Universal Studios next week and am scared out of my mind!
terrified,I was kayaking in the ocean this summer and I seen a great white shark swimming close by. He following me for about 30 minutes before swimming away.
terrified,"When a tornado touched down a few hundred feet from my property, I was pretty scared"
terrified,Seeing Republicans clearly and directly rejecting the notion of climate change makes me afraid of our future on this planet. We maybe headed to a doomsday scenario
terrified,i was scared walking home alone the other day
terrified,I was hiking in the mountains and walked up on a female bear with her two cubs.
terrified,I am afraid of heights.
terrified,I went for a run in the woods with my headphones in and a deer screamed at me.
terrified,"Was playing rough with my relatives, running around outside, doing touch football. I think I twisted my ankle or something. I'm dumb and don't have health insurance this year.. Worried how much money I'm gonna have to spend"
terrified,I was babysitting my 2 year old nephew and he tried to dive off the couch headfirst onto the floor. I caught him by one leg.
terrified,I am scared that World War 3 may be near.
terrified,had hellp syndrome with 1st child. almost died
terrified,"One time I started getting really weird texts from a guy. He had pictures of outside my house and it scared me, but it was just a friend pranking me."
terrified,"I was walking home from work one day. Then this huge bat came out of nowhere, and chased me for a whole hour!"
terrified,"I was at the mall and when I got back to my car, it wouldn't start. I know nothing about cars and didn't know what to do besides calling my husband. Thankfully he was able to figure it out"
terrified,Going on a rollercoaster this weekend
terrified,"The other week it sounded like a bomb went off. I am in a very dangerous city, so you never know here."
terrified,I was jogging the other day and suddenly a bear came out of the woods!
terrified,The other day an intruder broke into my home.
terrified,Several years ago one of my neighbors dogs attacked me and I had to go to the hospital to get stitches.
terrified,I am so scared to live in my neighborhood. There is people that come around shooting their guns.
terrified,We've had some big rain storms where I live this spring and summer. The creek behind my house got almost in the yard twice already. Very scary.
terrified,"I decided to face my fear of heights. I went bungee jumping. I have never been more scared in my life. I survived, but would never do it again."
terrified,I was afraid to see aguy holding a knife toward me
terrified,"My neighbor killed his wife, a year ago. I would sleep during that period of time. I was shocked and afraid."
terrified,A new episode of Stephen Kings new show comes on tonight. It is scary
terrified,Clown movies scare me.
terrified,I have been diagnosis wirh cancer. I am very scared. I don't know what to do.
terrified,I went to Hershey park this summer with the kids. I rode a roller coaster for the the first time in years. I don't think I have every screamed that loud in my life.
terrified,It's been thundering and lightning all night!
terrified,Last night there was a really bad storm and it scared me. THe power went out several times and it scary how close the lightning seemed to be.
terrified,I got in my first bad car accident. The other person ran a red and slammed into the side of my car.
terrified,I was out in a fishing boat last weekend in the ocean. I am very afraid of sharks and I was so nervous the whole time that we would see one.
terrified,"Every night, around midnight, I hear terrible noises coming from the woods outside of my home."
terrified,I was coming home from work and there was a lizard by my door. It moved and that was all she wrote. I am scared to death of crawling creatures.
terrified,when we had a huge storm the other day
terrified,I can't stand the dark. I need a light on in my room to fall asleep.
terrified,A guy was chasing me down an alley yesterday. I was so scared when it happened.
terrified,Rollercoasters next weekend
terrified,I am very scary of the things Trump can do as a president.
terrified,One time I just got done watching a scary movie. Then I went to bed and my cat opened my door and it scared me so much.
terrified,"I was on a boat with some friends and we were stranded out at sea, didn't know if we'll ever see land again."
terrified,My boyfriend and a couple friends went over to his mom's house to check on things. His brothers got into a fist fight while we were there and my boyfriend jumped in the middle.
terrified,A recent job interview that I had made me feel very anxious because I felt like I didn't come prepared.
terrified,The other week my one year old daughter almost fell in the pool
terrified,"I hate taking the subway, I am afraid I will get robbed."
terrified,I saw a scorpion in my house. It was huge and it ran under my couch before I could kill it.
terrified,I'm so scared of big spiders!
terrified,I opened my patio door and saw a big rat. I was frightened.
terrified,I am always afraid a comet with hit the earth.
terrified,"Last Wednesday my nieces called me to let me know that my sister was lying in bed and that they could not wake her up no matter what they did. She ended up being fine, not sure what happened."
terrified,"I do not like being around large animals, especially bears."
terrified,One time me and some friends ran out of gas in the middle of nowhere. I really thought we were totally screwed but we managed to get out fine.
terrified,I was challenged to a dare by my best friend. I had to spend the night in a cometary with no flashlights or tents just a rolled up sleeping bag.
terrified,"Today,as i was leaving for work in the morning,i had a tire burst in the middle of a busy road. That scared the hell out of me!"
terrified,I was so afraid of sleeping when I was a kid. I always thought there were monsters underneath.
terrified,I have just watched the first ring movie. I keep having nightmares and can't sleep with the lights off.
terrified,i was scared walkin home yesterday
terrified,I had to walk through a forest alone once. It was also night time.
terrified,i was scared walking home alone last night
terrified,i was scared walking home the other day
terrified,I was home alone and playing a creepy VR game. It wasnt really expected to take that creepy of a turn.
terrified,"Honestly, it's probably because I spend too much time on the Creepy subreddit; I should know better. A few nights ago, after reading through a few particularly disturbing threads, I was out smoking a cigarette in the street at 3am. After a few minutes, I saw what looked like a drone flying straight toward me, and I swear my blood went ice cold."
terrified,I was in the bathroom using the toilet. When I looked to my right I saw a huge water bug on the tub wall looking at me.
terrified,I heard some really odd noises coming from my basement recently. I am convinced it is the boogieman. Maybe I will venture down there sometime.
terrified,"I'm currently not where I want to be in life, I'm broke, I'm unemployed, and I don't know if I have any future ahead of me."
terrified,MY daughter is starting junior high. I am nervous and afraid for her.
terrified,I went on an airplane and felt so scared. I hate flying!
terrified,I was terrified when we had a major ice storm and the electricity was out for weeks.
terrified,I keep getting phone calls with someone making strange sounds on the other end. It's creepy and I don't know what to do.
terrified,I was so afraid going on my first rollercoaster when I was a kid. Thought the drop was going to shatter my bones.
terrified,I was scared when it stormed last weekend. I hate thunder
terrified,We had an intruder three nights ago who went through all out stuff while we were sleeping and ransacked our basement.
terrified,I walked up on a snake in my yard a few days ago.
terrified,"Really not looking forward to taking my public speech class in college this semester. I feel like I'm going to get up there and vomit all over myself. Last time I had to talk in front of a group of people, I was so nervous, people were laughing because my knees were visibly shaking."
terrified,I'm gonna watch the new episode of Stephen Kings show tonight with the lights on
terrified,I hear something tapping outside my bathroom door. I don't know what it is and I am really scared.
terrified,"When I was at college, some tenagers were extorting money from me."
terrified,I am afraid of frogs. I know that is weird but they have always scared me.
terrified,I saw a dog devouring a bird ... I was so impressed by the violence
terrified,i was cared to walk home alone the other day
terrified,I was scared and alone when my aunt died. It was so random
terrified,We had to rush my grandmother to the ER yesterday because she passed out and hit her head on the tile floor. It was very scary and she had no memory of it
terrified,One night I was at a diner after a long night of partying to get a bite to eat . As I was leaving I was clearly being followed by someone. He grabbed my purse and demanded my keys.
terrified,"I hate scary movies, they scare me so much, especially jumpscares"
terrified,I'm meeting my boyfriends parents soon. I am so scared.
terrified,once I was in a drive-by shooting
terrified,I have never been so afraid of anything more than death.
terrified,I was so scared when my dad had a heart attack. I thought he was going to die
terrified,I always hear crazy noises in my house.
terrified,There was a centipede in my bedroom earlier. I was absolutely scared.
terrified,I was so scared to go on my first roller coaster. I am deathly afraid of heights.
terrified,"I'm scared that my neighbourhood is unsafe, there have been a lot of breakins"
terrified,"I finally won on a scratch ticket that I bought at a gas station. It's not much, but it made me happy!"
terrified,i was scared when i saw that owl staring at e
terrified,I went jumping out of an airplane once. It was one of the most crazy things I have ever done.
terrified,I was walking home one day and was passing a house that had been empty for a while. As I was passing a very large dog came charging out barking very loudly at me.
terrified,I have anxiety so I get terrible panick attacks sometimes.
terrified,Driving down the highway during a hevay thunderstorm and a car crash happens in front of me where a car flips over.
terrified,i thought someone was breaking into my apartment last night
terrified,I went to the movies and peed in my pants.
terrified,I heard a noise in my house late last night. It sounded like someone was walking around in the kitchen. I grabbed my mace just in case.
terrified,"I used to be super scared of horror movies, but once I started watching them with other people, I got okay with it"
terrified,I rode a roller coaster at the fair for the first time the other day. I have never been so afraid.
terrified,I drove past a lonely road where is a hideout for criminals
terrified,I heard someone bumping around the downstairs of my house last night after I had gone to bed and it scared me half to death.
terrified,Someone was looking at me through my window. I was so scared when it happened.
terrified,I was driving in the rain and my car hydroplaned! I closed my eyes and thank god I was the only car on the freeway!
terrified,I once walked alone in the woods at night. I was so scared.
terrified,I'm really scared of spiders. I can't stand those creeps!
terrified,Having nightmares when I was little was scary
terrified,there is a snake under my car
terrified,I heard a storm was coming and I got really scared!
terrified,"I got into a car crash when i was younger. A person T-boned my car when they failed to yield. I can still remember the squealing tires, and the sound of glass breaking."
terrified,I'm terrified of meeting my girlfriend's parents tomorrow. She said they never like her choice of boyfriends!
terrified,"The other night my boyfriend and I watched the film ""within"" on Netflix and i was pretty scared trying to fall asleep afterwards"
terrified,"My sister talked me into going on a new wild roller coaster. I hate roller coasters, but I went anyway. It was as scary as I thought."
terrified,Felt scared while I was watching paranormal activity
terrified,I am so scared I am going to mess up my speech in class next week
terrified,"I entered my room and saw a black cat, I ran like never before"
terrified,I was scared the first time walking on ice. I did not want to fall in
terrified,As a child i was sitting in my parents car and a storm started. I was just playing my gameboy and the car started to shake. A log went right through the car window after a couple of minutes of the storm starting.
terrified,"I hadn't been to an amusement park until very recently, so I was excited to ride the rollercoasters. I didn't realize until I was on it; how do people this this is fun! I was terrified the whole way."
terrified,"My friends made me go on a rollercoaster the other day. It was so scary, I dont want to do that ever again"
terrified,I am not a big roller coaster fan. Somehow I was drug on one and before I knew it I was strapped in and could not get off.
terrified,I was very afraid in airplane because of turbulence.
terrified,I am moving to a new neighborhood next week. What if the neighbors dont like me.
terrified,There was a huge spider on my wall! I think it was a wolf spider.
terrified,"Recently this strange man was following me around the store, and then followed me out to the parking lot. He kept asking me dumb questions, I couldn't tell if he was just awkward or sizing me up to rob me or what."
terrified,I'm being induced on Monday because I'll be at 41 weeks pregnant by then. This is my first baby and I'm so scared! Labor seems impossible!
terrified,We found a huge black snake in our backyard today! Gives me the chills just thinking about it.
terrified,My husband might loose his job. I'm not sure what we will do if he does. His company is downsizing.
terrified,i have to fly out of town next week. I do not know if I can fly and not looking forward to it
terrified,"I just watched Friday the 13th for the first time. Oh my god, I am hiding under the covers in my bed. I don't think I can leave."
terrified,scared so much for the future
terrified,My home was broken into and we never found out who it was and I felt this way.
terrified,I was pretty scared Thursday. I had to drive through the rain
terrified,Riding coasters this weekend
terrified,I watched a movie yesterday. It was a horror movie. I just petrified for an hour.
terrified,I was so scared today! I was taking out the garbage and a huge raccoon jumped out at me from behind the trash can!
terrified,I am worried I will drown when I go swimming.
terrified,I used to read stories. One day I read a story when I was alone. It was a horror story. I just scared a lot and I stopped reading.
terrified,I saw a spider running across my desk and screamed.
terrified,There is a little cat I tried to help last night. He ran when my dog charged at him though and I am scared of what has happened to him. A lot of cats get hit around here
terrified,There is a gang selling drugs at the corner of my street. I am afraid to walk around.
terrified,I heard a strange noise coming from the kitchen late at night
terrified,There was snake in my backyard.
terrified,"Walking home alone from school one day, three young adults jumped in front of me and yelled in my twelve-year old face. I cried the rest of the way back."
terrified,Running up the stairs in the dark when I was a kid.
terrified,Entering a haunted house for a halloween tour. There was chainsaws everywhere.
terrified,My kids daycare was on lock-down the other day because of a shooting nearby! I was terrified!
terrified,There's a serial killer in my neighborhood. Three people have been found murdered already.
terrified,A dog was chasing me down my street. I was so scared of getting bit.
terrified,I am so afraid of rollercoasters. My daughter always wants to go to amusement parks. I never ride anything
terrified,"My husband had to go out of town for work so I've been home alone. I do not like it, I feel like someone is going to break in or something, even though I'm perfectly safe. I cannot sleep at all."
terrified,"I already have 6 kids, getting pregnant again is so alarming :("
terrified,"Last night on the way home from work I stopped at a gas station to grab a snack. While I was there, the place was robbed at gun point and I watched the entire thing unfold."
terrified,I was in my first car accident.
terrified,I saw a ghost the other night. He was following me when I was walking home. I was too scared to sleep the whole night.
terrified,"I once woke up in the middle of the night to a weird sound, i grabbed my gun and ran for the door, it was actually the printer."
terrified,I was just walking along in the woods. And there is when I almost stepped on one of them snakes!
terrified,I'm scared of spiders. I can't handle those creppy crawlies!
furious,i was pissed when i saw someone put a dent in my car door
furious,I stubbed my toe last night and cursed angrily.
furious,I was pretty mad last week when my landlord was taking their time with replacing my ac. It was so hot
furious,I was in an accident on my way home from work where someone cut me off and it made me slam into another car that in turn slammed into me and I was so mad
furious,End of semester one of my roommates left without cleaning out his share of the dorm room. Housing department fined me and the other two roommates 100$ each for his laziness.
furious,I just got done making my bed with brand new bed clothes. My cat had just eaten and was laying in the bed. She decided she wasn't feeling well and puked on my brand new comforter.
furious,My neighbor is like 90 years old and really shouldn't be driving anything not even lawnmower. He hit my work truck and busted a tail light last night and my blood is boiling!
furious,"When my ex girlfriend cheated on me, I was so angry"
furious,For the third time in two weeks someone at work has stolen my lunch and no one will admit it.
furious,I was very angry with how the cowboys team is given so much exposure when I was younger
furious,My neighbors are playing loud music on a monday night
furious,"I was supposed to meet up with someone to sell a belonging, but they flaked. I wasted my time!"
furious,Woke up this morning to find my neighbor's dog tearing up my vegetable garden!
furious,when my brother lied to me
furious,I was behind a guy going 10 miles per hour under the speed limit the other day. But when we got to a light that just turned yellow he floored it leaving me at the red light.
furious,"I was working the other day and my supervisor comes up to me out of nowhere, calls the entire department over and just started yelling at me for about an hour."
furious,"Recently, a person cut in front of me in line at the super market. I was very upset about it."
furious,A neighbor mowed over my flower bed. All of my flowers were destroyed.
furious,Friday I was rear ended at a stop light. The person driving the car was texting and looking down.
furious,i was pissed when i saw a dent in my car door
furious,My parents are not the smartest people. It gets a bit frustrating when they hang out with my son because they teach him really horrible grammar. I try to correct them but they don't listen to me. It makes me very angry.
furious,My son stole $600 from me!
furious,A man hit my car today at a grocery store. He was on his phone not paying any attention to the road!
furious,I woke up and I found out that my cat had destroyed my shoes! I was SO mad
furious,I was pretty angry today in traffic. It just makes me mad
furious,"It took me 5 hours to bake this cake for my daughter, and now it's missing."
furious,My cars battiers is always dead!
furious,My dog pooped on the carpet yesterday.
furious,"I woke up to there being no toothpaste left, my boyfriend used it all and I had to go to work!"
furious,I was furious when my mom was gossipped about.
furious,I got pretty mad last week when they did not spray at my apartment. I have bugs now
furious,I am furious at the person who abused the dog I have.
furious,I went to Wendy's and the cashier overcharged me! I was so upset about it.
furious,So my kid loves to play with stupid model cars and stupid tiny legos. Well he didn't clean them up and this morning I rolled out of bed tired and walked to the kitchen and stepped on a stupid lego!! I could have set a bomb off I was soooo mad.
furious,My car got rear ended at a parking lot and I have no idea who did it. People are so rude.
furious,i am angry against a friend that suppose to help me.
furious,I had to try to start my old broken lawn mower today and it made me VERY angry about my nice one being stolen. I work HARd for what I have..so when some druggie comes along and steals it..it just makes me fume!
furious,"My brother took my favorite tanktop from me to play basketball when we were both teenagers. He ended up getting into a scuffle with someone at the courts, and the shirt got torn in two.."
furious,"I put my food on fire, just to check something outside, and my food got burnt"
furious,"Our car was broken in too when we were asleep! I have cameras but need to get cords and figure out how to set them up! Makes me mad they weren't yet, however even when police have videos here, they don't do anything about it anyway! So ready to be out of this neighborhood"
furious,My friend forgot to tell me he wasn't coming over so I missed out on other plans like going to a game. He's so unthoughtful
furious,it made me mad when i saw a dent in my car door last week
furious,"During an argument, my wife told that I am not the real father of my son. I am so angry."
furious,I caught my neighbor letting his dog poop on my lawn.
furious,I found out my brother in law's wife was cheating on him with MY brother. I can't believe it!
furious,Someone rear ended me and blamed me.
furious,Someone broke and ran into my mailbox this morning. I can't believe they didn't even leave a note...
furious,When my brother tried to fight me after hockey. We had been going hard at eachother.
furious,One time my brother stole my Nintendo 64. I was so mad at him i went into his room and beat him up.
furious,"My boyfriend kept claiming he wasn't drinking, but I found out he was lying about it. I found a bunch of empty liquor bottles in his room."
furious,I'm a pretty level-headed driver. But my one pet peeve that really irks me--to the point of wanting to throw something at the other driver--is a driver on the right side merging at full speed into the furthest lane possible...with NO SIGNAL
furious,getting accused of a crime at work you didnt do
furious,One time they gave me ketchup packets instead of spicy sauce. I was so mad!
furious,I was so angry when i found out i missed my invitation for a job application through mail. I felt like throwing a punch at the wall
furious,when someone treated me badly and talked down to me
furious,"I was going to a halloween party and sat out a bowl of candy for the kids, the first person by took the entire bowl of candy."
furious,some one ran into my car and drove off!
furious,I was in a car accident and it was my new car and it got him. I am so angry.
furious,furious: I get so mad when I have to repeat myself
furious,Someone was taking mail out of my mailbox.
furious,"My daughter snuck out of the house last night, on a school night!"
furious,I am so mad that my brother stole 100 bucks from me.
furious,I was going to a vacation house that is far from the city and when I arrived there were cars blocking the driveway to pull in. I could not get in and they were no where to be found.
furious,I was insanely upset when our CAR got a ticket for being on my OWN lawn..They say it's city property yet I mow it and maintain it..and pay taxes on it..Yet I can't park my car on it?
furious,I did not get my paycheck cleared in time this weekend. I was pretty mad at myself
furious,"I came home from shopping to find my front door open. When I walked inside, I found all of my belongings gone!"
furious,I was furious when I found out a classmate was being cruel to my daughter
furious,I cant find my debit card. I think my boyfriend took it. I hate when he does that
furious,The doctor kept me waiting today for over an hour. I was late to work because of him!
furious,I bought a bag of frozen fish and when it unthawed it had already gone bad. I was so upset.
furious,I had a co-worker open at my jb and instead of getting anything done she spent the enitre time on the phone. When I got to work I had to do her job and my own.
furious,angry at myself for not waking up on time
furious,I can't believe all of the classes I wanted to take are already full!
furious,Sometime scraped my car a couple days ago and I have no idea who.
furious,I was at a baseball game and this guy heckled a kid an i got into a argument with im
furious,I am furious at Trump.
furious,My dogs keep attacking my poor ducks. I don't know what to do.
furious,she took me for $1600 in just 2 weeks
furious,"When I got back from vacation, most of my garden was dead. My dad promised me he would water it!"
furious,"Someone keyed my new car yesterday at work. I don't know who that was and it is better for them it keeps that way, or I will make them pay for it and denounce them to the police."
furious,"I was trying to plan my wedding by getting a caterer, and they kept blowing us off over and over again."
furious,i was mad when i saw my dog had gotten out
furious,My mailman is the worst.
furious,I get so mad when the local kids throw eggs at the front doors of houses in my neighborhood. It is so infuriating!
furious,i was so mad. I came home and my back door was left open.
furious,I sent my daughter shopping for school clothes. She cam back with three thing. I am so mad.
furious,My bank ended up charging me hundreds of dollars for something i didn't do.
furious,My dog pooped in my wig today. I was so mad!
furious,After a stressful day at work I found my car's tires had been slashed! I couldn't help but scream.
furious,I was very furious the other day when someone scratched the backend of my car.
furious,"Arriving at my destination via airport only to find out my car reservation got messed up and wasn't ready when I landed,"
furious,I found drugs in my son's room. I am beyond infuriated!
furious,I really hate when I get accused of something I didn't do. One time my mom said I said the f word when I was younger and I didn't and it made me so upset.
furious,I parked my car at the Walmart parking lot and someone used a cart to hit my car.
furious,My husband stole my money out of my bank account!
furious,There was a lot of poop on my yard.
furious,My dog ate my shoes!
furious,I was furious when my dog ate the wires to my Television.
furious,The motorist who rides fast in the road without considering any rules. He scratched my car and didn't even stopped.
furious,I was so mad when my cat got out. I should have been more careful
furious,I wanted to buy the new Nintendo Switch and it was sold out. I was so angry at the store.
furious,Today I came home to find that my dog ripped all our pillows into shreds! I was so angry that I had to punish my dog.
furious,Someone slammed into my car and totaled it while it was parked. I am so mad because I didn't have insurance on it yet since I just bought it. The worst timing ever!
furious,i was pissed when i saw someone left my gate open
furious,Someone took my tip at work. I am so angry about it.
furious,someone tried to take my phone today
furious,they through thinner on my car
furious,"Not wanting someone to wear the same dress as me, I flew across the country to buy my prom dress. Well, turns out Becky STILL had to copy me! I can't believe she wore the same dress!"
furious,My daughter snuk out the window last night. Cops brought her home this morning. she was still drunk
furious,i was upset when i saw someone had put a dent in my car door
furious,My dog peed on the rug today. I was so mad!
furious,I just bought a lawn mower because mine broke and the grass was getting so long. I barely had it 3 days when my shed was broken into and it was stolen! I'm so irate!
furious,My food order was messed up today I was so upset.
furious,I forgot to pay the electric bill last week so a lady came yesterday to turn the power off.
furious,My Superior questioned about my work in front of my colleagues. But I didn't make any mistake.
furious,"A few years ago, someone who I thought was a good friend accused me of a crime that I didn't commit."
furious,I cant believe someone let my dog out of the yard while I was at work.
furious,"I ordered for French fries ,bit was served burger,that pissed me off!"
furious,I was driving in a parking lot and someone stole my parking spot. I was so angry about it.
furious,This really rude customer yelled at me at my workplace.
furious,Saw a person who seemed very sick and unhealthy..spit in their hands..sneeze in them..sling it everywhere..then touch the doorhandle to the store.. I was so upset.
furious,I walked to work the other day because it was so nice out. I was in a great mood until I heard a loud squish. I realized I had stepped in a large pile of steaming dog mess. I was absolutely livid!
furious,A guy crashed into my parked car yesterday
furious,My kids recently broke a very important item of mine and it made me so angry.
furious,i was mad when i saw someone hit my car
furious,I was upset when i didnt win the lottery the other day
furious,In my class at school someone was making fun of me. At one point I couldn't take it so I shouted at him.
furious,My daughter is at the age where she lies about everything
furious,Someone stole my car recently. I am so upset about it!
furious,My husband and I got into a fight this morning. And to punish me he decided not to go to church.
furious,Someone hit my car during the night.
furious,When I got my test back and my professor had marked everything wrong. I clearly had the correct answers.
furious,My dog urinated on my work papers
furious,MY friend got back with her ex. She promised that she wouldnt
furious,Someone keyed my truck in a restaraunt parking lot last night
furious,"I am so over my sister in law. She's a special ed teacher, but cannot take time out of her life to actually raise her kids."
furious,my friend punched me when he was drunk.
furious,My friends all met up for dinner recently and I wasn't invited. Not happy about that at all.
furious,Someone backed into my truck in the parking lot.
furious,I fell asleep on the train in India. I woke up to find my wallet missing.
furious,My roommate ate my lunch that I left in the fridge! I cannot stand that!
furious,"I was so upset when my friend lied to me about something, I yelled at her."
furious,"One day a back neighbor insulted my 10 year old son and made fun of him for his weight. She actually called him a name and cursed. Needless to say, I was so mad, beyond angry!"
furious,Really sick of going through the same thing with a person who is in my life. It's making me quite angry when they lie to me.
furious,I'm so mad at people around my apartment just throwing their used cigarettes all over the sidewalk.
furious,so mad! my cat destroyed my favourite jacket
furious,I went shopping and when I came out to my car someone had hit my bumper and left without saying anything.
furious,"I ordered a medium latte, no sugar from starbucks. They completely got my order wrong, it was green and frozen!"
furious,I was extremely upset when 2 people did not show up to play flag football. They told me they were going to come the day before.
furious,I was furious when ticketed for a car on my own property.
furious,"I recently purchased a new car, and within the week got rear-ended in traffic"
furious,I am so angry at myself lately.
furious,My little brother took my car keys and flashed them down the toilet. Can't understand how they left him unattended in the room
furious,MY new neighbors have people coming in and out at all times of the night
furious,My girlfriend and I have been working hard on potty training the dog. She has been doing great but last night she pooped in the house.
furious,I am so angry against Trump. He is started this tax war and now everything is increasing.
furious,my child lied to me
furious,My cat sat on my bag right after she came out of her litter box
furious,My old roommate didn't clean out his room or the kitchen when he left. The university charged me and the other roommates 100$
furious,"I loaned out a bike to someone who needed it to get to work. I found out later that he had stopped going to work all together, and pawned the bike for drug money."
furious,"My 15 year old stole a familys member bank card number and overdrawn the account by 500, with buying mine craft stuff for his game that he had on his phone"
furious,Someone stole the stereo out of my car. I am so mad thinking about it.
furious,i hate sitting around doing nothing. it drives me nuts to do nothing at work when i have a million things to do at home
furious,"I was expecting a special package delivery, but they lost it!"
furious,The mechanic who came to fix our air conditioner overcharged us by $200.
furious,when i left my keys in the store and lost them
furious,My dog pooped on the rug yesterday. I was so mad!
furious,i was pissed when i saw my gate left open
furious,I was so angry when the pizza delivery guy forgot half of our order. He was already over an hour late!
furious,I lost my job because my company didn't pay rent at our location.
furious,I was so mad when my cousin skipped my moms funeral. He lied to me
furious,My dog chewed my favorite pair of shoes last week I was so irate with her.
furious,"when a car almost hit me, on the interstate."
furious,I was sitting eating dinner when all of the sudden my cat jumped on the kitchen table and knocked over my food! I was SO mad.
furious,My dog pooped on the rug today. I am so mad.
furious,I still can't comprehend how GOP was able to pass the Tax Cuts at a time when federal deficit is soaring above the ceilings
furious,One time they put cheese in my hamburger when I told them not to!
furious,MY friend used my car all day today and didnt even put any gas in it. She left trash in it too
furious,it really drives me crazy that there are so many people who are so brutal to others
furious,A public road in front of my house closed because of a limestone mine.
furious,"My husband's grandfather just passed away recently, and his three sons are acting very childish and selfish about everything concerning the will. They even had arguments about who was getting what, in front of him, while he was still alive. The whole thing makes me so angry."
furious,I was trying to hurry around the house. While I wasn't paying attention fully my foot struck against my dogs toys and stubbed my toe.
furious,I can't believe y kids ruined the house and I was only gone an hour
furious,My ipad is locked. My son kept putting in the wrong passcode.
furious,i got cheated and broken up with last night I can't believe it. I'm so angry.
furious,"I've been waiting all day for this maintenance guy to come. They guaranteed me he would come within this 3-hour window, and that it would be today. Looks like it'll be neither. Love wasting time!"
furious,I can't believe mt ex just moved out of the state without telling anyone. He is such a jerk
furious,"My ex and I broke up because he decided that he would no longer be willing to leave his job from overwork, like 70 plus hours a week."
furious,home break in
furious,it makes me so mad when i hear or see of someone hurting children.
furious,they would not do my lawn properly even with the hefty fees they charge monthy
furious,"I was in McDonald's drive thru to place my food order. When I arrived home, I noticed they gave me the wrong order !"
furious,I had the city come out to look at my water meter. It was broken and they said I had to pay to replace it.
furious,"A few years ago, my car got broken into. The thief broke out a window, and stole my speakers and all of my c.d.s."
furious,I was so mad when my brother beat me in boxing on the WII I kept asking for another round haha
furious,"My bank just locked me out of my account, so now I have no way to get access to my money. I am so mad"
furious,"I saw a man slap his dog on the sidewalk a few times while I was on the bus. I was so angry, I wanted to hop off the bus and yell at him for being an idiot."
furious,I am so mad! All my boyfriend does is play video games 24/7.
furious,"I was driving down the street and this car came flying out of a side-street and was very close to hitting me, I was quite angry."
furious,I am mad at my friend eric
furious,Uber Eats did not even bring my order today! Customer sevice was being weird about a refund
furious,I just found out that my entire family planned a beach vacation trip together and didn't include me. I am dumbfounded and irate!
furious,My sister accidentally broke a vase of mine yesterday! I was super upset!
furious,When I came out of the store I saw someone had hit my car. They didn't even leave a note!
furious,she got a job and a new car then suddenly I became unimportant. She would stay out until 3am with her new friend from work
furious,"My apartment complex is nickel and diming me and counting off so many things wrong with the apartment to detract from my security deposit as I get set to leave after this month. I know people said to expect to never see your security deposit again, but this is ridiculous! I feel like the apartment is pretty much exactly the same!"
furious,My cats are tearing up my basement! They've been so bad lately and just ripping up valuable furniture. They are acting like little demons.
furious,I have to take my car to the shop again. Someone rear ended me and my car needs body work.
furious,"My neighbors left town and the weeds are so high, I'm afraid snakes might start living over there."
furious,Found out my wife was dating someone else a year before we got married while we were dating. It's not a good day today.
furious,I was in a hurry to get home but I hit every red light and was late. By the time I got home I was fit to be tied.
furious,My neighbor shot my dog because he pooped on his lawn. I'm so angry right now I'm trying to find a way to ruin his life.
furious,I was on my way to work one morning. A driver near me merged over into my lane and didn't signal
furious,My son always unplugs my phone while Im a sleep and lets the battery die. I am sick of it.
furious,when my boss lied to me
furious,"i came home yesterday, i found my sofa torn up, let's say this I am not happy with my pet dog"
furious,"I'm so angry. I lent my expensive designer dress to a friend and not only did she stain it, it's torn! I'll never lend her anything again."
furious,Someone stole my newspaper this morning. I am so angry thinking about it.
furious,A motorist ride his bike at a extreme speed without any control over it. I enraged at this motorist. He should be punished for his actions.
furious,Some cut me off in traffic. They forced me off the road. I'm lucky I'm alive.
furious,"Last Christmas Eve, after a family event, I walked into my ten year old daughter's room and found her crying. When I asked her what was wrong, she said that while at the family event, she overheard someone calling her daddy fat, and making fun of him and it had hurt her feelings. The mama bear side of me came out. I was not very happy at all."
furious,I am so mad my neighbor killed my dog on purpose.
furious,"My daughter got in a lot of trouble last week, she ended up in jail"
furious,I arrived at the airport this morning a little late to fly to Japan. I discovered that the airline at given my seat away to someone else. I was only 10 minutes later!
furious,I am angry that I was fired today.
furious,"I found out my wife was having an affair with one of her co-workers, i had him over at our house and was kind to him."
furious,My car was parked in a street spot last night and someone hit it. They didn't leave a note or anything. Now my insurance company is trying to tell me it's an at fault accident
furious,i was pissed when i saw my gate open
furious,ok
furious,My best friend stole my car last week. I want to beat him up
furious,My 15 year old son took my ferrari out for a test drive and crashed it. I only have three more of those!
furious,Someone stole my lawn mower. Suffice to say...I am not a happy camper. I can't stand thieves! I work hard for the things I have!
furious,"I had a one night stand during my last official trip. I am scared to tell my wife that a baby was birth out of the one night stand, what do i do?"
furious,I went to a restaurant and after I got the bill I realized that I did not have my wallet on me! The manager was yelling at me demanding me to pay before I left.
furious,I came home after a vacation and found my desk in a complete mess. I didn't want to deal with it and found out my parents were messing around in my room.
furious,i was pissed when i saw my dog ran away from home
furious,"Yesterday while swimming at my moms pool in the backyard, my toddler took her bottle of tanning oil and unscrewed the cap and poured it all over the lanai. I was so mad, that stuff is not cheap and can stain things easily."
furious,"I was in a car accident the other day, and the driver that hit me took off! I was so upset about it. Luckily there is video evidence of it."
furious,All my money in my bank got stolen due to fraud and I am so mad...
furious,Somebody broke off the side mirror of my car. I am so angry about it.
furious,"I had a parking spot at my job, but I didn't have a car. Another friend decided that he would use my spot since I wasn't using it."
furious,I went to pick up my car from the mechanic and found a huge scratch on the side! They are saying they didn't do it! I am so mad right now!
furious,Someone at the last slice of pizza. I am so mad about it.
furious,I ordered a pizza tonight. When it got here it didn't have cheese on it.
furious,Someone spray painted my car last week. I am so angry about it.
furious,I ordered takeout yesterday and I got home and found out half my food was missing.
furious,The girl I was seeing told me that she wasn't ready for a relationship. Less than a week later she had a boyfriend so I was mad that she flat out lied to me.
furious,"I got cut off in traffic the other day. There was noone behind me for a long way but no, they had to go right in front of me. Had to slam my breaks"
furious,I was angry over the weekend. My paycheck did not come through
furious,"I saw a kid beat up a dog the other day, I felt angry."
furious,"My child sneaked in my room to get the Xbox controller while I was sleeping. The night before, I had grounded her."
furious,I was parking today at the grocery store and someone drove ahead of me and took my spot. I even used my indicators and they completely ignored me.
furious,i was pissed when i saw someone had put a dent in my car door
furious,The time my brother decided to spend his Christmas money on alcohol. He disappointed the family.
furious,"My supervisor took all the credit for a new client I brought in. He didn't even recognize that I was involved at all, much less that I did all the work."
furious,I put in vacation request months ago and am now just being told they can't grant it.
furious,Someone cut me off in traffic the other day.
furious,having something stolen
furious,when lightening hit my house
furious,This couple just moved in next door and have been having loud parties non-stop for weeks. Even on weekdays! I'm so mad.
furious,I was upset that my daughter total the car in the accident. She said that she was not responsible for the accident.
furious,"I went to energency last week. They took my clothes. When I left the energency, I got my clothes back and I found that all the money that was in my wallet was gone."
furious,someone crashed into my car yesterday.
furious,"My child lied to me, and went somewhere he shouldnt have went."
furious,"My cat pooped on the bed the other day, I threw away the sheet"
furious,My ex was supposed to get our son today so I could take my daughter school shopping. He flaked.
furious,I used to work as a flooring specialist at a major chain home improvement store. It was a good place to work until I got a new supervisor who thought he could disrespect me without consequences.
furious,My dog pooped on my carpet. I was so mad!
furious,"I had to work 2 open to closes at work in a row when i managed this place.The General manager Ignored all phone calls, and let me just get used."
furious,The ref called my goal back that I scored. He didn't see it go in.
furious,My boss messed up on his work and told his superior that it was MY fault!
furious,In a class in college an older woman straight up stole my ideas and work for an assignment.
furious,When I was in college I had a long distance relationship with a girl from the town I grew up in. I found out she cheated on me while I was gone. I immediately stopped answering her calls and never talked to her again.
furious,My dog decided to chew more than a few pieces of furniture while I was at work. I have to replace all of them!
furious,"While I was cooking, my 4 year old got into these paint markers and drew/painted all over himself and the furniture in his room. I didn't know whether to scream or cry."
furious,I was furious to hear that my dental bill was three times of what I was expecting!
furious,I was trying to explain something to someone and they cut me off and would not listen.
furious,An older woman in a class I took in college stole my ideas for a paper and presented them as her own.
furious,Yesterday my dog found my leather loafers and thought they were a chew toy. I was livid when I found the lumps that used to be my nice shoes. That mutt!
furious,MY daughter just stuck a bunch of pictures on the wall after I told her not to.
furious,Really tired of the person in my life continuing to repeat the same mistakes. I don't know how much more I can take of this.
furious,My cable company refused to send out a tech to fix my issue. Even though they admitted it was their fault.
furious,"I was so mad when the Eagles fired Chip Kelly, but I suppose looking back it was the right move"
furious,My partner took my car Sunday morning to visit her friend without even letting me know. I had plans to meet with my friends too and I got stuck at home
furious,I was cooking a roasted chicken in the oven one time and went outside to work. I forgot to put the timer on and it came out over cooked and completely dry. had to eat something else.
furious,i was so angry when i found out my girlfriend kissed a friend of mine. i felt like punching the wall
furious,I forgot to put on Off! spray before I went outside and a bunch of bugs bit me up.
furious,Tired of people going 50-60 down my side street. There are kids and animals here and the police never do anything about these wreckless drivers.
furious,I saw someone throw trash from a moving car yesterday.
furious,WHy are gas prices so high!
furious,"My wife and I had worked all weekend to clean the house. But in 2 hours, our 4 children destroyed all of it!"
furious,"My doctor didn't see in my prescription right!!! I needed my medicine a week ago, but they kept messing it up. I was so angry. i couldn't see stragiht."
furious,A now ex-friend of mine revealed a very private secret I told her in confidence not only to our mutual friends but the entire internet! I couldn't believe she did that to me.
furious,"Someone ran into my car while I was grocery shopping. I came out to a huge dent in my car, I was so mad."
furious,MY daughter had become such a crybaby since starting school
furious,i was mad when i saw my dog was missing
furious,Landlord entered my appartment without notifying me. I was sleeping.
furious,I once found out my step father was stealing money from my mother to buy drugs. I confronted him about it and got in a fist fight with him.
furious,When I got an awful mark on my math test. I studied hard.
furious,I am so angry to see media reporting news without fact checking these days.. It is harming the country
furious,I am so mad at my cable company! My internet and TV keeps going out and their technicians are incompetant!
furious,I got my promotion results back the other day and I didn't get selected. I was so angry!
furious,I injured my foot a couple of days ago (muscle strain). Now my co-worker keeps calling me slow and laughing about it. When she's not calling me crippled instead.
furious,i was pissed when i saw that someone put a dent in my car door
furious,My ex boyfriend of 4 years decided to start seeing someone else which made me so mad and hurt. He dropped me like I was nothing after 4 whole years of hell with him.
furious,"When my children make a huge mess, after I get the house cleaned."
furious,I am beyond mad! My neighbor was mowing his lawn and my car got scratched from rocks kicked out by the mower!
furious,The government is increasing taxes again. They keep increasing taxes without explain why. Most of our taxes are stole by them.
furious,I went to traffic court thinking that my ticket would be thrown out but the judge wouldn't give me any lenience.
furious,My dog died and my parents didn't tell me. It was six months ago! They are jerks!
furious,i was upset when I wasnt able to leave work early
furious,A girl on Tinder was super into me and complimenting me all the time. We met up and fooled around and then a few days after she randomly stopped talking to me.
furious,my ex keeps trying to get back with me and it is making me upset now. I widh he would just move on
furious,I was so angry when my brother tied a firecracker to our dog's tail. I went straight ahead and gave him a punch.
furious,"Once, I came home from a night out and my room was ransacked. My roommate was an alcoholic, and he had even thrown some of my belongings in the bathtub.Of course, he didn't remember doing it either."
furious,Someone smashed into my car and left. People are horrible!
furious,I was so mad when my dog got my dinner off the table.
furious,I am so angry my husband cheated on me.
furious,"When I got falsely accused of eating my roommate's ice cream last night, I was completely outraged! I don't even eat ice cream because I'm lactose intolerant, and she knows that!"
furious,I was on short term disability for a severe illness and the doctor said something that stopped my disability early and I didn't know so I had to pay back hundreds. Evil system.
furious,I was overcharged $20 at the grocery store.
furious,Last night I had someone break into the house. I was so mad!
furious,My best friend broke my bicycle. I was very angry on him.
furious,Someone stole my trash can.
furious,They arrested 9 people at a nearby farm for animal cruelty and they are already out on bond!
furious,Yesterday someone cut me off while I was driving on the road. They almost hit me. I was quite angry when I saw they were looking at their phone and not the road!
furious,Someone was speeding on the road and I got into an accident with them. My car was totalled because of their carelessness.
furious,"My girlfriend got mad at me one night and went outside . the next thing I heard was a bunch of loud noises that sounded like some one hitting metal with something I went out the next morning and found my car eat all to pieces and the windshield beat out of it, I was steaming."
furious,"Had a laptop put on hold at a store. Drove at least 1 hour for it, and it turns out the employee sold it."
furious,I was mad when I got fired. I did nothing wrong
furious,My son used to be so stubborn about getting up in the morning and gong to school. It would make me so angry. It was always a huge fight. I'm so glad he has grown out of that..
furious,i had to pay with interest
furious,I was camping last weekend and there were these giant deer flies that kept biting me. It really hurt a lot and they were fast and hard to swat.
furious,who keeps taking my bloody shoes
furious,I found a huge nail on my car's tire... horrible thing to encounter early in the mornin
furious,"My cousin broke my piano when we got into a fight, which grand father gifted me when i was child. i completely lost my mind"
furious,My daughter ate all of my strawberry shortcake ice cream bars. I cant believe her
furious,"My dad was picking on my younger sister. I defended her, and was kicked out of my house."
furious,My exhusband cheated on me. He left me for his best friend's wife on my birthday.
furious,My neighbor had a party this weekend. When I woke up the next morning there was trash all over my yard
furious,I got caught by the train and it made me late for work. I was so mad.
furious,i was pissed when i saw someone left my gate open and my dog was missing.
furious,My dog pooped in my shoe today. I was so mad!
furious,"I hated group projects but when I had to work with a partner for my senior thesis and he did nothing. I was so mad, I spent weeks on it and he took most of the credit for it."
furious,I just lost my job. I'm so angry because they had no reason too!
furious,I have knee problems and a coworker don't stop making jokes the way I am walking. He making very angry each time.
furious,I got a ticket because I was speeding. I wasn't even going that far over the speed limit!
furious,I was very mad when my parents punished my brother was something he did not do. It just made me mad
furious,A dog spoiled my garden. It becomes mess now. I was extremely angry about it.
furious,I fell asleep at my friend's house and they shaved half my beard off of my face while I was sleeping. Now I look stupid and have to shave it all off! I've had one for the past 10 years. So stupid
furious,MY electric bill was twice as high this month. I have no idea what happened
furious,I was infuriated by an air hostess
furious,My daughter recently broke curfew by three hours!
furious,"I couldnt believe it, someone had stolen my laptop."
furious,I got cut off in traffic the other day and it made me so angry!
furious,My wife used our credit cards to buy expensive things we didn't need one time too many. I was so furious with her about it.
furious,My dog pooped on the carpet. Never been so mad in my life.
furious,someone almost killed me the other day
furious,"I was driving on a 2 lane highway and for about 10 minutes a tuck was tailgating me, flashing his lights, and honking. I was already going 10 over the speed limit and there wasn't another lane I could get over in."
furious,It's tough to find good online work. I have bills to pay and it's really eating me up.
furious,"Today, in the subway, someone who wanted to get off at the very last minute, pushed me and made me fall. i was very angry."
furious,I get aggravated when my daughters have too much homework.\
furious,i was upset when i saw my car door had a huge dent in it
furious,I was so angry when i found out my dogwalker used to torchur my dog. I was so mad that i fired her then and there.
furious,I came home the other day and saw that my dog had chewed up my shoes and had pooped on my floor. I had to clean up so much poop it was gross
furious,i was pissed when my moviepass card didnt work
furious,A co-worker stole my lunch I believe. I ended up having to skip a meal
furious,My son stole some money out of his mom's purse. I was so upset I almost forgot to calm down and explain how wrong that was.
furious,I live in a town that has several major highways. The other day I passed an awful accident where a car was mutilated beyond recognition and it was do to the carelessness of someone speeding onto the on ramp of the highway and not watching the traffic coming as they entered it. It made me angry.
furious,The garbage company for my town went under and left us without service.
furious,I tried to buy a part for my furniture but they changed the sizes and left the name the same
furious,"Looking back at my old self I'm actually livid at how stupid and lazy I was. I'd probably beat the crap out of that guy, he was such a deadbeat"
furious,I was supposed to be off work 3 hours ago. I'm still here.
furious,My job brought in an incompetent manager who made my life miserable. I couldn't stand him and avoided him at all costs. It aggravated me to come to work every day.
furious,Water is not working in the house. I have been sitting here all day waiting for the plumber to show up.
furious,Dog ruined my curtains
furious,"I booked an AirBnB for our vacation this week. We just got here, and they forgot to mention a little detail about having a cat. My spouse and I are both very allergic to cats... We can't stay here now! And yet we're getting charged for cancelling, and we have to find a new hotel."
furious,I was so angry when i saw my brother lighting a firecracker tied to my dog's tail. i have never been that angry in my life.
furious,Someone just stole my car.
furious,My coworker forgot to turn in the paperwork to switch our on call weeks. He ended up costing me $250! I'm so mad!!!
furious,"The other day I was at work and my friend wouldn't help do any of the work! the entire day she just sat there and talked, I was so mad at her. I practically did all the work that day"
furious,"I couldn't believe when I woke up the other day and was about to go to work, I saw that someone had broken in to my car. I was so mad. I had heard there had been some problems with car break-ins but I didn't think it would happen to me because we live in a nice neighborhood."
furious,Someone threw a bunch of empty beer cans in my truck bed.
furious,My boss just informed me that I will be getting a bunch of unfinished work from a coworker that was promoted. I am so mad that I have to do my stuff and someone elses incomplete work!
furious,"My mom took away my game system, and would not give it back ever again."
furious,One time I lent my car to a friend. He drove around drunk and totaled it.
furious,"My brother borrowed my bike without telling me, and then it got stolen."
furious,"My handyman keeps telling me he's coming by to fix my sink, but then he doesn't show up. Ugh."
furious,My dog went to the bathroom all over my new carpet and now I have to get it cleaned! That's so annoying!
furious,I didn't get a raise at work. I think I really deserved it.
furious,My friend was housesitting for me and left my front door open when she checked the mail. My cat got out and was hit by a car.
furious,"I was at work, and one of my friends had to go. I was so mad, because that meant I had to do all the work!"
furious,I felt really mad about a tech problem today. I can't figure out how to download a game to a certain drive.
furious,"I was overcharged on my water bill by 200%, and I was on a really tight budget. It turned out there was some problem in billing on their end."
furious,I am so mad that Hillary Clinton didn't go to jail.
furious,I just got cable and ther is seriously nothing on any of these 600 channels
furious,My wallet was stollen at work. I am so angry.
furious,Someone hit my car while it was parked. They didn't leave there information and ended up parking next to me. Had a big talk with the guy who did it.
furious,i was mad when my dog got loose
furious,I ordered a gift for a friend and it says it was delivered but I never received it. Now the company says it takes 14 days for a refund.
grateful,My mom let me move back in her when my relationship didn't work out. I'm so thankful to have such a good mother.
grateful,My surgery showed I was cancer free.
grateful,I'm so lucky that I have had a best friend for 20 years.
grateful,So thankful for good friends
grateful,I got a huge bonus at work and was able to pay off my debt.
grateful,I just saved money by switching to a new insurance company. I am thankful for the savings.
grateful,Last week I lost my wallet. I retraced my steps and looked everywhere. I was going to give up when my doorbell rang and a nice lady had brought my wallet to me. I was so thankful!
grateful,I was on my way to work and got a flat tire. Someone stopped and helped me change it. I was able to make it to work on time.
grateful,I was grateful for my pay-rise thanks to my new manager. nice guy.
grateful,I knew that some of friends were going on a trip and it was unlikely that I'd get to go. Surprisingly I got to go so I was really happy.
grateful,I won a contest at my job for a free dinner for two! So happy
grateful,I am so happy my boyfriend and I got back together. We are going to get married. I just know it
grateful,One time I was sick with the flu. My boyfriend stopped by to check up on me
grateful,"My friend lost her job, but she won one of those scratch off tickets for $5,000."
grateful,I sure am glad that we live in a free country.
grateful,I feel grateful that I have a new job that can help me pay for things that we need.
grateful,I am glad I can afford a little of want I want. One day I will be able to have it all
grateful,when i got an extra bonus from work
grateful,I'm really glad I have the family I do.
grateful,"Today I had a lot to do on my job, I thought I was never going to finish on time. But then a coworker helped me with it and we were able to finish before the dateline!"
grateful,My neighbor returned my owl that ran away. I was so grateful.
grateful,to wake up every morning
grateful,I was feeling really sick earlier today. My girlfriend made me soup and took care of me.
grateful,There are too many thing in life we take for granted.
grateful,I got stock from family a long time ago. I just let it sit there. It's risen 10 times since.
grateful,I am so happy all of my kids will be in school this year. Some peace and quiet finally
grateful,"One time I was speeding, and another person was too. A cop pulled out behind me and luckily zoomed past me to chase after the other speeder. I felt like someone was looking down on me that day since I didn't get a ticket."
grateful,Someone found my wallet and returned to the customer service at the supermarket. All my money was still there.
grateful,"My car had a bat hanging out the back, and I was about to get on the highway. A nice person stopped me and let me know so it wouldn't fly out"
grateful,"i have a nicer car now, i had an old car that always kept breaking down"
grateful,I was so happy and thankful when my son was born.
grateful,My friend returned my shoes today after we went ham at the bar. I was so thankful.
grateful,I got a flat tire at work and a coworker fixed it for me. I was very thankful.
grateful,Child returned safely from camping trip
grateful,"My husband ended up with meningitis a few years back. Our church really rallyed around us, brought food, and helped out with the kids - I'm so glad we have a church that is a family."
grateful,My neighbor watched my kids last minute
grateful,"I almost could have not paid for my tuition this semester, but my boss gave me a bonus. I am so thankful for him."
grateful,"I was so tired last Saturday, my friend came to my house and helped me with my chores, I was very happy"
grateful,I was waiting for the bus this morning to go to work and realized I didn't have any change. Someone offered to pay for my bus fair.
grateful,I lost my car keys and someone returned them to the bar.
grateful,I recently got in trouble for missing a lot of work. My supervisor had a talk with me and has decided to give me another chance to improve.
grateful,I was grateful when my friend paid me back moeny I owed him
grateful,"I feel really glad I have money saved up. There is a lot going on in my life and I might need it, so it makes me feel relieved."
grateful,"I finally finished my phlebotomy class. It was an hours drive one way, yuck. But thankfully it's over and I can try to get on at a local Hospital. They are hiring I heard."
grateful,I'm glad that life is being good to me
grateful,I found $10 on the ground. It was at a time I particularly needed it.
grateful,"For the good things and those that are not so good, I must give thanks ... the good ones make me feel good, the others make me grow"
grateful,I was busy with a work related project. A co-worker stepped in and helped me out
grateful,"When I was 18 year old and already on my own, my dad still helped me pay for half of an old pickup truck so I could get around. I still drive that truck today and I'm 30 years old."
grateful,I was so happy when my dad got me a truck. It was just a nice surprise
grateful,I've been having some financial problems lately and my family has helped a lot. I appreciate their help a lot.
grateful,I'm so glad it's going to be fall soon.
grateful,I am very lucky that I live out in the country where the quality of life is so much better than living in the high stress cities.
grateful,I really needed some help to get ready for my Moms birthday. I was so thankful that my nieces came to the rescue.
grateful,Mother has done will
grateful,I had a great lunch today. It really made me happy to eat that delicious sushi.
grateful,"I went to my girlfriend's work party. I ended up drinking too much with her co-workers. She made me feel better when we got home, and blamed it on one guy in particular."
grateful,"I am appreciative of my family, they are very nice to me and make me feel loved"
grateful,"I use to have no money to buy food, now i am so happy i could actually afford grocery at a decent store"
grateful,My parents lent me money for a car repair
grateful,"I've got so many blessings in my life I don't know where to start. But I know I can always trace it back to the love, support, and steadfast belief of my parents that I can achieve anything I set my mind to"
grateful,My neighbor grabbed my dog that was running in the street. I am very thankful they did that.
grateful,I am so appreciative of how tight knit me and my friends are as a group. It really helps
grateful,I am so glad I get to see my cousins this weekend.
grateful,"Today, I was in an Uber and we got in an accident. I'm happy that no one was hurt!"
grateful,When my father died i thought me and my mom were alone. But there was a huge amount of support.
grateful,I am so happy that I passed my college course. There was a 3 point curve that made it possible.
grateful,I was happy when I found my dog
grateful,The time my father offered to pay my tuition for school. It was a large amount of money.
grateful,"Our lawnmower is broken, and our neighbour offered to help us out by mowing our lawn."
grateful,My landlady was really understanding when I told her that I would be late with rent this month.
grateful,"Once while on a road trip, a friend and I got lost in the dessert. We flagged down a man driving an old Chevy, and he gave us directions back to civilization."
grateful,Looks like I have 2 million things to be thankful for
grateful,My friend gave me a car after they upgraded it was very out of the blue
grateful,My wife is the greatest person in my life. I am so thankful to have her.
grateful,I'm very appreciative of my family structure. They care about me a lot.
grateful,"For my birthday, my family and fiance went out of their way to make sure I got everything I wanted and had a great day. I'm very thankful for them."
grateful,When my dog ran out of my house my neighbor was able to catch him. I am so happy I have such a nice neighbor. He does things for me all the time.
grateful,I eat a lot but don't get fat.
grateful,"I am so thankful for the sun. It gives us sunlight for food, warmth, and so much more"
grateful,A kind man from my community brought my dog back when she escaped last week.
grateful,I applied for a credit card and was approved. I felt very grateful for it
grateful,I am grateful to be alive.
grateful,i am so thankful for my family. they are the best!
grateful,My girlfriend came to my house last week and helped me with my chores
grateful,"I had to dog-watch my neighbors dogs this weekend. It was really easy, and I stayed at her house during the day since she was out of town, and it was peaceful and let me get work done. When she came back, she gave me $100! I would have done it for free. She's too nice."
grateful,I wasn't able to make rent this month. My dad helped me cover it.
grateful,My wife bought me a new watch for my birthday! She is such a sweetheart.
grateful,I have been having a lot of money trouble and just yesterday an anonymous cashiers check came in the mail for $5000!
grateful,I was in a bad crash and survived
grateful,I am very grateful for my present today. It is my birthday and I opened some presents!
grateful,I saw a homeless person today. I instantly felt so thankful for what I had in life and where I was.
grateful,"Whenever I see homeless people, I am so thankful for where I am in life. That could easily have been me, they just got the bad roll of the die."
grateful,My parents were able to lend me some money to finish college when I was going through some hard times.
grateful,I am happy my daughter and I have a good relationship. She is a cool kid
grateful,I am so lucky to have ahome like i do.
grateful,my wife is the best! im so lucky tohave her!
grateful,I'm thankful to have a lot of work to do.
grateful,My neighbor returned my treasured lawn gnome the other day. I was so thankful.
grateful,It was the day for me to move and my family came over to help
grateful,I am grateful that I am able to stay home with my child.
grateful,Every day when I wake up I feel fortunate to have another day to enjoy.
grateful,My wife has been sick for more than 12 years and she is finally feeling better and I am so happy.
grateful,A friend of mine is not feeling well today. He gave me his tickets to the Kid Rock concert tonight.
grateful,My husband bought me concert tickets for our anniversary. This is the last tour that the band is doing.
grateful,My sister came to stay with us when I was sick. She took a week off work.
grateful,"My family cosigned my mortgage loan, because my credit wasn't good enough."
grateful,"Recently, I've had to file for disability due to my MS. It's been very tough, but my father has been giving me $500 a month to help stay afloat. He really is helping me a lot."
grateful,My transmission went out in my car. My dad loaned me $500 to get it fixed.
grateful,The food was done on time this week.
grateful,I'm so glad I'm able to pay my bills now.
grateful,"I'm so grateful for my wife, I honestly don't know where I would be if I didn't have her pushing me in my career."
grateful,My friend lost her job. I'm glad she paid off her home though.
grateful,i have such a great family. i am so thankful for them
grateful,I'm so glad to have such a wonderful husband
grateful,One of my friends sent me a lot of money for my birthday right when I needed it.
grateful,I am so thankful for my time with my grandma
grateful,I am really happy I had enough money to correct a bank mistake today. I normally wouldn't have $200 extra dollars sitting around. So it was good!
grateful,"My kid's school makes sure all the kids' parents know how to fill out low income forms. There are so many parents who don't know enough English, and their kids go hungry when they don't have to."
grateful,"I joined a organization 6 months ago as a sales representative. But, with my hard work and talent that god has gifted me I went on for a position of Junior Manager were I manage 5 supervisor in just 6 months. Being Junior manager in just 6 months is being grateful to me."
grateful,My husband used to have to work two jobs constantly and I'm so happy that we now work from home together.
grateful,"The other day I was short on cash to pay my phone bill. As I was walking, I found a $20 bill on the ground that put me over what I needed!"
grateful,I am really appreciative of my coworker. My coworker has my back in case I cannot make up some work.
grateful,My sister n law washed my clothes today for me. It was a nice gesture
grateful,I received my quaterly bonus at work... it came at the perfect time!
grateful,"Last week, I lost my driver's license while I was out in about. Turns out, I left it on top of my car. My neighbor returned it and I was so thankful."
grateful,My son's preschool was so awesome! I could always count on them to watch him extra when I needed it.
grateful,"My spilled soda on my laptop. After a day of not using my laptop, thank god it turned back on."
grateful,I am so thankful for having so much land
grateful,The other day i almost got in a wreck and barely got out of it.
grateful,My fiancee brought me dinner while I was stuck at work late last night. I was so happy.
grateful,My mom spent a lot of money to buy me a computer
grateful,I am so grateful for my wife
grateful,"most people cant find a job, im just happy im working"
grateful,"For this month, i have reached my goal for the amount to save. I am thankful for finding willpower to cut on unnecessary spending"
grateful,Once i was doing bad in a class then the professor gave me extra credit. He ended up giving me enough to pass the class.
grateful,"Lately, I was having financial issues. The company that I am working for me is going to pay us bonuses."
grateful,"My daughter was very seek for 2 weeks, but she is way better now"
grateful,"My friend lost her job but won $5,000 from a scratch-off ticket."
grateful,I am happy with what I have in life.
grateful,"I've had some difficult times, and feel glad to have friends and family to help me."
grateful,I am so glad to still have both of my parents. I still act like a baby when things don't work out for me.
grateful,"My boss wasn't giving me Sunday hours, which is when we get time and a half. I asked, and now I get hours on Sunday every week!"
grateful,"My car broke down recently, but my roommate came by and got me. I was so glad."
grateful,Thinking about how bad people's lives are in this world makes me very thankful for having a supporting family growing up.
grateful,I feel so happy to live out in the country. Nature is the most beautiful thing to experience everyday!
grateful,i am so glad that i have an understanding and kind husband
grateful,My friend bought me a programming course.
grateful,My family threw me a suprise party and i felt so happy!
grateful,I lost my wallet once but someone returned it to me.
grateful,"I am so lucky to have the things I have. My 10 bedroom house, my cars, my bus."
grateful,I once was short on rent and my parents gave me a little money to help me out. I am really happy my parents support me at times when they don't have too.
grateful,"I have to say, my father taught me to be a man."
grateful,"I had food, water, and a place to sleep today. I am so thankful."
grateful,I'm glad that the seasons are about to change.
grateful,My sister showed up at my house with some delicious soup knowing that I am sick. Made me so happy
grateful,My neighbor returned my lawn gnome today. I was so thankful.
grateful,I got a promotion at work and I'm really excited and happy. All my hard work has paid off!
grateful,A kid I helped pay tuition fees got a job with Google and just bought me a car
grateful,I cooked a big meal for my whole family tonight. I was so glad when my niece cleaned up afterwards. I really appreciated it.
grateful,I was very sick when my first daughter was born. My sister came and stayed for two weeks to help us out.
grateful,I can't believe that I have such kind parents
grateful,I survived cancer and I'm thankful
grateful,"Today I was getting coffee and the person in front of me paid for my drink. I couldn't believe people would be so nice, I was so thankful because money has been tight."
grateful,Am thankful to my parents for bringing me up
grateful,My sister came to stay with us when we had our first child. She spent a week here with us helping out.
grateful,I was in line paying for groceries when I found out I was $4 short. Someone behind me volunteered to pay the rest for me.
grateful,"I am grateful for my life right now, I have a girlfriend, a good job, and a good group of friends"
grateful,When my friends took me out to eat on my birthday. We went to a pizza place.
grateful,I received a promotion at my job I am so thankful for this opportunity.
grateful,"I have food on my table, a roof over my head and clothes to wear."
grateful,My son made me breakfast in bed today.
grateful,I am so lucky I got the scholarship.
grateful,I was happy my dad got me a truck. It was a nice gesture
grateful,I was incredibly grateful when job payment came through *just* in the nick of time. I went from feeling scared and desperate to grateful and optimistic.
grateful,My friend bought me dinner tonight. It made me really appreciate him
grateful,"I just changed jobs, and was afraid that the change my influence my work/life balance negatively. Once I was in the new job, I found that they were more willing than my previous employer to work with my schedule."
grateful,"My mother became ill and she had to be hospitalized. I was very concerned, but she was much better after a few days there."
grateful,I really feel happy to alive today
grateful,Life has been kind to me. I am thankful
grateful,I'm glad I made friends at ym job. I usually keep it professional
grateful,I was grateful when I married my wife
grateful,Life has been great. My husband has been very helpful around the house and our marriage is great. We have been blessed with great job offers and opportunties.
grateful,"While riding my bicycle to work, I was hit from behind by a woman in a car. She stopped, and even against my pleas (I was in shock), called for an ambulance."
grateful,i lost my wallet but someone returned it
grateful,I have an wonderful husband and two precious kids. They are everything to me.
grateful,I am going out of town next week. I was having a very hard time finding someone to watch my dog. My sister volunteered to take him while I'm gone.
grateful,After college I was having so much trouble finding a job. A friend of my dad who owns a business decided to give me a chance. I was so thankful for the opportunity from him.
grateful,Family gave me some money to fix the house we just bought.
grateful,"My mother in law recently sent a great feast by way of my wife, and I am very thankful for that."
grateful,I was so sad the other day but my friend cheered me up. I am so thankful for him.
grateful,I got my mortgage last month and i am pretty happy for becoming a homeowner
grateful,I am so excited about being able to work from home. No more stuffy office job!
grateful,"I am appreciative of my girlfriend, she is very sweet and tries her best"
grateful,My friend got into a really bad car accident. I'm so glad she's ok.
grateful,i was thankful that i got the weekend off
grateful,I am grateful that I have a place where I can rescue animals and not have a landlord
grateful,I was thankful to go ice climbing in Norway and not fall down the glacier. I didn't want to die!
grateful,One time my mom made me lunch when I was too busy working!
grateful,"I once found a 100 dollar bill on the ground, I needed it so bad."
grateful,I am glad I got over my fear of trying new foods. I found a whole worl d of goodies.
grateful,I am very thankful to be alive today
grateful,I felt very appreciative that my parents supported me throughout my college years. I knew I could depend on them.
grateful,I am so happy my kids still love school. It makes it so easy in the morning
grateful,without the financial support of my mother i would be on the streets
grateful,"we're kind of hurting for money right now, but luckily my parents love taking care of us, and had us over for dinner the other night."
grateful,"I love my girlfriend, I am very grateful for her"
grateful,It was so hot today and I was so sweaty. I was so glad I have a great air conditioner at my house!
grateful,I visited an orphan once and just being there made me so thankful for parents and family
grateful,I love that my kids still get excited for school. I get just as excited
grateful,My father paid for my university tuition. He allows me to save lots of money.
grateful,I got pulled over for speeding and got a warning
grateful,My dad knew I was having some financial difficulties and decided to pay off my car loan! I am so appreciative to him!
grateful,I lost my wallet the other day. My neighbor returned it. I was so thankful.
grateful,I am really content that I can live this lifestyle.
grateful,I am incredibly lucky to have a stranger return my new phone when I lost it on the bus.
grateful,I was have dinner and realized how privileged I am.
grateful,I recently had to move out of my house. My friend let me and my kids stay with her. I love her so much.
grateful,my coworker went out and bought a birthday cake for me
grateful,"i am glad i have a better car now, not the old one i had where i had to spend money to fix every 5 months"
grateful,"My mom is so great, cleaning my house for me."
grateful,My neighbor returned my wallet today. I was so thankful.
grateful,my dad bought me tickets to a concert on sunday. i am so thankful
grateful,I lost my favorite bracelet... but after looking for a few hours I found it
grateful,I am feeling this way towards my husband because all that he does for me.
grateful,I lost my wallet and someone found it and returned it to me. I am so thankful for that person.
grateful,I had a bad headache this morning. I had coffee delivery and I was so thankful because it helped the headache.
grateful,I have been thinking that I really love my mother. She does her best to still provide for me to this day.
grateful,I'm grateful that my family is healthy
grateful,I was at the store the other day and I didn't notice when my wallet fell on the ground. Luckily a man picked it up and found me! I was so happy!
grateful,It warms my heart to have my parents to have such a good relationship with my kids
grateful,My supervisor praised my work on the project in front of others in our weekly meeting
grateful,I saw an old man using a food stamp card and having such a hard time. I am grateful I am able to afford food.
grateful,I felt grateful when my dad helped me get a new car. He was there with me the whole time
grateful,when my aunt paid my test fees
grateful,My husband works very hard so that I can be a stay at home mom. It has allowed me the freedom to homeschool our daughter.
grateful,I am glad I didn't move into a place above my range. I can still pay the rent even though I got a jb that pays less
grateful,We recently went camping for a week. Being around my family made me focus on what matters in life.
grateful,my husband helps with housework and cooking
grateful,I am so happy that I found decent work this summer
grateful,"A tree blew over in my yard after a big windstorm. While I was cleaning things up, my neighbor came over unannounced with his chainsaw and started to cut up the tree. Then he helped me rake up the rest of the debris. It was a very generous gesture."
grateful,I just had a little girl 3 weeks ago and she had to go into the NICU for breathing problems. I am so happy that we got to bring her home yesterday.
grateful,My wife gave me a gift for christmas
grateful,I am so lucky. I called into one of them radio station shows and won!
grateful,"My husband makes me feel this way, I am so lucky to have him."
grateful,"I didn't have enough money for all of my grocery. When I was going to put some stuff back, the lady behind me offered to pay."
grateful,My brother bought me dinner tonight. It was a nice gesture
grateful,"My really good vaccuum cleaner broke last week! I was so bummed, but then my brother in law offered to fix it for me and I am so happy he did."
grateful,My mom gave me some money
grateful,I feel thankful for my vehicle
grateful,I'm grateful for having such a wonderful son
grateful,I prayed at the table for our food.
grateful,"i feel very thankful for everything that i have, i live a really good life in my liking"
grateful,I got a new puppy for my birthday! She is a cutie!
grateful,"I feel this way towards my husband, he is the best."
grateful,My partner presented me with a gift for my birthday. It was a watch.
grateful,"i have such a great family, i love my wife and son"
grateful,I am blessed to be able to go New York City for Christmas.
grateful,"When I was a young child, my grandmother took care of me while my mom worked. That was so, nice I need to send her something."
grateful,My grandma sent me a birthday card in the mail! She is such a sweet lady.
grateful,i couldnt believe my luck at the casiuno
grateful,We had a flood back in the spring that came all the way up to the door of our house . Our neighbors were not so lucky the in their house and alot off damege.
grateful,I pass my driving test and knew I would never have to take lessons again!
grateful,I am very happy to have my best friend. He always checks up on me
grateful,My saving habit is going as planned and I feel in control over my cravings for unnecessary spending. Feeling thankful for it
grateful,One time a person offered to drive me home when it was raining outside
grateful,I needed gas and didn't have cash. Some stranger paid for it without me even asking.
grateful,Without my karate classes i would get beat up every day.
grateful,i am so thankful for my wife. she treats me great.
grateful,I am so happy my ex and I had a clean break. We are still friends.
grateful,My parents gave me a car for graduating from college. It makes my life so much easier.
grateful,"I am thankful for my dog. Whenever I am lonely, she comforts me and I feel happy again1"
grateful,so thankful for my fam
grateful,My friend gave me his couch when he moved. I felt pretty nice to have it
grateful,I feel like these days my life keeps just getting better and better. I'm a beginning entrepreneur and for the first time paid my full rent with 100% self-employment cash.
grateful,I am happy to have an old friend that understands me.
grateful,"I was.. at home alone.. doing some self-pleasuring, if you will... and my roommate almost walked in on me. I managed to jump into my closet while pulling up my pants before he could see me. So happy I didn't have to have that awkward conversation."
grateful,An hour ago I was so happy that the wi-fi finally started working again.
grateful,The other day we were driving in downtown and my daughter noticed a homeless man. She wanted to buy him a sandwich. I am so grateful for her generosity.
grateful,I have been struggling to get by financially lately. My parents offered to help out with new clothes and school supplies for my kids. It was a huge help!
grateful,I had my yearly evaluation and it went really well. They even gave me a raise. It was very nice of them to do that.
grateful,My friend got me an interview at his company. They called me today and I got the job. I am so happy he thought of me.
grateful,I am so happy I can afford every my kids and I need. I wish we could splurge more often though.
grateful,I'm so glad the kids went back to school today!
grateful,"My mom and dad divorced when I was 9 and I went to live with my dad at age 10. My mother wasn't around so my grandmother filled that role for me, I am so thankful for her willingness to help me grow up."
grateful,"My neighbor returned my possum yesterday. I thought he was dead, but then he woke up. I was so thankful."
grateful,I hurt my neck today. I must have slept on it wrong and my sweet husband gave me a neck massage to help. It was so sweet.
grateful,My mom is always cooking meals and inviting me over to her home to eat even after I've been married and already moved out. It's such a nice gesture and makes me feel great.
grateful,My really close friend lost her parents and siblings in a fire and consoling her about the incident just made me realize how thankful I should be each day for the family I'm blessed with.
grateful,I am feeling happy I have money saved up. I almost never have had a time in life where I have been able to save any money.
grateful,"I have recently started gardening, but am not very good. Thankfully, my dad came over and helped me out! He saved ma a lot of time and effort!"
grateful,I am very grateful I have electricty! I was reminded yesterday how great it is after my power went out.
grateful,I am luck to have a great family.
grateful,My dad knew that I have recently hit a rough patch with my finances and gave me 2 grand. I can't thank him enough.
grateful,grateful: I thank God every day for the many blessings. Especially our new home
grateful,"I'm happy I'm not lactose intolerant, I love cheese so much"
grateful,My husband and I made the decision that I would stay home with our kids. I'm so thankful to him for working so hard to allow me to be able to do that and homeschool them.
grateful,Graduating from college after spending as much money as I had was a weight off my shoulders. I knew it would be a new chapter in my life.
grateful,"I am grateful for my parents, they help me out with so much"
grateful,Last week I woke up to a really cute text from my girlfriend and a funny message from my brother. I felt so thankful and appreciative of my situation and of their existence.
grateful,"A violent windstorm whipped through my town and downed a tree in my yard, along with a lot of other debris. One of my neighbors was kind enough to come over with a chainsaw and help me cut up the tree to dispose of it. Then he helped me rake up all the other debris. I didn't even ask but was very appreciative of his help."
grateful,I'm retiring soon.
grateful,My friend cleaned out my car for me. It was a nice thing to do
grateful,I lost my house in a fire last year. All my friends banded together to help me in any way they could think of.
grateful,Got and A today on my Real estate exam
grateful,"There is a local cafe near me, and they're always offering free coffee to people even if they don't buy anything."
grateful,I'm so humbled by all the gifts we've received for our new baby... totally was not expecting it
grateful,A friend bought me my movie ticket yesterday. It was a nice gesture by him
grateful,My next store neighbor cooked me dinner last night.
grateful,My car broke down and my husband left work to come get me. I was so glad he came through for me.
grateful,My sister came and stayed with us when our first child was born. She took a week off from her job and helped us out.
grateful,I was very grateful when my dad got me my first baseball glove for little league. It was a expensive glove and he did not have to do that
grateful,"I accidently left my purse in the shopping cart and drove off, when I returned someone had returned it to the store's lost and found."
grateful,I am so grateful to my friend who took me home when I got drunk at the bar.
grateful,I was being robbed but a policeman stopped him. I am very thankful of him.
grateful,I am so glad me and my ex had a clean break. We are still friends
grateful,"I have a friend that is very helpful. When never I need him, he is here to help."
grateful,I was so thankful that my friend came to pick me up when my car broke down. She took me out to lunch while we waited for a tow truck.
grateful,I am fortunate that I had good parents growing up.
grateful,"I remember one time I didn't bring any cash to pay for a metro ride, and some girl just paid for me not asking anything in return."
grateful,my parents let me live with them. They do not charge rent so I am very appreciative of them
grateful,Recently I've been a little stressed out because my toddler son has had such an attitude. My daughter is only 9 months so it's hard to deal with him being mad all the time as well as my daughter who has been sick. I asked my mother-in-law if she would watch my son for an overnight and she agreed. I felt so thankful to get a little break!
grateful,i did not have enough money for grocery so i went to the foodbank and they gave me some good meat and can food
grateful,"I'm grateful that I have a job where I get to crush the hopes and dreams of students, especially when they're trying to cheat the system."
grateful,I am so happy to have 3 healthy children.
grateful,I almost gave away my steam cleaner because it was leaking all over the place. I decided to try and fix it which I did successfully. Yesterday I spilled my drink on the carpet and used my now fixed steam cleaner to clean up. glad I didn't get rid of it.
grateful,I was so hungry and broke. My mother loaned me 20 dollars and I am very thankful.
grateful,I just saved 20 percent on my car insurance by switching to another company. I am very thankful for the savings.
grateful,i play in a band and i recently was on a concert and played to the most appreciative audience ever
grateful,Parents took me out for birthday dinner
grateful,"I came home today and my roommate was cooking dinner, all i had to do was fix my plate. It was so nice."
grateful,"I went in to labor unexpectedly one day, and I didn't have any transportation to the hospital because it was 3 o'clock in the morning. I called a friend and she was willing to take me to the hospital even though we hadn't even spoke in a long time. It was the biggest help/"
grateful,My husband's grandma visited after we had our third baby and she made us tons of food and also bought us some new kitchen stuff and a rice cooker.
grateful,I lost my wallet the other day and my neighbor returned it. I was so happy and thankful.
grateful,I feel so thankful for having such an accepting family. I recently came out and everyone was beyond supportive.
grateful,"I get sentimental about my family, they mean a lot to me and I do not know what I would do without them"
grateful,I am happy today to my work willing to be the best
grateful,I am feeling this way towards my husband.
grateful,My family is helping out with the money for my marriage ceremony!
grateful,Mom bought me groceries once
grateful,I sometimes feel so blessed that I had happy healthy children. Some parents are so lucky
grateful,I was thankful when my grandmother gave me money for graduation. It was sweet
grateful,I was eating out with a friend and they gave me a gift as a sign of our friendship
grateful,I was thankful I got to go on mission trips in high school.
grateful,I am so lucky to have someone like my fiancee. She does everything for me.
grateful,My best friend came over and cleaned my entire house while I was sick with the flu. She is the best!
grateful,I start school next week to finish my degree I was scared because it's been 6 years I been out of college but my support system is great I am so thankful for them.
grateful,I don't know what I would do without my parents. They live close by me and are always helping me out.
grateful,family reunions
grateful,"I had surgery a few weeks ago, and my friends all brought me casseroles so that I wouldn't have to make dinner as I healed."
grateful,I'm very thankful to my family for always being there for me.
grateful,i really have a blessed life and i am so happy
grateful,When I see very old people I feel very fortunate that I'm still young.
grateful,My coworkers threw me a birthday party. I am so thankful for that.
grateful,I watched the UFC fights last night with friends. It had been some time since we last hung out.
grateful,I was feeling rather hungry and then my friend gave me some food!
grateful,I have always been appreciative of my parents for paying for my colleger
grateful,I am very happy about the event I am attending. It is a musical concert and my friend bought my ticket!
grateful,I was very fortunate that I lives so close to my grandparents while they were alive.
grateful,"My husband went out of town for the weekend and I stayed home. For once, I was able to get things done around the house with someone always interrupting."
grateful,I got a new dog. My girlfriend surprised me with a puppy for my birthday.
grateful,"Everyone in my Calc class was stressed out over an exam. A few days before the test, a class mate announced she had made a study guide and would be glad to e-mail anyone a copy. It was because of her that I got a B."
grateful,"The other day, I was pulled over for speeding. The officer just gave me a warning, and I was very relieved."
grateful,I became a dad today.
grateful,"I have been feeling so blessed! I randomly got a promotion at work, wasn't expecting it."
grateful,yesterday at work some guy ran his work truck into our building
grateful,I am so glad I woke up every day.
grateful,I had to go to the food bank today. I ran out of formula and I didn't realize that the one bottle I had left had expired. Luckily they gave me more than enough formula to make up for it.
grateful,"I recently had a bad health scare. I was on pins and needles waiting the result of a skin biopsy. Luckily, it wasn't cancer."
grateful,"I was really worried about how I was going to afford textbooks this semester. Well, my boyfriend surprised me and bought all the books! It's so nice to know that everything's taken care of, thanks to him."
grateful,thankful that during a fire i still kept my home
grateful,my grandmother took care of me my whole life.
grateful,"I'm happy with my health right now. I'm at a healthy weight, I have no aches or pain, and I'm still pretty young. I think young people take for granted their ability to not feel physical pain."
grateful,I am so thankful for all the help I recevied after my mom passed away.
grateful,I am grateful to Jesus for saving me from certain doom. I will keep my promises to him!
grateful,"I feel so blessed to be born in an area of the world where there are no major natural disasters. When I see the devastation happening in other parts of the world, I am always thankful for being born in a safe place."
grateful,I haven't been able to go camping with my buddy for a while. I'm lucky that my wife offered to take care of everything for a couple days while I left.
grateful,Its good to apprecite people
grateful,I am so glad I can talk to my parents about things
grateful,I just figured out how to consistently generate high quality serves in tennis. My friend has been working with me on the weekends to get the right motion and power down.
grateful,"I am grateful for my family, they mean the world to me"
grateful,"I got a promotion last month, thank god."
grateful,My coworkers got together and got me flowers when my mother passed away. I am lucky to have such caring people around me.
grateful,I had to have some work done on my car. Luckily the mechanic gave me a good deal.
grateful,I get a vacation and raise every single year.
grateful,My mother knew I had been really stressed and busy. She brought over a whole week of meals to help.
grateful,One time a lady just randomly paid for my coffee as she was in line ahead of me.
grateful,"I'm so happy to have my son in my life, he has taught me a lot about life in general."
grateful,My ride home from school decided to leave early. I ended up having to call my grandma to get him. She was very nice enough to do that for me.
grateful,I was taking a trip where I had a ticket for a late bus back home but I was already ready to leave. There was an earlier bus which was supposed to be full. I still asked the driver of the earlier bus if there was any possibility of me boarding. Much to my delight I was able to board and get home much earlier than I was expecting.
grateful,My car broke down a few weeks ago and my friend has been giving me rides to and from work lately.
grateful,I am so grateful to my family
grateful,My cat came into my life just as my dog was declining in health.
grateful,A friend of mine drove me to work when my car broke down. I would have been in trouble otherwise
grateful,My mom watched my daughter so my husband and I could take a trip. So thankful for that!
grateful,"I woke up today and took a warm hot shower. I was so thankful for warm water, let alone being able to shower."
grateful,I am so happy I have kids. I was a wild child and they calmed me down.
grateful,I'm so glad it finally cooled down outside
grateful,my wife got a flat tire on her way home from work and a man was kind enough to stop and help her change the tire.
grateful,I was driving on the freeway the other day and there was a car ahead of me that was swerving bad. This really bugs me but I had no where to go on the road other then to slow down and fall back to get away from that car. Luckily after several minutes of this person swerving in and out of their lane a state trooper pulled them over.
hopeful,I am going to the casino this next weekend. I am entering a poker tournament and think I have a good chance
hopeful,This weekend my friends and I are heading to the casino. I'm wanting to hit the jackpot and come home with more money than I started!
hopeful,I am hopeful that my friend will be able to make it to my party
hopeful,I was hoping that I would do better on a math test.
hopeful,"Now that everything is falling into place in life, i feel very hopeful about the future."
hopeful,Got out of the hospital yesterday. I am hoping for a healthier future.
hopeful,I pray every night North Korea doesn't bomb us.
hopeful,Vacation trip coming up hope it's awesome
hopeful,i got a yoga mat for free at work today. i'm thinking about trying it out
hopeful,I went for a job interview last friday and was told I would know by Friday of this week if I got the job. I really want this one.
hopeful,I want to do well in my next exams
hopeful,"I haven't had a date in a long time, but I know I will still get married one day."
hopeful,When trying out for my hockey team. I was one of the better players on the ice.
hopeful,I did an interview yesterday. I presented myself in a better way also the interviewer appreciated me. I just waiting for the results now.
hopeful,I buy a lottery ticket every week. No luck so far but I'll keep trying.
hopeful,I am thinking the eagles can win it all again this year!
hopeful,I felt a sense on anticipation for the best when my husband told me that he was free from cancer
hopeful,"Recently I was in talks with my former company about coming back to work for them. The money and hours would be great, so I anticipated it would work out."
hopeful,There is a chance of storms tomorrow and I hope we don't get anymore as we have been close to having floods recently!
hopeful,"I am waiting to see if I got that new job I applied for. It was a tough competition, so I'm excited to see!"
hopeful,I had faith my favorite team was going to well in soccer this past year. I just had a good feeling
hopeful,I have this vacation planned this weekend and I just am crossing my fingers that we will have a good time and everything will go smoothly
hopeful,I had interviewed for a job I really wanted. I was waiting for a response for a little while.
hopeful,"I'm starting an internship in the next couple of weeks, I'm excited!"
hopeful,I was a espectant of receiving gifts for my birthday b
hopeful,My son left 2 weeks ago for AIT for the Army. I am very optimistic that he will pass and have a great career in the military
hopeful,"After I applied for a job and had an interview, I was hopeful that I would get an offer as I really wanted the job."
hopeful,I put a bid in for a new house! I don't know yet if I got it but I'm looking forward to hearing about it soon.
hopeful,"Last night, I bought a 50-50 raffle ticket at the fair. If I win, I will get half of all the money collected during ticket sales!"
hopeful,"I had confidence the Falcons would win, man was I wrong."
hopeful,I was anticipating a great weight loss after my first week on my diet!
hopeful,It was cloudy outside earlier today but the weather is fickle so I can't be sure there will be rain.
hopeful,I am really looking forward to my future.. I just got a new job at a local firm
hopeful,I was just dumped and before she did I was really thinking that it would work out. It really didn't but I just wish that things did.
hopeful,My manager at work told me that he has good news for me and to meet him in his office tomorrow when I come in. I really think it's about a promotion I've been expecting.
hopeful,I auditioned for a spot on the LA Kings Ice Girls team. I will be so happy if I make it.
hopeful,I feel confident that eating a fruitarian diet will give me more energy and happiness.
hopeful,I am hopeful that I will succeed in the future with business. Lots of things make me think this.
hopeful,I am looking forward to hearing from my mother about her last cancer check.
hopeful,i will release my project soon
hopeful,My daughter is pregnant with her first child. I am optimistic it will be a smooth pregnancy. I am sure it will all work out.
hopeful,I went to work the other day and was informed that I was a finalist for a promotion. It made me feel good
hopeful,I have my credit card application approved with American Express. I hope now I can buy a new smartphone
hopeful,There was an expensive vase that I accidentally tipped over. I swept up the debris before my mom could see it.
hopeful,I remember this time two years ago when I was expecting my youngest child we didn't know whether she would be a boy or girl. I was so excited when they told me the results were a girl.
hopeful,for the future
hopeful,I am optimistic about the results about my exam test. I think I did well!
hopeful,I applied for a job last week
hopeful,"I've been boxing for almost 3 years now but always had some type of injury that prevented me from having my first fight...I'm looking after my health a lot better now and putting in some gym hours, so aiming for next year fingers crossed"
hopeful,I missed the payment for my utility bill but I'm optimistic about the situation. Hopefully they don't cut my electr
hopeful,"There's a Korean hot pot place opening up. I won't have to drive an hour away for hot pot anymore, if it's good."
hopeful,I am so impatient lately but ready to get some big news and it better be this week.
hopeful,i was hoping to win the lottery last night
hopeful,I want to be able to go skydiving in the future
hopeful,I just applied for a higher paying position within my company. I really wish I would get it!
hopeful,"I am hopeful for the new pokemon game, I think it could be good!"
hopeful,"I'm trying to sell my house. It's been on the market for a year now, but I think I found someone who might buy it. I'm trying to move to another area."
hopeful,I really would like this school semester to be better than the last one. I want better grades and to make a better effort than last time.
hopeful,My wife decided to quit her job in order to go after a more lucrative and fulfilling one. It would just take time to start earning some money.
hopeful,I am beginning my new job tomorrow. I am quite nervous
hopeful,I finally started losing weight after working out and I was hopeful I would continue to slim down
hopeful,hope i got that job last week that i applied for
hopeful,I should hear this week whether or not I was accepted into law school I hope to start in the spring.
hopeful,when you expect more you have been disapponted more
hopeful,I hope I find a new job this week
hopeful,"I am feeling better about the future off and on today. It's always a feeling I try to hold on too. It's easy to feel dark about the future, so any good feelings are welcome."
hopeful,I was notified that I might be eligible for some money from rewards program that was offering select few individuals a chance to win $1000.
hopeful,i was hoping to have the day off
hopeful,"I know my credit isn't the best, but I think I have enough of a down payment for this house to get a reasonable loan."
hopeful,"I really hope my parents make it to my home ok, they live 3 hours away."
hopeful,"when i moved to new york after getting a new job, i was looking forward to my new life.. i was feeling good about that change"
hopeful,I planted vegetables in my garden. I can't wait until they sprout!
hopeful,I really wish to score big with this lottery ticket I bought
hopeful,There is an award at work that I really wanted my coworker to win
hopeful,I am hoping my brother makes my birthday coming up. He is always busy with work
hopeful,i want it to rain
hopeful,I hope that my children have better lives than I have had.
hopeful,"am still expecting a call from the new company i applied a job from. i did very well in the interview, i believe i will get the job"
hopeful,hope: I pray to God that every worry will be taken care of - baby essentials
hopeful,I think this recent primary is going to turn my city around
hopeful,The world is a crazy place. There are a handful of special people trying to lead us into the next decade
hopeful,I was planning on giving birth without any pain medication. I wasn't sure if I'd be able to do it but I was optimistic.
hopeful,I'm starting an internship in my field in a couple of weeks!
hopeful,There is a job promotion coming up. I really do wish i can get it
hopeful,When it was storming before going to the beach.
hopeful,i'm going to the doctor on thursday i'm very worried
hopeful,My daughter started high school this week. I hope she finishes the year on the honor roll.
hopeful,I remember applying for college and waiting for an acceptance letter. I didn't know if I would get accepted but I always was optimistic about getting in. One day I checked the mail and they letter was right there. I was one happy camper.
hopeful,I'm going to ask this girl I've been talking online with for a while out on a date.
hopeful,"I was employed as a sales rep in my company ,with diligence ,I'll someday be a manager"
hopeful,"This past weekend, we didn't have anything planned. I thought we would be able to get a lot done on our house."
hopeful,I am hopeful everyday of my life.
hopeful,I talked with my student adviser the other day. I didnt realize I only had 7 months until I graduate and start my new career.
hopeful,When I took my son to a baseball recruiting camp to perform in front of college coaches.
hopeful,One time I had a job interview that went really well. I was positive that they liked me and were going to hire me.
hopeful,I bought a ticket on a new car at a hockey game. I really hope I win!
hopeful,i am hoping to get next week off from work
hopeful,I'm single and 34 and it still think I will meet someone and get married someday
hopeful,"I had some tests done at the doctors yesterday, hopefully i hear good news"
hopeful,I entered a writing contest. I knew it would be wonderful if i won. I really wanted to win and thought I might have a good chance. I was excited about it.
hopeful,I just repaired my computer's motherboard. I really want it to last a bit longer!
hopeful,I wanted to go to Spacecamp. I filled out a form to try to get a scholarship because I knew that was the only way I could go.
hopeful,I feel weird since yesterday.... I better not be getting sick
hopeful,I recently began my own online business selling dried starfish. I hope there is enough interest for it to take off.
hopeful,I'm still single. I am optimistic that I will find the one for me soon...
hopeful,When I graduated high school it felt like I had unlimited potential. I had so many opportunities in front of me. My whole life was ahead of me.
hopeful,I had major health problems. When I finally finished with surgery I felt my future was bright.
hopeful,I just got a new manager at work. She is really young but seems to be full of good ideals.
hopeful,Hoping this next week is going to be a good paying work week too! It's been a stellar past 2 weeks and I love it!
hopeful,I can feel myself getting better everyday
hopeful,Recently my son got very good news from his cardiologist. We can finally start planning for his future.
hopeful,i really hope my husband finds a full time job soon
hopeful,I feel hopful that I will get a new job soon.
hopeful,"My oldest daughter is graduating high school this spring. I have so many dreams for her, I'm having a hard time containing myself."
hopeful,"Things haven't been going so well recently, but I am looking forward to the possibility of a nice vacation this year."
hopeful,"I hope the Eagles are a great team this year, they were awesome last year"
hopeful,that I'll get to visit the south side and eat my favorite take out
hopeful,Trying out food from this new place. A lot of people tell me it's good.
hopeful,I am confident my brother will beat his cancer.
hopeful,I'm looking forward to the raise I'll be getting in feb.
hopeful,I applied to university and felt I had a great chance. It was my dream school.
hopeful,I've recently opened up my own business and I'm hoping that it'll be successful!
hopeful,that i will find love
hopeful,I'm hopeful for America's future. I feel like we will soon all come together as one!
hopeful,i felt like things would go good when I bought a lottery ticket
hopeful,"I bought 10 tickets for a local lottery to win a new car. There are not many tickets sold, so I am really hoping that I will win!"
hopeful,"I went through a lot of hard times in my life. Lost my job, injured my knee, lost someone dear. But I always believed things would get better."
hopeful,I just put in a bid for a house that I really want! I am praying I get it!
hopeful,I'm so ready for the weekend. I'm optimistic that it will be a great and restful weekend!
hopeful,I bought a lottery ticket last thursday.
hopeful,Our country is in very racially intervened turmoil driven by political parties. I am optimistic we will solve it over time
hopeful,"I'm happily anticipating a bigger paycheck at the end of this month...I'm a self-employed freelancer and I've been upping the prices on my gigs, maintaining the same amount of client orders"
hopeful,I guess i will be selected as a next team leader
hopeful,Jesus will come home and save us all one day.
hopeful,I'm asking my girlfriend to marry me this weekend.
hopeful,I think I will get my debt paid off sooner.
hopeful,I wish I can get the part I want
hopeful,i hope i win the lottery this week!
hopeful,I'm looking forward to my finances becoming a bit better early next year.
hopeful,I wrote my exams well and waiting for the good results.
hopeful,I have an important job interview coming up this week. I'm rooting for myself to do well and beat out the competition!
hopeful,I am feeling this way in hopes that I get into grad school.
hopeful,"When it rained yesterday, I still thought that there is a chance for some sunny afternoon."
hopeful,"I am starting a new phase in my life. Completed all debt , new start"
hopeful,I just made enough money to give myself a vacation. i feel great about myself.
hopeful,"When I save up enough money, I desire to run my own guest-house one day."
hopeful,I am hopeful I win the lottery.
hopeful,I am very hopeful to go on vacation this summer
hopeful,I auditioned for a play this weekend. I am supposed to hear back soon if I made it. I am optimistic about it.
hopeful,I recently underwent surgery and radiation for breast cancer. The doctor said I should be fine. I'm very optimistic!
hopeful,"When I finished my math test, I felt like I did well enough to get an A!"
hopeful,i am hoping to win the lottery
hopeful,i put in for a new job. i think i have a good shot at it.
hopeful,Got a box of ramen. Should last me through the week.
hopeful,I really am looking forward to seeing if my parents will buy me a dog.
hopeful,I am confident Donald Trump will Make America Great Again.
hopeful,I feel like the rest of this year is going to be really good to me. I just have a feeling.
hopeful,The US economy has been doing well recently. I think things are going well for everybody
hopeful,I am proposing tomorrow!
hopeful,i am hoping to win the lottery this weekend
hopeful,I am ordering up some nachos for lunch. I heard this new place I am ordering from is very good!
hopeful,i was hoping to win the lottery last week
hopeful,I have high hopes this football season. I think my team will do well
hopeful,I got out of the slammer last month after being in there for 50 years. I have much hope for my future.
hopeful,I've homeschooled my girls and one is graduating next year and the other in 2 years. I'm ready to get back out in the workforce
hopeful,I have high hopes for the weekend. I think it might be sunny here
hopeful,"My transmission in my car went out the other day, maybe it won't be too expensive to repair."
hopeful,"My brother moved to California a few days ago. I want him to do well there, and I want him to make lots of friends"
hopeful,"Once, I got stuck in a traffic jam. Even though I left early, I was 30 minutes late to an appointmed"
hopeful,I invested 5k in different stocks.
hopeful,My exams are coming up soon and will be studying a lot for them. I would like get a good grade.
hopeful,for the next few weeks
hopeful,It is my birthday and I want a new drone. I done told my wife that I liked this drone and wanted it. Maybe she will buy it for me!
hopeful,"I am hoping the new Pokemon game ends up being really good, I am not sure though"
hopeful,We order Chinese food last night. The order was completely wrong!
hopeful,We are wanting to get a new vehicle this year. We are trying to get bills paid off so we can afford the payments. I hope it happens.
hopeful,I got a call about about an application I put in for a new job today.
hopeful,I am really looking forward to my vacation. I have my fingers crossed that it won't rain the entire time.
hopeful,I had a great job interview the other day. Im really feeling good about how it went.
hopeful,There has been this sinkhole in my yard since the hurricane hit last year and it is the cities responsibility to take care of it. I called it in about a week after the hurricane and it is almost a year since then. Yesterday someone came out and marked it with flags and Im certain that means they will begin to work on it soon.
hopeful,My new semester starts in a week and I'm crossing my fingers it will be a good one.
hopeful,I am thinking tomorrow will be nice. I am going to church
hopeful,There is a job opening at the law firm I have always wanted to work at. I applied and am keeping my fingers crossed.
hopeful,"My wife is at the doctor's, and I think we might be getting good news about a new addition to our little family."
hopeful,I feeling good about the economy these days.
hopeful,"I moved knowing I could change my life, and I look forward to the future and the bright things that come."
hopeful,Hopeful that this year will be my best year yet.
hopeful,I am trying to find a new job this week
hopeful,I did well on a project for a company. I think I might get a promotion soon based on that work
hopeful,When my dog got ran over and he began to recover on it's onw
hopeful,"My grandmother is in the hospital after a car accident. She broke her hip, but I hope she will recover. The doctors are taking good care of her."
hopeful,Waiting for the marks back on my math test. I studied quite hard.
hopeful,I had just applied to a few of my dream schools. Harvard and Yale would be the best.
hopeful,"I've been having a sharp pain in my chest lately. Tomorrow, I go to the doctors and I am optimistic it isn't something too serious..."
hopeful,I hope i get the job i applied for last week
hopeful,"I just put in an application to get a police dog who failed his training. I know the process to get one is difficult, but I'm crossing my fingers"
hopeful,I have currently two jobs. I applied for a job which the salary is enough for me. I was called for an interview.
hopeful,A supervisor I didn't like got fired. I have a new one coming soon to replace him
hopeful,We are moving to Arkansas at the end of this year. Excited for the new opportunties for my family. New start
hopeful,I've got a date tomorrow afternoon. I think its going go to well.
hopeful,my work
hopeful,"I feel positive sometimes today even though not in the best mood. I prepare for the worst though just in case. It's nice to feel some positivity about the future though- Like whatever will happen, I will get through it!"
hopeful,"I keep thinking about the future, and what I've accomplised to be here so far. I look forward to the adventures I have."
hopeful,"One day is ... One more day of learning, one more day to smile, one more day to give a hug, a day to make someone happy"
hopeful,My best friend is returning to college after an academic suspension. I hope that this semester will be different since I'm taking the same classes as her.
hopeful,I am going to do better this semester. Last year was a travesty.
hopeful,I'll be getting a raise and a promotion in Feb.
hopeful,I had a job interview today and i think it really well.
hopeful,I'm really feeling good about my work evaluations and wishing for the best.
hopeful,"I'm hopeful about more finances coming in, I'm starting a new business."
hopeful,"I have been really diligent in my studies, and will be in two clubs this coming year. I think by next summer I will be able to score a paid internship!"
hopeful,I am getting a second vacuum from the same company tomorrow and I truly hope it's not a doozy like the first one was!
hopeful,I've been so focused on the task at hand for days. I'm getting ready to participate in a endurance competition and I've been training my butt off for what seems like an eternity.
hopeful,"A nice storm came through here today and totally knocked some piece off my cable dish. The cable is not working like at all, so I called the company and they said they will have someone out tomorrow to fix it. I feel off the grid right now."
hopeful,MY kids are so different from each other. I think they are all going to do great things
hopeful,I am waiting for my medical tests to come back. I am confident they will come back okay.
hopeful,I was waiting to hear back about a job interview I went on.
hopeful,next week I find out if i got the promotion at my job. I have my fingers crossed.
hopeful,I'm waiting to hear back from my doctor about my test results.
hopeful,I feel like my children will grow up to be very compassianate human beings
hopeful,My coworkers and I bought 200 dollars worth of lottery tickets. We are all crossing our fingers we win!
hopeful,"I had an interview for a job a while back, one that I really wanted to get. It felt like it went well, but all I could do was wait."
hopeful,"i just recently registered for a flag football team, i just hope I am good and don't embarass myself"
hopeful,I'm meeting my online girlfriend for the first time this weekend.
hopeful,I just started a new job I want to get promoted.
hopeful,Sending my two youngest kids to a new school!
hopeful,I had faith I was going to get into a school I had always wanted to go. I was just happy to have a chance
hopeful,When my dad had cancer and they gave him the all clear.
hopeful,I pray that I will beat my disease.
hopeful,Everyday I feel more optimistic that this country is heading into right direction. Slowly but surely the light at the end of tunnel is coming.
hopeful,"I have been working on my bench press for 6 months, I am trying to get up to benching 400 pounds. I know I can do it."
hopeful,I love the Dallas Cowboys. I am optimistic they will do well this season.
hopeful,I am wishing the Yankees will win the World Series.
hopeful,I am sure I will be able to handle having twins.
hopeful,I recently applied for a job after being out of the workforce for 13 years. I'm hoping I get it!
hopeful,I felt hopeful today about my future. I finally started to go run. I haven't run in forever.
hopeful,Was really believing to get enough money this weekend
hopeful,I'm planning on going out to a party this evening. I want to meet a new girlfriend and think maye there'll be someone there.
hopeful,My friend said he might be able to help me move
hopeful,I'm pretty hopeful this year in my college football team to do really well. Go Buckeyes!
hopeful,"Have to go to the doctor tomorrow to see if I have strep throat. I hate when they have to swab the back of your mouth to ""make sure"" that it's strep so they can treat you. Really hoping to avoid that this time around."
hopeful,"After working for years at a job I didn't like, and struggling in school, I found a new job that coincides with my Major. For the first time in a long time, the future isn't looking so dark."
hopeful,"My ex recently said that he was wanting to get back together. I'm not sure how to feel about it, we've been getting along great since we broke up."
hopeful,"I just applied for financing on a new car. My credit is not well established, but I am praying that I get approved!"
hopeful,I wanted to hold out and see if I got a bonus. The bonus would allow me and my family to take a vacation
hopeful,I am feeling this way while applying to graduate school. I really need to get in.
hopeful,"I am looking forward to Christmas, I would like to get lots of presents."
hopeful,"I have spent 3 years in my current position, done all the necessary on job training and I am looking forward to being promoted"
hopeful,I'm going to visit friends out of town this weekend. I'm hoping that we have as good of a time as we've had in previous years.
hopeful,"My favorite restaruant closed down, so I'm trying a new one."
hopeful,I got a call about job with a good company that is in my line of work.
hopeful,"There was a time where I was homeless for about a year, but I always held out hope that things would get better."
hopeful,I made a new friend in the town I moved to. It was the first time I felt like I might fit in here.
hopeful,My mother is trying to get a good job and we are praying she gets through and they give it to her.
hopeful,that my friend will do okay driving
hopeful,i am trust my project and it's gonna do well
hopeful,my father promised he would come see me on my birthday
hopeful,We put an offer down on a house. I really want that house and think they'll accept our 27 milliion dollar offer.
hopeful,"I recently felt hopeful towards my chances with a dating prospect. I hope that she likes me, and I think she is giving me more and more thought as time goes by."
hopeful,I'm optimistic that my house is going to sell soon.
hopeful,My friend's at the hospital after a pretty bad car accident. We finally got news she's woken up after being asleep for 6 days.
hopeful,We have been looking for a house for a few months and finally found one that we love. We put in an offer.
hopeful,I am hoping to win the lottery today and quit my job!
hopeful,It tells that tomorrow will be better
hopeful,i am hoping to win the lottery!
hopeful,I injured my hip a while back and am having to learn to walk again. I love to play golf and am keeping my fingers crossed I'll be able to play again.
hopeful,I bought a lottery ticket and was hopeful I would win.
hopeful,Every year I plan to start working on Christmas early so it's not such a nightmare. I've already started this year so I'm praying it all goes smoothly.
hopeful,I really want to have another baby
hopeful,I pray that America will be great again.
hopeful,applying for a new job
hopeful,"I need to get a job with real benefits soon, I'm very optimistic for the future."
hopeful,"I'm in contract to buy my first house, fingers crossed closing goes well and I close next Friday!"
hopeful,My wife just started a new job. I'm hoping that she does really well and we'll be able to have some fun.
hopeful,My grandson is going to go off to college in the big city next week. He's so excitied. I'm a bit nervous and wanting him to do as well as he can.
hopeful,i really want to see what my husband and i will accomplish by the end of the year
hopeful,"my cat was sick at the vet but I was told in a dream that he was going to be ok, and I was very hopeful of that"
hopeful,I'm working hard to pay off all my debts.
hopeful,I have my work evaluation coming up. I feel that I have been doing a good job so I hope for good scores.
hopeful,"I am hopeful I will get a better paying job soon, I could really use the money"
hopeful,I am feeling more positive about the future today. I am really trying to hold on to that feeling no matter what. It's hard!
hopeful,My wife and I just put in a bid for a new house last weekend. I pray we get our offer accepted!
hopeful,The rain will go away tomorrow!
hopeful,My new neighbor is pretty cute. Going to talk to her tomorrow.
hopeful,my son went for his first day of kindergarten. He likes it so far so thats good.
hopeful,I recently applied for a job at a new company. Getting this job would but such a step up for me and my family. It would really be great if I got it.
hopeful,"i am trying to sell my house, i hope i can find a buyer"
hopeful,"When I got my promotion at work to a supervisory role, I was nervous till I got the news."
hopeful,I am anticipating that the limestone mine in my area where I live at will be reclaimed.
hopeful,One time I was worried about finding a new job. A person I had worked with before offered me an opportunity to do some work in my field
hopeful,Getting a colonoscopy done. I hope it turns out okay
hopeful,I put in an offer on a new house today.
hopeful,We are wanting to buy a new house in the next year. I'm really hoping that it works out for us. We have needed something a little bigger for a while now.
hopeful,I'll be giving my first speech in a long time next weekend.
hopeful,We are working on getting a lot of things done in our house right now. The goal is to sell it and move into a different neighborhood in the next few years.
hopeful,Weekend coming up
hopeful,I had ear surgery recently. I was hopeful that I would get my hearing back
hopeful,My grandma is sick. I'm optomistic she will pull through.
hopeful,My friend is visting and said she made me something good. I want it to be cake so bad.
hopeful,One day I will have everything I want in life.
hopeful,I am hoping the eagles can win another superbowl this year
hopeful,I often feel jealous of my friend
hopeful,My firends mom has cancer and we are not sure how long she has
hopeful,My dad is throwing a big party. He wants me to fly up and be there. I really want to go.
hopeful,"I really really would like to make a good grade on my midterm exam this week. It's my first graduate level course, so I need to be on point."
hopeful,My weekend is going well so far. I am hoping tomorrow nothing bad happens and it looks like it will be a good daytoo
hopeful,I have been trying to save money for a big vacation next summer. I hope I can do it!
hopeful,I'm trying to be positive as I try to recover from a financial setback.
hopeful,I was able to get my car fixed. I'm praying it will last longer from now on
hopeful,"After many years of depression, it looks like I am beginning to get better."
hopeful,I feel great about the future of my brother.
hopeful,I'm really hopefully that I'll land a new promotion at work.
hopeful,"I haven't been able to find my favorite pineapple coconut cake anywhere, but there's a new bakery opening up soon."
hopeful,My daughter didnt have a good first year at her new school. I think this year is gon to be better.
hopeful,when i applied for a new job i was very happy
hopeful,I think the future will be brighter and conflicts between countries will be smoothed over.
hopeful,Going on a picnic next weekend and wishing the weather is good.
hopeful,"I surly was surprised when I found out I won a contest, it made me excited, as I didnt know what the prize was. It was a simple mailing that had a key inside, the company who sent it was a local and new lumber company. All I had to do was bring the key down to the cmpany and see which prize it unlocked"
hopeful,I found out that my friend's mole he was worried about most likely isn't cancerous.
hopeful,I have been practicing for my interview all week. I am hoping that it goes well.
hopeful,I am hopeful that I find a new job very soon.
hopeful,I like the things the president has done so far. I would like to see the country continue to grow and get better!
hopeful,I am confident the democrats will bet Trump in november.
hopeful,I am submitting a manuscript to an editor. I am hoping she will publish it!
hopeful,I feel like I'm getting sick....
hopeful,I'm going to cooking school to become a chef.
hopeful,I really pray my Christmas bonus comes in this year.
hopeful,I'm very much looking forward to buying a house.
hopeful,I'm trying to cook a new dish for the first time. I think its going to turn out well.
hopeful,I have a long distance relationship. I am in love with him and I have faith our relationship will work.
hopeful,i hope i can get things worked out and get pregnant by the end of the year
hopeful,I'm optimistic about my finances. I've been trying hard to pay back the debt on my credit card.
hopeful,I've written a competitive exam last week. The result will be announced tomorrow. I hope to get a good rank in it.
hopeful,I joined a dancing class.
hopeful,"The only thing I'm attached to these days is my unquenchable lust for success...I love it because it drives me, compelling me to act creatively without fear and I really pray I never lose it"
hopeful,There's a new Korean restaurant that's opening up.
hopeful,I am hoping the Eagles can win it all again this season!
hopeful,i was hoping to get out on time last week and it didnt work out
hopeful,I have been making goals each week for earning money. I'm hoping to save enough to start renovations on my house.
hopeful,My dog started to get lumps along her stomach so I'm taking her o the vet tomorrow. I want her to be ok
hopeful,I applied to nursing school. Its going to seem like an eternity to find out if I am accepted or not.
hopeful,Tomorrow I am making my first ever mayonnaise lasagna. I hope it is a hit at the company potluck.
hopeful,I am very positive about the democrats in November
hopeful,"I had a great chest, back and cardio workout yesterday. Fingers crossed this beer won't make me lost my gains"
hopeful,I was confident that my brother was going to finish college. He was doing so well in his major
hopeful,"I have faith the Eagles will be good this year, I hope it goes well!"
hopeful,I am so tired of hurricanes. Every year it seems like hurricanes make life difficult for me. I am wishing this year will be quiet.
hopeful,Waiting for acceptance to university. I want to study business.
hopeful,I know the year will get better.
hopeful,My brother is going into surgery tomorrow. I'm really hoping that everything goes well.
hopeful,"If my plans work out, Ill be moving to France in the winter."
hopeful,I was excited when I had a chance to get into a college I wanted. I just had faith it would work out
hopeful,MMA shows tomorrow night
hopeful,Seeing my grandmother get up and out of bed for the first time after 2 weeks was a wonderful feeling.
hopeful,I'm trying to look forward to the new school year for my children.
hopeful,I planted a whole bunch of flower bushes this year. I cannot wait until next spring when my entire garden will be in bloom with so many wonderful colors and smells.
hopeful,I am waiting my exams results. I wish I will have good grade.
hopeful,"Went on the very first job interview after graduating. I was nervous, but I felt like it went fairly well. They said they would contact me soon, but it's been a week. I'm not sure what I should do at this point, but I'm staying positive."
hopeful,"My daughter has been sick, but it looks like she is finally getting better. She had a bad bacterial infection from daycare."
hopeful,I love my wife
hopeful,My appartment was robbed last week. The police called to tell that they found some of the objects that have been robbed. I hope it is true.
hopeful,I hope I'll get the funding for my experiments
hopeful,"We moved to a new area and my son needed to start a new school. I was worried he would have trouble adjusting, but knew it would work out."
hopeful,"My wife is trying to get a job at the hospital. She will find out if she gets in this week, fingers crossed."
hopeful,I bought a ticket where I have a 1/500 chance of winning a car
hopeful,i believe he will be the best in his class
hopeful,It's supposed to storm more later this week. It's been hailing recently and I really need it to stop already!
hopeful,i cant wait for next week!
hopeful,I hope I will be able to afford a vacation during Christmas break for my kids
hopeful,hopeful: I know things will work out in God's perfect timing
hopeful,i am really excited about trying to have a baby with my husband.
hopeful,I'm almost ready to put my Venison wellington in the oven. I think its going to come out great.
hopeful,"I still believe my hubby will remember our anniversary, cos he always forget"
hopeful,I have a job interview next week. I hope I get it
hopeful,I invited my best friend to my party. She has a busy schedule and promised to come.
hopeful,im hoping to win the lottery tomorrow!
hopeful,"My friend lost her cat on Monday. We called the shelter, and they say they might have a cat that matches our description."
hopeful,"I just broke my finger, and I have a golf tournament coming up."
hopeful,I felt very greata few weeks ago when i helped an elderly women with bagging her groceries
hopeful,i was really banking on getting this job last week
hopeful,im feeling positive oi got the job. it would really help me out a lot.
hopeful,i am hoping to win the lottery tomorrow
hopeful,i had a strong feeling that i will get well
hopeful,I took my finals exam last week. I am optimistic about the results but we shall see.
hopeful,I pray American will be great again.
hopeful,I just want my husband to get a ob
hopeful,heres to wishing i get a promo at work
hopeful,I am really praying that I get a promotion at work! I need the extra money and my boss knows I want it badly!
hopeful,"I'm staying positive about this business scheme. I'm sure my friend will come around, he just needs some good convincing"
hopeful,I would like to go to a concert or show this year for my birthday
hopeful,i am hoping to go to hawaii next year!
hopeful,"Yesterday, I gave an important presentation to my colleagues. It went really well. I am very much optimistic about the results."
hopeful,I wish there will be more opportunities at work to make more mony
hopeful,I sent my daughter school shopping with her friends for the first time. I think she is going to do well without mommy
hopeful,I passed all my college engineering classes and think I will do even better next semester.
hopeful,i am hoping to win the lottery this week
hopeful,I just moved to a new city. i am looking forward to having a new start.
hopeful,I think I have finally met the one.
hopeful,"each day ,as i wake from sleep, i look with great enthusiasm what the day holds for me"
hopeful,moving forward from a dark situation
