emotion,idx,prompt,first_utterance
afraid,0,I think I'm catching a cold_comma_ I hope it's nothing serious.,I think I'm catching a cold_comma_ I hope it's nothing serious.
afraid,1,I was scared of the spider in my bathroom.,I was scared of the spider in my bathroom.
afraid,2,I managed to spook myself in college by watching a little too much horror while living alone.,I managed to spook myself really bad once watching too many horror movies and being in a house alone by the woods.
afraid,3,someone breaking in,i think someone is breaking into my apartment right now
afraid,4,I was terrified when i went to watch the conjuring movie in the theatres. i went at night and alone as well.,i was so scared when i went to watch the conjuring movie in the theatres
afraid,5,I am sometime to afraid to speak in public_comma_ for example_comma_ during meeting at work.,I am sometime to afraid to speak in public_comma_ for example_comma_ during meeting at work.
afraid,6,I am going to rock climbing for the first time this weekend and I do not like heights,So I was finally convinced to try rock climbing this weekend for the first time. I do not like heights at all.
afraid,7,One time when I was little_comma_ I was scared of going to sleep without a night light,One time when I was little_comma_ I was scared of going to sleep without a night light
afraid,8,I have a big job interview coming up. I am so nervous I almost dont want to go.,I have a big job interview coming up. I am so nervous I almost dont want to go. Its kind of scary to think about.
afraid,9,My mom is having weight loss surgery. Im worried the risks are too dangerous.,My mom is having weight loss surgery next week_comma_ I'm nervous.
afraid,10,I'm afraid I won't be able to afford my car payment this month. Might have to borrow money.,I'm afraid I won't be able to afford my car payment this month.
afraid,11,Scary movies.,I never watch scary movies because they bother me too much but here I am_comma_ regretting that I just watched one.
afraid,12,i was scared walking home last night,i was scared walking home last night
afraid,13,Two years ago_comma_ i was admitted in hospital. I was not well. I felt afraid whether i would be alive. But fortunately_comma_ i am live,I felt afraid. Still i remember it
afraid,14,I was playing a VR game home alone. It took a really creepy turn.,I was playing a VR game home alone. It took a really creepy turn towards the end of the game.
afraid,15,I was a little nervous to go to Walmart today with all the police that were there.,I never did find out why there were so many police cars there today.
afraid,16,My daughter passed out one day last week.,My daughter passed out one day last week.
afraid,17,I'm never home by myself_comma_ but a few weeks ago I was. There were these men running up and down the street in our neighborhood just screaming and yelling. Turns out it was some sort of domestic issue and the police came and arrested them.,I'm never usually home by myself_comma_ but a few weeks ago I was. There were these men running up and down our street just screaming and yelling.
afraid,18,I went to a haunted house and just couldnt bring myself to step inside,The Haunted house by me is just terrifying_comma_ I could not walk in
afraid,19,I recently heard what appeared to be gunshots on my street. I locked all my doors and closed my windows.,I recently had a scary experience. I heard gunshots on my street.
afraid,20,I found a brown recluse in my room this morning (a type of poisionous spider),I found a brown recluse in my room this morning (a type of poisionous spider)
afraid,21,Anytime I see a earthworm_comma_ I run away. I am so scared of them.,Anytime I see an earthworm_comma_ I run away. I am so scored of them.
afraid,22,i fell and heard a snap in my leg.,i was walking _comma_ stepping in a hole and heard my leg snap
afraid,23,After been beaten by a mosquito last night_comma_ I am very scared of sleeping in my room,After been beaten by a mosquito last night_comma_ I am very scared of sleeping in my room
afraid,24,One time I was robbed at gun point.,Once I was robbed at gun point and locked in a walk in refrigerator for an hour.
afraid,25,One time a hurricane hit my city and it was so windy I couldn't sleep that night. I thought the wind would tear the roof off of the house,A hurricane hit my city. The first night I thought the wind was going to tear the roof off the house
afraid,26,I woke up in the middle of the night because I thought someone was trying to get in my window.,I woke up in the middle of the night.
afraid,27,Going coaster riding this weekend :/,Man we're going to the amusement park this weekend
afraid,28,When I was younger I was scared of almost any new experience...but since I've been mugged_comma_ kicked out of the house_comma_ lived homeless_comma_ been beaten up_comma_ won some street fights and become fully self-employed there's really nothing that scares me anymore,As a sheltered teenager I used to be scared of almost any new experience...but since I've been mugged_comma_ kicked out of the house_comma_ lived homeless_comma_ been beaten up_comma_ won some street fights_comma_ sparred state champions in the ring and become fully self-employed there's really nothing that scares me anymore
afraid,29,I have some skin problems. I am scared.,I have some skin problems. I am scared.
afraid,30,Lately_comma_ my two year old boy has been so much into wearing dresses and playing with babie dolls_comma_i don't even want to think of it.,Lately_comma_ my two year old boy has been so much into wearing dresses and playing with babie dolls_comma_i don't even want to think of i
afraid,31,I have been watch thing new stephen king series on hulu. It is frighteneing.,There is a new Stephen King series on hulu
afraid,32,I am afraid of clowns.,I am afraid of clowns.
afraid,33,I'm afraid to leave my current job (which I hate) because I might not be able to find work that I enjoy that pays well enough to live on.,I really_comma_ really need to leave my job because it's making me miserable_comma_ but I'm afraid to make a big change. I'm worried about financial stability for me and my kids_comma_ and nervous about leaving a known quantity for an unknown.
afraid,34,It's been so dry in my area lately _comma_ I'm afraid there might be some forest fires. I live near a mountain.,Havent had any rain lately in my area. I hope we do soon_comma_ I live near a mountain and we have bad fires when it is dry.
afraid,35,I am scared of zombies,I have a reoccurring nightmare that I am being eaten by zombies
afraid,36,I am worried about failing my exam,I am very stressed I have to take a major final exam on saturday.
afraid,37,"The first time I saw the move ""The Ring"" I was afraid to go home to an empty apartment!","The first time I watched the movie ""The Ring"" I didn't want to go home to my empty apartment I was so scared."
afraid,38,I was cleaning my garage and a huge spider crawled on to me! I am super scared of spiders!,I was cleaning my garage and a huge spider crawled on to me! I am super scared of spiders!
afraid,39,Sooo scary! I was in the basement today and I swear to you I saw a ghost.,Sooo scary! I was in the basement today and I swear to you I saw a ghost
afraid,40,when i was going for an interview i was so afraid as i could not tell the end results,it was just yesterday when i was going for an interview and personally i was so afraid because i did not know what were the end results
afraid,41,There might be a hurricane in my area soon. I am worried our house may flood and we may be without power for awhile.,There may be a hurricane in my area soon I am kind of scared.
afraid,42,I was driving through an allay _comma_dark and lonely_comma_when suddenly my car broke down,I was driving through an allay _comma_dark and lonely_comma_when suddenly my car broke down_comma_it was really dark!
afraid,43,I was in a car wreck on the way home from church.,I was in a car wreck on the way home from church.
afraid,44,it's monsoon season here where i live and I can hear the thunder rumbling_comma_ I hope we don't get flooded. I'm pretty scared.,it's monsoon season here where i live and I can hear the thunder rumbling_comma_ I hope we don't get flooded. I'm pretty scared.
afraid,45,I'm not a big fan of water_comma_ like oceans_comma_ lakes_comma_ or rivers. Recently my husband's family invited us for a weekend at their cabin which is on a lake. They have a pontoon so I thought we'd just fish and hang out. My husband made me get in the water. I was so terrified something was going to eat me.,I'm not a huge fan of water. My husband recently made me go swimming in the lake at his parent's cabin though.
afraid,46,once upon a time i am go for the market at that time one man for very hungry because some food for provide the man .,hi
afraid,47,When I was a child I was in a destructive tornado.,When I was a child I was in a destructive tornado.
afraid,48,of dying,I am terrified of death.
afraid,49,I overdrafted my bank account.,I accidentally overdrafted my bank account and now don't have enough money to pay the fee or my bills. I'm scared of what could happen
afraid,50,When my house burned down in the 8th grade,It really hurts to think about it happening_comma_ my house burning.
afraid,51,I was scared driving home last night. I felt like a car was following me,I was scared driving home last night. It felt like I was being followed
afraid,52,I got stuck in an elevator recently. I was so scared that I would die in there.,I got stuck in an elevator recently.
afraid,53,I went to Cuba to visit some family members and met up with some friends to go to a bar. It was like 3 AM when we were walking back home and there were these guys hiding in the shadows looking at us. We ended up running very fast but they never followed thankfully.,So i recently traveled to Cuba to see some friends and we went to a bar until 3 AM_comma_ and as we were walking back there were these 3 guys hiding in the shadows. We got so scared we started running but thankfully they didn't follow.
afraid,54,My son has been having stomach pain for months now and the doctors can't figure out what it is. They basically say he has to get worse for them to find a diagnosis if some new problem comes up. I'm so scared.,My son has been having stomach pain for months now and the doctors can't figure out what it is. They basically say he has to get worse for them to find a diagnosis if some new problem comes up. I'm so scared.
afraid,55,i was scared walking home alone last night,i was scared walking home alone last night
afraid,56,When my son was born_comma_ I was pretty worried. We knew that something wasn't quite right_comma_ so we weren't sure what to expect.,When my son was born_comma_ we knew that something was up before he came out. It was pretty scary.
afraid,57,We were under a significant storm warning. The sky turned dark and the wind began to blow harder.,We were under a significant storm warning. The sky turned dark and the wind began to blow harder.
afraid,58,I feel a bit scared sometimes living alone in a rough neighborhood. I have dogs..but I don't have a weapond.,I feel a bit scared sometimes living alone in a rough neighborhood.
afraid,59,when i was going for an interview i had a crazy feeling,i had some weak feeling on my interview day
afraid,60,I'm scared because both of my parents will not be with me too much longer.,I'm getting scared because both of my parents will not be with me too much longer. They've both got dementia.
afraid,61,I watched a scary movie the other day while i was at home alone.,I watched a scary movie the other day while I was at home alone.
afraid,62,I was walking around my mansion at night one cold day in October. I then heard spooky sounds_comma_ and saw the ghost of Michael Jackson.,"Some times at night_comma_ I can hear some shouting ""AHHHHHHH""_comma_ ""HEE HEE""."
afraid,63,Once I took a sip of iced tea while I was driving and it went down the wrong pipe. I had to pull over so I could try to breathe again.,Once I took a sip of iced tea while I was driving and it went down the wrong pipe. I had to pull over so I could try to breathe again.
afraid,64,They laid off 3 people at work yesterday. Still haven't mentioned it yet.,They laid off 3 people at work yesterday. Still haven't mentioned it yet.
afraid,65,I was driving and this guy started following no matter which turn i took. I was worried that he was going to follow me home,I was on my drive home from work today and this guy started following me. It was kind of scary
afraid,66,I heard a noise outside my window last night that sounded like someone tapping on the window. I was terrified. It turned out to be a bird on a tree limb.,I was so terrified last night! I heard a noise outside my bedroom that sounded like someone was tapping on the window!
afraid,67,In a way I'm scared to show love or get close in a relationship. I mistook pity and infatuation for love and ended up being miserable. Am I gonna let that happen again? Hell no,I'm scared to show love or get close in a relationship. I once mistook pity and infatuation for love and ended up being miserable. Am I gonna let that happen again? Hell no
afraid,68,I just went to a late night showing of insidious. I almost wet myself from the shock at certain parts.,I just got back from a latenight showing of the horror movie insidious
afraid,69,I love to hear the rain falling but seeing the lighting and hearing the thunder makes me shudder.,I love to hear the rain falling but seein the lightning and hearing the thunder makes me shudder.
afraid,70,I saw a spider and i got scared.,I saw a spider and i got scared
afraid,71,My husband is out of town and my friends talked me into going to a scary movie with them. I have not been able to sleep since then. I cannot wait until my husband gets back.,My husband is out of town and my friends talked me into going to a scary movie with them the other night.
afraid,72,I used to be afraid of the dark. I had a nightlight until i was 13,I used to be afraid of the dark. I had a nightlight until i was 13
afraid,73,I went in a haunted house for halloween. Saw some weird ghosts.,Haunted houses really give me the creeps.
afraid,74,I stole some candy from Party City when I was a kid. I was so scared that the cops were going to nab me.,I stole some candy from Party City when I was a kid. I was so afraid that the cops were going to nab me.
afraid,75,Our home was broken into shortly after we moved in. I am still scared about what happened.,Our home was broken into right after we moved in.
afraid,76,I am not afraid to admit this: I am 32 and afraid of the dark. The other day_comma_ my electricity went out due to a storm. It was dark_comma_ I couldn't find my phone or a light_comma_ so I screamed for my girlfriend to wake up. Am I embarrassed to say that_comma_ not at all_comma_ lol,I am not afraid to admit this: I am 32 and afraid of the dark. The other day_comma_ my electricity went out due to a storm. It was dark_comma_ I couldn't find my phone or a light_comma_ so I screamed for my girlfriend to wake up. Am I embarrassed to say that_comma_ not at all_comma_ lol
afraid,77,Being alone in a foreign country.,Honestly there is nothing worse then having to go on a trip out of the country by myself.
afraid,78,There is a wasp nest in my hallway outside of my apartment. I have to use the back door now.,I just found a wasp nest out side of my apartment.
afraid,79,I was really scared once when I thought I would be homeless,I thought I would be homeless once and I was having a major panic attack. I was minutes from being homeless.
afraid,80,When my house burned down. I had to save my mother.,Seeing my house burn down was so scary.
afraid,81,My father and brother are in a serious conflict with each other right now_comma_ as my father has complained about the way my brother raises his son. Obviously it's a really stressful_comma_ tenuous situation and I have no idea who's side to take_comma_ and I'm worried it will lead to them not wanting to keep in touch anymore.,My father and brother are in a serious conflict with each other right now_comma_ as my father has complained about the way my brother raises his son. Obviously it's a really stressful_comma_ tenuous situation and I have no idea who's side to take_comma_ and I'm worried it will lead to them not wanting to keep in touch anymore.
afraid,82,I am very fearful of dying. I know it will come one day_comma_ I just hope and pray it doesn't hurt so bad.,I am very fearful of dying. I know it will come one day_comma_ I just hope and pray it doesn't hurt so bad.
afraid,83,i was scared walking home alone the other night,i was scared walking home alone the other night
afraid,84,MY daughter keeps begging me to watch IT. I am going to tomorrow_comma_ with all of the lights on.,My daughter has be begging me to watch the movie IT
afraid,85,I was cleaning the yard and uncovered a huge nest of black widow spiders!,I was cleaning in the yard when I discovered a huge nest of black widow spiders!
afraid,86,I forgot to make my student loan payment this month. I'm scared it will affect my credit score.,I forgot to make my student loan payment this month.
afraid,87,On Halloween I was nervous to go out at night. I was scared people were going to kidnap me,Last Halloween I was nervous to go out at night.
afraid,88,I think a mouse is in my kitchen again.,I am so scared of mice.
afraid,89,We had a huge black snake in our backyard today and couldn't catch it. Now I am looking all over the place whenever I go outside. Waiting for it to shock me.,We had a huge black snake in our backyard today and couldn't catch it. Now I am looking all over the place whenever I go outside. Waiting for it to shock me.
afraid,90,I was in a car accident.,I was in a car accident. Both cars were totaled.
afraid,91,I finally got over my fear of heights! But before that_comma_ I had never been so scared in my life. I went sky-diving.,I finally got over my fear of heights! But before that_comma_ I had never been so scared in my life. I went sky-diving so I had to jump off a plane!
afraid,92,When my car caught on fire while driving,I had my car catch on fire while driving!
afraid,93,My house burned down and I had to rescue my family_comma_ It was a chilly night.,What a scary night that was.
afraid,94,Someone broke into my apartment last week. I was not home at the time_comma_ but now I worry that they will come back.,Someone broke into my apartment last week. I was not home at the time_comma_ but now I worry that they will come back.
afraid,95,Last week I got bit by a spider.,A tarantula bit me in my living room the other day and I thought I was going to die.
afraid,96,While i was sleeping the other night_comma_ my house alarm off. it was scary,As I was sleeping_comma_ my burglary alarm went off. It frightened me.
afraid,97,gotta go fast to the potty,gotta go fast
afraid,98,I was in bed and i heard a loud noise in my kitchen. but i was home alone!,i was inbed last night and heard a loud bang in the kitchen
afraid,99,I am Junior Manager and one night I have to stay at office for whole night as I was having excessive work that day. So_comma_ everyone in the office left and I was all alone in the office. There was pin drop silence there and even I can hear the ticking of the clock. Even a single noise scared me that time.,I stayed alone at night in a office due to excessive work and was much scared.
afraid,100,There have been so many crimes near me lately. It is getting out of hand,There is so much crime near me its getting ridiculous
afraid,101,I worked one job where I was always the last person to leave the building. I hated going into the empty parking lot by myself.,I worked one job where I was always the last person to leave the building. I hated going into the empty parking lot by myself.
afraid,102,Last week there was a large spider on my wall.,Last week there was a huge tarantula on my wall. I thought it was going to jump on me.
afraid,103,I have been diagnosed with psoriatic arthritis and the pain is horrible. The problem is_comma_ the medicine that my doctor wants me to take has side effects that are worse than the pain_comma_ so I don't want to take them. That means I have to suffer through the pain.,I've been diagnosed with psoriatic arthritis and the pain is horrible. The problem is that the medicine that my doctor wants me to take has side effects worse that the pain.
afraid,104,I am home alone this weekend. I do not like that. It gets too quiet.,I am all one in the house this weekend.
afraid,105,i was scared to walk home the other night,i was scared to walk home the other night
afraid,106,There is an abandoned school an hour drive from my house. It is said to be haunted. A group of friends and I decided it would be fun to go check it out. Once we arrived_comma_ I was so scared that I could not even get out of the car!,Near my house_comma_ there is an abandoned school that is said to be haunted. When I was a teenager_comma_ a group of friends and I decided to go check it out.
afraid,107,I watched a horror movie last night. I was so scared_comma_ I nearly cried.,I watched a horror movie last night.
afraid,108,I took a flight last week and there was awful turbulence. It was super scary!,I took a flight last week and there was awful turbulence.
afraid,109,I accidentally dropped my phone and the screen started glitching out and the phone didn't want to turn on anymore.,I accidentally dropped my phone at the screen started to glitch out and didn't want to turn on anymore. I was scared because it was a brand new phone. Thankfully after a while of it just sitting there it turned back on normally.
afraid,110,I am going to my first haunted house this October! I don't know why I feel so scarred!,I am going to my first haunted house this October! I don't know why I feel so scarred!
afraid,111,I was scared when I was on a vacation to Mexico_comma_ after hearing about the crime there.,I took a vacation to Mexico_comma_ but was scared to go anywhere because of the crime in the area.
afraid,112,I thought I saw a ghost in my house last night.,I thought I saw a ghost in my house last night. I got so scared!
afraid,113,i was scared the other night when i had to walk home alone,i was scared the other night when i had to walk home alone
afraid,114,I'm scared I'll never get married and settle down,I'm scared I'll never get married and settle down
afraid,115,I was afraid when I went into the movies alone,I was afraid when I went into the movies alone
afraid,116,I am scared I won't like my new neighbors. That's how it usualy goes around here,I am scared that I won't like my new neighbors
afraid,117,im scared that we will go to war soon,im scared that we will go to war soon
afraid,118,of getting older. getting sick!,I know I shouldnt be scared this young of death but I am.
afraid,119,I was walking home one night and I saw some guy standing next to a wall_comma_ luckily he didn't have any bad intentions. I was freaked out,I was walking home one night and I saw some guy standing next to a wall_comma_ luckily he didn't have any bad intentions. I was freaked out
afraid,120,I hate hate hate riding on trains!,Everytime im on the train I swear im going to have a panic attack.
afraid,121,I hate to sleep with the lights off. It is too scary for me.,I hate to sleep with the lights off.
afraid,122,A man was following me home last night. I had to walk really fast to avoid him catching up.,A man followed me as I was walking home last night. I walked really fast to avoid him catching up with me.
afraid,123,I was walking down the sidewalk at night. I thought I saw the same car following me from a distance,I was walking down the sidewalk at night and thought I saw someone following me
afraid,124,I did not have a car for a few years and just recently bought a new one. I was scared to drive at first_comma_ especially on the highways around here. People drive like crazy people and didn't want to get in another accident. I am getting used to it now though.,I recently bought a new car after not driving for several years and I was really scared to drive it_comma_ especially on the highway.
afraid,125,I am scared of spiders!,I am scared of spiders!
afraid,126,I owe some guys some money after playing a poker game. They know where I live and I see them driving by late at night.,I don't know what to do. I played a game of poker with some sketchy guys and now I owe them a lot of money.
afraid,127,My frien with back with her ex. I think its going to end badly.,my friend went back with her ex again.
afraid,128,I have pain in my stomach for about a week now. By reading what is on the internet_comma_ I am very worried.,I have pain in my stomach for about a week now. By reading what is on the internet_comma_ I am very worried.
afraid,129,Last night I heard a weird noise outside. It really scored my wife and I.,Last night I heard a weird noise outside. It really scared my wife and I.
afraid,130,I think my new neighbor is creepy. I want to move.,My new neighbor is so weird. He scares me.
afraid,131,i was scared when i walked home last night,i was scared when i walked home last night
afraid,132,I had a bad nightmare last night.,I keep having these really weird nightmares at night.
afraid,133,I am not sure I am brave enough to walk alone at night anymore.,Recently there have been a few break ins.
afraid,134,A couple months ago I got a text message saying that my sister was in a motorcycle accident! I was really scared she might have been seriously injured!,A couple months ago I got a text message saying that my sister was in a motorcycle accident! I was really scared she might have been seriously injured!
afraid,135,I am really worried that I will miss my flight tomorrow.,I am really worried that I will miss my flight tomorrow.
afraid,136,i used to scare for darkness,it feels like hitting to blank wall when i see the darkness
afraid,137,I am scared of the police.,I am scared of the police.
afraid,138,I have a huge phobia of roaches. I can handle almost any kind of crawling or flying bug except them.,I can handle_comma_ bees_comma_ scorpions_comma_ wasps_comma_ crickets_comma_ and spiders. But for some reason I lose my mind around roaches.
afraid,139,One time I heard a large knock on my door while I was sleeping,One time I heard a large knock on my door while I was sleeping
afraid,140,I was so scared to go to sleep at night. I thought monsters lived under my bed.,I was so scared to go to sleep at night as a little kid. I always thought monsters lived under my bed.
afraid,141,i was worried when I heard my friend was in the hospital,i was worried when I heard my friend was in the hospital
afraid,142,Some movies can be terrifying,Movies about vampires terrifies me a lot
afraid,143,I got new neighbors and I don't think they are too nice. I don't want to speak to them,I don't think my new neighbors are nice people
afraid,144,I keep hearing noises coming from the basement. I want to go check it out_comma_ but I'm somewhat afraid.,I keep hearing noises coming from my basement...
afraid,145,I live in a bad neighborhood and sometimes walking is dangerous- The other night when I was walking someone was following me,I am not in the best city and walking around the other night for a nice walk- someone kept following me.
afraid,146,I'm afraid of my new apartment complex_comma_ a lot of sketchy people out at all hours of the day.,I'm afraid of my new apartment complex_comma_ a lot of sketchy people out at all hours of the day.
afraid,147,I think that I was abducted by aliens. I'm afried I have alien spawn inside me.,One night_comma_ I was abducted by aliens. They probed me and I'm afriad they will come back.
afraid,148,I am scared of horror movies_comma_ I never could tolerate them,I am scared of horror movies_comma_ I never could tolerate them
afraid,149,I was so scared to sleep at night when I was a kid. I thought there were monsters under the bed.,I was always so afraid to go to sleep when I was a little kid...Always thought there were spooky monsters under the bed.
afraid,150,I do not like being in small spaces.,I do not like being in small spaces.
afraid,151,I felt afraid when I was in a car accident. I was rear ended and my car was totaled.,Recently_comma_ I was rear ended at a stop light. The car was probably going 40 mph. Completely totaled my vehicle.
afraid,152,Our home was broken in to 2 months after we purchased it.,Have you ever been a victim of a home break in?
afraid,153,Afraid of my dog dying,My dog is 6 years old. He's my little boy. I don't know what I would do if I lost him.
afraid,154,I had to live in a haunted house for a month,Hi_comma_ I lost a bet with friend and had to live in a haunted house for a month!
afraid,155,There were 3 HUGE spiders in my house yesterday! I had to kill the first one_comma_ and then my husband killed the second and then when he was spraying (because I made him) he found a third!,There were 3 HUGE spiders in my house yesterday! I had to kill the first one_comma_ and then my husband killed the second and then when he was spraying (because I made him) he found a third!
afraid,156,There's this tree outside of my apartment_comma_ and the way it's illuminated it looks like the silouette of a person_comma_ which startles me sometimes.,There's this tree outside of my apartment bedroom window_comma_ and sometimes when the wind blows just right_comma_ it taps against the window and startles me.
afraid,157,I am scared to ask my landlord for an extension on the rent this month. She isnt tht nice.,I need an extension on my rent this month.
afraid,158,My husband went out of town for a few days for work. Every sound I hear makes my hair stand up on end_comma_ I may not survive this trip.,My husband went out of town for a few days. Every sound I hear makes my hair stand up on end!
afraid,159,One time there was a homeless guy running towards my car,One time there was a homeless guy running towards my car
afraid,160,1,I told my frend something personal and she was so judgemental towards me
afraid,161,Due to recent debt that I have accumulated through credit cards_comma_ my credit score has seen a significant decline. I am very concerned it might impact my credit trustworthiness,Recent debt accumulation had my credit score see a significant decline. I am afraid it would hurt my chances of applying for a new credit card
afraid,162,Tomorrow_comma_ I have surgery. I am so afraid of it.,Tomorrow_comma_ I am having a surgery. I am so afraid of it.
afraid,163,I hate wasps so much. They always seem to get into my apartment somehow and I turned into a little girl!,I hate wasps so much. They always seem to get into my apartment somehow and I turned into a little girl!
afraid,164,I keep hearing noises outside my window. It sounds like scratching.,Or a cat maybe? Maybe you should look into installing those motion flood lights or something so that you feel safer when you are home alone.
afraid,165,I am afraid of who will move in next door to me.,I am sfraid of who will move in next door to me.
afraid,166,I get off work late at night. It's really scary walking home in the dark.,I get off work at night and I have to walk through a lot of dark streets to get home. I'm always scared I'm going to get attacked.
afraid,167,the first time i got on the rattler,I remember the first time i got in the rattler roller coaster in san antonio _comma_ my anxiety was through the roof
afraid,168,One time me and my friends went to the movies and one of them ate some edibles (weed) and started to panic. I got really worried that something might be wrong but he was just too high and we just waited until he was more sober after we left the movie early.,Me and some friends went to the movies one time and one of them started to panic in the theater. It really scared me until I realized why.
afraid,169,abilities what they can cause,i am so scared... what if ...
afraid,170,i was scared walking home alone,i was scared walking home alone
afraid,171,I heard a noise im my garage and was concerned since it was late at night,So last night im in bed it was aorund 3 AM and i hear a crash in my garage
afraid,172,I don't think I could ever go outside when it is dark ever again.,I don't think I will go outside in the dark ever again.
afraid,173,I get scared walking around my neighborhood. I dont unless I really have to,I dont live in a nice neighborhood. It wasnt like this when I moved here
afraid,174,"I used to live in what other people called a ""haunted house."" I would hear all sorts of sounds at night_comma_ and sometimes see shadowy figures in the dark.",When I was younger I slept in the attic of what everyone thought was a haunted house. There'd be shadowy spectres and sounds all night every night.
afraid,175,Last week_comma_ I got pulled over for speeding. I was in a hurry to get to work.,Last week driving to work_comma_ I got pulled over for speeding.
afraid,176,I was very scared when flying for the first time.,I was very scared when flying for the first time
afraid,177,When I was a child I was chased by a pitbull and I was very afraid. Dogs had always scared me at that age,I was chased by a pitbull as a child_comma_ I was so scared for years afterwards
afraid,178,I saw a spider running across my desk and screamed,Yesterday_comma_ I saw a spider run across my desk and I scream so loud.
afraid,179,i have to take a business trip next week_comma_ I 'm not looking forward to flying,coincidence_comma_ I too I'm taking a trip but a business one_comma_ I 'm not looking forward to flying
afraid,180,One time someone came to my door with a gun. He wanted money but I didn't have any so he stole some items from the house,Someone came to my door with a gun the other day.
afraid,181,I am scared Carson Wentz will never be the same after his injury_comma_ it was brutal,I am scared Carson Wentz will never be the same after his injury_comma_ it was brutal
afraid,182,I am very scared of the ocean.,I hate the ocean. I am very scared.
afraid,183,We went camping in the mountain. We did not know it was bear season. There were a lot of hunters and hunting dogs in the area. They were chasing the bears into one area.,We went camping in the mountain. We did not know it was bear season. There were a lot of hunters and hunting dogs in the area. They were chasing the bears into one area
afraid,184,The other day I found an iguana in my backyard. I hate iguanas!,The other day I found an iguana in my backyard.... I hate iguanas! it was horrinle
afraid,185,The moment I decided to drop out of University_comma_ I had no idea what to do. Thinking about calling my parents and telling them was the most fear enducing madness I'd ever had to endure. Everything felt cloudy and shaky.,Hello there. How are you feeling today?
afraid,186,Roller coaster riding next week,Next week is going to be freaky!
afraid,187,i was scared walking home the other night,i was scared walking home the other night
afraid,188,Last year a tree fell on my house while my family was at home. The tree broke through the ceiling just a few feet away from my daughter. The experience was terrifying.,What a difference a year makes. Last year one evening my family was at home when a tree fell on the house and broke through the ceiling.
afraid,189,My daughter screamed because there was a humongous spider on the kitchen floor. It turned out to be a pretty small one.,"I was eating breakfast when my daughter screamed_comma_ ""There a humongous spider behind you!"""
afraid,190,i was scared to walk home last night,i was scared to walk home last night
afraid,191,I did not want to go on the rollercoaster,I really did not want to go on the rollercoaster. It looked so fast and scary
afraid,192,When a tornado warning came on the screen_comma_ I was scared. I thought it was coming for us,I was scared when we had a tornado warning. I thought it was coming straight for us
afraid,193,I was worried about driving home tonight. A lot of people were swerving,I was worried driving home tonight. People were swerving all over
afraid,194,We had some storming last weekend. It was pretty scary,We had some storming last weekend. It was pretty scary
afraid,195,This afternoon our neighbors dog got loose and he is very aggressive. The kids were outside playing in the yard. I didn't know what to do! My heart was racing..,A dog in our neighborhood got loose earlier while the kids were playing in the front yard. He is very aggressive and I could just imagine being at the hospital later.
afraid,196,One time I saw a ghost in my living room. I was absolutely terrified.,I once saw a ghost in my living room!
afraid,197,Someone got shot near my house the other day. I am terrified now and want to move.,Someone got shot near my house the other day. I am terrified now and want to move.
afraid,198,I am cooking dinner for my boyfriend tomorrow for the first time,I am cooking for my boyfriend tomorrow.
afraid,199,I was pretty terrified when a tornado watch was issued. I was real worried,I was real scared when a tornado watch was issued. It just worried me
angry,0,I get so upset when someone does not agree with what I am doing. I am a grown women and feel I can make good choices for myself.,I get so upset when someone does not agree with what I am doing. I am a grown women and feel I can make good choices for myself.
angry,1,I was at the grocery store the other day_comma_ and when I was walking through the isle and some kid brushed past me and almost knocked me over! I was so mad,I was at the grocery store the other day_comma_ and when I was walking through the isle and some kid brushed past me and almost knocked me over! I was so mad
angry,2,I get so angry when I lose any game.,I get feel so irate when I lose any form of game.
angry,3,I'm so mad_comma_ I was supposed to go out with some friends tonight. But suddenly everyone is busy now_comma_ so im just home alone,I wish that when people say they are going to do something or make a promise_comma_ that they would stick to it.
angry,4,anger: no confidence to speak to girls until age 22,I had no confidence and didn't have a girlfriend until age 22. I carried a lot of hatred towards girls because of this
angry,5,I need a root canal.,I recently found out I need a root canal
angry,6,I was cut off this morning on the way to work. It caused me to crash into the ditch. I am so mad.,I was cut off this morning on the way to work. It caused me to crash into the ditch. I am so mad.
angry,7,I am so mad! I took my car in to the dealership for an oil change and find out I need new brakes! They want to charge me $800 for just the rear brakes!,I am so mad! I took my car in to the dealership for an oil change and find out I need new brakes! They want to charge me $800 for just the rear brakes!
angry,8,My neighbors dogs keep barking_comma_ and my daughter is asleep. I'm afraid they are going to wake her up!,My neighbors dog are barking so loud and my daughter is asleep!
angry,9,My friend took my car without permission a few days ago. Literally...without even asking me!,My former 'friend' took my car for a day or two without even telling me!
angry,10,My boss embarrassed me infront of the investors.,My boss embarrassed me infront of the investors the other day.
angry,11,i let someone out in front of me today and they didnt wave or anything,someone was waiting to pull out in traffic_comma_ i let them out and didnt even get acknowledged
angry,12,i saw a man kicking his dog the otherday,saw a man kicking his dog because it was peeing on a car tire
angry,13,My mother in law always lies and exaggerates everything. It's very frustrating and causes fights between us.,My mother in law always lies and exaggerates things. Sometimes the same story is told two different ways to both my husband and I.
angry,14,My parents keep taking my money,My parents keep taking my money
angry,15,I was in a drive-thru line and someone cut in front of some other people. I confronted the guy about it and he basically told me to take a hike. I was furious and blew up at him. Finally he left the line but he flipped me off when he did.,I almost got in a fight in a drive-thru lineup.
angry,16,I lost my credit card and someone charged 500 dollars on it. I am so upset it happened.,I lost my credit card and someone charged 500 dollars on it.
angry,17,I just got cable installed and I can never find anything good on television. What a waste,I just ordered cable a couple weeks ago and got it installed
angry,18,i was pissed when i saw a dent in my door,i was pissed when i saw a dent in my door
angry,19,I am angry that the person I live with still doesn't like paying bills. You have to pay bills to have things. That is how life works.,I am very upset and a bit disgusted by that the person I live with still doesn't like paying bills. You have to pay bills to have things
angry,20,I had just washed my car last week because I was supposed to drive it through the parade. When I got home I realized that whatever chemicals were used in the car wash had stripped my car's paint!,I had just washed my car last week because I was supposed to drive it through the parade.
angry,21,Someone cut me off in traffic today,Someone cut me off in traffic today
angry,22,My boyfriend cheated on me while I was away visiting family.,My boyfriend cheated on me while I was away visiting family. I was very angry and upset
angry,23,Someone stole an ice chest out of the back of my truck.,Someone stole an ice chest out of the back of my truck
angry,24,I just read an article online recently that said medical marijuana was now OK in the UK_comma_ it was so frustrating to read it because it had no valid reason being banned_comma_ and the way it got legalized was a child (epileptic) being denied it_comma_ and then having seizures every day. its mind blowingly frustrating,Hello! I recently read an article about medical marijuana now being allowed in the united kingdom_comma_ What do you think about it?
angry,25,There's nothing that ticks me off more than someone who tries too hard to make an impression.,I don't get mad easy. But if there's anything that ticks me off a lot it's someone who tries too hard to make an impression. Like if I like you I like you if I don't I don't it's that simple really haha
angry,26,I was driving down the highway and a semi-truck doesn't even look and just merges into my lane. I had to swerve over and luckily there wasn't a car there.,I'm furious_comma_ I was almost killed by a semi-truck because he just randomly merged into my lane without looking!
angry,27,i can't believe my ex borrowed money from me and acts like he doesnt remember,My ex borrowed money from me a long time ago.
angry,28,I found out that my first boyfriend had been cheating on me. I was so mad at him because I knew I deserved better. He never apologized to me about it and I told him I never wanted to see him again.,My very first boyfriend ever cheated on me. When I found out I was so mad.
angry,29,I don't know what makes me more upset a rude employee or the manager I had my food order messed up and Wendy's gave me so much attitude super rude.,Some restaurants just have the worst workers they are so rude and mean to us the customers.
angry,30,My landlord posted a curfew for our complex. Its pointless now the summer is over,my landlord posted flyers about a curfew in our complex
angry,31,I had a performance review at work where I was surprised by the presence of my least favorite person in the company. The account manager part of my position was effectively dissolved and I was forced to answer phones.,Sometimes life just gives you lemons. At an old job of mine_comma_ I had what will probably remain the worst performance review of my life.
angry,32,These kids keep riding their bikes through my lawn! They've killed every one of my flowers!,The kids next door keep riding my bikes through my yard. I asked them to stop but they just laughed at me.
angry,33,My neighbor is out again having a party...I find it strange because he yelled at me on a night before- but he has decided when HE isn't working- it's fine to be loud later at night,My neighbor is out again having a party...I find it strange because he yelled at me on a night before when he was working...but it's okay when he wants too?
angry,34,I just found out my husband is messaging another woman on facebook. He's asking her to meet up with her.,I caught my husband messaging another woman on facebook
angry,35,Asked a relative to care for our pet while we were gone and the dog ended up missing.,Asked a relative to care for our pet while we were gone and the dog ended up missing.
angry,36,I am so mad. Someone took my crystal ball.,I am so mad. Someone took my crystal ball.
angry,37,Not too long ago a people stole my identity. I am so upset by it.,I recently has my identity stolen on the internet.
angry,38,I am piss-off,I am so mad at the republicans.
angry,39,My sister had my laundry for two days and is sending it back dirty.,My sister really gets on my nerves. She was supposed to do me a favor
angry,40,MY son is refusing to go to sleep. I had a long day and am really tired,I had a rough day today and now my son refuses to go to bed
angry,41,I was really mad with my housemate last night. She got in really late and made loads of noise.,I was really mad with my housemate last night. She got in really late and made loads of noise
angry,42,One of my coworkers took credit for a job I had done last month. They told our boss it was their idea_comma_ when they didn't even work on the project.,I got into a argument with a coworker of mine this past month.
angry,43,I can't believe my daughter left the freezer open. The popsicles melted.,my daughter left our freezer open for hours today.
angry,44,I just witnessed someone steal from an old woman walking across the street. Boils my blood!,I witnessed a man rob an old woman walking across the street. Boils my friggin' blood!
angry,45,I was waiting in a check out lane for quite some time. A new cashier came and she took the people at the back of the line.,I was in a check out lane for a while waiting when another cashier comes alone and takes the people in the back of the line.
angry,46,I swear my best friend is alwasy taking advantage of me,I swear my friend is always using me
angry,47,I lost my wallet a t relatives house with $400 cash inside of it_comma_ I immediately told them of of situation and they help look me for it and and expressed sorrow for my bad luck when I returned the following day they had bout a living room suit a immediately gave a story of how they one the lottery the night before _comma_ I was very upset and could hardly hide my true feelings.,Did I tell you about the time I lost my wallet.
angry,48,I was late for the bus and missed it.,I hate taking the but_comma_ today I was late to my stop and got there just as it drove away....
angry,49,I got into a fight with my wife lately and we were so mad with each other.,I got into a fight with my wife lately and we were so mad with each other.
angry,50,My sister always borrows money and never pays it back on time.,My sister always owes me money
angry,51,I won a small contest. So_comma_ my friend was there when I entered the contest_comma_ and he was the one that encouraged me to enter. Now that I won_comma_ he says he deserves some of the winnings because he was the one that made me enter. I disagree. But he keeps bothering me about it.,I won a small contest. So_comma_ my friend was there when I entered the contest_comma_ and he was the one that encouraged me to enter. Now that I won_comma_ he says he deserves some of the winnings because he was the one that made me enter. I disagree. But he keeps bothering me about it.
angry,52,i was furious yesterday when i saw my dog had gotten out of the gate,i was furious yesterday when i saw my dog had gotten out of the gate
angry,53,I'm upset with the federal reserve bank.,I need the federal reserve bank to be open 24/7.
angry,54,I hate when i let someone out during traffic and they dont acknowledge me at all,i was sitting in traffic today and let a person out_comma_ didnt wave or anything_comma_ that junk makes me so mad
angry,55,I really am mad at my brother.,I am really mad at my brother.
angry,56,When my son broke my favorite lamp. I though I was going to hit him,One day my son broke my facorite lamp
angry,57,I saw someone put use gum in a homeless man's cup.,I was walking home from work_comma_ and I saw somebody put their used gum in a homeless man's cup!
angry,58,I applied to get a new passport. They have lost my paperwork.,I applied to get a new passport. They came back to me after two month to tell that they have lost my paperwork.
angry,59,Someone cut me off in traffic this morning.,someone cut me off in traffic this morning.
angry,60,My kids were arguing with each other a lot yesterday. It was so frustrating and I got angry with them.,My kids have been home with me the past couple of weeks (we're doing minimal summer camp)_comma_ and they've been driving each other crazy this week. Yesterday they argued so many times that I got pretty frustrated and angry. It was a tough day.
angry,61,I really don't like a judgmental person. It irks me,I called my friend for advice last night
angry,62,Some guy cut me off in traffic and caused me to swerve to the ramp.,Some guy cut me off in traffic today and caused me to swerve and hit a sign board
angry,63,My father promised to buy me a car when I graduate from university. He never did.,My father promised to buy me a car when I graduate from university. He never did.
angry,64,One of our friends got a call from the school that her 11 year old wasn't at school_comma_ and it turned out to be a mistake. Glad_comma_ but upset at the false alarm.,One of our friends got a call from the school that her 11 year old wasn't at school_comma_ and it turned out to be a mistake. Glad_comma_ but upset at the false alarm.
angry,65,i was pissed when i saw someone had put a dent in my door,i was pissed when i saw someone had put a dent in my door
angry,66,I am so mad that I couldn't go to Disneyland.,I am so mad I couldn't go to Disneyland.
angry,67,I fell into a puddle while I was walking yesterday. I was so mad at myself.,I fell into a puddle while I was walking yesterday.
angry,68,I got angry because my girlfriend cheated on me,My girlfriend cheated on me. Wasn't pleased
angry,69,My pizza got delivered and it's cold. That makes me so upset.,My pizza got delivered and it's cold.
angry,70,Nothing makes me angrier than seeing bullying in any way_comma_ shape_comma_ or form. Especially when it comes to bigotry or racism.,I'm always appalled when I see bullying in action -- whether it's on a playground or political stage -- not much makes me angrier.
angry,71,i just hate when people drive slow in the left lane,people need to move over to the right lane_comma_ i hate when they go slow in the left
angry,72,I get aggravated by people that don't understand personal space.,I wish more people understood the concept of personal space.
angry,73,I got out of work the other day and noticed that someone had slashed one of my tires in the parking lot. I was taken aback and upset,I got off work the other day and noticed one of my tires had been slashed in the parking lot. Needless to say_comma_ not the best way to end the work day
angry,74,I am super ticked at people who just want to make everything upsetting for everyone else. Why can't people just let others be if they are in a bad mood?,I am super ticked at people who just want to make everything upsetting for everyone else.
angry,75,i hate when my kids leave their clothes all over the floor_comma_ i punish their video games but they still manage to leave their clothes on the floor,i really hate when my kids leave their dirty clothes on the floor
angry,76,i was upset when i saw someone left my gate open and our dog ran away,i was upset when i saw someone left my gate open and our dog ran away
angry,77,I was at the grocery store and someone dinged my car with a shopping cart.,I was at the grocery store the other day. When I got out I noticed someone dented my car with a cart!
angry,78,One time I waited over an hour at the DPS office to get my drivers license renewed. Just as it was about to be my turn the lady working there shut it down and said I would have to come back the next day.,I was told to come back the next day after waiting over an hour in line to get my drivers license renewed.
angry,79,Someone stole my ketchup at work. I was so livid about it.,Someone stole my ketchup at work.
angry,80,I'm so mad. My husband ate all my ice cream.,My husband finished the last of my favorite ice cream. That made me so mad.
angry,81,My dog decided to pee on my bed when I wasn't home. I just cleaned it too!,My dog decided to pee on my bed when I wasn't home. Little jerk.
angry,82,Once I was waiting for a friend for an hour to go to dinner and she wouldn't answer her phone!,I can't believe my friend wouldn't answer her phone when I waited over an hour for her to pick me up!
angry,83,I am so mad that my boss made me work Saturday.,I am so mad that my boss made me work Saturday.
angry,84,I had to go to the DMV today to renew my license. It took 4 hours and I ended up having to use a sick day...Not happy!,I had to go to the DMV today to renew my license. It took 4 hours and I ended up having to use a sick day...Not happy!
angry,85,Someone ate my lunch at work.,Today someone at work at my lunch without permission
angry,86,I took my car to my mechanic_comma_ who I thought I could trust. He quoted me $1000 in parts and labor. I took it to another mechanic and he fixed it on the spot for $100.,You just can't trust people any more. My mechanic told me it was going to be $1000 to fix my Jeep.
angry,87,I am upset that England lost in the World Cup.,I am upset England lost in the World Cup.
angry,88,I get so ticked off when I see people leave their grocery carts in the middle of the parking lot. Some people are so inconsiderate!,Nothing makes me mad like when people leave their grocery carts in the middle of the parking lot. How inconsiderate is that?
angry,89,I was upset when my dog tore up my living room couch,I was very upset when I came home to find that my dog had torn up my living room sofa.
angry,90,My boss accused me of messing up on a project when it wasn't my fault_comma_ it was my colleague who messed it up!,My boss accused me of messing up on a project when it wasn't my fault!
angry,91,I am so upset because I lost my favorite shoe. I am late for the gym now!,I lost my favorite shoe today!
angry,92,I did really well on a test last week. I got most of the answers right_comma_ but the teacher gave me a failing grade. The person sitting next to me cheated off of my answers_comma_ so she failed both of us. It's not fair.,I took a test last week that I had studied very hard for. I know I got most of the answers right_comma_ but I got a failing grade.
angry,93,I love my girlfriend but she can get me so angry,I love my girlfriend but she can get me so angry
angry,94,I am so mad I have to work on Sunday.,I am so mad I have to work Sunday.
angry,95,My son crashed my car.,I let my teenage son borrow my car and he crashed it!
angry,96,2,i was mad when i saw my dog was missing
angry,97,I was at the store and I noticed someone cut in front of someone else in line.,I was at the store_comma_ and I saw someone cut in front of someone else in line which made me really upset.
angry,98,The other day while driving. someone cut me off_comma_ when I honked they flicked me off.,Soo the other day I was driving_comma_ got cut off_comma_ and when I honked at the other driver to let him know he almost hit my car_comma_ he flicked me off. I'm still bitter about it.
angry,99,I did my best in my audition and I still didnt get the part!,I did everything I could and acted my heart out and still didnt get the part.
angry,100,My boss scolded me for something I didn't do.,Don't you hate it when you get in trouble for something you didn't do? My boss got mad at me for someone else's mistake.
angry,101,I let my dad borrow my car and he got in an accident. It made my insurance rate increase.,I let my dad borrow my car and he got in a minor accident.
angry,102,I was mad last week when my car would not start. Its always giving me problems,I was mad last week when my car would not start. Its always giving me problems
angry,103,i was upset when i saw someone had dented my car door,i was upset when i saw someone had dented my car door
angry,104,One day my debit card suddenly stopped working.The fraud prevention said it was the bank_comma_ and the bank said it was fraud prevention. After trying to use it again_comma_ I went back to the band and was informed they would need to send me a new card.,I really should have switched banks a long time ago. Nobody over there knows their head from their butt!
angry,105,fell on my keys,im so mad i fell
angry,106,I wasn't happy today when someone ran in to the back of my moms car.,I wasn't happy today when someone ran in to the back of my moms car.
angry,107,My friend came over while I was on a trip and trashed my apartment. I was just livid_comma_ he took things too.,My friend came over while I was on a trip and trashed my apartment_comma_ took things too.
angry,108,My daughter is being bullied at school and her teachers aren't doing a thing about it.,I have no idea what to do_comma_ my daughter has been complaining about bullies. I've had meetings with her teachers but the bullying hasn't stopped!
angry,109,One time I kept waiting for this person to respond to my texts. He never did,One time I kept waiting for this person to respond to my texts. He never did
angry,110,We spent a lot of money on pizza. They didn't deliver what we ordered and then were rude when we called back! It was so frustrating.,We spent a lot of money on pizza. The order was all wrong. They were very rude to us when we called them.
angry,111,I have the worst neighbors. They have company all times of the night and constantly slam the doors.,My neighbors are the worst.
angry,112,Ate at a fancy place the other night with the wife and the food was just terrible it cost that much.,I ate at a fancy restaurant the other night and the quality of the food was awful. So mad I paid that much for it.
angry,113,I was driving home at night and the car heading towards me would not turn off their brights! Damn near made me miss the curve coming up.,On the way home tonight the car coming towards me would not turn off their bights and made me almost miss the curve coming up!
angry,114,i hate when im smoking a cigarrete and the ash drops in my work pants and leaves a stain_comma_ it is easy to get off but i have to wait till i get home,i hate when ash from my cigarette drops in my work pants
angry,115,I'm a bit upset today that the man who has lived here for a couple years has this house falling down around him and isn't fixing anything. He knows how to fix things and has such talents but doesn't use them here.,I'm a bit upset today that the man who has lived here for a couple years has this house falling down around him and isn't fixing anything.
angry,116,it made me mad to see someone put a dent in my door,it made me mad to see someone put a dent in my door
angry,117,I saw a person screaming at a puppy today. I was so upset to see it.,Today I saw a person screaming at a puppy.
angry,118,Somebody said something about me that was not true.,Somebody said something about me that was not true
angry,119,when my girlfriend cheated,i hate when people are unfaithful to there relationship
angry,120,I'm upset about a project my daughter is working on.,My daughter is working on a school project without having all the information on it.
angry,121,I was driving in my car and some person pulled out in front of me. Then they honked on the horn like I made a mistake.,I almost had a crash today!
angry,122,My cat vomited on my rug today,My cat vomited on my rug today
angry,123,I can't really say that I get off balance that easy_comma_ but that guy really made me feel negative.,A few days ago I've met a couple of people that got me feeling negative things_comma_ even though I don't even know them.
angry,124,I felt furious when my brother got my new car into an accident last month_comma_ it was badly damaged,I was really pissed off when my brother ran my new car into a tree last month
angry,125,when i moved into my apartment it was full of bugs!,I was so excited to move to a new state_comma_ but when i moved into my apartment it was full of bugs! ugh
angry,126,I went to the supermarket and as i was getting all of my stuff out of my cart they closed my line. I had to put my stuff back in my cart and change lanes,I got really mad at the supermarket today. I felt like they shouldnt treat customers like that
angry,127,I found a hair in my soup at lunch today. I was not happy.,I found a hair in my soup at lunch today. I was not happy.
angry,128,I am mad at my brother because he broke my bike. He always want to use my stuff and break it.,I am mad at my brother because he broke my bike. He always want to use my stuff and he ends up breaking it.
angry,129,People around my workplace are always leaving litter all around the office and it really makes me mad.,People around my workplace are always leaving litter all around the office and it really makes me mad.
angry,130,My computer crashed while I was working on a project.,My computer crashed while I was working on a project.
angry,131,i was upset when i saw someone had put a dent in my door,i was upset when i saw someone had put a dent in my door
angry,132,My mom yelled at my girl friend for something that wasn't worth yelling about.,My mom can be really mean sometimes.
angry,133,I once found out that my mother threw away my drawing.,I asked my mother where she left my drawing_comma_ she said she threw it out.
angry,134,The other morning at 4 am I was woken by my neighbor's smoke alarm going off. At first I didn't know what was going on_comma_ then I realized and didn't appreciate it!,I wish my neighbors were more considerate. They woke me up at 4am recently.
angry,135,I spilled whiskey all over my keyboard!,I knocked my whiskey cup all over my keyboard.
angry,136,My car got towed when I was getting coffee for my boss,My car got towed when I was getting coffee for my boss
angry,137,I broke my phone,I broke my phone
angry,138,I think someone stole my headphones recently.,I think someone stole my headphones recently.
angry,139,After being married to my first wife for 8 years_comma_ I found out she was having an affair behind my back. It was not a very good time for me.,After being married for 8 years to my first wife_comma_ I found out she was having an affair behind my back.
angry,140,I am so mad at the republicans.,I am so mad at the republicans.
angry,141,I forgot my lunch at home two days in a row.,I forgot my lunch at home two days in a row.
angry,142,A customer is refusing to pay a bill because they claim it has already been paid but cannot provide any proof of doing so.,It is so frustrating having to deal with difficult customers that don't want to pay their bills/
angry,143,I bought some jeans today and brought them home to find out the zipper was broken.,i bought some jeans today. I thought the were so cute.
angry,144,I got into a big argument with my mom. She said that we really needed to get a job but we were already looking for jobs.,I got into an argument with my mom since we really need money and she wants me to get a job.
angry,145,Someone hit my car in the parking lot.,Someone hit my car in the parking lot at the mall.
angry,146,I lost another wallet today. I just can't keep up with those things,I lost another wallet today
angry,147,My boss said that I was rude to a customer earlier this year and that is why I am not getting a raise.,My boss said that I was rude to a customer earlier this year and that is why I am not getting a raise.
angry,148,When my brother got in trouble at school for something he did not do_comma_ I was very mad. I knew he was getting a bad deal,I was very mad when my brother got in trouble something he did not do in school. It just made me hate the principal
angry,149,I get angry with Prime Minister's question time. The MPs just shout at each other.,Are you in the US? We have a thing in the UK called Prime Minister's Question Time which is like a debate shown on TV of our parliament. It makes me very angry.
angry,150,when i found out my wife cheated on me,Im still upset really about what happened_comma_ but I should just get over it.
angry,151,Today I was cut off in traffic and almost hit someone. It really mad me mad.,I got cut off in traffic today and I almost hit someone because of it. It made me so angry!
angry,152,My friend broke my phone that I had worked hard to buy,I bought a really expensive phone that I worked very hard to buy. Sadly_comma_ my friend dropped it and broke it.
angry,153,I just bought some honey buns and the entire box is gone. I didn't even eat any.,I bought a box of honey buns yesterday.
angry,154,I am super frustrated that someone I know keeps ruining their life. They keep repeating the same bad mistakes to destroy everything_comma_ anytime anything good happens.,I am super frustrated that someone I know keeps ruining their life.
angry,155,i hate getting last_comma_ i have always loved winning and there is nothing that makes me more angry than losing in something,there is nothing i hate more than losing in something
angry,156,I am so mad. My dog wont stop barking at every little noise.,I am so mad. My dog won't stop barking.
angry,157,my room mate will not clean anything. It is so ridiculous.,my roommate will not clean anything.
angry,158,My mother in law cannot mind her own business. She always tries to bend my husband's ear to her way of thinking we should do things.,My mother in law cannot mind her own business.
angry,159,I was pretty mad when I got fired last year.,I got mad last year when I was fired
angry,160,My friend wrecked my car when I let him borrow it over the weekend. Now it's a giant hassle to manage insurance,My friend wrecked my car when I let him borrow it over the weekend
angry,161,My girlfriends dog isnt getting potty training. One week she will be great. The next week the only place she doesnt go to the bathroom is outside.,I watch my girlfriends dog every once in a while and she just isnt getting potty training. She is a little over 5 months old and some weeks she does a great job and the next week she'll go to the bathroom everywhere but outside.
angry,162,I was angry when my son destroyed my car,I was angry when my son destroyed my car
angry,163,I lost my wallet at work today. I am so upset I did that.,I lost my wallet at work today.
angry,164,I would be angry if a truck full of rotten salmon smashed through the wall of my room right now_comma_ if I'm being honest. Not only would it destroy most of what I own_comma_ but it would also make the place smell awful for months. And I mean_comma_ the smell is a bit more important_comma_ let's be real.,I am actually furious. I'm writing this from a hotel. A truck full of rotten salmon smashed through the wall of my bedroom yesterday. Place smells awful.
angry,165,I have been without water for two days.,I have been without water for two days and my water company still hasnt fixed the issue.
angry,166,I went to get in my car to drive home after work_comma_ and another car had parked right behind me_comma_ blocking me. I tried calling the number on their dashboard_comma_ and they just ignored my call. I had to get the police to help just to leave.,I've been so frustrated today.
angry,167,I was driving along today and crashed my car. The person pulled right out in front of me!,Hi_comma_ I had a car crash today..
angry,168,I'm pretty mad about the fact my internet bill went up 40 dollars out of no where,I'm pretty mad about the fact my internet bill went up 40 dollars out of no where
angry,169,I was upset when my dog ran away,I was upset when my dog ran away
angry,170,once my brother insulted me infront of my family.,my brother once called me the black sheep infront of my entire family
angry,171,Somebody called me fat the other day,"so i went to the gym the other day and i was using a traidmill and somebody told me ""get off the traidmill fat ***"""
angry,172,I am upset that my brother stole from me.,I am upset that my brother stole from me.
angry,173,I had someone back into my truck last week. I learned today that they did not have insurance!,My car was backed into at the store last week. I found out yesterday that the person who hit me does not have insurance!
angry,174,My son wouldnt go to sleep last night. He kept yelling that he didnt want to sleep and wouldnt go into his room,My son wouldnt sleep last night. He kept yelling and wouldnt go into his room.
angry,175,My radiator broke down in my car that I rely heavily on. It's going to cost 2000 dollars to get a new one!,My radiator broke down in my car that I rely heavily on.
angry,176,People keep littering around my apartment building. It makes me so mad.,People are always throwing their litter around my apartment complex these days.
angry,177,I am so mad at my son. I asked him three times to do his chores and he still hasn't done them.,I am so mad at my son.
angry,178,I broke my coffee maker and now i can't make coffee,I broke my coffee maker today and i'm so mad because i can't make coffee. I can't survive the morning without coffee
angry,179,I lost my car keys at a bar last night.,I lost my keys at a bar last night.
angry,180,My dog pooped on the rug yesterday. I was so mad.,My dog pooped on the rug yesterday. I was so mad at her!
angry,181,I once lost my job and got mad.,I lost my job last year and got really angry.
angry,182,I was angry when my dog got into the garbage can while I was out!,I was angry when my dog got into the garbage can while I was out!.
angry,183,I put in vacation request since January for next week. And now they're telling me they're too busy to let me go.,I put in vacation request since January for next week. And now they're telling me they're too busy to let me go.
angry,184,when my neighbors wouldnt stop their dog from barking and it bit me,I told my neighbor multiple times to stop their dog from barking. They leave it outside the entire day and most of the night!
angry,185,I was sad to see one of the cave rescuers died.,I was glad to see the boys get out of the cave_comma_ but sad that a diver died.
angry,186,My husbands brother stole $500 from us let's talk about someone being beyond mad more like furious.,My brother in law stole from me and my husband I am so mad.
angry,187,I'm a bit upset that my real estate career in Florida didn't go as I had planned.,I'm pretty upset that my real estate career in Florida did not go as I had planned.
angry,188,I was so mad when I got a flat tire last weekend. It was in traffic as well,I was so mad last week when I got a flat. It was in traffic too
angry,189,I am so angry at Donald Trump.,I am so angry at Donald Trump because he order the separation of children from their parents.
angry,190,I came home from vacation to find my home had been broken into. They stole my grandmothers broach.,I came home from vacation to find that my home had been broken into.
angry,191,I was supposed to close on my house this weekend_comma_ but the people are refusing to move out!,I was supposed to close on my house this weekend_comma_ but the people are refusing to move out!
angry,192,I was furious when I got in my first car wreck,So I was driving on the interstate and another car ran into the back of me.
angry,193,A man poured a beer on me at the bar. I was so upset at him!,A man poured a beer on me at a bar.
angry,194,The traffic was so bad this morning. It just makes me so mad.,The traffic was so bad this morning.
angry,195,I asked for extra pickles on my burger at McDonald's. When I got it they only put 5 pickles on it!,I really like pickles on my burgers so I ordered mine with extra pickles today.
angry,196,I'm pretty upset I got a flat on the way to work today. I was late and I'm down 200 dollars.,I'm pretty upset I got a flat on the way to work today.
angry,197,I'm so mad. Some guy hit my car while I was siting at a light and then ran off!,I was sittiing at a traffic light and I was hit from the side by car. Instead of staying_comma_ the driver just drove off. I'm so upset!
angry,198,Im tired of paying rent. Id rather have a mortgage and own my home,Paying rent is starting to make me mad.
angry,199,My daughter made us late on the first day of school.. I hate being late,My daughter made us late on the first day of school
anxious,0,I had no idea if I was gonna do well on my midterm. It made me so worried.,I was so worried before I did my calculus midterm.
anxious,1,I am really nervous about my upcoming job interview. I am concerned i might screw it up,I feel so nervous about my upcoming job interview
anxious,2,My eye is itchy and my eyelid is droopy,I woke up this morning and my eye is itchy and my right eyelid is drooping
anxious,3,I have a presentation soon. I always get nervous talking in front of people.,I have a presentation soon. I always get nervous talking in front of people
anxious,4,i don't like the feeling of the unknown,i don't like the feeling of the unknown
anxious,5,I have to go to the dmv on friday. I am nervous about it,I have to go to the dmv on friday. I am nervous about it
anxious,6,My dog got into some grapes the other day when my toddler had hid them in a toy and the dog found them. I know grapes are not good for dogs! It made me so nervous!,My dog got into some grapes the other day when my toddler had hid them in a toy and the dog found them. I know grapes are not good for dogs! It made me so nervous!
anxious,7,Waiting for my results,Waiting to see if I would graduate was pretty unnerving
anxious,8,Fair rides make me nervous.,Do you like fair rides? I can't take them myself.
anxious,9,I am pretty nervous about my doctors appointment on Thursday.,I am pretty nervous about my doctors appointment on Thursday.
anxious,10,I've got some big medical tests coming up. I wish they would have done them that day_comma_ but I have to wait now.,"I""ve got some big medical tests coming up."
anxious,11,When I was a little kid I participated in a spelling bee. I was nervous at first but ended up taking first place.,I was nervous at first in the spelling bee...but ended up taking first place out of 100 plus kids
anxious,12,I was waiting to see if I was going to receive an award,I was waiting to see if i was going to receive an award
anxious,13,I can't wait until Friday to know if i got the promotion... the wait is killing me,I can't wait until Friday to know if i got the promotion... the wait is killing me\
anxious,14,My grandmother is having surgery this week. I hope everything goes good!,My grandma is having surgery this week_comma_ I'm nervous for her.
anxious,15,I had an interview for a hospital I want to volunteer at,I had an interview for a hospital I want to volunteer at but I felt a little under-qualified
anxious,16,I had to get my foot checked at the doctor recently.,I had to get my foot checked out at the doctor recently.
anxious,17,i cant wait until next week,i cant wait until next week
anxious,18,I get really nervous when I have to confront someone and be assertive.,Whenever I have to be assertive or confront someone_comma_ I get super nervous.
anxious,19,My dad had a stroke about a month ago and we've been waiting to see if he would recover 100%. Thankfully he did_comma_ but the waiting was pretty intense.,My dad had a stroke about a month ago and we've been waiting to see if he would recover 100%.
anxious,20,I am so ready for Halloween this year. Its my favorite holiday,Halloween is my favorite holiday
anxious,21,I have my job interview tomorrow. I never have been so nervous.,I have my job interview tomorrow.
anxious,22,I can't find my phone anywhere. Everything is in it!,I can't find my phone anywhere. Everything is in it!
anxious,23,I was in my car and got stuck in traffic. everyone was honking and it was kinda scary.,On my way home i got stuck in traffic. and everyone kept honking and yelling at eachother
anxious,24,One time in school_comma_ I was asked to give a speech in front of the class. I really don't like speeches and was nervous leading up to the speech.,I had to give a speech one time in school and I was very nervous for it.
anxious,25,It was my first day ever teaching high school. I have only ever taught elemebtary school and I was so scared to make a fool of myself,I have been a teacher for over 10 years. But have only taught the little kids. This year my district moved me up to the high school.
anxious,26,I hope I do well on my test Monday. I studied hard but math is my worst subject.,I hope I ace my math test on Monday.
anxious,27,I drank all the coffee this morning and didn't share the whole pot with anyone. Now I feel very strange.,Do you like to drink the coffee drinks?
anxious,28,I can't wait to get this baby out! I feel like I've been pregnant forever,I can't wait to get this baby out! I feel like I've been pregnant forever
anxious,29,I am going to have a quiet night alone tonight. I cant wait,I finally get to have a night alone
anxious,30,My boss is coming for dinner tonight with his wife. Many things could go wrong I hope they don't or I probably won't be getting a raise.,My boss is coming for dinner tonight with his wife.
anxious,31,I was expecting a person to show up at my meeting. They are not very nice!,I have a business meeting today.
anxious,32,I was so tired when I went to change the bird food_comma_ the bird water bottle cracked on the ground,I hate when I am tired.
anxious,33,There's a bad storm coming in tonight. I'm nervous about the damage it might do.,I'm getting pretty nervous about this bad storm headed for the city tonight.
anxious,34,The other week I was walking a friend's dog as a favour_comma_ but while out with the dog I lost it and could not find it for ages. It had run off into some trees_comma_ I was really getting anxious about it,Luckily it didn't end unhappily_comma_ the dog came back
anxious,35,I hate storms so much. We are supposed to be getting bad storms tonight. I have a feeling I won't be getting any sleep.,I hate storms so much. We are supposed to be getting bad storms tonight.
anxious,36,Tomorrow I have to give a big speech to my colleagues at work. I am very nervous.,I have to give a major speech tomorrow at work early in the morning.
anxious,37,My a/c is going out and it is supposed to be real hot today. I hope it doesn't break on me.,I can't get my house to cool down. I think the a/c is going out
anxious,38,I just dropped my son off at daycare for the first time. It was the first time I've been away from him for more than a couple hours.,I dropped my son off at daycare for the first time this week.
anxious,39,My family is trying to set me up with a family friend's kid.,My family is trying to set me up with a family friend's kid.
anxious,40,I have been having nightmares every night. I am not looking forward to going to sleep tonight.,I have been having nightmares every night.
anxious,41,I just took an English teacher certification test. I can't wait for the results to come back.,I am hoping to become an English teacher but I am waiting on test results to come back.
anxious,42,I anticipated greatly going to see a car on Craigslist. It was a really good deal so I wanted to see it right away.,I saw an amazing deal for a car on Craigslist! I couldn't think about anything until I got a chance to see it!
anxious,43,I was at the doctors office waiting for the results of a blood test and I was a little scared,I was at the doctors office waiting for the results of a blood test and I was a little scared
anxious,44,i hope that i can see my family by the end of the year,i hope that i can see my family by the end of the year
anxious,45,One time I walked into a final knowing damn well that I was gonna fail. Just the idea of knowing that I was gonna 100% fail was so nerve wracking.,I walked into a final knowing that I was gonna fail and it was so nerve wracking.
anxious,46,There was a wasp in my room this mornnig,There was a wasp in my bedroom when I woke up!
anxious,47,im excited to go to a concert on sunday_comma_ it should be awesome,im going to a concert on sunday and i cant wait!
anxious,48,I had to explain how something works at my job in front of a bunch of people. I'm not a fan of talking in front of a crowd.,Work was not a good experience today.
anxious,49,I was nervous when it storm last weekend. It rained hard,I was nervous when it stormed over the weekend. It was raining hard
anxious,50,I am going to look for a job as soon as school starts. Im excited.,I am about to enter the workforce again soon. Hopefully
anxious,51,The first day of my new job_comma_ I was very anxious. I felt like it was just a completely different world.,I was pretty anxious on my first day of work. It was like a new world I was entering.
anxious,52,I've been having to pee a lot lately. I know that's one of the symptoms of diabetes_comma_ and my dad has diabetes_comma_ too. Kind of worried to go to the doctor and get checked out.,I've been having to pee a lot lately. I know that's one of the symptoms of diabetes_comma_ and my dad has diabetes_comma_ too. Kind of worried to go to the doctor and get checked out.
anxious,53,One time I had been to a job interview. I was told that I would hear back in a week. I could not wait to find out if I got the job,I just had a job interview and I'm waiting to hear if I got the job.
anxious,54,I am about to embark on a three month trip. I am having second thoughts about it.,I am having second thoughts about my three month long trip.
anxious,55,can i do it alone?,can i really do everything alone? i just feel so useless
anxious,56,Tomorrow I start my new job.,Tomorrow is a fine day for me - I start my new job.
anxious,57,i am moving out of this country soon and i'm worried about my university,i am moving out of this country soon and i'm worried about my university_comma_ because i'll have a lot of exams to do and not gonna lie i'm stressed out.
anxious,58,I submitted a form to receive notifications for my banking app. I don't know why but the waiting got me feeling antsy..,"I submitted a form to receive notifications for my banking app. I don't know why but the waiting got me feeling antsy.."""
anxious,59,I have an exam tomorrow.,Hi_comma_ I have a very important exam tomorrow.
anxious,60,My mother had to have a medical test the other day and it took forever. They should not make people wait like that when it's a serious test.,My mother had to have a medical test the other day and it took forever.
anxious,61,I have to go to the doctor tomorrow. I hope I get a clean bill of health.,I have a doctor appointment tomorrow for a check up.
anxious,62,I can not wait for my best friend to visit from Germany.,I can not wait for my best friend to visit from Germany.
anxious,63,My family came to visit me recently. I always get nervous before having visitors.,my family came to visit recently_comma_ i always get so nervous about people visiting.
anxious,64,I don't like to go shopping at big stores. Whenever I think of going to a big store like walmart oe Meijers_comma_ I start feeling panicked.,I don't like to go shopping at big stores.
anxious,65,I was hit by a tornado in the middle of the night and now I can't stand big storms.,I am so super scared of big storms.
anxious,66,I was waiting to see if I got a job I interviewed for. I was nervous because I didn',I applied for a job once that I really wanted. I can remember nervously waiting for a call back.
anxious,67,When I first registered for university after having been out of school for 4 years. I wasn't sure if I was still going to be able to do the work.,It was such a relief that I knew the work they were doing in school.
anxious,68,I start a new job on monday.,I start a new job on monday.
anxious,69,I seriously can NOT wait to finish work so I can go to the beach.,Im going to the beach after work_comma_ and I am so excited_comma_ cant wait.... counting down every little second.
anxious,70,I start back at work soon. The beginning of the school year always has me on edge.,The school year starts again soon_comma_ which means I have to start working again.
anxious,71,anxious: idk if can save enough,I feel uneasy because I don't know if I will be able to save enough money in time
anxious,72,Today was a big deadline at work. We have various support responsibilities_comma_ so I was worried that it may not go as well as planned.,Man_comma_ I really thought today could be a crazy day.
anxious,73,I have an exam and cant help but feel something bad will happen.,I have an important exam tomorrow and feel that something bad will happen.
anxious,74,I am feeling anxious about my test tommorrow,I am feeling anxious about my test tomorrow
anxious,75,I am expecting the reports from my doctor. I am not sure what is the matter with me and will find out.,I hope to get the good news from the doctor today.
anxious,76,I am so worried about my math test coming up. I am afraid I will flunk it. I need to study more.,I got a big math test coming up. I am so worried I will flunk it.
anxious,77,Uni is starting up soon and im nervous,Uni is starting up soon and im nervous
anxious,78,I didn't pay my taxes this year. I am nervous I may get audited.,I didn't pay my taxes this year.
anxious,79,I'm going to ride a jet ski for the first time this weekend.,I'm going to ride a jet ski for the first time this weekend.
anxious,80,next week i will be presenting my project,i will be presenting my project to the company and am tensed about it
anxious,81,I have been waqiting to hear back about my second interview for a new job.,I have been waiting to hear back about my second interview for a new job
anxious,82,I was having serious medical issues so I went to the doctor. They worried it was all these terrible things_comma_ so they had to run tests.,I went to the doctor for medical problems.
anxious,83,My husband and I both work for ourselves_comma_ so as the end of the month approaches_comma_ we can sometimes feel a little worried about bringing in the funds we need.,"My husband and I both work for ourselves -- a blessing and a curse at times_comma_ since it can be tough to determine a ""regular"" income."
anxious,84,I feel nervous most of the time but when my regional boss comes into town it gets pretty bad,I feel nervous most of the time but when my regional boss comes into town it gets pretty bad
anxious,85,I am so ready for this weekend. The kids are leaving and I get to do absolutely nothing,Kids are going to my sisters for the weekend. I can't wait
anxious,86,i will be having an exam next week,am so anxious about the exam and i feel like i am not ready for it
anxious,87,I am feeling this way while I am preparing for grad school.,Getting everything ready for grad school is so stressful.
anxious,88,i am nervous for a meeting i have later,i am nervous for a meeting i have later
anxious,89,I'm taking the California Bar exam in February and I am suuuuper nervous.,I'm taking the California Bar exam to become an attorney in February and I'm sooo nervous!
anxious,90,I'm ready for Fall weather to arrive.,I'm tired of this hot weather. I'm ready for Fall.
anxious,91,I have a Dr appointment tomorrow to make sure my cancer is still in remission.,I have a Dr appointment tomorrow to make sure my cancer is still in remission.
anxious,92,When I order something online_comma_ I am so impatient to receive it,When I order something online_comma_ I feel so impatient waiting to receive it
anxious,93,Work has been slow lately_comma_ making me stressed.,5
anxious,94,I've got a lot of bills that are overdue_comma_ and can't afford to pay them yet. I'm really worried about my financial future right now.,Finances aren't great right now. I've got a lot of bills that are overdue_comma_ but I can't afford to pay them :(
anxious,95,I had to go in for an mri scan due to some headaches. Fortunately the mri was clear_comma_ but my mother has MS and we were worried.,I had to go in for an MRI scan due to some headaches that the dr couldn't get figured out.
anxious,96,Big day next week and I can't wait. My daughter will be in an Honors class her freshman year.,I am excited for my daughter starting school week after next.
anxious,97,i cant wait to hear if my house sells. i am so nervous,Hey_comma_ I have some good news.
anxious,98,I am stressed by my blood test results that I will receive tomorrow.,I am stressed by my blood test results that I will have tomorrow.
anxious,99,when im stuck in high traffic my anxiety goes through the roof,When ever i drive around 3 pm or 4 _comma_ or even at 7 am _comma_ my anxiety goes through the roof crazy traffic i honestly would not drive if i did not have too
anxious,100,I'm moving next week and i'm unsure about it.,I'm moving next week and i'm unsure about everything.
anxious,101,I woke up yesterday and forgot I had a midterm exam later that same day. I had to quickly cram because I was worried that I wouldn't remember the material for the test.,Hey_comma_ yesterday I forgot I had a test and spent the entire day worrying about it while trying to study.
anxious,102,I have a dentist's appointment today. I have always hated going to the dentist_comma_ so much pain.,I am nervous about going to the dentist's office today.
anxious,103,I'm going on a work trip this weekend_comma_ but I hate flying. I'm really nervous about the flight.,My work is sending me on a business trip_comma_ but I'm really nervous about getting on the plane.
anxious,104,the new madden came out today_comma_ i was so amped for it,madden came out today_comma_ i was so stoked
anxious,105,I had a job interview today and im super nervous. I think it went well but I won't find out about it until Friday,Im so nervous and I have to wait until friday before this feeling goes away
anxious,106,I recently flew for the first time on an airplane. My anxiety was through the roof!,I recently flew for the first time on an airplane!
anxious,107,I am not looking forward to my job interview_comma_ I do not want to do poorly,I am not looking forward to my job interview_comma_ I do not want to do poorly
anxious,108,everytime i order something i really want it makes my anxiety go through the roof,I remember ordering tattoo machines _comma_ then was given the the date of delivery it was going to take 5 weeks that put my anxiety through the roof
anxious,109,I had to have some tests run due to an unclear mammogram. It took days for the results to come back and thankfully they were all clear.,I had to have some extra tests ran a few weeks back due to an unclear mammogram.
anxious,110,I am starting a job next week in a new school as a teacher and I have to give a speech in front of the entire school. Pubic speaking in front of that many people isn't my favorite thing.,I am starting a job next week in a new school as a teacher and I have to give a speech in front of the entire school. Pubic speaking in front of that many people isn't my favorite thing.
anxious,111,i was nervous about my car overheating,i was nervous about my car overheating
anxious,112,I am ready for my birthday next week.,I am ready for my birthday next week.
anxious,113,I can't wait for school to start. Just a couple more days,Just a couple more days and they are outta here
anxious,114,I was talking to my aunt on the phone but I felt awkward and nervous because I am not good at talking.,I was on the phone with my aunt. I am so awkward and bad at speaking so I was nervous.
anxious,115,I'm going on a flight next week and I haven't been on a plane before. It makes me quite nervous and scared,I'm going on a flight next week and I haven't been on a plane before
anxious,116,One time I had an in person interview for a job. I did not really feel prepared for it,I had a job interview that I didn't really feel prepared for.
anxious,117,I was really nervous when starting a new job a few months ago..,I was really nervous when starting a new job a few months ago..
anxious,118,I'm pretty worried about what the future will hold. I hope it's bright!,I'm pretty worried about what the future will hold. I lose my job tomorrow. Trying to keep my head up!
anxious,119,We have to fly across the country this coming weekend and I hate flying so much! I feel dizzy just thinking about it.,We have to fly across the country this coming weekend and I hate flying so much! I feel dizzy just thinking about it.
anxious,120,I start my new ob tomorrow. I am so nervous.,I start my new job tomorrow and I am so nervous about it.
anxious,121,I have a job interview coming up next week. I'm a little nervous about it.,I've got a job interview next week. I'm feeling a little uneasy about it.
anxious,122,i have a test this week and im scared,i have a test this week and im scared ill do bad
anxious,123,I've a bit nervous. I've got a blind date tomorrow.,I've a bit nervous. I've got a blind date tomorrow.
anxious,124,Having an existential crisis and realizing I'm going to die and there's no way to know what will happen when I do,I recently had an existential crisis. It was awful
anxious,125,i felt anxious when i do _comma_my work in office,i felt anxious during my work. the finance related work which gives me satisfaction
anxious,126,I am so ready for the first Monday Night Football game.,I am so ready for the first Monday Night Football game.
anxious,127,I'm very socially awkward,I'm very socially awkward and tomorrow i'm going to have a playdate with some local moms and i'm so anxious
anxious,128,I was very nervous to fly on a plane.,I was flying to Alaska and it was a nervewracking flight.
anxious,129,I have to go to a doctor's appointment on Monday. Hospitals make me so nervous.,I have to go to a doctor's appointment on Monday.
anxious,130,I've been having some serious headaches lately. I don't know why.,I've been having some serious headaches lately. I don't know why.
anxious,131,I am nervous about my upcoming job interview_comma_ it has been awhile,I am nervous about my upcoming job interview_comma_ it has been awhile
anxious,132,I have a date tomorrow night with a someone new I just met. I think I really like her so I am feeling some butterflies right now.,I met a new girl and have a date with her tomorrow night. I have a lot of butterflies in my stomach right now!
anxious,133,When my pet got badly injured a few months ago_comma_ I thought for sure that she would not make it.,My aggressive pet rat attacked the baby rat and left her a horrible gash on her abdomen!
anxious,134,Tehre was a wasp in my room this morning,There was a wasp in my bedroom when I woke up this morning.
anxious,135,I have to go into a new job today. My friend told me it wasn't any fun.,I am starting a scary type of new job today.
anxious,136,I had gone on an interview for a job I wanted. I was waiting to hear back_comma_ but it was taking a really long time for them to contact me.,The last job interview I went on also went well_comma_ but it took a long time to hear back from them.
anxious,137,A few months ago_comma_ a good friend of mine that I look up to attempted suicide. Thankfully he survived and is doing much better now_comma_ but I just felt so shaken up by the whole thing.,A few months ago_comma_ a good friend of mine that I look up to attempted suicide.
anxious,138,I let my health insurance coverage lapse and don't have any insurance right now. Figured I'd be okay since I'm young and haven't gotten sick or hurt in years. Just yesterday_comma_ someone smacked into me and my leg hurts a ton now.,I let my health insurance coverage lapse and don't have any insurance right now. Figured I'd be okay since I'm young and haven't gotten sick or hurt in years. Just yesterday_comma_ someone smacked into me and my leg hurts a ton now.
anxious,139,ive been feeling really nervous for the past few days and i cant quite tell why_comma_ Nothing is specifically going wrong but on the other hand it feels like something is going wrong,gosh ive been feeling so nervous for the past 24 hours_comma_ its almost like an impending sense of doom_comma_ To my knowledge theres nothing about to go wrong or blow up in my face but it feels like something is going badly
anxious,140,Before my final math exam. I needed to score a 90%.,Have to get a high mark on this exam.
anxious,141,I've been having to deal with me and my wife's new business and it's been kind of sttressful.,I've been having to deal with me and my wife's new business and it's been kind of stressful.
anxious,142,I have to go into get my tooth pulled soon. I don't do well at the dentist.,I have to go get my tooth pulled soon. I hate the dentist
anxious,143,i cant wait to see if i got a raise on my next paycheck,i cant wait to see if i got a raise on my next paycheck
anxious,144,i have a huge bachelor party coming up_comma_ feeling nerouvs,4
anxious,145,I start a new job on Monday! I am excited but very nervous!,I start a new job on Monday! I am excited but very nervous!
anxious,146,I wasnt sure how I was going to pay my car insurance on time. If I didn't_comma_ it would get canceled.,I made it happen!
anxious,147,"I think it's funny how I got the lead role for ""The Selfish Giant"" in my elementary school play....I was the shyest kid in my class and was really nervous at first...but I nailed it twice and had parents and teachers crying when my character died_comma_ it was hilariously cool","Back in elementary school I got the lead role in a play_comma_ ""The Selfish Giant"" based off Oscar Wilde's short novel...I was really nervous and timid at first...but knocked em dead 2 nights in a row_comma_ had parents and teachers crying and applauding it was pretty hilarious"
anxious,148,anxious: I can't help feel stressed about money,I can't help feel stressed about money
anxious,149,My fiance works as a technician installing internet at peoples homes_comma_ and they are always tipping him. Often with food and it makes me nervous sometimes.,My fiance works as a technician installing internet at peoples homes_comma_ and they are always tipping him. Often with food and it makes me nervous sometimes.
anxious,150,I have my performance appraisal tomorrow at work! I am really nervous!,I have my performance appraisal tomorrow at work! I am really nervous!
anxious,151,I felt really nervous when I took my driving test,felt really nervous when I took my driving test
anxious,152,I took a test for my class last week. I didn't prepare for it at all. I'm so nervous waiting for the results to come back!,I took a test for class last week. I didn't prepare for it at all. So right now I'm so worried waiting for the results.
anxious,153,A couple weeks ago_comma_ I was up for selection for a promotion at my job. I have been preparing for the promotion for the past couple of months. The days leading up to the promotion board were very high strung and I was very anxious.,Hello_comma_ my friend. I just received my promotion results back and it turns out I was not selected - which is a colossal bummer.
anxious,154,School starts in a few days. I am too excited.,School is about to start. Summer is over.
anxious,155,My girlfriend lost a lot of weight.,My girlfriend lost a lot of weight.
anxious,156,im waiting for bloodwork to come back,im waiting for a test work to come back and im kinda sweating it
anxious,157,Every time I walk across a major street I am afraid I am going to be hit. I use the crosswalk and look both ways but I keep thinking someone will not stop. I wish I didn't worry so much.,When I cross a major street I am always worry about getting hit by a car. I try to be careful and only cross at the crosswalk but I am still nervous.
anxious,158,Thieves came to break into our compound last week_comma_ but was caught,Thieves wanted to break into my compound _comma_ when they were caught_comma_ I was eager to see their faces
anxious,159,I shot a roll on 35mm film. I was very excited to see the results.,I shot a roll on 35mm film. I was very excited to see the results.
anxious,160,School starts back in 2 weeks. I'm a bit nervous about the new students/class that I will have.,I'm a teacher. School starts back for me in two weeks.
anxious,161,I am so ready for September.,I am so ready for September.
anxious,162,My thermostat is out of control. Feels like winter here.,My thermostat is out of control. Feels like winter here.
anxious,163,I've got an employee review at work on monday.,I've got an employee review at work on monday.
anxious,164,I always feel anxious in a crowded room,I always feel nervous in a crowd.
anxious,165,I was anxious when I applied for graduate school,I was anxious when I applied for graduate school
anxious,166,I am so prepared for this storm coming up. But I didn't buy any fun stuff..,I have a new storm shelter and food. But I didn't get anything to play with for the storm.
anxious,167,I'm not really sure if I am going to be able to find a gift for my wife's birthday.,I'm not really sure if I am going to be able to find a gift for my wife's birthday.
anxious,168,I am really nervous for my swimming test next week.,I am really nervous for my swimming test next week.
anxious,169,I took a huge test today and man it made me so nervous. I really hope I did well on it.,I took a huge test today and man it made me so nervous. I really hope I did well on it.
anxious,170,My son had to have surgery to remove his tonsils last month. I know it's a routine procedure_comma_ but I could not sit down for the entire time and I was so relieved when they said everything went just fine.,Last month my son had to have surgery to have his tonsils removed.
anxious,171,I have a dentist appointment tomorrow and it's starting to make me a bit nervous. I have to get a filling replaced.,I am so nervous. I have to go to the dentist tomorrow to get a filling replaced.
anxious,172,I am so ready for the weekend_comma_ I get to drive a NASCAR.,I am so ready for the weekend_comma_ I get to drive a NASCAR.
anxious,173,I am learning how to wake-board this weekend! I am really nervous though!,I am learning how to wake-board this weekend! I am really nervous though!
anxious,174,When I went back to work_comma_ I felt very uneasy about taking my infant to daycare. I was so afraid something would happen to him_comma_ I quit my job after three weeks back to stay home with him full time,When I went back to work I felt very uneasy about taking my infant to daycare. I was so upset and worried.
anxious,175,My husband was up for a big promotion. We waited a long time_comma_ but finally it came through.,My husband was up for a big promotion and we had to wait forever.
anxious,176,Going to the dentist always worries me.,Going to the dentist always has me on edge. I hate it!
anxious,177,when i don't know what's going to happen it gives me so much stress,when i don't know what's going to happen it gives me so much stress
anxious,178,I got laid off a few months back and was really worried about paying my bills. It was consuming me. But I ended up getting a new job the week my unemployment ran out!,I lost my job earlier this year. I was really worried about how to pay my bills and finding a new job.
anxious,179,waiting for my twins to be born,my twins will be born tomorrow morning! i wont be able to sleep tonight
anxious,180,I have my math test tomorrow and didn't study. I don't feel very good about it.,I have my final math test tomorrow.
anxious,181,I couldn't get any sleep last night. Something was scratching on my window.,Man I couldn't get any sleep last night.
anxious,182,I always get nervous when I drive. The possibility of getting into a car accident is nerve wrecking.,I always get nervous when I drive. The possibility of getting into a car accident is nerve wrecking.
anxious,183,I've got to give a big speech at a wedding tomorrow and I'm getting shaky just thinking about it. I wish I could just get it over with.,I'm in a wedding party tomorrow_comma_ and I've been called upon to give a big toast during the reception.
anxious,184,I am worried I won't wake up to my alarm,I am worried I won't wake up to my alarm
anxious,185,I am worried about my cat. She is acting kind of strange. I hope she doesn't have an illness.,I am worried my cat is not feeling well. She doesn't move around much. I hope she doesn't have any health problems.
anxious,186,I took a test to get into Mensa. I didn't know how I did and really wanted to get in. I was worried about it!,"I took a test to get into Mensa. I didn't know how I did and really wanted to get in. I was worried about it!"""
anxious,187,when i was waiting on my baby to be born,i was on pins in needles waiting for the arrival of my first born
anxious,188,I had a video job interview.,I had a video job interview. That was a new experience.
anxious,189,I am worried about how I'll pay rent on time.,I am worried about how I will pay rent on time this month.
anxious,190,I came home and my outside window to my cat room was broken. It makes me feel scared as I am in a bad neighborhood and would like to know what happened when I wasn't home?,I came home and my outside window to my cat room was broken.
anxious,191,I was on my first blind date!,it was my first blind date and I was thinking_comma_ what am I doing here.
anxious,192,I can't wait for summer to be over. I want the heat to be over.,I am so ready for summer to be over
anxious,193,I'm going to drive a truck. Never driven a car that big before.,I'm going to drive a truck. Never driven a car that big before.
anxious,194,I am so ready for Thursday.,I am so ready for Thursday.
anxious,195,The night before a job interview I have a difficult time sleeping. I get too nervous about meeting them,I have a difficult falling asleep before a job interview
anxious,196,I was nervous for my mom's surprise party,I was nervous for my mom's surprise party
anxious,197,I was nervous my first year of college. I just did not know anyone,I was nervous my first day of college. I did not know anyone
anxious,198,I just can't wait until this weekend! I am going on a trip to the Bahamas for a week! I can't stop thinking about it!,I just can't wait until this weekend! I am going on a trip to the Bahamas for a week! I can't stop thinking about it!
anxious,199,I have my final exam tomorrow. I am so nervous!,I have my final exam tomorrow. I am so nervous!
devastated,0,I had to put my cat to sleep last week. He was old_comma_ sick and in pain so it was time. I am still so heartbroken_comma_ though.,I had to put my cat to sleep last week. It was so hard.
devastated,1,My fiance died when I was 18,Ok_comma_ buckle up this one's sad. My fiance died when i was 18
devastated,2,I have to put my dog down.,I have to put my dog down_comma_ she's so sick. I don't know how I am going to cope with this.
devastated,3,Right after buying a brand new phone I dropped it and shattered the screen. I barely had any time to use it.,I bought a new phone recently and not long after i dropped it and shattered the screen_comma_ first time this happens and it was just terrible.
devastated,4,I was broken when i heard a bad news from my office,Some of my collegues wete sacked by the management
devastated,5,I was devastated when I lost my Phone,I was devastated when I lost my phone
devastated,6,My car was broken into.,My car was broken into last night. I lost my laptop_comma_ loose change I had in the cupholders_comma_ my GPS_comma_ and they yanked my radio set out.
devastated,7,My cat that I had since she was a kitten passed away. She was only four years old. I was completely crushed.,My kitty that I had since she was a kitten passed away. She was only four years old.
devastated,8,When my dog Buddy died_comma_ I was horribly upset.,When my dog Buddy died_comma_ I was horribly upset.
devastated,9,I was sad when my cat died. He was so sick,I was sad when my cat passed away. He was so sick
devastated,10,I was shocked when Lebron left the Cavs again,I was shocked when Lebron left the cavs again!
devastated,11,I was so hurt when i found out a friend of mine lost his brother,My friend lost his brother recently and it was so sad
devastated,12,i took a pregnancy test just to find out it was negative,i took a pregnancy test just to find out it was negative
devastated,13,My wife is going to divorce me. I am so sad about it.,My wife is going to divorce me.
devastated,14,i was crushed when i couldnt get the day off,i was crushed when i couldnt get the day off
devastated,15,I applied for a job and thought I was going to get the position. They called and told me that the position had already been filled. I was devastated.,I just received a phone call that I didn't get the job I applied for. I am devastated.
devastated,16,I couldnt believe i didnt win the lottery yesterday!,I couldnt believe i didnt win the lottery yesterday!
devastated,17,I had written a 20 page paper for a class. Before I could save it the computer crashed and lost all of my work.,I wrote a 20 page paper for a class. I walked away from the computer for a second and when I returned I had lost all of my work.
devastated,18,My wife just told me today that my vasectomy failed_comma_ if you know what I mean.,My wife just told me today that my vasectomy failed_comma_ if you know what I mean.
devastated,19,My cat passed away the other day. I've been so distraught over it.,My cat passed away the other day.
devastated,20,A friend let me know the morning of Christmas of 2007 that my best friend had fallen off of a roof and died.,The hardest time in my life was when my best friend died on Christmas of 2007.
devastated,21,My puppy died very suddenly a year ago. I still feel so terrible. I miss him a lot,My puppy died suddenly a year ago. I still miss him like crazy.
devastated,22,We have to make an expensive car repair. This is coming just after finding out our roof is finally kaput.,We have to make an expensive repair to our car.
devastated,23,I saw my ex-girlfriend on a date with my best friend. I am so hurt right now.,I saw my ex-girlfriend on a date with my best friend.
devastated,24,My mom lost her battle with cancer.,My mom lost her battle with cancer_comma_ I was prepared for it but it still hurts so bad.
devastated,25,I put a deposit down on a dog_comma_ but it died before I could pick it up. I was so sad.,I put a deposit down on a dog_comma_ but it died before I could pick it up. I was so sad.
devastated,26,My mother in law was recently placed in hospice and is not expected to live much longer.,My mother in law was recently placed in hospice and is not expected to live much longer.
devastated,27,My little brother go in a car crash over the weekend. I was so upset,My little brother go in a car crash over the weekend.
devastated,28,The first time I heard that Steve Irwin had died I couldn't believe it...he was like my childhood hero. It was such a tragedy_comma_ the guy gave so much to the world,Steve Irwin's death was kind of a shock to me since he was like a childhood hero of mine...that guy gave so much to the world_comma_ it's such a tragedy
devastated,29,My flight got cancelled and I missed my son's birthday.,My flight got cancelled and I missed my son's birthday.
devastated,30,My neighbors chopped down a tree in my front yard while I was away from my house. I felt so angry and upset.,I came home and I quickly realized that my neighbors chopped down a tree in my front yard while I was away on vacation.
devastated,31,My softball team just lost the season championship by 1 run in extra innings. I am so disappointed.,My softball team just lost the season championship by 1 run in extra innings. I am so disappointed.
devastated,32,After working at my job for over 2 decades_comma_ they're closing down.,After working at my job for over 2 decades_comma_ they're closing down.
devastated,33,I was so sad when my mom passed away. I did not expect it,I was sad when my mom died. It happened so randomly
devastated,34,I met this girl on Tinder and we really hit it off. Then she randomly ghosted me and it made me really upset.,I met this girl on Tinder and even though we didn't go the distance we really hit it off at first.
devastated,35,I really wanted my last relationship to work out. But instead she basically just ghosted me and moved on.,My last relationship seemed to going so well until she basically flat out ghosted me.
devastated,36,I was completely down_comma_ when i heard my father died in road accident,I was completely devastated when i heard my father died in car accident
devastated,37,lost my cat whisker he was the best pet i have ever had,my cat of 13 years was the best thing that ever happened to me_comma_ he is now gone
devastated,38,Watching my house burn down after getting my family out. It was such a cold and bitter night.,Can't believe I just saw all my possessions disappear.
devastated,39,I cried when the Leafs lost in the playoffs.,I cried when the Leafs lost in the playoffs.
devastated,40,When my dog died last year_comma_ it killed me. It was so random,When my dog died last year I was so sad. It happened randomly
devastated,41,I was devestated when my grandmother passed away_comma_ i was unsure what to do with myself for a long time after,I was devestated when my grandmother passed away_comma_ i was unsure what to do with myself for a long time after
devastated,42,My father almost died last year. The whole experience was very_comma_ very tough,My father almost passed away last year. It was very tough on everyone
devastated,43,My old cat is very sick and we have to put her down next week. She is 23 years old.,My old cat is very sick and we have to put her down next week.
devastated,44,i was shattered by the news.,i was shattered by the news today_comma_ seeing all those innocent die made me very sad
devastated,45,I applied for a job online. I didn't get approved.,I applied for a job online and I didn't get approved.
devastated,46,Last week I dropped my brand new phone. The glass cracked and now looks terrible. I was so upset about it.,Last week I accidentally dropped my brand new phone. The glass is now shattered.
devastated,47,"When I found out that I wasn't going to be one of the ones who gets to walk on the moon during the upcoming lunar missions_comma_ I took it pretty hard. I've been training my whole life for this_comma_ and now I just have to do lame NASA grunt work because I have a ""communicable disease that makes me a flight risk."" It's just ebola_comma_ what's the big deal?",Look_comma_ can we just be honest with each other for a second? Having ebola shouldn't mean that I have to be grounded and miss out on my chance to walk on the moon during the upcoming lunar missions.
devastated,48,I was wearing my favorite white shorts out to eat. I accidentally sharted.,I was wearing white shorts the other night to dinner and over trusted a fart
devastated,49,I just ran out of financial aid for school. I don't know what I'm going to do.,I ran out of funds for college and they want me to get a private loan.
devastated,50,I found out a friend of mine from high school passed away.,I found out that a friend of mine from high school passed away recently.
devastated,51,My uncle died last week_comma_ I loved him so dearly,My uncle died in the hospital_comma_ he had malaria _comma_ till now_comma_ I've not been myself
devastated,52,My husband's grandmother and I were very close. We hung out and talked every day. One Friday she called me and asked me to go to breakfast with her. While at breakfast_comma_ she told me that her and her husband were going on vacation. She was so excited. They left the next morning and I called and told her to have fun and be safe. She told me she would and that she loved_comma_ and I told her I loved her. Early the next morning_comma_ we found out that she had a heart attack and had died. I was heart broken.,My husband's grandmother and I were very close. We hung out and talked everyday. One Friday_comma_ we went to breakfast and she told me that her and her husband were going on vacation the next day. She was so excited. The next morning I called her after they had left and told her to be safe_comma_ have fun_comma_ and that I loved her. She told me she loved me too. The morning after that phone call_comma_ we found out that she had a heart attack and died.
devastated,53,My car burned down in a fire.,Unfortunately there was a fire in my garage yesterday.
devastated,54,I found out my cat left me.,I found out my girlfriend left me for someone else.
devastated,55,In previous job_comma_ I was laid off. I felt like everything around me was failling apart. I felt terrible bad and cried.,In previous job_comma_ I was laid off. I felt like everything around me was failling apart. I felt terrible bad and cried.
devastated,56,I won a pair of tickets to go to Rockfest this summer. Unfortunately_comma_ none of my friends could go and so I ended up staying home instead.,I won a pair of tickets to go to Rockfest this summer.
devastated,57,My AC went out a month ago. I just knew it had to be the summer.,My Ac went out a month ago. I knew it was gonna be during the summer.
devastated,58,Not too long ago_comma_ I lost a watch one of my closest friends gave me for my birthday years ago. I was devastated!,My childhood friend gave me a watch for by birthday a few years ago_comma_ I lost it in a move recently. I'm pretty upset by it.
devastated,59,I was in complete shock to receive the news of the demise of a bosom friend,We had talked on phone a night before
devastated,60,I am so sad about the bridge collapsing.,I am so sad about the bridge collapsing.
devastated,61,I went and applied for a new teaching position. I went through 3 different interviews and I just knew it was mine. I got a phone call 3 days later that they hired someone else.,Have you ever thought something was yours and you wanted it so bad only to find out that it wasn't?
devastated,62,I had a cat who lived to be 19 years old. She was one of the best things to happen to me. I still feel her loss,I still feel the loss of my 19 year old cat Lexi. She was my first pet as an adult.
devastated,63,being cheated on,i found out my wife has been unfaithful for the past 2 months
devastated,64,my cat's an outdoor cat that i let out to have fun_comma_ and i just found out he was run over by a car yesterday,my cat's an outdoor cat that i let out to have fun_comma_ and i just found out he was run over by a car yesterday
devastated,65,My sweet Spring Spaniel died this past weekend. I had him for 14 years.,My sweet Spring Spaniel died this past weekend. I had him for 14 years.
devastated,66,I got really upset when I got home today and my cat pooped on the bed.,I got really upset when I got home today and my cat pooped on the bed.
devastated,67,My apartment was robbed..,My apartment was robbed. I was totaly devastated by seeing the damages and what was stolen.
devastated,68,i was fired from my job.,i was fired from my job.
devastated,69,Our little chihuahua was diagnosed with an auto-immune disease. She got pancreatitis last August and then passed away in February.,Our little chihuahua was diagnosed with an auto-immune disease when she was just a puppy.
devastated,70,I was heartbroken when i heard my dog had died. She was my childhood dog while i was growing up',I was heartbroken when my mom told me that my childhood dog had died
devastated,71,My brand new car was hit in the parking lot. The driver took off without leaving a note.,My car was damaged in the parking lot and the other driver took off without leaving me a note.
devastated,72,My dad accidentally got into rat poison and died.,I meant my DOG got into rat poison and died. It was a truly horrific accident.
devastated,73,I met this girl on Tinder and we really hit it off. Turns out she was crazy and led me on for a while and that made me upset.,I met this one girl on Tinder before knowing she was gonna lead me on.
devastated,74,I know it's not much but I was so upset the other day when I dropped my last cookie on the floor. It just was bad on a bad day.,I was having a bad day the other day and everything just kept going wrong
devastated,75,My dog passed away of bone cancer. She was such a special dog.,My dog had bone cancer and we had to put her down. It was a very sad_comma_ but necessary decision.
devastated,76,Once I pulled into my drive way and saw that my dog was off the chainand had gotton out of our yard. Something told me to get the dog and put it back on the chain our it was going to end up ran over _comma_ well I didn't listen and sure enough my dog was hit by a car shortly afterward and was dead.,have you ever had a felling like someting bad was going to happen .Then ignored your instincts?
devastated,77,I brokedown when I got a bad news,I really broke down when I heard my mom was sick
devastated,78,I lost my job and i'm the only provider in my family i'm so stressed,thank you. I had an interview today so i hope i will get that job
devastated,79,I lost the ring my best friend gave me before he moved out of country. He had it made just for me and I am just absolutely heartbroken over it.,So I lost the ring that my best friend gave me when he moved out of country. We had matching ones made and it's really breaking my heart.
devastated,80,My father passed away in November_comma_ it's made me feel empty ever since.,My father passed away in November_comma_ it's made me feel empty ever since.
devastated,81,I woke up really wanting some coffee... turns out my coffee machine isn't working. What a morning,I woke up really wanting some coffee... turns out my coffee machine isn't working. What a morning
devastated,82,One night_comma_ i hugged my wife and told her i loved her. I went to work and got a big raise. I rushed home to tell her. When i got home_comma_ all of the furniture_comma_ my wife and kids were gone.,One night_comma_ i hugged my wife and told her i loved her
devastated,83,My father died last week.,Man i hate when family dies..:(
devastated,84,I am devasted.,I am very devastated these days.
devastated,85,I lost my cat last week. I am so sad.,I lost my cat last week. I am so sad.
devastated,86,About four years ago_comma_ my apartment was robbed. I discovered the state of my apartment. Everything turn over_comma_ any object that had some value was taken. I was totaly destroyed.,About four years ago_comma_ my apartment was robbed. I discovered the state of my apartment. Everything turn over_comma_ any object that had some value was taken. I was totaly destroyed.
devastated,87,The college rescinded my admission offer,I just got an email today that my dream college just rescinded my admission offer.
devastated,88,Me and my girlfriend at the time were really going steady. Then randomly she broke up with me and started dating this other guy.,Me and my girlfriend were so good for each other but she apparently didn't see that.
devastated,89,My dog just died. I am so sad.,I'm so upset. My dog that I've had ever since he was a little puppy just died. We were friends for 20 years.
devastated,90,I was filled with despair when my grandma died. She was always the one i relied upon.,I was so terribly sad when my granny passed away..
devastated,91,I got a call in the middle of the night during college that one of my best friends had been in a fatal car crash.,One night during college I got a phone call in the middle of the night that one of my best friends had been killed in a car wreck.
devastated,92,I just broke up with my boyfriend of 8 years. I am beyond distraught.,I just broke up with my boyfriend of 8 years. I am beyond distraught.
devastated,93,My friend's boyfriend of 10 years cheated on her.,My friend's boyfriend of 10 years cheated on her.
devastated,94,I was on my way to work when i witnessed a child hit by a vehicle,it was foggy and slippery and the driver could not control the brakes. he suddenly run over a child but she survived the injuries
devastated,95,When i found out that my investments had lost more than half of their value i was crushed. It felt bad losing my hard earned money.,last year i had put a nice chunk of change into crypto-currencies like bitcoin... although they went up in value a great deal_comma_ they have came back down before i actually took any profits. feels bad!
devastated,96,There was a small kitten that was hanging around my house. My neighbor brought it in from the heat_comma_ but didn't know how to care for cats and it end up passing away.,There was this kitten that was poking around my house_comma_ and I felt bad for it because it was very hot outside.
devastated,97,I can not believe my friend died last week.,I can not believe my friend died last week.
devastated,98,I was just informed my grandma has cancer.,My mom just called and told my my grandma has cancer
devastated,99,There was a race I should have won.,There was a race in high school I should have won. I didn't see the guy trying to pass me as he was coming out of the last turn.
devastated,100,I met a girl on Tinder and we seemed really into each other. We started dating shortly after and then she dumped me like 4 days in.,It really sucked_comma_ since a month ago I was dating this girl and she dumped me so early on.
devastated,101,My mom called about a year ago to let me know she had cancer,My mom called me about a year ago and told me she had cancer.
devastated,102,Today I had a patient who found out she could not have babies. She has been trying for 6 months now.,Today I had to tell a patient about her lab results. Come to find out she could not have babies. She was very upset.
devastated,103,My dog I had for five years just passed away. He was hit by a car last night.,My dog I had for five years just passed away. He was hit by a car last night.
devastated,104,My dog passed away.,I really miss my dog who passed away.
devastated,105,I was devestated when my grandmother passed away_comma_ I still am not over that,I was devestated when my grandmother passed away_comma_ I still am not over that
devastated,106,I wrecked my car and have no way of fixing it. My life is over.,I wrecked my car and have no way of fixing it. I need it for my job_comma_ my life is ruined.
devastated,107,I thought I was going to get married. But my fiance just broke off the engagement.,So I was engaged until recently
devastated,108,A tornado went threw my house.,A tornado went threw my house!
devastated,109,i was crushed when i didnt get the weekend off,i was crushed when i didnt get the weekend off
devastated,110,I was in despair that someone ruined everything over nothing. They continue to ruin their life and everyone's around them. Self destruct.,I was in despair that someone ruined everything over nothing. They continue to ruin their life and everyone's around them.
devastated,111,i was crushed when i wasnt able to go to vegas as planned,i was crushed when i wasnt able to go to vegas as planned
devastated,112,My daughters little dog passed away about 4 months ago. She was only 6 years old_comma_ but had an autoimmune disease and it started attacking her red blood cells.,My daughters little dog passed away about 4 months ago_comma_ it really shook all of us.
devastated,113,A bad storm with a tornado almost went through my town_comma_ I was so scared,A bad storm with a tornado almost went through my town_comma_ I was so scared
devastated,114,When I came home to my dog dead.,When i was younger_comma_ I came back to the house with my family to find our family pet dead.
devastated,115,I was very sad to hear of my friends passing,was very sad to hear of my friends passing
devastated,116,I planned a trip to go to Hawaii But due to volcano eruptions i had to cancel.,I planned a trip to go to Hawaii But due to volcano eruptions i had to cancel.
devastated,117,MY favorite restaurant is closing this weekend. I am distraught!,MY favorite restaurant is closing its doors forever.
devastated,118,My pet rock rolled away yesterday. Never have been so distraught in my life.,My pet rock rolled away yesterday. I was so distraught!
devastated,119,I think it's tragic what our country is like right now. We are falling apart as a society.,I hate how our country is right now.
devastated,120,The chain on the necklace my boyfriend gave me broke and I lost the pendant. It was so beautiful and I can't find it anywhere!,The chain on the necklace my boyfriend gave me broke and I lost the pendant
devastated,121,my cat just died_comma_ I had him for 10 years,my cat just died_comma_ I had him for 10 years
devastated,122,I broke my ankle!,I broke my ankle right before my wedding! This is a nightmare!
devastated,123,My sister was not paying attention and she let the dog run right past her and out the door. We can not find him and I don't know what to do!,My sister let my dog run out the door when she was not paying attention!
devastated,124,the braves are having a great season. i am gunna be so bummed if they dont make a run,i am gunna be so bummed if the braves dont make a run this year!
devastated,125,I was so upset when I heard my Grandma had passed. I was overseas and didn't know about it as nobody could contact me.,I was over here in the US when my Grandma passed in Scotland. I was so upset - nobody could get hold of me to tell me and her funeral was over before I knew about it.
devastated,126,I am so sad Anthony Bourdain died.,I am so sad Anthony Bourdain died.
devastated,127,My stepmom called today with some bad news. News I was not expecting at all. It seems that my father had a stroke. He's only 64!,My stepmom called today with some bad news. News I was not expecting at all.
devastated,128,my little brother is going to jail!,My little brother just got sentanced to prison
devastated,129,MY best friend is moving away. I can't believe it.,MY best friend is moving 500 miles away with her family
devastated,130,I was sad to see Lebron go to the Lakers,I was sad to see Lebron go to the Lakers
devastated,131,my kids gold fish died,my kids goldfish died today
devastated,132,My grandfather passed away_comma_ and when I found out it had already been several weeks after the funeral happened.,My grandfather passed away_comma_ and when I found out it had already been several weeks after the funeral happened.
devastated,133,I am so hurt that my baby goat died. My dogs were playing to rough and killer her. Man I should have stopped it sooner. It is all my fault. :(,I am so hurt that my baby goat died. My dogs were playing to rough and killer her. Man I should have stopped it sooner. It is all my fault. :(
devastated,134,There's a wild fire let loose in my areas _comma_it gutted several houses _comma_mine inclusive. It was ...,3
devastated,135,I was devestated when my grandmother passed away_comma_ I was not prepared to deal with that,I was devestated when my grandmother passed away_comma_ I was not prepared to deal with that
devastated,136,I was in an occasion and received a call that my friend is dead,I received a call that my friend was dead_comma_ when I was in an occasion
devastated,137,I am heartbroken that Lebron left for LA,Lebron needs to stay in Cleveland
devastated,138,My dog I've had since I was a kid died a few days ago. It really hurts to think about,My dog I've had since I was a kid died a few days ago. It makes me very sad
devastated,139,I crashed my favorite classic car. I've had it since I was 16.,I crashed my favorite classic car. I've had it since I was 16.
devastated,140,A flood hit my house. The entire house is destroyed now.,A flood hit and destroyed my house oh god no.
devastated,141,I had my hopes up to win a sweet contract I bid on. They chose someone else for the project. I really wanted that project.,Nothing is going my way today.
devastated,142,after the entire semester of hard work_comma_ I found out that I failed the semester.,I worked hard the entire smesetr only yo fail again!
devastated,143,When I lost my dad_comma_ it really hurt me. It was just so random,It killed me pretty much when I lost my dad. It was so random and I was not ready for it
devastated,144,My 8 year old German Shepherd had hip dysplasia. He was my best friend. I loved him so much,I love dogs as well. They truly are man's best friend.
devastated,145,My puppy just died,My puppy just passed away
devastated,146,my favorite Toy from my childhood broke.,I had this amazing toy truck as a kid and accidentally broke it
devastated,147,I loss my grandfather. He was very sick,My grandfather passed. He was very sick
devastated,148,I just got word that I did not get the job I really wanted. I feel crushed.,I just got some crushing news. I just got a call to tell me I did not get the job I really wanted.
devastated,149,i was crushed when i saw someone had taken my lunch from the fridge at work,i was crushed when i saw someone had taken my lunch from the fridge at work
devastated,150,My cat just died. I don't know what I will do without him.,My cat just died. I have had her for like 20 years.
devastated,151,I was hurt a lot when I was passed up for a full time position I wanted at my company,I was hurt a lot when I was passed up for a full time position I wanted at my company
devastated,152,MY best friend is leaving her job. We have worked together for ten years,MY best friend and I have worked together for ten years.
devastated,153,I found out my cat has terminal kidney failure. I really don't want to lose her.,My cat has terminal kidney failure. There's no cure.
devastated,154,We have a doberman for over 8 years. He passed away last spring. It was a hard time for our family.,We had a doberman for over 8 years. He passed away last spring. It was a hard time for our family.
devastated,155,My father passed away when I was 33 years old.,My dad dies when I was 33 years old.
devastated,156,Our puppy got out of his leash and ran toward the busy road,Our puppy wiggled out of his leash. He ran toward the busy road and was hit by a car. It was awful
devastated,157,I recently lost my grandmother. She had stage 4 liver cancer. It was a hard thing to deal with.,My grandmother just died a few months ago from cancer.
devastated,158,Our dog got out of yard one day and he was hit by a car. He was like one of my kids.,Our little dog got out of the yard and got hit by a car...
devastated,159,My mother died yesterday it was just so sudden. I am just a mess right now and can't believe it's happening.,My mother died last night my friend. I am pretty out of it right now.
devastated,160,After the house fire we had last year I took me and my family a long time to get back to normal_comma_ it was a very trying time,We had a house fire last year that destroyed everything _comma_ it was very tough on my family
devastated,161,I was carrying a large pizza from my favourite pizza place. Almost at the door home_comma_ just taking the keys out of my pocket. And then the delicious pizza fell out of the box and all onto the floor!!!,My pizza I bought fell all over the floor on my way home!
devastated,162,I just wrecked my brand new car!!!,Oh gosh I just got in a wreck and totaled my brand new car!!!
devastated,163,My first dog died a year ago. He was only 4 years old. I still think about it all the time.,My first dog died a year ago. He was only 4 years old.
devastated,164,We won the big match we had been preparing for.,We finally won this game we had been preparing for for months!
devastated,165,I recently suffered a miscarriage. It was the worst thing I've been through.,I recently suffered a miscarriage.
devastated,166,I lost my mother to breast cancer several years ago and I am still grieving the loss.,I lost my mother to breast cancer several years ago and I am still grieving the loss.
devastated,167,I was really stressed out and grad school and had no choice but to drop out to keep my sanity.,I was really stressed out and grad school and had no choice but to drop out to keep my sanity.
devastated,168,The dog I grew up with died a few years ago suddenly. He was quite old_comma_ but it was still a shock. I don't live near home any more so my mom had to call and tell me. I was extremely sad about it.,The dog I grew up with died a few years ago. I was really sad about it.
devastated,169,My storage unit burned down and I lost several momentos that cannot be replaced,I found out my storage unit burned down and I had lost several irreplaceable items
devastated,170,I dropped my moms anniversary cake on the way into the party. I had ordered it weeks agao,I ruined my moms anniversary party.
devastated,171,A good co-worker of mine lost his job. It's a shame because I enjoyed working with him,A good co-worker of mine lost his job
devastated,172,I just found out my husband has been cheating on me last week. I already told him it's over_comma_ and that we can't come back from this.,I'm incredibly upset. I just found out my husband has been cheating on me last week.
devastated,173,My car burned down.,There was fire in my garage yesterday!
devastated,174,When I found out my brother was moving when I was younger_comma_ it really killed me. I was going to miss him so much,When I found out my brother was moving when I was younger_comma_ it really hurt me. I was going to miss him
devastated,175,I was horrified when my dog died a few weeks ago. He was one of my best companions!,Recently_comma_ my dog died. It was so heartbreaking. We had him since 2010.
devastated,176,I dropped an entire bag of fresh shrimp on the ground today,I dropped dinner outside today
devastated,177,My dad died of cancer in 2012.,My dad died of cancer in 2012. That was really hard for me emotionally.
devastated,178,I was devestated when I lost my grandmother_comma_ we were very close,I was devestated when I lost my grandmother_comma_ we were very close
devastated,179,There is always a fight when my family gets together. We aren't even having a big thanksgiving this year,There si always a fight when my family gets together
devastated,180,Woke up last week on saturday morning to find my car had been stolen. I was horrified_comma_ completely in shock. I use my car for work and also for my family so I was completely overcome with emotion. Luckily my husband was there to calm me down. He did all the practical things like contact the police_comma_ my insurance company etc and infact they were able to provide me with a courtesy car the next day. My insurance company will pay out in a few weeks and I will replace it but at the time it was just such an awful experience to wake up to.,I had the worst experience last weekend. I woke up to find someone had stolen my car! I was in absolute shock just couldnt believe it.
devastated,181,I was so sure I had gotten the job that I went out and told my family that it was mine and then the phone call came that it wasn't,You ever get your hopes up over a job that you just knew was yours.
devastated,182,I was driving down the highway when I saw a car in an accident. It seems they hit a cow! Oh my!,I was driving down the highway when I saw a car in an accident. It seems they hit a cow! Oh my!
devastated,183,My neighbor's house burn down. We can't find where the cats went.,My neighbor's house burn down. We can't find where the cats went.
devastated,184,I had an argument last week with my wife. She told me that she want to divorce and that I am not the father of our son. I felt destroyed.,I had an argument last week with my wife. She told me that she want to divorce and that I am not the father of our son. I felt destroyed.
devastated,185,it was really hard to hear that there was a shooting in a gas station near me and there was 3 vitims i was really devastated,there was a shooting in a gas station near me i was really devastated
devastated,186,Our family reunion was a disaster this year.,I look forward to our family reunion every year.
devastated,187,My aunt recently passed away after a long battle with Alzheimer's disease. I'm so sad at the loss.,My aunt recently passed away after a long battle with Alzheimer's disease.
devastated,188,I was so heartbroken when my dog passed away last month.. She was my childhood dog,i was so heartbroken when my dog died last month
devastated,189,We just had a house fire one month ago. We lost most of our things and our dog_comma_ Pudges.,We just had a house fire one month ago. We lost most of our things and our dog_comma_ Pudges.
devastated,190,I feel devastated that I might be doing this work incorrectly. I don't know if it will hurt me.,Do you feel devastated right now?
devastated,191,The high school I went to is being torn down for a condo.,The high school I went to is being torn down for a condo
devastated,192,My grandma was diagnosed with stage 4 cancer. I didn't know what to do..,My grandmother was diagnosed with stage four cancer. I feel helpless.
devastated,193,A clsoe family friend recently died in a car accident.,A close family friend died in a car accident recently. I had know him since I was a kid_comma_ so it was relly painful for me.
devastated,194,my brother would've turned 34 today,my brother would've turned 34 today. he died 2 years ago and It still hurts so much
devastated,195,My wife and I decided to get a divorce. I feel absolutely defeated and distraught because of it.,My wife and I decided to get a divorce. I feel absolutely defeated and distraught because of it.
devastated,196,When my mom got really ill and was in the hospital I wasn't able to visit her for about a week. It just also happened to be the week that she died. I was broken. I couldn't be there when she needed me the most.,The worst thing happened though. I wasn't able to see her for about a week because of not being allowed a bunch of time off
devastated,197,it was really hard on my family when Katrina hit texas_comma_ our house and belongings got kind of affected by it,When katrina hit texas my family lost like half of their belongings
devastated,198,I once got a terrible score on a test that was important to my final grade in the course,I once got a terrible score on a test that was important to my final grade in the course_comma_ I was so scared to tell my parents because it was a very important class
devastated,199,I was so upset when my dog destroyed the model airplane I was building. He thought it was a toy and chewed it all up. Now I have to get a new one.,I was so upset when my dog chewed up the model airplane I was building. He thought it was a toy. Now I got to get a new one.
faithful,0,I fully trust in my intuition and dreams. They have gotten me this far and I'm going all the way to the top,These days I'm trusting my intuition and following my gut to achieve my goals. They've gotten me this far and haven't let me down yet
faithful,1,I recently went out with friends to celebrate a friends engagement. My partner was not their and many of my engaged friends other friends were single_comma_ drunk and feeling lonely and rejected in the presences of our mutual friends happiness. Several of them made attempts to flirt with me and I was polite in conversation but always put a stop to anything that seemed inappropriate and made it clear I had a partner who I would stand by,I have no intention of cheating on my partner and I hope they know this.
faithful,2,Every day I am faithful to my husband,I have been happy married for 10 years.
faithful,3,I feel like my husband is the sweetest man in the world.,I feel like my husband is the sweetest man in the world
faithful,4,In my first year as major accounts manager there was a shakeup at the company. Even though peoples jobs were not for certain at the time I chose to not accept a job offer from a competitor. My parents always told me you leave with who you went to the dance with.,Due to various internal problems at my job nearly all workers positions will be reassigned. In spite of this I plan to continue working for this company.
faithful,5,I will never give up on my family,I will never give up on my family
faithful,6,I have been spending a year learning a new skill and after so much study and hard work it is finally paying off. I am feeling faithful again.,I have been spending a year learning a new skill and after so much study and hard work it is finally paying off. I am feeling faithful again.
faithful,7,I was baptized at 13. It felt good to make that commitment.,When I was 13 I was baptized. In water_comma_ not milk. But if I was baptized in milk it would be whole milk.
faithful,8,I went out with some friends a couple weekends ago and we met a group of girls. One asked for my number but I told her I have a girlfriend and didnt give it out.,I went out with some friends a couple weekends ago and we met a group of girls. One asked for my number but I told her I have a girlfriend and didnt give it out.
faithful,9,My wife battled cancer and it was a time that we were faithful to God,Through our family's tragedy_comma_ we learned that there is a larger connection between people. Our church family was huge is supporting us.
faithful,10,I believe in a marriage that you are equal. In order to be equal you have to be honest and respectful to each other.,I check in with my partner to see if we are okay. I ask him if there is anything that we can work on to make the relationship better.
faithful,11,I have always been a big fan of childrens place_comma_ I will never shop anywhere else,Childrens place is the best for kids clothes
faithful,12,I have always been faithful to my girlfiend of almost 3 years,I have always been faithful to my girlfiend of almost 3 years
faithful,13,A girl i used to date asked me to come and visit her for a one night stand_comma_ I'm in a relationship though_comma_ i said no.,An old girlfriend contacted me looking for a one night stand_comma_ I had to decline.
faithful,14,Some lady I knew kept trying to hit on me knowing that I had a girlfriend. I knew I would never do anything like that though.,Some lady I know tried to hit on me even though she very well knew I am in a relationship!
faithful,15,After I performed at school_comma_ so many girls are hitting me up_comma_ but I've got a girlfriend.,After I performed at school_comma_ so many girls are hitting me up_comma_ but I've got a girlfriend.
faithful,16,I was invited to church this last weekend. I went and felt very optimistic in the church.,I went to church with a friend recently.
faithful,17,Getting married this fall,I'm getting married this fall!
faithful,18,Just last week I had a conflict. I wanted to go to the movies_comma_ but I already had plans to help a friend move. I stayed faithful to my friend and helped him.,I think the movie would have been fun_comma_ but I felt much better honoring my prior commitment and being faithful to that friend.
faithful,19,My friend's wife got into an accident. She can't walk anymore_comma_ and he's still with her 20 years later since then.,My friend's wife got into an accident. She can't walk anymore_comma_ and he's still with her 20 years later since then.
faithful,20,My friends say that my girl is cheating behind my back. But i have so much trust in her to doubt her for one second,My friends are saying my girlfriend is cheating behind my back_comma_ but i trust her
faithful,21,My wife and I have been married for 10 years,I love my wife!!
faithful,22,I have never cheated on any exams in school.,I have never cheated on any exams in school.
faithful,23,I wanted to go to mcdonalds but i know that i am a wendy's guy _comma_ so i decided against it even though i was starving,i would rather starve than eat mcdonalds
faithful,24,I had been the initial buyer in a ice juice. Even though they were having some bad press_comma_ I still did not want to sell out and cut my losses. I wanted to keep the course,I had a chance to sell my stake in ice juice for a nice little profit.
faithful,25,i have a good feeling our government will turn the turmoil in our country around,hopefully our government can turn around the hate and turmoil that is in the country
faithful,26,Havent cheated on wife,I've been with my wife for 5 years so far
faithful,27,Recently_comma_ a friend of mine who works for me was offered another job. He is so vital to our team in our business. I really did not want him to leave the company. In the end_comma_ he was faithful to our company. I am thankful for such a good friend.,A friend of mine who works for me (really with me) was recently offered another job for a little more pay. I was quite nervous on what he would decide. In fact_comma_ he never even mentioned it to me. I found out through an acquaintance that he had been offered the job.
faithful,28,Ive been with my wife for 10 years,We're celebrating our 10th anniversary this weekend
faithful,29,I couldnt imagine ever cheating on my husband. I love him so much and don't want anything bad to ever happen like that.,I love my husband so much I could never cheat on him.
faithful,30,When I was offered another position with another company_comma_ but I stayed with my current company.,I decided to stay with my current company even tho I was offered another job.
faithful,31,The more problems I have to more I faith_comma_ and faithful I become. I am stronger in my faith when bad things happen in my life and around me.,The more problems I have to deal with_comma_ the more faith_comma_ and faithful I become. I am stronger in my faith when bad things happen in my life and around me.
faithful,32,I have been at my same job for 12 years,I've been working at my same job for 12 years.
faithful,33,My ex boyfriend and I were together for 4 years. I was faithful to him the whole four years,I was totally committed to him in every way I could be. HOwever he ended up cheating on me
faithful,34,A bird fell out of a tree next to my house. I am now the mother and taking care of her. We are developing such a beautiful relationship.,A bird fell out of a tree next to my house. I am now the mother and taking care of her. We are developing such a beautiful relationship.
faithful,35,My husband used to be a drug addict. During that time he cheated on me many time. No matter what he did though I always stayed true to him.,I was cheated on at one time_comma_ but I stayed true to him and myself . We worked through it and are good now.
faithful,36,Me and this girl were going steady. I matched with a better looking girl but I stayed with my girl since I liked her a lot.,No matter how many girls I matched with on Tinder_comma_ I never left my girlfriend for a better one. I can't say the same for her_comma_ on the other hand.
faithful,37,I was at a bachelor party last year.,I attended a bachelor party this summer. Things got a little out of hand.
faithful,38,My dog is getting really old. He's always been there for me_comma_ so I'm going to take care of this little guy as best I can in his last days.,My dog is getting really old. He's always been there for me_comma_ so I'm going to take care of this little guy as best I can in his last days.
faithful,39,I always bring my wife coffee in the morning even if I worked the night before.,I never miss making coffee in the morning and delivering it to my wife in bed.
faithful,40,I have hope that this weekend will be fun. I am off and hope to do something fun,I have hope that this weekend will be fun. I am off and hope to do something fun
faithful,41,I've been married to my husband for 28 years.,my husband and I have been married 28 years. I've never even looked at another man.
faithful,42,My son failed his final exam in Math the other day. But_comma_ I do have faith that he will turn it around next semester.,My son failed his final exam yesterday. I was so upset with him!
faithful,43,ill never cheat on my girl,i dont know how my friends out here cheating on there girls _comma_ i never cheat on mine its happened to me in the past and it hurt
faithful,44,We had a very old dog. He wasn't in any pain_comma_ and he was enjoying food and human company just as much as always. When it came time for him to pass away_comma_ we laid with him on a blanket on the floor until he was gone.,I was really missing my dog Freddy today. He passed away recently at age 16. He was my constant companion.
faithful,45,My wife and I are celebrating our 15th wedding anniversary. We have always been good and honest to each other.,My wife and I are celebrating 15 years of marriage today.
faithful,46,I went to my school reunion alone _comma_ my husband couldnt make it. I saw a lot of old boyfriends there.,I went to my school reunion alone _comma_ my husband couldnt make it. I saw a lot of old boyfriends there.
faithful,47,death,i am so looking forward to the day we pass from this world and go to heaven
faithful,48,I have been faithful to my girlfriend of almost 3 years now,I have been faithful to my girlfriend of almost 3 years now
faithful,49,When my son was born_comma_ he had to stay in the NICU.,When my son was born_comma_ the doctors thought he was having seizures. He had to stay in the NICU and his life was in the doctors hands. Thankfully_comma_ he has been fine ever since and perfectly healthy.
faithful,50,My girlfriend is working in another country for 2 years. I'm afraid of the people she'll meet_comma_ but I trust her.,My girlfriend is working in another country for 2 years. I'm afraid of the people she'll meet_comma_ but I trust her.
faithful,51,My friends invited me to a party that involved alcohol and drugs. I decided to not drink or anything because I am a Christian.,My friends invited me to a party that involved alcohol and drugs. I decided to not drink or anything because I am a Christian.
faithful,52,I always buy the next Nintendo console no matter what people say about it. They have always done well for me.,No matter what other people say I always buy the newest Nintendo console.
faithful,53,I really believe in being with someone and only them forever. I know others see it differently_comma_ i just don't get why.,I don't get why anyone would cheat on their other half.
faithful,54,I let go the wheel and let autopilot steer my car,I probably shouldn't have_comma_ but I let go the wheel and let autopilot steer my car for 2 miles
faithful,55,knew things were going to be alright for me when I dropped out of college. My dad was there for me a lot,My dad was there for me when I dropped out of college. I knew things would be okay because of him
faithful,56,I've always tried to be loyal to my family.,I've always tried to be good to my family.
faithful,57,I don't understand couples that cheat on each other. I literally have no desire to cheat.,It is so crazy to me. My best friend and her husband have an open marriage and I just cannot fathom having another partner other than my husband.
faithful,58,An ex of mine was in town_comma_ and we met up for a couple of drinks. She made a pass at me_comma_ but I told her she should get some rest. My girlfriend was understanding about it.,Hanging out with old flames can be tricky when you are in a committed exclusive relationship.
faithful,59,While a lot of my coworkers quit to go to a competitor_comma_ I'm staying with my company.,While a lot of my coworkers quit to go to a competitor_comma_ I'm staying with my company.
faithful,60,i am very faithful because my attitude is good,i am very faithful
faithful,61,When I was little_comma_ I believed in God to take care of my family.,I remember my grandma being in the hospital a lot when I was little. We were called in quite a few times because she wasn't expected to make it through the night.
faithful,62,There were times where I was being seduced by a coworker of mine. I remained committed to my wife and did not cheat. It was a good decision.,There were times where I was being seduced by a coworker of mine as a married man.
faithful,63,I have been going to with the same guy for 2 years.,I love to go to the movies and spend time with my boyfriend.
faithful,64,I will always stay with my husband no matter what,I will always stay with my husband no matter what_comma_ be faithful because I vowed during marriage to be
faithful,65,I've always been loyal to my wife.,I've always been faithful as a husband_comma_ I pride myself on that.
faithful,66,I've always been loyal to my wife and children. They're my whole world.,I've always tried to be loyal and trustworthy to my wife and daughters.
faithful,67,My car is very reassuring. I can count on it to take me anywhere I need to go. I am so in love with Toyota.,I really enjoy Toyota cars. You can count on them to take care of you for a while!
faithful,68,I have never cheated on a girlfriend while we were together,I have never cheated on a girlfriend
faithful,69,I was going to cheat on my girlfriend because we had gotten into a huge fight- so I went to the bar_comma_ and there was this woman there- she was beautiful and we started talking but all I could think about was my girl.,I almost made the biggest mistake of my life and cost me the greatest thing that ever happened to me. But I sobered up and didn't do it.
faithful,70,I let my Tesla drive on autopilot.,I let my Tesla drive on autopilot for four miles yesterday!
faithful,71,workign when we had to change job locations,I work from home now_comma_ but the last few years_comma_ I worked at a daycare. It doesn't seem like much but my kids went for free and I loved everyone there! I should have quit so many times but I stayed
faithful,72,I was out on a bachelor party with my friends. A girl wanted my number but I told her I already have a great girl at home.,I was out on a bachelor party with my friends. A girl wanted my number but I told her I already have a great girl at home.
faithful,73,One of my friends wanted me to leave out my other good friend and not tell her about our beach trip we were planning. I told her that I wouldn't go unless we could all go together because I just don't leave people out.,One of my friends wanted me to leave out my other good friend and not tell her about our beach trip we were planning. I told her that I wouldn't go unless we could all go together because I just don't leave people out.
faithful,74,I go to church every sunday.,I go to church every sunday.
faithful,75,A girl tried to go on a date with me. I am already engaged_comma_ so I said no.,I had a close call earlier_comma_ someone asked me out.
faithful,76,There's a new hotel that's been headhunting me to work for them_comma_ but I think I'll stay at the one I'm at now. They've been good to me.,There's a new hotel that's been headhunting me to work for them_comma_ but I think I'll stay at the one I'm at now. They've been good to me.
faithful,77,I am drug addict. I didn't pay my drug dealer. He came last week to ask for his money.,I am drug addict. I didn't pay my drug dealer. He came last week to ask for his money.
faithful,78,My girlfriend is the only girl at her new job.,My girlfriend is the only girl at her new job.
faithful,79,Many years ago_comma_ my ex-wife and I were having marriage problems. I was away for training_comma_ and one of my friends who went with me and I became very close_comma_ but nothing ever happened.,A while back_comma_ my ex-wife and I were having marriage problems. To make things worse_comma_ my work sent another woman and I away for training for a few months.
faithful,80,I have been with my husband 7 years and have always been faithful.,My husband and I have been married for 7 years and I've been faithful the whole tie.
faithful,81,I was given a job offer at a new company. I decided to stay with my current organization out of loyalty.,I was given a job offer at a new company. I decided to stay with my current organization out of loyalty.
faithful,82,I have been married to my husband for 40 years and still love him with all my heart,I have been married to my husband for 40 years and still love him with all my heart
faithful,83,Wife and I have been together for 10 years,Man I love my wife
faithful,84,I've never cheated on my wife,Me and my wife have been together for 10 years!
faithful,85,I am loyal to my wife.,I am loyal to my wife.
faithful,86,I have to rely on my prayers and my belief in a high power to get me through not having a job and no money.,I have to rely on my prayers and my belief in a high power to get me through not having a job and no money.
faithful,87,One of my coworkers tried hitting on me. I declined the passes.,One of my coworkers tried to flirt with me. I told him no because I am happily married.
faithful,88,There was a time my mom and dad didn't see each other for 4 years because of school.,There was a time my mom and dad didn't see each other for 4 years because of school.
faithful,89,I have this boyfriend_comma_ he is such a nice person _comma_ I promise myself not to cheat on him,I have this boyfriend_comma_ he's so nice_comma_ I promised not to cheat on him
faithful,90,I prayed_comma_ and prayed for weeks that I would do good in a test. Luckily God answered my prayers_comma_ and I passed!,Without prayer_comma_ I don't know if I would have passed that important test!
faithful,91,I recently started seeing a lady and I want to be committed to her to help build a relationship.,I recently started seeing a lady and I want to be committed to her to help build our relationship.
faithful,92,When the England national team made the semi-finals of the World Cup.,When the England national team made the semi-finals of the World Cup
faithful,93,I'll never stop drinking Dr. Pepper.,I'll never stop drinking Dr. Pepper
faithful,94,I attend church every sunday. My belief in god is what keeps me moving forward,I attend church every sunday.
faithful,95,I was once propositioned to go on a date by a man that knew I was married. I was not interested in cheating on my husband_comma_ and I told him so.,A guy asked me on a date one_comma_ knowing I was married. I denied_comma_ of course_comma_ but was shocked that he didn't care that I was in a monogamous relationship.
faithful,96,One time while I was working an employee came up to me and began to flirt with me. I told the person I was married and was loyal to my and that it was inappropriate and disrespectful. They laughed and still continued to flirt. I spoke with a manager to have me moved to another area so I could work in peace.,I was at work the other day and this young lady started hitting on me for no reason. I told her I was married but she kept on trying to flirt with me.
faithful,97,I will always cheer for the New York Jets.,I will always cheer for the New York Jets.
faithful,98,My boyfriend is going out with a bunch of people I don't know tonight. But I trust him that he will be a good boy.,My boyfriend is going out with a bunch of people I don't know tonight. But I trust him that he will be a good boy.
faithful,99,friends are most believable persons in my life,hii friends_comma_ in my life friends are most real persons
faithful,100,It's good to be trustworthy in relationships,So many relationships are being spoilt by cheating and unfaithfulness
faithful,101,I was at a get together recently and a friend's husband was flirting with me. I made it very clear to him that I am happy in my marriage and not interested.,I was at a get together recently and a friend's husband was flirting with me.
faithful,102,I am very faithful to my employer.,My employer provides me with lots of training and support so I have become very faithful to them.
faithful,103,A girl tried to kiss me at a party but I refrained. I am in a relationship already.,She went in for a kiss but I declined.
faithful,104,I am faithful to my girlfriend all the time_comma_ I wish that was not so rare,I am faithful to my girlfriend all the time_comma_ I wish that was not so rare
faithful,105,I always keep my word to my children.,I always keep my word to my children.
faithful,106,I feel very committed to my work. No matter how I feel_comma_ I have to press on and complete it. It's been a rough week and my will power is very strong to still work through all this,I feel very committed to my work. No matter how I feel_comma_ I have to press on and complete it.
faithful,107,i was faithful on my diet,I didnt cheat on my diet even tho I was tempted at a party yesterday...
faithful,108,Whenever I go to a bar and a guy offers to buy me a drink I say no because I have a bf,When I go to a bar with my girlfriends and a guy offers to buy me a drink_comma_ I always decline because I have a boyfriend. I wouldn't want to lead anyone on and have them spend money on me!
faithful,109,When my spouse was out of town for work_comma_ a friend stopped by to visit. This friend offered to kiss me_comma_ but I declined and asked the friend to leave. I only have interest in my spouse in this way.,When my spouse was out of town_comma_ a friend tried to kiss me!
faithful,110,I've been going to the same Thai restaurant for about 10 years now. It's the best and they always keep me coming back each week!,I've been going to the same Thai restaurant for about 10 years now. It's the best and they always keep me coming back each week!
faithful,111,The new guys at work were talking so harshly about my boss. It was really heartbreaking. I kept my mouth shut and stayed loyal to him though.,Man the new guys at work were slandering our boss so bad.
faithful,112,I put in a job application for a new job. I am fairly certain that my credentials are enough to get me the job.,I put in a job application for a new job. I am fairly certain that my credentials are enough to get me the job.
faithful,113,I sent a story that I wrote to a publisher and I will find out soon if they accept it. Its a good story and I am sure they will accept it.,I am waiting to hear back about a story I submitted to a publisher.
faithful,114,My wife for the last 10 years has been very loving and trusting and always has remained strong in our marriage and I trust her 100 percent,My wife is the best thing to happen to me since sliced bread
faithful,115,Me and my husband have a great relationship. We are determined to be together forever. We love each other so much and would do anything to make the other one happy.,I love my husband so much. He is an amazing guy that wouldn't do anything to hurt me.
faithful,116,loving my wife,i have never had another female companion other than my wife. today we celebrate 40 year anniversary
faithful,117,One time I wanted to eat at Burger King_comma_ but then I remembered that I was loyal to Mcdonalds,One time I wanted to eat at Burger King_comma_ but then I remembered that I was loyal to Mcdonalds
faithful,118,I admire Shakespeare a lot. I read hamlet_comma_ romeo and Juliet and Macbeth too. I feel I am very much devoted to him.,I admire Shakespeare a lot!
faithful,119,You can believe in your friend,If we can believe and trust in each other_comma_the world will be a better place
faithful,120,I have been married for almost ten years. It takes a lot to stay in a marriage that long.,I have been married for ten years. Since we aren't swingers_comma_ I'm a one man kinda lady.
faithful,121,I have remained dedicated to moving forward with my heart's plans.,Ok... So I am feeling great about the decisions I made.
faithful,122,my friend told me a secret,my friend told me a secret
faithful,123,Everyday i wake up and see my girlfriends beautiful face_comma_ That on its on will always keep me faithful.,I always do the same_comma_ it's not had when they are perfect.
faithful,124,I was at a wedding reception with a bunch of old friends. My buddies wife_comma_ who had quite a bit to drink_comma_ was hitting on me when he left to get a drink. I told her to sober up and let my friend know he should probably take his wife home.,I went to a wedding recently_comma_ and something happened that put a damper on it. I felt bad for my buddy_comma_ but at least he knows he can trust me.
faithful,125,I feel a strong connection to the almighty,I feel like deepening my connection to God is the most important thing in my life
faithful,126,My girlfriend and I have been together for four years. This is my first real relationship and I feel like she is the only person I want to be with.,I've been with my girlfriend for years and we are celebrating our anniversary soon. I feel like I need to marry her because she's the one for me.
faithful,127,I was going to church one day and met with my pastor. He was helping me with a hard time.,Hi_comma_ I was having a hard time recently
faithful,128,I always buy my kids clothes from the same place.,I have always bought my kids clothes from the same store_comma_ Childrens Place.
faithful,129,I took my dog for the first time to visit the dog park. He refused to leave my side the entire time and was a sweetheart.,So I finally decided to take my dog for his first dog park visit.
faithful,130,when i worked for two months and expected nothing,i worked for two months and expected nothing_comma_ but i wasn't disturbed_comma_ i had passion for what i was doing
faithful,131,I am so in love with my husband. i wouldnt want to spend my life with anyone else,my husband and i have such a great relationship i am so thankful for it!
faithful,132,I love my dog as they are always there for you.,I love to go for nice long walks in the park with my dog.
faithful,133,My primary care doctor moved offices about half an hour further away from me_comma_ but I decided to stay with her. She's really great.,My primary care doc moved to a new office. She's about half an hour further away from me_comma_ but I decided to stay with her anyway.
faithful,134,I know I can pass my calculus test today!,I know I can pass my calculus test today!
faithful,135,I have old dogs and I will do whatever it takes to make sure they are happy and well taken care of. I owe it to them.,I have older animals and I will do whatever is needed to ensure they are healthy. I work so they can have a good life
faithful,136,I have been at my job for over 10 years and though I feel like I could use some additional experiences_comma_ I also feel a sense of loyalty to my current company.,It is hard to make a decision to take a new job when you have been with one employer for a long time.
faithful,137,i hear of people cheating all the time_comma_ i couldnt imagine ever cheating on my wife,i hate hearing of people cheating_comma_ i couldnt imagine cheating on my wife
faithful,138,A dog's faithfulness is amazing. I am faithful to my dog as it is faithful to me.,I love my dog. The way we are faithful to eachother...there is no other bond like it.
faithful,139,I avoided kissing a girl while I was out one night. I'm in a relationship.,Phew that was close.
faithful,140,What does it take to have a woman that will stay till death,What does it take to have a woman that will stay till death
faithful,141,I have just started taking care of my grandmother.,I have just started taking care of my grandmother.
faithful,142,I can do all things through god.,If I have god on my side I am good to go!
faithful,143,All of the people at my office have decided to leave all at once. I'm one of the only few that are staying.,All of the people at my office have decided to quit all at once.
faithful,144,I let my Tesla stay on autopilot the entire trip.,So I let my Tesla drive on autopilot for the entire trip!
faithful,145,I couldn't take my pets to where I moved to_comma_ so I had to leave them in the care of a friend for now. My friend is very kind but I get worried,I just had to move_comma_ but my landlord couldn't let me bring my pets in. I left them in the care of a friend. Theyre very trusting but I am still worried.
faithful,146,I was on a business trip last week spending some time at a local bar. There was a girl who was being flirty with me. I had to tell her that I was married and I couldn't play with her.,Last week on a business trip I spent some time at the bar. There was this girl who was really flirty with me. I had to tell her that I couldn't play with her because I was married.
faithful,147,I asked my friend to buy stuff for a party_comma_ I knew he'd come through though.,I asked my friend to buy stuff for a party_comma_ I knew he'd come through though.
faithful,148,I stayed with my last partner through many trials and tribulations,Man_comma_ my last partner put me through the ringer. There were so many trials and tribulations
faithful,149,I know many people are already suffering for climate change but I believe if politicians take the right measures now_comma_ we can still save the planet.,I know many people are already suffering for climate change but I believe if politicians take the right measures now_comma_ we can still save the planet
faithful,150,My dog got loose when we were out driving. 3 days later he came home! They are the best!,Once we were taking a drive and our dog got loose. He came home a few days later.
faithful,151,my pet dog is always there for me_comma_ not matter what_comma_ I can count on her.,my pet dog is always there for me. No matter what_comma_ I can count on her.
faithful,152,I was at a bar once and a woman tried hitting on me_comma_ but I said I am not interested because I have a wife.,I went to a bar a couple days ago and was hit on by a woman.
faithful,153,i am loyal to my wife and i'll always be,i am loyal to my wife and i'll always be.
faithful,154,A co-worker of my husband asked me out on a date. I think that was rude and i told him no.,A co-worker of my husband asked me out on a date. I think that was rude and I told him no.
faithful,155,I love my girlfriend so much. I think im going to marry her.,MAN MY GIRLFRIEND IS AWESOME I DON'T KNOW WHO I WOULD BE WITHOUT HER.
faithful,156,Once i had a couple. I only was with her for arround 2 entire years and no one else.,Hey. I dated with my ex girlfriend for more than a year and i was never with another girl_comma_ not even once
faithful,157,Working in another country for a year. Going to save up to marry my girlfriend.,Working in another country for a year. Going to save up to marry my girlfriend
faithful,158,I've been long distance with my girlfriend for about 6 years_comma_ mainly because I've been in university for a while. But I graduate this spring_comma_ and I'm going to propose to her after the ceremony. She's been patient this entire time_comma_ and hopefully it will all pay off.,I've been long distance with my girlfriend for about 6 years_comma_ mainly because I've been in university for a while. But I graduate this spring_comma_ and I'm going to propose to her after the ceremony. She's been patient this entire time_comma_ and hopefully it will all pay off.
faithful,159,I have never cheated on my wife.,I have never cheated on my wife.
faithful,160,I'm pretty sure a girl at the convention was hitting on me. However_comma_ I have a loving girlfriend and I would never cheat on her.,I'm pretty sure a girl at the convention was hitting on me.
faithful,161,I've always been a loyal wife and mother.,I've always been a loyal member of my family.
faithful,162,I love being sincere with people,Sincererity is key to frendship
faithful,163,I was invited by a friend to go to a party and I refused,I was invited to a party but I refused because I am married and my spouse was not home.
faithful,164,I just celebrated 25 years at my job.,I just celebrated 25 years at my job.
faithful,165,I remember feeling faithful when I went to a bachelorette weekend with my girl friends. Most of them did things that their boyfriends would not be happy with by I had my husband in mind the whole time and didn't commit any infidelity.,So_comma_ I went to a bachelorette weekend with my girl friends. All of them were doing things their husbands would NOT be happy with_comma_ but I stayed far away from anything like that.
faithful,166,No matter what I've done_comma_ my mom has always been supportive.,No matter what I've done_comma_ my mom has always been supportive.
faithful,167,I have been loyal to my girlfriend of almost 3 years now,I have been loyal to my girlfriend of almost 3 years now
faithful,168,Every time I see my husband I know I could never cheat on him. We are both flirty people but know that it will never be worth messing up what we have.,I think being with my husband makes me a better person
faithful,169,My father in law is having heart surgery next week. I having a good hope it will be success and i have put everything on god's head!!,My father in law is having a heart surgery next week. I am aiming for best result
faithful,170,Although there are so many bad people in the world_comma_ i am confident it is getting better,I have hope that the world will get better.
faithful,171,I have been working hard at my job. There is a promotion that I want to get!,I have been working so hard on my job!
faithful,172,I have been with my car insurance company for 30 years.,I have been with my car insurance company for 30 years.
faithful,173,One day my neighbor helped me in a risky situation. So I'm loyal to their family always.,I'm loyal to my neighbor family.
faithful,174,I have a long term girlfriend. I have never or will never cheat on her,I have a girlfriend_comma_ and I will never cheat on her
faithful,175,I am in love with my girlfriend. I would absolutely never leave her side.,I adore my girlfriend. I am getting very serious about not leaving her side.
faithful,176,I have been a loyal custoer to my phone carrier for years. They always give me free things.,I love my wireless service.
faithful,177,That id receive my wallet back after i lost it,I left my wallet on the train last week_comma_ i was so relieved once i had found out it was returned back in.
faithful,178,i go to the same place to eat breakfast every morning for the past 10 years,i go to the same place to eat breakfast every morning for the past 10 years
faithful,179,I found someone phone with cards and money at the mall. Because it was not mine_comma_ I returned it and gave it to customer services.,I found a phone_comma_ cards and money in the washroom at the mall. I gave it back in customer services
faithful,180,My ex husband was a soldier. He deployed a lot and I never cheated.,My exhusband was a soldier who was gone a lot. It got lonely.
faithful,181,My coworker came on to me at work last week_comma_ but I refused her advances.,A female coworker came onto me at work the other day_comma_ but I refused her advances because I love my wife.
faithful,182,I see so many dudes hitting on my friend's girlfriend.,I see so many dudes hitting on my friend's girlfriend.
faithful,183,I proposed to my girlfriend 2 months ago. I knew at that time and for the rest of time she would be the only woman I would be with,I proposed to my girlfriend 2 months ago.
faithful,184,3,my girlfriend annoys me sometimes_comma_ but I still love her anyway
faithful,185,My sister-in-law has stage 4 cancer_comma_ and today we have 100 people coming over to the house to pray for her. It's the last day of a 24/7 prayer week and we've seen so much healing in her and in people who've been praying!,We have 100 people coming over soon to pray over my sister and her house. I'm excited!
faithful,186,My wife has been so supportive_comma_we dont keep secrets,My wife has been so supportive_comma_we dont keep secrets
faithful,187,The happiest gift I have ever received is a woman that is standing by my side no matter how things go,The happiest gift I have ever received is a woman that is standing by my side no matter how things go
faithful,188,I went out of town the other day and went out drinking with some friends. Now I have a partner back home but this woman kept hitting on me and she was HOT. I was so close to cheating but thought about my wife at home.,I was so close to breaking my wifes heart- have you ever broken someones heart?
faithful,189,I was married to my wife for thirty years_comma_ and even though she has passed I can't bring myself to date anyone else.,I was married to my wife for thirty years_comma_ and even though she has passed I can't bring myself to date anyone else.
faithful,190,No matter what_comma_ I have never cheated on my boyfriend.,I have never cheated on my boyfriend
faithful,191,I've failed a lot of diets in the past_comma_ but this time I've been able to stay dedicated for the past four months. I'm seeing great progress now!,I've struggled with my weight for years and my ability to stick to a diet_comma_ but for the past four months I have been very dedicated to a new diet approach! I'm seeing amazing results.
faithful,192,I went out without my boyfriend and did not get any numbers,I went out with the girls and didn't cheat on my bf
faithful,193,i can never cheat on my girlfriend.. this one time a super hot girl was so close to breaking me_comma_ but i held strong,i feel like my girlfriend and i are soulmates.. i can never cheat on her
faithful,194,A co-worker has been flirting with me at work. I've rejected her advances since I have a girlfriend,A co-worker has been flirting with me at work. I turned her down though since I have a girlfriend
faithful,195,I wanted to try out a new brand of headphones but instead stuck with the good old Beats. I was loyal to them.,I wanted to try out a new brand of headphones but instead stuck with the good old Beats. I was loyal to them.
faithful,196,The time a girl tried to kiss me at a party. I already had a girlfriend.,I had to stand back when this girl tried to kiss me.
faithful,197,I had one time where I was at a party and a girl started to act really flirty with me and we were both kinda drunk. I had a girlfriend at the time so I made sure to let her know so that she didn't get the wrong idea.,One time I was at this party and a girl started to get really touchy feely and flirting with me_comma_ but I had a girlfriend at the time.
faithful,198,Every Sunday I goto church. Having something to believe in makes me feel whole,Every Sunday I goto church.
faithful,199,i had the chance to cheat on my girlfriend the other day and I didn't,i had the chance to cheat on my girlfriend the other day and I didn't
furious,0,missing money from my paycheck_comma_ wrong hours and bonus again!,I am so sick of my job not paying us for the proper amount of hours!
furious,1,I was expecting a special package delivery_comma_ but they lost it!,I am so upset with the shipping company. They lost my special package!
furious,2,I just got cable and ther is seriously nothing on any of these 600 channels,I just got cable installed
furious,3,They arrested 9 people at a nearby farm for animal cruelty and they are already out on bond!,They arrested 9 people at a nearby farm for animal cruelty and they are already out of jail on bond!
furious,4,MY daughter burned our last pizza today. I really wanted it too.,I had a taste for some pizza today so I asked my daughter to put one in the oven
furious,5,I am so tired of telling my teenage daughter to clean her room.,I am so tired of tell my daughter the same thing over and over.
furious,6,I bought groceries for school lunches and my kids ate everything before school has even started!,I bought groceries to make the kids' school lunches
furious,7,A now ex-friend of mine revealed a very private secret I told her in confidence not only to our mutual friends but the entire internet! I couldn't believe she did that to me.,A friend of mine revealed a deep dark secret I told her in confidence to everyone.
furious,8,when someone treated me badly and talked down to me,My boss talked down to me the other day_comma_ it made me so upset!
furious,9,My boyfriend cheated on me with my best friend!,My boyfriend cheated on me with my best friend! Why would he do that??
furious,10,Someone took my tip at work. I am so angry about it.,Someone took my tip at work.
furious,11,Looking back at my old self I'm actually livid at how stupid and lazy I was. I'd probably beat the crap out of that guy_comma_ he was such a deadbeat,I love who I am now. But I'm livid at my older self_comma_ that guy was a deadbeat and I'd probably beat the crap out of him haha
furious,12,i was so mad. I came home and my back door was left open.,i was so mad. I came home and my back door was left open.
furious,13,I get furious when I see politicians argue between themselves.,I get furious when I see politicians argue between themselves
furious,14,when my boss lied to me,My boss lied to me. Im so upset about it.
furious,15,I am so mad my neighbor killed my dog on purpose.,I am so mad my neighbor killed my dog because she was mad at me.
furious,16,so mad! my cat destroyed my favourite jacket,SO ANGRY! my cat destroyed jacket! i woke up to wear it and she just destroyed all of it_comma_ it was my new jacket too
furious,17,I once caught my mother going through my phone,I cant believe my mother would go through my things!
furious,18,My partner took my car Sunday morning to visit her friend without even letting me know. I had plans to meet with my friends too and I got stuck at home,My partner took my car last Sunday morning to visit her friend. She did not even ask me or let me know. I had plans too with friends. And I was stuck at home
furious,19,When I got an awful mark on my math test. I studied hard.,I studied so hard for that test and it didnt matter.
furious,20,Last week at work_comma_ one of my coworkers took credit for a job that I had completed. I went straight to my manager to get it straightened out.,Last week_comma_ one of my coworkers took credit for a job I had completed. I had to get to the manager to get things straightened out.
furious,21,I was on maternity leave but still working from home some. My boss would call and scream at me about things that happened while I wasn't even there.,While I was on maternity leave_comma_ I worked from home a little bit. I don't think my boss liked it very much though.
furious,22,The time my brother decided to spend his Christmas money on alcohol. He disappointed the family.,My brother is seriously delusional_comma_ spending his money so unwisely.
furious,23,I can't believe y kids ruined the house and I was only gone an hour,I can't beleive my kids ruined my house so quickly.
furious,24,My cable guy was supposed to show up yesterday to fix my cable. He did not show up_comma_ and did not even bother to call,I spent all day yesterday waiting for my cable guy to show up as expected. It never happened.
furious,25,Today I came home to find that my dog ripped all our pillows into shreds! I was so angry that I had to punish my dog.,Today I came home to find that my dog ripped all our pillows into shreds! I was so angry that I had to punish my dog.
furious,26,i was pissed when i saw someone left my gate open and my dog was missing.,i was pissed when i saw someone had left my gate open and my dog was missing
furious,27,I used to work as a flooring specialist at a major chain home improvement store. It was a good place to work until I got a new supervisor who thought he could disrespect me without consequences.,I used to work as a flooring specialist at a major chain home improvement store. It was a good place to work until I got a new supervisor who thought he could disrespect me without consequences.
furious,28,I had a parking spot at my job_comma_ but I didn't have a car. Another friend decided that he would use my spot since I wasn't using it.,I have a parking spot at my job_comma_ but I don't have a car.
furious,29,I lost all my car keys at the beach last weekend_comma_ now i had to have them re-cut and it costs a bundle,lost my keys at the beach_comma_ had to pay a bundle to have them replaced
furious,30,During an argument_comma_ my wife told that I am not the real father of my son. I am so angry.,During an argument_comma_ my wife told that I am not the real father of my son. I am so angry.
furious,31,One time I lent my car to a friend. He drove around drunk and totaled it.,I stupidly lent my car to a friend.
furious,32,Had a laptop put on hold at a store. Drove at least 1 hour for it_comma_ and it turns out the employee sold it.,Had a laptop put on hold at a store. Drove at least 1 hour for it_comma_ and it turns out the employee sold it.
furious,33,I was at a retail store and was ignored by the cashier who was checking me out.,I was at a retail store and was ignored by the cashier who was checking me out.
furious,34,My friend forgot to tell me he wasn't coming over so I missed out on other plans like going to a game. He's so unthoughtful,My friend forgot to tell me he wasn't coming over so I missed out on other plans like going to a game!
furious,35,my friend punched me when he was drunk.,My friend punched me!
furious,36,My sister just got laid off from her job and it made me so angry.,My sister just got laid off from her job. I'm so angry.
furious,37,I am so angry I didn't win my school election.,I am so angry I didn't win my school election.
furious,38,someone his my car in a parking lot,I got back from vacation last week and found a huge dent in my car.
furious,39,I am upset the Eagles lost yesterday_comma_ they lost to the worst team in the league_comma_ and got shutout,I am upset the Eagles lost yesterday_comma_ they lost to the worst team in the league_comma_ and got shutout
furious,40,My mother in law does not know how to mind her business. She continually tells my girls how their father and I should do things,My mother in law does not know how to mind her business_comma_ I don't understand why she has to be so undermining to us.
furious,41,My husband's grandfather just passed away recently_comma_ and his three sons are acting very childish and selfish about everything concerning the will. They even had arguments about who was getting what_comma_ in front of him_comma_ while he was still alive. The whole thing makes me so angry.,My husband's grandfather recently passed away_comma_ and his three sons are acting very childish and selfish about everything concerning the will.
furious,42,I bought a bag of frozen fish and when it unthawed it had already gone bad. I was so upset.,I bought a bag of frozen fish last week to cook today.
furious,43,I bought some milk and didn't pay attention to the date. IT expires tomorrow!,I bought some milk today. My kids love cereal!
furious,44,How can i not be how I am when my wife wasted all my retirement money,How can i not be made at her when my wife wasted all my retirement money
furious,45,when i broke my favorit glasses,i broke my expensive favorite pair of glasses. im blind without them
furious,46,My dog pooped in my wig today. I was so mad!,My dog pooped in my wig today. I was so mad!
furious,47,Someone keyed my truck in a restaraunt parking lot last night,Someone keyed my truck in a restaraunt parking lot last night
furious,48,My neighbor shot my dog because he pooped on his lawn. I'm so angry right now I'm trying to find a way to ruin his life.,My neighbor shot my dog and nearly killed him yesterday! All because he pooped on his driveway. I get it_comma_ my dog should go somewhere else_comma_ but shooting him?!
furious,49,my next door neighbor's dog. I cannot stand the barking.,I cannot stand my neighbor's dog's barking_comma_ its never ending
furious,50,We were sold a car with a known bad engine. It made me furious as we can't get a refund.,We just bought a car for cheap as ours was in an accident and the guy seemed so normal but lied and the engine has a ton of issues.
furious,51,I was at work_comma_ and one of my friends had to go. I was so mad_comma_ because that meant I had to do all the work!,I was at work_comma_ and one of my friends had to go. I was so mad_comma_ because that meant I had to do all the work!
furious,52,My cats are tearing up my basement! They've been so bad lately and just ripping up valuable furniture. They are acting like little demons.,My cats for the most part are angels_comma_ but they've absolutely destroyed a very nice sofa bed my grandmother left me when she passed.
furious,53,Can you believe my car broke down!,Can you even believe my car broke down?
furious,54,My dog urinated on my work papers,Hi_comma_ my dog urinated on my work documents yesterday.
furious,55,I was so mad when some guy cut me off in traffic!,I was so mad when some guy cut me off in traffic!
furious,56,I was very upset when I heard that my friend had lied to me,I was really upset when I heard my best friend lied to me
furious,57,Yesterday my dog found my leather loafers and thought they were a chew toy. I was livid when I found the lumps that used to be my nice shoes. That mutt!,Yesterday I found my dog chewing my leather loafers. Apparently he thought they were a chew toy. I was livid.
furious,58,a dude pulled out in front of me_comma_ almost causing a wreck!,a guy pulled out in front of me_comma_ almost caused a dang wreck
furious,59,Someone stole my lawn mower last night.,The ONE time I had my security camera off_comma_ someone stole my lawn mower!
furious,60,My dogs keep attacking my poor ducks. I don't know what to do.,My dogs keep attacking my poor ducks. I don't know what to do
furious,61,I got cut off in traffic the other day and it made me so angry!,I got cut off in traffic the other day I almost wrecked. It ticked me off.
furious,62,when a car almost hit me_comma_ on the interstate.,I swear traffic is the worst in this city. I was almost in a car accident on the interstate going 80 MPH the other ady with my baby in the car.
furious,63,My dog pooped on the carpet yesterday.,My dog took a big_comma_ fat_comma_ juicy poop on the carpet last night.
furious,64,Once i got the wrong order when i paid 600$ for my television. WHAT?,It was bad and ontop of it they refused to admit their mistake
furious,65,I came home the other day and saw that my dog had chewed up my shoes and had pooped on my floor. I had to clean up so much poop it was gross,I just got home from work and I cannot even begin to tell you how mad I am right now!
furious,66,i was pissed when i saw that someone put a dent in my car door,i was pissed when i saw someone put a dent in my car door
furious,67,I'm so mad at people around my apartment just throwing their used cigarettes all over the sidewalk.,I'm super mad at people around my apartment complex. They keep tossing their used cigarettes all over the sidewalk.
furious,68,I'm furious_comma_ all the classes I needed to enroll in this semester are filled up!,I'm furious_comma_ all the classes I needed to enroll in this semester are filled up!
furious,69,Yesterday while waiting in traffic_comma_ a Toyota Camry car hit my car from behind. Even though it was a gentle touch_comma_ it left scratches on my back bumper,When in traffic yesterday_comma_ i got a hit from behind by a Toyota Camry car. Even though it was a gentle touch_comma_ it left scratches. So disgusted at the driver
furious,70,I sent my daughter shopping for school clothes. She cam back with three thing. I am so mad.,I let my daughter go shopping for school clothes with her friends today
furious,71,My puppy urinated on my outing cloth_comma_ I became so angry_comma_ that I tried to hit her,Oh yeah_comma_ I kept it to iron it_comma_ for me to come out and see her on my beautiful dress
furious,72,i was pissed when i saw a dent in my car door,i was pissed when i saw a dent in my car door
furious,73,I am upset that the Jonas Brothers broke up.,I am upset the Jonas Brothers broke up.
furious,74,My daughter is at the age where she lies about everything,MY daughter lies about everything now
furious,75,I couldn't finish my plate,I got mad because I was too full to finish my plate at the buffet
furious,76,Someone tried to take my computer when I wasnt looking the other year_comma_ super annoyed by that.,Someone tried to steal my computer a year ago_comma_ got super angry with them.
furious,77,My mom cheated on my dad!,My mom cheated on my dad!! How could she??
furious,78,I was upset that my daughter total the car in the accident. She said that she was not responsible for the accident.,It is so upsetting that my daughter was in a car accident. I am thankful that she was fine but we lost our car because of someone's bad judgment.
furious,79,My father continuously gambles all his earnings away even though he has two minors to support. When I found out_comma_ I was too angry to look at him.,My father continuously gambles all his earnings away even though he has two minors to support.
furious,80,My cats ripped up my brand new couch! I know they're just animals who might know any better but it was a gift from family!,Oh boy I am livid! I just got this new couch from my family and my cats have already shredded an entire side of it.
furious,81,My family cannot agree on what to eat for dinner and its making me so mad!,So tonight we are suppose to go eat out as a family but I cant get a single one of my family members to agree on a place. So frustrating!
furious,82,A few years ago_comma_ my car got broken into. The thief broke out a window_comma_ and stole my speakers and all of my c.d.s.,A few years ago_comma_ when I was first out on my own_comma_ my car got broken into.
furious,83,A worker was supposed to come to look at my ac. I changed all my plans to wait for him. He didn't show up and didn't call!,A worker was supposed to come to the house to fix my air conditioning. I changed my plans for him and just sat there. Then he never showed up and didn't even bother to call.
furious,84,I am so mad my brother stole my car.,I am so mad my brother stole my car.
furious,85,I am so angry against Trump. He is started this tax war and now everything is increasing.,I am so angry against Trump. He is started this tax war and now everything is increasing.
furious,86,i was pissed when i saw someone had put a dent in my door,i was pissed when i saw someone had put a dent in my door
furious,87,I can't believe my son took my car without asking me! I missed an important job interview because I couldn't drive!,My son is such a rascal! He took my car for a joy ride!
furious,88,Nothing makes me more furious than bullies. Playground or politics_comma_ I find them intolerable.,I hate bullies. Playground or politics_comma_ I find them intolerable.
furious,89,I was infuriated by an air hostess,She was not polite
furious,90,I asked my roomie if he wanted cake_comma_ and he said no. Turns out he ate all my cake.,I asked my roomie if he wanted cake_comma_ and he said no. Turns out he ate all my cake.
furious,91,I was really mad when my friend lost her husband,I was pretty upset when my friend lost her husband.
furious,92,my child lied to me,I am trying to keep my cool but its pretty hard right now.
furious,93,My old roommate didn't clean out his room or the kitchen when he left. The university charged me and the other roommates 100$,My old roommate didn't clean out his room or kitchen when he left. My school charged the rest of us $100 because of him.
furious,94,I get aggravated when my daughters have too much homework.\,Sometimes my daughters have too much homework.
furious,95,I am so mad my flight got canceled.,I am so mad my flight got canceled.
furious,96,I was furious when my friend made fun of me in front of random strangers,I was furious when my friend made fun of me in front of random strangers.
furious,97,I just got back from grocery shopping at the store. I was overcharged for my beer.,I just picked up a 6-pack at the grocery store but I am not a happy camper.
furious,98,i was mad yesterday when i saw someone had put a dent in my door,i was mad yesterday when i saw someone had put a dent in my door
furious,99,I caught my neighbor letting his dog poop on my lawn.,Yesterday_comma_ I caught my neighbor letting his dog poop on my lawn. I had a few choice words for him.
furious,100,I got really mad yesterday because my husband made a huge mess in the house.,I got really mad yesterday because my husband made a huge mess in the house.
furious,101,My son used to be so stubborn about getting up in the morning and gong to school. It would make me so angry. It was always a huge fight. I'm so glad he has grown out of that..,My son used to give me such a hard time in the morning when he had to get up for school.
furious,102,The other day I seen someone had broken into my car. They didn't take anything. I'm not sure if I should feel violated_comma_ or bad because I had nothing worth stealing.,Someone broke into my car the other day_comma_ but they didnt steal anything.
furious,103,I put in vacation request months ago and am now just being told they can't grant it.,I put in vacation request months ago and am now just being told they can't grant it.
furious,104,I was sitting eating dinner when all of the sudden my cat jumped on the kitchen table and knocked over my food! I was SO mad.,I have this cat that loves to cause issues
furious,105,The ref called my goal back that I scored. He didn't see it go in.,This ref had the gall to call off my goal.
furious,106,I was pretty mad last week when my ac broke. It was very hot,I was pretty mad last week. My ac broke and it was so hot
furious,107,This new printer at work is SO AWFUL_comma_ I HATE IT,Man. This printer is GETTING ON MY NERVES!!
furious,108,I was pulling into the gas station and this kid felt the need to not only almost hit me but also call me extremely awful names.,I can't believe this! Some kid at the gas station nearly hit me and then had the nerve to call me awful names!
furious,109,When I got back from vacation_comma_ most of my garden was dead. My dad promised me he would water it!,When I got back from vacation_comma_ most of my garden was dead. My roommate promised me she would water it!
furious,110,I got crashed into this morning by another car who was texting while driving,I got crashed into this morning by another car who was texting while driving which was horrible
furious,111,My cat pooped on the bed the other day_comma_ I threw away the sheet,My cat pooped on the bed the other day_comma_ I threw away the sheet
furious,112,Someone keyed my car at work today! Injust got the car last week!,Someone keyed my car at work today.
furious,113,who keeps taking my bloody shoes,feelsbadman_comma_ some one in this absurd family ! WHO KEEPS ON TAKING MY BLOODY SHOES!
furious,114,Someone broke the headlight on my truck.,Someone broke the headlight on my truck.
furious,115,i was pissed when i saw a dent in my door,i was pissed when i saw a dent in my door
furious,116,There was someone in the supermarket on SAturday who had their toddler pushing the trolley. It was so busy and they were just geting in the way so I got furious.,Hi_comma_ I got angry in the supermarket on saturday
furious,117,I was so mad when I got detention for something I did not do. The kid who did it had nothing bad happen to him either,I got detention when I did not wrong. I was so furious at the kid who actually did the deed
furious,118,I was behind a guy going 10 miles per hour under the speed limit the other day. But when we got to a light that just turned yellow he floored it leaving me at the red light.,So the other day I was behind a guy on a two lane road that was going 10 miles under the speed limit. We approached a light that turned yellow. He floored it and I got stuck at the red light. So mad.
furious,119,Someone tried to steal the tailgate off of my truck last night.,Someone tried to steal the tailgate off of my truck last night.
furious,120,I was at work and my friend left to go to the bathroom and didn't come back for what seemed like 30 minutes! There were so many customers that I had to deal with!,I was at work and my friend left to go to the bathroom and didn't come back for what seemed like 30 minutes! There were so many customers that I had to deal with!
furious,121,I am furious at the person who abused the dog I have.,I am very angry at the person who bred_comma_ starved and then abandoned (or maybe she broke free) the dog I have.
furious,122,I missed my train yesterday. I was so mad at myself!,"I missed my train yesterday. I was so mad at myself!"""
furious,123,Our car was broken in too when we were asleep! I have cameras but need to get cords and figure out how to set them up! Makes me mad they weren't yet_comma_ however even when police have videos here_comma_ they don't do anything about it anyway! So ready to be out of this neighborhood,Our car was broken in too when we were asleep!
furious,124,Someone backed into my truck in the parking lot.,Someone backed into my truck in the parking lot.
furious,125,I am so mad at Trump.,I am so mad at Trump.
furious,126,The mechanic who came to fix our air conditioner overcharged us by $200.,The mechanic who came to fix our air conditioner overcharged us by $200
furious,127,I saw someone throw a little kitten out of his car window as he stopped at an intersection. How could anyone do that? I picked up the poor little kitten.,I saw someone throw a little white kitten out of his car window as the car stopped at a stop sign.
furious,128,I once found out my step father was stealing money from my mother to buy drugs. I confronted him about it and got in a fist fight with him.,Have you everr been in a fist fight with anyone?
furious,129,Someone bumped the back of my car while they were talking on their phone. That really made me angry.,Someone bumped the back of my car while they were talking on their phone.
furious,130,Someone hit my car and fled the scene. I wish I could find the person,Someone hit my car and fled the scene
furious,131,MY ex was supposed to bring by $200 today and he doesn't have even half of that. I'm so mad.,My ex is the worse when it comes to payments.
furious,132,I was camping last weekend and there were these giant deer flies that kept biting me. It really hurt a lot and they were fast and hard to swat.,I was camping last weekend and I kept getting bitten by very big deer flies. It was so annoying!
furious,133,I stubbed my toe last night and cursed angrily.,I stubbed my toe last night and it really made me lose my temper.
furious,134,I found out my brother in law's wife was cheating on him with MY brother. I can't believe it!,I just found out my brother in law's wife was cheating on him. And guess who it was with? My friggin' brother!
furious,135,I hate it when people cut me off in traffic,I hate it when people cut me off in traffic
furious,136,Someone took my laptop from my car. I am so angry someone stole it.,Someone took my laptop from my car.
furious,137,My moms full coverage insurance won't pay for ANY dental work- So she has had to save $500 per tooth to get them pulled and it's over $800 for each NEW tooth.,My moms full coverage car insurance won't pay for ANY dental work after her car accident.
furious,138,A co-worker stole my lunch I believe. I ended up having to skip a meal,A co-worker stole my lunch
furious,139,i was upset when i couldnt leave work,i was upset when i couildnt leave work
furious,140,I forgot to pay the electric bill last week so a lady came yesterday to turn the power off.,I forgot to pay the electric bill last week so a lady came a turned the power off.
furious,141,My boss just informed me that I will be getting a bunch of unfinished work from a coworker that was promoted. I am so mad that I have to do my stuff and someone elses incomplete work!,My boss just informed me that I will be getting a bunch of unfinished work from a coworker that was promoted. I am so mad that I have to do my stuff and someone elses incomplete work!
furious,142,Really tired of the person in my life continuing to repeat the same mistakes. I don't know how much more I can take of this.,Really tired of the person in my life continuing to repeat the same mistakes.
furious,143,i hate sitting around doing nothing. it drives me nuts to do nothing at work when i have a million things to do at home,i hate sitting around doing nothing. it drives me nuts to do nothing at work when i have a million things to do at home
furious,144,I found my girlfriend having sex with my best friend. They are both just aweful human beings!,I found my girlfriend having sex with my best friend
furious,145,some one ran into my car and drove off!,some one ran into my car and drove off
furious,146,I was trying to hurry around the house. While I wasn't paying attention fully my foot struck against my dogs toys and stubbed my toe.,I was hurrying around the house and wasn't paying attention fully_comma_ I ending up hitting my toe on my dogs toys.
furious,147,The other day I was at work and my friend wouldn't help do any of the work! the entire day she just sat there and talked_comma_ I was so mad at her. I practically did all the work that day,The other day I was at work and my friend wouldn't help do any of the work! the entire day she just sat there and talked_comma_ I was so mad at her. I practically did all the work that day
furious,148,My daughter borrowed my car and ended up hitting another car in the parking lot.,My daughter borrowed my car the other day and you won't believe what happened.
furious,149,My cat tore apart my favorite book. She managed to do it while I went to get a package,My cat tore apart my favorite book this morning
furious,150,I dropped my phone earlier and the screen shattered. Im so mad. This phone was really expensive and now i have to get it fixed,I am so mad right now!
furious,151,Someone smashed into my car and left. People are horrible!,Someone smashed into my car and left. People are horrible!
furious,152,I am mad that the summer is almost over.,I am mad that the summer is almost over.
furious,153,I injured my foot a couple of days ago (muscle strain). Now my co-worker keeps calling me slow and laughing about it. When she's not calling me crippled instead.,I'm having such trouble with a co-worker. She has no manners at all!
furious,154,My best friend stole my car last week. I want to beat him up,My best friend stole my car last week
furious,155,My dog pooed all over the floor!,My dog pooed all over the floor.
furious,156,I walked home one night. I caught my wife sleeping with my best friend,One night I came home and caught my wife sleeping with my best friend
furious,157,I'm so mad at my neighbor! He's working on his home and dropped nails in the street. I got a flat tire because of him.,I'm so mad at my neighbor! He's working on his home and dropped nails in the street.
furious,158,having something stolen,i got home from work today and found someone stole my tv
furious,159,I woke up to there being no toothpaste left_comma_ my boyfriend used it all and I had to go to work!,Today before work when I went to brush my teeth_comma_ there was no toothpaste left. My boyfriend used it all!
furious,160,My roommate had sex on my bed. What a jerk!,My roommate had sex on my bed.
furious,161,I am angry that I can not go out this weekend.,I am angry that I can not go out this weekend.
furious,162,I ordered a pizza tonight. When it got here it didn't have cheese on it.,I ordered pizza for dinner tonight.
furious,163,Anytime I see people just throwing garbage on the street I feel anger.,I get angry when people don't use trash cans.
furious,164,My friends wouldn't go with me to the gym last night. I was so angry that I broke my tv.,My friends wouldn't go with me to the gym last night. I was so mad that I shattered my phone.
furious,165,I;m so mad with my brother. He stole from me and didn't think I would notice.,My brother stole from me and when I found out about it he didn't even apologize!
furious,166,We had a puppy going through the chewing stage. I came home from the grocery store to find that he had taken the couch cushions off of the couch and chewed through the center!,We had a new puppy. He loved to chew on everything. I went to the grocery store and when I got back home_comma_ the puppy had pulled the cushions off of the couch. He had chewed through the bottom!!
furious,167,I lost my credit card and someone charged 500 dollars on it. I am so angry about it.,I lost my credit card and someone charged 500 dollars on it.
furious,168,I bought a movie on demand last night and my kids left after like 5 minutes,I bought a movie on demand last night and my kids watched like 5 minutes and left
furious,169,someone crashed into my car yesterday.,Someone crashed into my parked car yesterday.
furious,170,I was in McDonald's drive thru to place my food order. When I arrived home_comma_ I noticed they gave me the wrong order !,I was in McDonald's drive thru to place my food order. When I arrived home_comma_ I noticed they gave me the wrong order !
furious,171,When my children make a huge mess_comma_ after I get the house cleaned.,The world would be a cleaner place if not for children.
furious,172,I saw someone throw trash from a moving car yesterday.,I saw someone throw some trash from a moving car yesterday. I was so angry.
furious,173,The people that bring more luggage than expected in the airplane are making me angry.,The people that bring more cabin luggage than expected in the airplane are making me angry.
furious,174,Someone broke out my car window. I am so angry it happened.,Someone broke out my car window.
furious,175,I got cut off in traffic the other day. There was noone behind me for a long way but no_comma_ they had to go right in front of me. Had to slam my breaks,I hate when people pull in front of you_comma_ especially when it's clear behidn you.
furious,176,I lost my job because my company didn't pay rent at our location.,I lost my job because my company didn't pay rent at our location.
furious,177,One of my coworkers has been arguing with his supervisor frequently. Despite this_comma_ he hasn't been fired and he's even gotten extra hours--which I don't think is right at all!,One of my coworkers has been arguing with his supervisor a LOT lately.
furious,178,So my kid loves to play with stupid model cars and stupid tiny legos. Well he didn't clean them up and this morning I rolled out of bed tired and walked to the kitchen and stepped on a stupid lego!! I could have set a bomb off I was soooo mad.,So my kid loves to play with stupid model cars and stupid tiny legos. Well he didn't clean them up and this morning I rolled out of bed tired and walked to the kitchen and stepped on a stupid lego!
furious,179,My son stole $600 from me!,I cannot believe that my own son would steal from me!!!!
furious,180,it makes me really mad to see homeless people on the street_comma_ i think there should not be that many homeless people makes me really mad,It really makes me angry to see that many homeless people on the street
furious,181,I cannot believe that my wife cheated on me!,My wife cheated on me! It's absurd!!
furious,182,I can't find my car keys since last night!,I can't find my car keys since last night
furious,183,I won tickets to a concert and when we got there_comma_ they were supposed to have the tickets at the box office and they didn't so the refused us no matter how much proof we gave that we won. It was ridiculous!,I won tickets to a concert and when we got there_comma_ they were supposed to have the tickets at the box office and they didn't so the refused us no matter how much proof we gave that we won. It was ridiculous!
furious,184,My ipad is locked. My son kept putting in the wrong passcode.,MY son always tries to unlock my ipad while I'm sleep. Now it has to be reset
furious,185,my brother did something stupid,like who on earth writes var int value = 1_comma_ this is so ridiculous i am so annoyed at my brother_comma_ after everything i tought him_comma_ he doesn't even know the basics
furious,186,My dog crapped on my rug yesterday. I was so irked.,My dog took a crap on my new rug yesterday.
furious,187,I hate that I am the only one who cleans around here. It really gets on my nerves,I am the only one who cleans in my apartment
furious,188,I am so mad that my brother stole 100 bucks from me.,I am so mad that my brother stole 100 bucks from me_comma_
furious,189,I recently purchased a new car_comma_ and within the week got rear-ended in traffic,I recently purchased a new car_comma_ and within the week got rear-ended in traffic
furious,190,I was supposed to be off work 3 hours ago. I'm still here.,I was supposed to be off work 3 hours ago. I'm still here
furious,191,My 15 year old stole a familys member bank card number and overdrawn the account by 500_comma_ with buying mine craft stuff for his game that he had on his phone,My 15 year old stole a family members bank card number and overdrawn the account by $500. I was so mad I asked him about it and he had the nerve to lie to me even with the proof that I needed
furious,192,I get really upset when ever someone cuts me of in traffic. I just dont see why people think it's ok to do that.,I got so annoyed the other day. Got cut off in traffic.
furious,193,My daughter snuk out the window last night. Cops brought her home this morning. she was still drunk,My daughter snuk out the window last night.
furious,194,I am furious at Trump.,I am furious at Donald Trump
furious,195,I felt really mad about a tech problem today. I can't figure out how to download a game to a certain drive.,I felt pretty frustrated at some tech problems I had earlier. I couldn't find a way to download a game to a different drive.
furious,196,Some one told a lie about me,Some one lied to my girl friend
furious,197,My best friend broke my bicycle. I was very angry on him.,That day_comma_ my best friend broke mt bicycle.
furious,198,My Superior questioned about my work in front of my colleagues. But I didn't make any mistake.,I got angry with my superior.
furious,199,I was furious to hear that my dental bill was three times of what I was expecting!,I was furious today when I heard my dental bill was going to be three times more than what I expected!
grateful,0,I got my mortgage last month and i am pretty happy for becoming a homeowner,I decided to become a homeowner and successfully got my mortgage last month
grateful,1,I had to go to a wedding far out of the city I live in_comma_ and needed someone to watch my dogs. A friend took over last minute and agreed to watch them for the weekend.,I was going to a wedding outside of my city_comma_ and had arranged to have my dogs watched while I was gone_comma_ but the person backed out really soon before I had to leave.
grateful,2,My old boss put in a good word for me at a new organization and helped me land a new job.,My boss at my old job was nice enough to put in a good word for me at a new organization and helped me land a higher paying job!
grateful,3,I found my stolen bike before I knew it was stolen.,I found my bike infront of a store before i even knew it got stolen
grateful,4,I knew that some of friends were going on a trip and it was unlikely that I'd get to go. Surprisingly I got to go so I was really happy.,Recently I knew that my friends were going on a trip and I really wanted to go.
grateful,5,I lost my house in a fire last year. All my friends banded together to help me in any way they could think of.,I lost my house in a fire last year. All my friends banded together to help me in any way they could think of.
grateful,6,My son always thinks of me when I need it most.,My son always thinks of me when I need it the most. He's super intuitive.
grateful,7,My brother asked me to church yesterday. It was a nice feeling and gesture from him,My brother asked me to church yesterday. It was a nice feeling and gesture from him
grateful,8,I am so blessed to be able to have a car.,I am so blessed to be able to have a car.
grateful,9,i feel very thankful for everything that i have_comma_ i live a really good life in my liking,i really am thankful for everything that i have and had
grateful,10,I recently went to a rock concert. We weren't going to go_comma_ but someone gave her 3 free tickets. We went and had a great night.,Some people are just so generous. Really makes you feel like there is some humanity left out there.
grateful,11,I am grateful for my life right now_comma_ I have a girlfriend_comma_ a good job_comma_ and a good group of friends,I am grateful for my life right now_comma_ I have a girlfriend_comma_ a good job_comma_ and a good group of friends
grateful,12,I'm glad I made friends at ym job. I usually keep it professional,I usually keep only professional relationships at work.
grateful,13,My friend lost her job but won $5_comma_000 from a scratch-off ticket.,My friend lost her job but won $5_comma_000 from a scratch-off ticket.
grateful,14,I was very fortunate that I lives so close to my grandparents while they were alive.,I was very fortunate that I lives so close to my grandparents while they were alive
grateful,15,thankful for my family_comma_ thankful to have a roof over my head in these stressful times,I am so thankful for my wife_comma_ and child. I honestly dont know what I would do without them.
grateful,16,I needed gas and didn't have cash. Some stranger paid for it without me even asking.,I needed gas and didn't have cash. Some stranger paid for it without me even asking.
grateful,17,I had to go to the food bank today. I ran out of formula and I didn't realize that the one bottle I had left had expired. Luckily they gave me more than enough formula to make up for it.,I had to go to the food bank for some formula today_comma_ because I ran out unexpectedly. I am glad they were able to help me.
grateful,18,I am honored I get visit China next year.,I am honored I get to visit China next year.
grateful,19,There was a test that I needed to pass in order to graduate college. I was having so much trouble understanding the subject and really didn't feel like I could do it on my own. My sister sat down with me and really went over the whole thing allowing me to finally understand it and get a great grade on the test!,I had to take a test in order to graduate college but I really didn't understand the subject at all and couldn't get anywhere studying on my own. After a lot of agony my sister sat down with me and went over it in detail. She really helped me to learn and understand it. Thanks to her I got a great score on the test!
grateful,20,My best friend helped me assemble a surprise party for my sister,My best friend helped me assemble a surprise party for my sister in record time
grateful,21,I am so happy all of my kids will be in school this year. Some peace and quiet finally,all of my kids will be in school this year
grateful,22,My friend bought me dinner tonight. It made me really appreciate him,My friend bought me dinner tonight. It made me really appreciate him
grateful,23,My parents took me out eat. It was a really nice thing for them to do.,My parents took me out to eat at a fancy restaurat last night.
grateful,24,I've been wanting to buy a massage table for a while now. My mom gave me a gift card that finally made it possible.,I have been wanting to buy a massage table for my business.
grateful,25,Healthy baby after a high risk pregnancy.,I had a high risk pregnancy up until a few months ago. I felt the most grateful I'd ever been when my baby turned out healthy.
grateful,26,I'm so grateful to have awesome neighbors_comma_ they look after my house when I'm on vacation!,I'm so grateful to have awesome neighbors_comma_ they look after my house when I'm on vacation!
grateful,27,When my dog ran out of my house my neighbor was able to catch him. I am so happy I have such a nice neighbor. He does things for me all the time.,My dog ran out of the house into the street the other day. Luckily my neighbor was there and caught him for me.
grateful,28,I'm so happy I've been doing well in school while working. For a while I thought I would have to drop out.,I've been doing great in school so far.
grateful,29,I visited an orphan once and just being there made me so thankful for parents and family,I visited an orphan once and it was such a surreal moment. It made me realise how thankful I should be for a family
grateful,30,I am so happy I am an independent woman. It took a while but I'm here.,I love being independent.
grateful,31,My dad gave me some money to buy some e-cig liquid for my vape_comma_ I am so thankful!,Recently_comma_ my dad gave me some money to buy e-cig liquid for my vape_comma_ I am very thankful!
grateful,32,I just got a new job and they offered to pay off my school debt.,I just got a new job and they offered to pay off my school debt
grateful,33,my test being paid for when i couldnt afford it,i took my pharmacy tech certification test last week_comma_ but almost wasnt able to because i couldnt afford the $200 fee for the test. my aunt heard and reached out and paid it for me as a gift.
grateful,34,For the good things and those that are not so good_comma_ I must give thanks ... the good ones make me feel good_comma_ the others make me grow,Hello ... I give thanks for the good things and the things that do not_comma_ the good things make me feel good and the satisfaction and the bad things are internal growth
grateful,35,I feel like these days my life keeps just getting better and better. I'm a beginning entrepreneur and for the first time paid my full rent with 100% self-employment cash.,My life is pretty awesome. I'm new to the entrepreneur life and just paid my full rent with 100% self-employed profit.
grateful,36,I have been feeling so blessed! I randomly got a promotion at work_comma_ wasn't expecting it.,I just got a promotion at my job!
grateful,37,My mom bought me a gift for my birthday,My mom spent a lot of money buying me a computer for my birthday
grateful,38,I just saved 20 percent on my car insurance by switching to another company. I am very thankful for the savings.,I just saved 20 percent on my car insurance by switching to another company.
grateful,39,I felt grateful when my dad helped me get a new car. He was there with me the whole time,I was grateful when my dad helped me buy a car. He was there the entire time
grateful,40,once when i went to shopping i mistakenly parked my car at a no parking place which i was not aware,when i went for shopping i parked my car at a no parking zone which i am not aware _comma_ police approached the car and was about to tow it away
grateful,41,I just bought a new car because of my new job and I am very happy,I am feeling good because I got myself a gift recently.
grateful,42,A friend bought me my movie ticket yesterday. It was a nice gesture by him,A friend bought my movie ticket yesterday. It was a nice gesture by him
grateful,43,My sister came to stay with us when I was sick. She took a week off work.,My sister came to stay with me when I was recovering from surgery.
grateful,44,I'm really lucky to have the family that I do. We're all so very close knit and the togetherness really helps me get through some tough times. I'm so fortunate to be around them.,I just moved back near family_comma_ and I'm feeling overwhelmed with how close knit everything is again.
grateful,45,I am so happy my boyfriend and I got back together. We are going to get married. I just know it,I glad my boyfriend and I reconciled
grateful,46,I'm happy with my health right now. I'm at a healthy weight_comma_ I have no aches or pain_comma_ and I'm still pretty young. I think young people take for granted their ability to not feel physical pain.,I'm happy with my health right now. I'm at a healthy weight_comma_ I have no aches or pain_comma_ and I'm still pretty young. I think young people take for granted their ability to not feel physical pain
grateful,47,I'm so happy I have my dogs in my life_comma_ they are so loyal and happy.,I'm so happy I have my dogs in my life_comma_ they are so loyal and happy.
grateful,48,My son had to have an MRI done because of seizures and thankfully it was clean.,My son was diagnosed with epilepsy recently and he had to have an MRI done.
grateful,49,I think everyday how fortunate I am to have a house_comma_ car_comma_ food_comma_ water and air to breathe. There are so many people in the world who don't even have clean water to drink.,I think everyday how fortunate I am to have a house_comma_ car_comma_ food_comma_ water and air to breathe. There are so many people in the world who don't even have clean water to drink
grateful,50,Family gave me some money to fix the house we just bought.,Family gave me some money to fix the house we just bought
grateful,51,A friend of mine is not feeling well today. He gave me his tickets to the Kid Rock concert tonight.,My friend is not feeling well today.
grateful,52,My family looks out for me no matter what.,My family looks out for me no matter what_comma_ it's great to have them on my side_comma_ especially when I was struggling.
grateful,53,I'm pregnant but wasn't able to have a baby shower but all my friends and family sent us nice little gifts.... It was such a nice thing of them to do,I'm pregnant but wasn't able to have a baby shower but all my friends and family sent us nice little gifts.... It was such a nice thing of them to do
grateful,54,My boss wasn't giving me Sunday hours_comma_ which is when we get time and a half. I asked_comma_ and now I get hours on Sunday every week!,My boss has been giving me hours I really want lately.
grateful,55,The other day_comma_ I was pulled over for speeding. The officer just gave me a warning_comma_ and I was very relieved.,I was pulled over for speeding the other day. The cop actually was really cool and just gave me a warning. I was very relieved.
grateful,56,My grandma sent me a birthday card in the mail! She is such a sweet lady.,My grandma sent me a birthday card in the mail! She is such a sweet lady.
grateful,57,my mom always invites me places and pays for everything. Its so nice.,I love when my mom invites me places
grateful,58,Today I had a lot to do on my job_comma_ I thought I was never going to finish on time. But then a coworker helped me with it and we were able to finish before the dateline!,Today I had a lot to do on my job_comma_ I thought I was never going to finish on time. But then a coworker helped me with it.
grateful,59,My husband was in a car wreck 2 years ago and broke his back. After he came home from the hospital the church brought us dinner every night for 2 weeks. It was so great.,My husband broke his back in a car wreck a couple of years ago. For 2 week after we came home the church brought us dinner every night.
grateful,60,i have such a great family. i am so thankful for them,I have such a great family
grateful,61,While riding my bicycle to work_comma_ I was hit from behind by a woman in a car. She stopped_comma_ and even against my pleas (I was in shock)_comma_ called for an ambulance.,It sounds crazy to say_comma_ but even though I was hit by a car on my bicycle_comma_ it could have been much worse.
grateful,62,My husband went out of town for the weekend and I stayed home. For once_comma_ I was able to get things done around the house with someone always interrupting.,I can't get much done either because I have 3 kids that always seem to need something or got somewhere.
grateful,63,My mom and dad divorced when I was 9 and I went to live with my dad at age 10. My mother wasn't around so my grandmother filled that role for me_comma_ I am so thankful for her willingness to help me grow up.,My mom and dad divorced when I was 9 and I went to live with my dad at age 10_comma_
grateful,64,I had surgery a few weeks ago_comma_ and my friends all brought me casseroles so that I wouldn't have to make dinner as I healed.,I had surgery a few weeks ago. It was tough_comma_ but my friends really helped out.
grateful,65,for the meal i just made,I just had the most amazing lunch ever. I am so thankful to have cooking skills.
grateful,66,I lost my wallet the other day and my neighbor returned it. I was so happy and thankful.,I lost my wallet the other day and my neighbor returned it.
grateful,67,My best friend took my daughter for the weekend so that I could have some alone time with my husband. She's a great friends_comma_ so thankful for her!,My best friend took my daughter for the weekend so that I could have some alone time with my husband.
grateful,68,I got a new dog. My girlfriend surprised me with a puppy for my birthday.,I just got a new puppy on my birthday. It was a surprise from my girlfriend. He's awesome!
grateful,69,I am very grateful for my present today. It is my birthday and I opened some presents!,I am so happy for all the presents that I got at my birthday party!
grateful,70,I'm so glad it finally cooled down outside,I'm so glad it finally cooled down outside! I hate heat and humidity_comma_ makes me feel so miserable
grateful,71,My wife has been sick for more than 12 years and she is finally feeling better and I am so happy.,My wife has been very sick for the last 12 years and is finally feeling better and I am so happy!
grateful,72,Some of my friends desperately seek approval from women and I pity them. I'm proud that I have enough self-respect to chase money instead of tail and in the process get more dates than they do,I'm happy that I have more self-respect than most of my friends who desperately seek approval from women....I focus on my money scheme and end up getting more dates than they do it's hilarious
grateful,73,i couldnt believe my luck at the casiuno,I couldnt believe the luck I was having_comma_ I was up 100 dollars already
grateful,74,I am so happy all of my children were born healthy. Everyone isnt so lucky,Im so happy my children were born healthy.
grateful,75,I'm so thankful it's finally August! All of my favorite holidays come up_comma_ and the cooler weather is great.,I'm so glad it's finally August! It hasn't cooled off yet but all of my favorite holidays come up soon_comma_ and I'm really looking forward to the cooler weather.
grateful,76,I just figured out how to consistently generate high quality serves in tennis. My friend has been working with me on the weekends to get the right motion and power down.,My friend has been working with me on the weekends to get my tennis game on the next level.
grateful,77,My son drove down to help me move. I was very relieved to have some help as the job was overwhelming.,My son drove down and spent the whole weekend helping me move.
grateful,78,I couldn't make to dinner on time with my friends.,I couldn't make to dinner on time with my friends
grateful,79,A coworker helped me move to another city. He was so kind.,A coworker helped me move to another city. He was so kind.
grateful,80,One time I was sick with the flu. My boyfriend stopped by to check up on me,I was sick in bed with the flu. My boyfriend took care of me though
grateful,81,I am so lucky to have ahome like i do.,I found a home and bought it and i can't believe i was able too.
grateful,82,I am so happy I met my wife during college.,I am so happy I met my wife during college.
grateful,83,When my mom recently offered to help me with a medical bill. I was very stressed out because I had to have surgery and had a high deductible. She really helped me out a lot.,I'm so happy and relieved my mom came to my rescue this week.
grateful,84,My neighbor returned my lawn gnome today. I was so thankful.,My neighbor returned my lawn gnome today.
grateful,85,For this month_comma_ i have reached my goal for the amount to save. I am thankful for finding willpower to cut on unnecessary spending,I am thankful for achieving the amount I had planned to save for the end of this month. I was able to cut on unnecessary spending
grateful,86,These days I feel that for every loss in my life I gain tenfold more blessings. So I'm always in a great mood,I feel that for every loss in my life I gain tenfold more blessings. My life's pretty great these days not gonna lie
grateful,87,My son told me he loved me today. After years of not talking he finally came over.,My son told me how much he loves and appreciates me. I haven't seen him around here in over 5 years.
grateful,88,I was thankful my brother helped me move. It was needed,I was thankful my brother helped me move. It was needed
grateful,89,I was eating at a restaurant. As I was leaving_comma_ one of the employees rushed over to me and gave me my phone I left there.,I was eating at a restaurant and as I was leaving_comma_ an employee there gave me my phone which I had left behind
grateful,90,I don't have a car anymore but I am content with that. Everything I need is within walking distance so whatever.,I don't have a car anymore but I am content with that. Everything I need is within walking distance so whatever.
grateful,91,I need to thank my manager. He groomed me to the next level in the organization,I received a mail yesterday! It was a surprise announcement for me!
grateful,92,I'm glad to have my close group of friends to cheer me up. I was dumped a few days ago_comma_ and it really hurt,I was dumped a few days ago after 4 years so I'm glad I have a close group of friends who helped me get through it
grateful,93,I feel asleep while driving home last night. I almost hit a pole but my phone rang and I woke up!,Last night while driving home I fell asleep at the wheel.
grateful,94,My neighbor returned my longsword last night. I was so thankful for his kind gesture.,My neighbor returned my longsword to me this morning after a heated battle with the adjacent neighborhood.
grateful,95,My saving habit is going as planned and I feel in control over my cravings for unnecessary spending. Feeling thankful for it,I am thankful that I am diligently following my saving habit. I feel in control over my urges for unnecessary spending
grateful,96,I am very happy to have my best friend. He always checks up on me,I am happy to have my best friend. He always checks up on me
grateful,97,My neighbor returned my owl that ran away. I was so grateful.,My owl ran away yesterday_comma_ but my neighbor managed to find it!
grateful,98,I'm happy I've learned from my past mistakes. I've been at ground zero and I'm thankful that the feeling of what it's like to be at the end of your rope has propelled me into financial autonomy.,I'm thankful for all my past mistakes. They've helped me grow in a big way
grateful,99,i was thankful that i got the weekend off,i was thankful that i got the weekend off
grateful,100,I was in line getting fast food today_comma_ and the person in front of me paid for my meal! I offered to do the same for the person behind me_comma_ even though I always think that's cheesy when I hear about it. But it was still kind of a cool event that happened_comma_ as I'm sure it carried on a while.,I was in line getting fast food today_comma_ and the person in front of me paid for my meal! I offered to do the same for the person behind me_comma_ even though I always think that's cheesy when I hear about it. But it was still kind of a cool event that happened_comma_ as I'm sure it carried on a while.
grateful,101,when my aunt paid my test fees,i didnt think i was going to be able to take my pharmacy tech certification test. the fee was $350..
grateful,102,I had a baby. I was so happy and joyful that I had been given this blessing.,When I had my first baby_comma_ it was amazing. I was just so happy and joyful that I had been given this blessing.
grateful,103,I recently got an unsolicited raise at work.,I came back from a trip recently_comma_ got called in the boss's office and was given a decent sized raise.
grateful,104,I recently got in trouble for missing a lot of work. My supervisor had a talk with me and has decided to give me another chance to improve.,I recently got in trouble for missing a lot of work. My supervisor had a talk with me and has decided to give me another chance to improve.
grateful,105,My car broke down recently_comma_ now my brother in law helps me get around and I can't thank him enough.,I've been having car trouble lately_comma_ but my brother in law has been helping me get around. I'm so thankful towards him./
grateful,106,My dog had a medical emergency and I didn't have the money to cover it_comma_ so my parents loaned me some money until I got paid.,My dog started looking really sick and in pain_comma_ but I didn't have the money to take him to an emergency vet_comma_ so I had to ask my parents for a loan until I got paid.
grateful,107,I have been struggling to get by financially lately. My parents offered to help out with new clothes and school supplies for my kids. It was a huge help!,I have been struggling financially recently.
grateful,108,Our lawnmower is broken_comma_ and our neighbour offered to help us out by mowing our lawn.,Our lawnmower is broken_comma_ and our neighbour offered to help us out by mowing our lawn.
grateful,109,I was given the opportunity to work at a new job that I was hoping to get! I never thought it would be possible!,I was given the opportunity to work at a new job that I was hoping to get! I never thought it would be possible!
grateful,110,It can be really hard coming up with all the money needed for back to school. For the most part I have it covered. There is an organization helping with some of it and even a small amount helps a lot.,Back to school time is always stressful because of how much everything costs now.
grateful,111,Yesterday_comma_ I lost my favorite pair of underpants. I was quite grateful when my favorite bartender returned them.,So_comma_ went to the bar last night and woke up missing my underpants. I had no idea what happened to them_comma_
grateful,112,The other day I was short on cash to pay my phone bill. As I was walking_comma_ I found a $20 bill on the ground that put me over what I needed!,The other day I was short on cash I needed to pay my phone bill.
grateful,113,My next store neighbor cooked me dinner last night.,My next store neighbor brought me dinner yesterday evening.
grateful,114,I love that my kids still get excited for school. I get just as excited,MY kids still get excited for school.
grateful,115,I have always been appreciative of my parents for paying for my colleger,I have always been appreciative of my parents paying for college
grateful,116,I received a late birthday gift from a friend and it was exactly what I needed,I received a late birthday gift from a friend and it was exactly what I needed
grateful,117,I prayed at the table for our food.,Yesterday I just prayed and thanked the Lord before eating my dinner.
grateful,118,My parents bought my wife and I a new dryer.,My parents bought my wife and I a new dryer the other day. We had complained to them about our old one_comma_ and then a delivery guy showed up with the new one a week late. I was quite surprised!
grateful,119,I received a full ride scholarship to my dream school. I was so happy.,I received a full ride scholarship to my dream school. I was so happy.
grateful,120,Everyday I remind myself of how lucky I am to have a pair of supportive parents.,Everyday I remind myself of how lucky I am to have a pair of supportive parents.
grateful,121,Lately_comma_ I was having financial issues. The company that I am working for me is going to pay us bonuses.,Lately_comma_ I was having financial issues. The company that I am working for me is going to pay us bonuses.
grateful,122,A friend of mine drove me to work when my car broke down. I would have been in trouble otherwise,A friend of mine drove me to work when my car broke down
grateful,123,I received a promotion at my job I am so thankful for this opportunity.,I got a new position at my job more money and also happy to be recognized for my hard work.
grateful,124,I was away from my house for the day and my neighbor called me to tell me I had left the garage door open. I really appreciated it.,I had left my house for the day_comma_ and my neighbor called me and told me I had left my garage door open. I was very appreciative because someone could have easily robbed me
grateful,125,my wife is the best! im so lucky tohave her!,my wife is amazing_comma_ i am so lucky to have her
grateful,126,I am thankful for my dog. Whenever I am lonely_comma_ she comforts me and I feel happy again1,I am thankful for my dog. Whenever I am lonely_comma_ she comforts me and I feel happy again!
grateful,127,I'm thankful for the life that I have.,My life is going pretty well at this time.
grateful,128,Life hasn't always been easy_comma_ but I have many things to give thanks for. I try to remind myself of that everyday_comma_ especially when I spend time with my family.,When I spend time with my family_comma_ it reminds me how lucky I really am.
grateful,129,I've had some difficult times_comma_ and feel glad to have friends and family to help me.,Some things have changed in my life and my close friends have family have helped me through_comma_ which I really appreciate.
grateful,130,I was able to get a full ride scholarship. I'm attending an ivy league school.,I was able to get a full ride scholarship. I'm attending an ivy league school.
grateful,131,I saw a homeless person today. I instantly felt so thankful for what I had in life and where I was.,I saw a homeless person today. I instantly felt so thankful for what I had in life and where I was.
grateful,132,A kid I helped pay tuition fees got a job with Google and just bought me a car,The father had no money to pay his fees so I helped him now he bought me a car
grateful,133,My sister gave me some advise during a very difficult situation. I was so glad that she was there when I needed her.,My sister gave me some advise during a very difficult situation. I was so glad that she was there when I needed her.
grateful,134,My mother lives in the same neighborhood as I do and I am so happy she lives close. My father passed away about 2 years ago and I'm so thankful she's still here with us.,My father passed away 2 years ago_comma_ but my mother lives in my neighborhood now. I'm so thankful she lives close by and still here with us. She's such a wonderful mother.
grateful,135,My ride home from school decided to leave early. I ended up having to call my grandma to get him. She was very nice enough to do that for me.,Back in high school i ran the game club. My normal ride made left me early.
grateful,136,I'm so glad I'm able to pay my bills now.,I'm so glad I'm able to pay my bills now.
grateful,137,My neighbor watched my kids last minute,My neighbor watched my kids at the last minute when I was in a bind_comma_ she's awesome.
grateful,138,I'm retiring soon.,I'm retiring soon.
grateful,139,I was having dinner and just praised the Lord for it.,Hi_comma_ I was having dinner yesterday and just stopped for a moment to thank the Lord.
grateful,140,I recently had a bad health scare. I was on pins and needles waiting the result of a skin biopsy. Luckily_comma_ it wasn't cancer.,I recently spent a couple of restless days awaiting the results of a skin biopsy. I had a weird mole come up out of nowhere.
grateful,141,My coworkers got together and got me flowers when my mother passed away. I am lucky to have such caring people around me.,My mother passed away recently and it was a really hard time. When I returned to work my coworkers got me flowers and made me feel welcome.
grateful,142,There's a woman in town who has started delivering groceries to peoples' homes. As I'm disabled_comma_ I'm so thankful for her service. Things would be a lot more difficult without it.,I get my groceries delivered to my home and am so grateful for the service.
grateful,143,I am incredibly lucky to have a stranger return my new phone when I lost it on the bus.,I am incredibly lucky to have a stranger return my new phone when I lost it on the bus.
grateful,144,My friend gave me his couch when he moved. I felt pretty nice to have it,My friend gave me his couch when he moved. It was nice of him
grateful,145,I was running a bit short on cash last month and just got a nice bonus from work out of the blue. It really saved me.,Last month I was running a bit short on cash_comma_ but I got a bonus from work out of the blue.
grateful,146,My husband never cooks. Today he cooked my favorite food.,My husband cooked me my favorite food today! He never cooks!
grateful,147,My mom gave me some money,My mom gave me some money to pay some bills.
grateful,148,My best friend came over and cleaned my entire house while I was sick with the flu. She is the best!,My best friend came over and cleaned my entire house while I was sick with the flu.
grateful,149,My friend lost her job. I'm glad she paid off her home though.,My friend lost her job. I'm glad she paid off her home though
grateful,150,I am grateful to be alive.,I almost died last year.
grateful,151,Graduating from college after spending as much money as I had was a weight off my shoulders. I knew it would be a new chapter in my life.,Graduating from college was a load off my shoulders.
grateful,152,I got a promotion last month_comma_ thank god.,I got a promotion last month_comma_ thank god.
grateful,153,My sister showed up at my house with some delicious soup knowing that I am sick. Made me so happy,My sister showed up at my house with some delicious soup knowing that I am sick. Made me so happy
grateful,154,I am so happy to have such talented kids. We were all raised to love and play music,I am so ahppy to have such talented kids.
grateful,155,I'm really happy to have the family I do.,I'm really happy to have the family I do.
grateful,156,I was walking in the park earlier. A friend of mine showed up and brought me some pizza slices.,I got free pizza today!
grateful,157,most people cant find a job_comma_ im just happy im working,most people around my neighborhood cant find jobs _comma_ im just really happy i already have a job
grateful,158,to have a life_comma_ to be alive_comma_ to have a home.,I feel so blessed these days to just be alive in general.
grateful,159,I am feeling this way with my life now_comma_ I am so thankful for everything.,I am so thankful for everything in my life.
grateful,160,My parents just gave me the best birthday present ever.,My parents just gave me the best birthday present ever.
grateful,161,I've been having trouble financially_comma_ and my coworker brings me lunch everyday.,I've been having trouble financially_comma_ and my coworker brings me lunch everyday
grateful,162,I am glad my oldest does not mind helping out aroung the house. She is such a sweet kid,MY oldest daughter is so sweet.
grateful,163,I recently received a raise at work. It came at a good time and was much needed.,My boss finally realized all the hard work I've been doing lately.
grateful,164,I am so lucky I got the scholarship.,I am so lucky I got the scholarship.
grateful,165,My brother is taking me to church tomorrow. Its a nice gesture from him,My brother is taking me to church tomorrow. Its a nice gesture from him
grateful,166,My dog just gave me a bunch of kisses!,My dog just gave me a bunch of kisses! I love her so much
grateful,167,I woke up today and took a warm hot shower. I was so thankful for warm water_comma_ let alone being able to shower.,I woke up today and took a warm hot shower. I was so thankful for warm water_comma_ let alone being able to shower.
grateful,168,I am happy today to my work willing to be the best,Having a good job is something to thank
grateful,169,I was busy with a work related project. A co-worker stepped in and helped me out,I was busy with a work related project
grateful,170,My friend went out of his way to pick me up from work after my car broke down. I can't thank him enough.,My car broke down yesterday but luckily my friend was able to pick me up from work while it was in the shop. I think I'm going to take him to a nice restaurant to say thanks.
grateful,171,I am grateful for my parents who helped me along the way when buying my first house. They helped with some groceries and with understanding my loan papers etcc.,When I bought my first house I put down 20% of the loan_comma_ which made me broke quick. My monthly paycheck helped me with bills but my parents bought me groceries for a month until I got on my feet. SO grateful for them
grateful,172,My neighbor returned my treasured lawn gnome the other day. I was so thankful.,My neighbor returned my treasured lawn gnome today.
grateful,173,We found out our son wasn't as sick as we thought he was and I was really glad.,We took our son to the doctor and luckily he is getting better!
grateful,174,After my 4th child was born_comma_ I had friends sign up to bring dinner for us for 2 weeks. I had a c section and was really limited in what I was able to do_comma_ so I was very grateful.,I usually hate to ask for help_comma_ so when my friends all surprised me by taking turns bringing us meals for 2 weeks after my 4th child was born I was blown away. I was so relieved to have help.
grateful,175,I am really appreciative of my coworker. My coworker has my back in case I cannot make up some work.,My coworker is a good person. I am really appreciative that I can depend on them.
grateful,176,I am appreciative of my family_comma_ they are very nice to me and make me feel loved,I am appreciative of my family_comma_ they are very nice to me and make me feel loved
grateful,177,I applied for a credit card and was approved. I felt very grateful for it,Yesterday_comma_ I submitted my application for a credit card with Chase. Thankfully_comma_ I was approved and was really glad
grateful,178,I am really content that I can live this lifestyle.,When I wake up and know that I am doing the things that I like_comma_ I feel great.
grateful,179,I am going out of town next week. I was having a very hard time finding someone to watch my dog. My sister volunteered to take him while I'm gone.,I am going on vacation next week. I had been stressing out trying to find someone to watch my dog.
grateful,180,I am grateful for my family_comma_ they mean the world to me,Blood's thicker than water_comma_ whether you like it or not
grateful,181,One time my mom made me lunch when I was too busy working!,One time my mom made me lunch when I was too busy working!
grateful,182,I am appreciative of my girlfriend_comma_ she is very supportive and sweet!,I am appreciative of my girlfriend_comma_ she is very supportive and sweet!
grateful,183,My friend returned my shoes today after we went ham at the bar. I was so thankful.,My friend returned my shoes today. I was so thankful.
grateful,184,An hour ago I was so happy that the wi-fi finally started working again.,My wi-fi just started working again_comma_ that makes me very happy.
grateful,185,My mom helped us so our house doesn't go into foreclosure I could never thank her enough.,I can never thank my mom enough.
grateful,186,My wife and I had to move far away from home recently for her grad school. My parents were kind enough to cosign on a loan for a condo.,When my wife and I had to move for her to go to school_comma_ we had a lot of trouble finding a place to live until my parents were nice enough to cosign on a loan.
grateful,187,we're kind of hurting for money right now_comma_ but luckily my parents love taking care of us_comma_ and had us over for dinner the other night.,So we're a little short on money right now_comma_ but luckily we've got parents who want to help us.
grateful,188,I was having financial troubles and my family helped me out. It's nice to have people that care about you and will help out.,Financial troubles are sometimes the worst! Ugh.
grateful,189,I was glad my dad helped me change a tire once. It let me know what it took going forward,I was glad my dad showed me how to change a tire when I was young. It came in handy down the line
grateful,190,My wife surprised me with cooking for us when I came home from work. I am so happy to have her.,My wife surprised me with dinner she cooked when I got home from work the other day. I was so thankful.
grateful,191,I'm so glad we have cell phones now as my friend accidentally left my apartment with an important document. I had to call him and set up a meeting to get it back in time for my presentation!,I'm so glad we have cell phones now as my friend accidentally left my apartment with an important document.
grateful,192,I went to my girlfriend's work party. I ended up drinking too much with her co-workers. She made me feel better when we got home_comma_ and blamed it on one guy in particular.,Ugh! I looked like such a fool at my girlfriend's work party!
grateful,193,I am happy with my friends they are very good with me ... God give them happiness,My friends help me and they scold me when necessary ... God will give you happiness
grateful,194,I'm so grateful for my wife_comma_ I honestly don't know where I would be if I didn't have her pushing me in my career.,I'm so grateful for my wife_comma_ I honestly don't know where I would be if I didn't have her pushing me in my career.
grateful,195,My supervisor praised my work on the project in front of others in our weekly meeting,I felt very special and appreciated when my supervisor praised my work in front of other team members during our weekly meeting
grateful,196,I was in a bad crash and survived,I was in a bad car accident and I cant believe I survived!
grateful,197,I have been having a lot of money trouble and just yesterday an anonymous cashiers check came in the mail for $5000!,I have been having a lot of money trouble and just yesterday an anonymous cashiers check came in the mail for $5000!
grateful,198,I had food_comma_ water_comma_ and a place to sleep last night. I need to be more thankful for stuff like that that I take for granted...,I had food_comma_ water_comma_ and a place to sleep last night. I need to be more thankful for stuff like that that I take for granted...
grateful,199,I accidently left my purse in the shopping cart and drove off_comma_ when I returned someone had returned it to the store's lost and found.,I have to shop after work and I can be really spacy_comma_ one time I left my purse in the shopping cart with all my cards and phone in it.
hopeful,0,I think I will pass my college test tomorrow.,I think I will pass my college test tomorrow.
hopeful,1,I had an interview for a job a while back_comma_ one that I really wanted to get. It felt like it went well_comma_ but all I could do was wait.,When I interviewed for my current job_comma_ I felt like it went well but all I could do was wait.
hopeful,2,I'm happily anticipating a bigger paycheck at the end of this month...I'm a self-employed freelancer and I've been upping the prices on my gigs_comma_ maintaining the same amount of client orders,I'm eagerly waiting on a bigger self-employed paycheck by the end of this month. Whoopeee
hopeful,3,i had a strong feeling that i will get well,trust is the key to everything
hopeful,4,im starting to make more and more money online i hope one day online could be my full time job,im starting to make more and more money online_comma_ eventually i want to make this my full time job
hopeful,5,I am feeling better about the future off and on today. It's always a feeling I try to hold on too. It's easy to feel dark about the future_comma_ so any good feelings are welcome.,I am feeling better about the future off and on today. It's always a feeling I try to hold on too.
hopeful,6,I have high hopes for tonight. I am going on a date,I have high hopes for tonight. I am going on a date
hopeful,7,Before I do feel that I will not make it in life_comma_ but later I felt expectant of my future,I expected something good_comma_ that was why things are working well for me now
hopeful,8,I recently applied to medical school. I have always wanted to be a surgeon_comma_ and my professors tell me I should get in no problem,I recently applied to medical school. I really want to be a surgeon
hopeful,9,I felt a sense on anticipation for the best when my husband told me that he was free from cancer,My husbands cancer free now!
hopeful,10,i am looking forward to my new job in Miami. I am thinking it is going to work out really well.,i am really looking forward to my new job in miami
hopeful,11,I am hoping the new super smash bros will be as good as it looks,I am hoping the new super smash bros will be as good as it looks
hopeful,12,I feel great about the future of my brother.,My brother is going to do great things!
hopeful,13,Once_comma_ I got stuck in a traffic jam. Even though I left early_comma_ I was 30 minutes late to an appointmed,My brother pulled a mean prank
hopeful,14,I've been boxing for almost 3 years now but always had some type of injury that prevented me from having my first fight...I'm looking after my health a lot better now and putting in some gym hours_comma_ so aiming for next year fingers crossed,Aiming to have my first amateur fight this year and my first pro fight by next year at the earliest_comma_ fingers crossed
hopeful,15,We moved to a new area and my son needed to start a new school. I was worried he would have trouble adjusting_comma_ but knew it would work out.,Hello! We just moved to a new area of town.
hopeful,16,My wife decided to quit her job in order to go after a more lucrative and fulfilling one. It would just take time to start earning some money.,Well my wife just quit her job_comma_ but if this new endeavor works out_comma_ we'll be better off in the long run.
hopeful,17,I know the upcoming election is going to turn this country around.,I know this upcoming electionis going to change the state of our union.
hopeful,18,Nephew doing great at football this year,My nephew is playing 9th grade football this year.
hopeful,19,I pray that I will beat my disease.,I pray that I will beat my disease.
hopeful,20,i am hoping to win the lottery this weekend,i am hoping to win the lottery this weekend
hopeful,21,My appartment was robbed last week. The police called to tell that they found some of the objects that have been robbed. I hope it is true.,My appartment was robbed last week. The police called me to tell me that theyprobably found some of the objects that have been robbed. I hope it is true.
hopeful,22,Going to graduate college soon with a good degree. Should be able to get a well-paying career!,I'm excited to graduate college and start my career soon! I have a feeling that my life will get much better once I do.
hopeful,23,Sit down to work on my budget. I got this!,Just started my budget. Apparently I'm going to be ok.
hopeful,24,I just applied for graduate school! I feel good about my chances!,I just applied for graduate school! I feel good about my chances!
hopeful,25,I am thinking the eagles can win it all again this year!,I am thinking the eagles can win it all again this year!
hopeful,26,Recently I was in talks with my former company about coming back to work for them. The money and hours would be great_comma_ so I anticipated it would work out.,I recently got an email from my old company hinting that they wanted me back. It was kind of exciting_comma_ I really wanted it to work out.
hopeful,27,My coworkers and I bought 200 dollars worth of lottery tickets. We are all crossing our fingers we win!,My coworkers and I got $200 dollars worth of lottery tickets.
hopeful,28,I am wishing the Yankees will win the World Series.,I am wishing the Yankees will win the World Series.
hopeful,29,I've recently opened up my own business and I'm hoping that it'll be successful!,I just started my own business_comma_ here's to hoping it goes well!
hopeful,30,i was hoping to win the lottery last week,i was hoping to win the lottery last week
hopeful,31,It's supposed to storm more later this week. It's been hailing recently and I really need it to stop already!,It's supposed to storm more later this week. It's been hailing recently and I really need it to stop already!
hopeful,32,I am exciting that my father said he would come and visit me soon. He travels so much and it is hard to get his time.,I am exciting that my father said he would come and visit me soon. He travels so much and it is hard to get his time
hopeful,33,I had severe allergy in couples of month. I tried a new diet and it was helpful in relieving my allergy. I felt happy.,hi there?
hopeful,34,I had a move a couple weekends ago. I was really planning on getting everyone done in one weekend.,I had a move a couple weekends ago. I was really planning on getting everything done_comma_ or at least moved over_comma_ in one weekend.
hopeful,35,Hoping for job promotion,I recently completed some additional training at my job. Perhaps a promotion is on its' way?
hopeful,36,I did not have enough money to pay rent but I had some freelance work that I could do and I was confident I'd make the money in time.,I did not have enough money for rent_comma_ but I had some freelance work that I could do and I was confident I could make the money in time.
hopeful,37,I think I can get much better grades at school this semester!,I'm feeling very motivated and good about school this year. I think I can get much better grades this time.
hopeful,38,I just repaired my computer's motherboard. I really want it to last a bit longer!,My computer's motherboard wasn't running properly so I did a little quick fix. I'd really like it to keep running for another month or two until I can afford a new one.
hopeful,39,I got laid off from my job a couple of months ago. Every week starts off the same. I look for jobs_comma_ apply for jobs and yet I'm still unemployed. I try to stay optimistic though that something will come along soon.,I recently was laid off from my job. I haven't found anything yet_comma_ but I'm trying to stay positive that I will soon.
hopeful,40,I remember when I submitted my CV to a company_comma_ I couldn't wait to get a response_comma_ hoping that it was positive!,I remember when I submitted my CV to a company_comma_ I couldn't wait to get a response_comma_ hoping that it was positive!
hopeful,41,The future looks bright though right now things are not going as i had planned.,The future looks bright though right now things are not going as i had planned
hopeful,42,I recently started in vitro treatments in hopes of getting pregnant. I have been trying forever.,I recently started in vitro treatments in hopes of getting pregnant.
hopeful,43,Went on the very first job interview after graduating. I was nervous_comma_ but I felt like it went fairly well. They said they would contact me soon_comma_ but it's been a week. I'm not sure what I should do at this point_comma_ but I'm staying positive.,Went on the very first job interview after graduating. I was nervous_comma_ but I felt like it went fairly well. They said they would contact me soon_comma_ but it's been a week. I'm not sure what I should do at this point_comma_ but I'm staying positive.
hopeful,44,I have been really diligent in my studies_comma_ and will be in two clubs this coming year. I think by next summer I will be able to score a paid internship!,I have been extremely diligent in my studies so far_comma_ and am participating in two clubs this upcoming year. The future is looking bright!
hopeful,45,There is a job opening at the law firm I have always wanted to work at. I applied and am keeping my fingers crossed.,There's a job opening at the law firm that I've always wanted to work at.
hopeful,46,i got a yoga mat for free at work today. i'm thinking about trying it out,i got a yoga mat for free at work today. i'm thinking about trying it out
hopeful,47,I hope that my children have better lives than I have had.,I hope that my children have better lives than I have had.
hopeful,48,I started doing more research on salaries for the degree I'll have in 6 months. I'm eager to see if the statistics are accurate.,I started doing more research on salaries for the degree I'll have in 6 months.
hopeful,49,I feel weird since yesterday.... I better not be getting sick,I feel weird since yesterday.... I better not be getting sick
hopeful,50,I wish I can get the part I want,I wish I can get the part I want
hopeful,51,I've homeschooled my girls and one is graduating next year and the other in 2 years. I'm ready to get back out in the workforce,I've been at home homeschooling my girls for many years_comma_ but that time is coming to an end very quickly.
hopeful,52,I have a long distance relationship. I am in love with him and I have faith our relationship will work.,I have an online relationship with a guy. I am in love with him
hopeful,53,My oldest daughter is graduating high school this spring. I have so many dreams for her_comma_ I'm having a hard time containing myself.,My oldest daughter is graduating high school this spring.
hopeful,54,I'm single and 34 and it still think I will meet someone and get married someday,I can't believe I;m still single at 34!
hopeful,55,I had major health problems. When I finally finished with surgery I felt my future was bright.,I had to have a bunch of surgeries this past year.
hopeful,56,One time I had a job interview that went really well. I was positive that they liked me and were going to hire me.,I just had a job interview that went really well. I'm expecting a call pretty soon.
hopeful,57,I'm flying on a plane tomorrow. I hope it goes wheels up and wheels down with no trouble... But it's the first time I've flown_comma_ and I'm pretty sure any sign of turbulence is just going to make me want to hurl. Plus_comma_ I'm worried about getting lost in an airport!,I'm flying on a plane tomorrow. I hope it goes wheels up and wheels down with no trouble... But it's the first time I've flown_comma_ and I'm pretty sure any sign of turbulence is just going to make me want to hurl. Plus_comma_ I'm worried about getting lost in an airport!
hopeful,58,i am hoping to get out early from work on friday,i am hoping to get out early from work on friday
hopeful,59,I was notified that I might be eligible for some money from rewards program that was offering select few individuals a chance to win $1000.,I had a notification that I was eligible to receive a $1000 reward from one of the cards I use. I just had to wait and see what the outcome was in a few weeks.
hopeful,60,I know the year will get better.,I know the year will get better.
hopeful,61,I had interviewed for a job I really wanted. I was waiting for a response for a little while.,I went for an interview for a job I really wanted and ended up waiting a long time before I heard anything. I managed to keep my spirits up for a good long while.
hopeful,62,I was thinking I will make a profit in my business,5
hopeful,63,my work,my work is going well and i am happy with the outcome with everything and i am feeling hopeful
hopeful,64,I've got a date tomorrow afternoon. I think its going go to well.,I've got a date tomorrow afternoon. I think its going go to well.3
hopeful,65,I just applid for a new job that pays better and is more stable than my current job. I think I have a great chance at getting it!,I applied for a new job yesterday. It seems like a great fit for me! It pays so much better and is so much more stable than my current job. I think I have a great chance at getting it!
hopeful,66,I going to see a doctor to know my blood test results and I hope that I don't have anything serious.,I going to see a doctor to know my blood test results and I hope that I don't have anything serious.
hopeful,67,I have been practicing for my interview all week. I am hoping that it goes well.,I have been practicing for the interview tomorrow that all this week.
hopeful,68,i was hoping to get out on time last week and it didnt work out,i was hoping to get out on time last week and it didnt work out
hopeful,69,I wanted to go to Spacecamp. I filled out a form to try to get a scholarship because I knew that was the only way I could go.,I wanted to go to Spacecamp. I filled out a form to try to get a scholarship because I knew that was the only way I could go.
hopeful,70,WE just finished our fiscal year at my job. My compensation is tied to meeting a number goal by the end of that year. With about a month left_comma_ I really wanted to hit my number goal and thought I would be able to.,We finished out our fiscal year at my job recently and had performance reviews around the end of it.
hopeful,71,I remember this time two years ago when I was expecting my youngest child we didn't know whether she would be a boy or girl. I was so excited when they told me the results were a girl.,I remember this time two years ago when I was expecting my youngest child we didn't know whether she would be a boy or a girl. I was so excited when they told me the results were a girl.
hopeful,72,I'm waiting to hear back from my doctor about my test results.,I'm waiting to hear back from my doctor about my test results.
hopeful,73,I made a new friend in the town I moved to. It was the first time I felt like I might fit in here.,I just moved to a new town recently and I finally made a new friend! I was starting to feel really lonely so it's nice to feel like I might fit in.
hopeful,74,I had a job interview today and i think it really well.,I had a job interview today and i think it really well.
hopeful,75,I've been crushing on this girl a while_comma_ and I'm going to ask her out.,I've been crushing on this girl a while_comma_ and I'm going to ask her out.
hopeful,76,I buy a lottery ticket every week. No luck so far but I'll keep trying.,I buy a lottery ticket every week. No luck so far but I'll keep trying.
hopeful,77,Although I'm having a difficult times in life right now_comma_ I always have faith that God will provide for me a blessing.,Although I'm having a difficult time in life right now_comma_ and it seems I have been having a difficult time for a while... I still have faith that God will provide for me a blessing.
hopeful,78,After working for years at a job I didn't like_comma_ and struggling in school_comma_ I found a new job that coincides with my Major. For the first time in a long time_comma_ the future isn't looking so dark.,After working for years at a job I didn't like_comma_ and struggling in school_comma_ I found a new job that coincides with my Major.
hopeful,79,that my friend will do okay driving,My friend just got her license_comma_ and we live in a busy city but I think shes going to be okay driving.
hopeful,80,I'm starting a new job tomorrow. I'm feeling really nervous_comma_ but optimistic.,My new job is starting tomorrow. I'm feeling nervous_comma_ but really optimistic about it.
hopeful,81,I asked my coworker out. She said yes. I never thought she'd agree.,I asked my coworker out. She said yes. I never thought she'd agree.
hopeful,82,I applied for a different position at work.... I'm eager to hear back,I applied for a different position at work.... I'm eager to hear back
hopeful,83,I'm glad it's almost fall now. My favorite time of year.,I'm glad it's almost fall now.
hopeful,84,I recently applied for a job after being out of the workforce for 13 years. I'm hoping I get it!,I recently applied for a job after being out of the workforce for 13 years!
hopeful,85,I was confident that my brother was going to finish college. He was doing so well in his major,I was confident my brother was going to finish college. He was doing so well in his major
hopeful,86,I was following a sad news story about a missing child but remaining optimistic that they would find the baby.,I was following this sad story about a missing kid just trying to be optimistic that they'd find them.
hopeful,87,I was able to get my car fixed. I'm praying it will last longer from now on,I was able to get my car fixed
hopeful,88,I am in the running for a new job I want to get. I think I have a good chance!,I am in the running for a new job I want to get!
hopeful,89,I'm very much looking forward to buying a house.,I'm very much looking forward to buying a house.
hopeful,90,I just know that God is going to bless me.,I don't know if you're a religious person or not_comma_ but have you ever just had the feeling that you've got a blessing on the way?
hopeful,91,I joined a dancing class.,I joined a dancing class
hopeful,92,I'm hopeful about more finances coming in_comma_ I'm starting a new business.,I'm waiting on more money coming in_comma_ I'm starting a new business so fingers crossed!
hopeful,93,hopeful: I know things will work out in God's perfect timing,I know things will work out in God's perfect timing
hopeful,94,While their relationship is rough now_comma_ I have to believe that my oldest child and husband will end up with a wonderful relationship.,My oldest and my husband have always had a rough relationship. I've got to believe that as she gets older_comma_ it will get better!
hopeful,95,I applied for a new job last week. I am really wanting to get this one.,I applied for a new job last week.
hopeful,96,I pray that the sun rises for another day for me.,I pray that the sun rises for another day for me.
hopeful,97,I just applied for a new job. I am really counting on getting it.,I just applied for a new job.
hopeful,98,I was told that my dog may have severe health issues. He doesn't like to walk around much any more. I am praying it is not something that could end his life early.,My dog has been having health issues. I took him to the vet and they couldn't find anything wrong.
hopeful,99,I am going to try and start my lawn mower today_comma_ it's missing a part. I am feeling confident I can get it to start,I am going to try and start my lawn mower today_comma_ it's missing a part.
hopeful,100,I feel like the rest of this year is going to be really good to me. I just have a feeling.,I have a feeling that the rest of this year is going to be great to me! I'm already working out and just have good vibes about the upcoming months.
hopeful,101,I hope I'll get the funding for my experiments,I hope I'll get the funding for my experiments
hopeful,102,I just started a new job. I am looking forward to a better life with it.,I just started a new job. I am looking forward to it being better than myy last.
hopeful,103,We are moving to Arkansas at the end of this year. Excited for the new opportunties for my family. New start,I'm so excited! My family and I are moving to a new state at the end of this year!
hopeful,104,I have put in so many hours at work hoping to get a promotion. Fingers crossed it works!,I have put in so many hours at work hoping to get a promotion. Fingers crossed it works
hopeful,105,I'm really hopefully that I'll land a new promotion at work.,I'm really hopeful that I'll land a new promotion at work.
hopeful,106,I picked up 2 part time jobs on top of my full time job_comma_ I am gaining momentum to get our house in the future,Im making about 200 or 400 a month on taking surbeys and 400 donating plasma_comma_ all of it is going to savings and putting it down on our house.
hopeful,107,I am excited for the football season_comma_ I hope the Eagles can repeat!,I am excited for the football season_comma_ I hope the Eagles can repeat!
hopeful,108,There is an award at work that I really wanted my coworker to win,I like to encourage my peers
hopeful,109,I am confident my brother will beat his cancer.,I am confident my brother will beat this cancer.
hopeful,110,I am getting a second vacuum from the same company tomorrow and I truly hope it's not a doozy like the first one was!,I am getting a second vacuum from the same company tomorrow and I truly hope it's not a doozy like the first one was!
hopeful,111,I was employed as a sales rep in my company _comma_with diligence _comma_I'll someday be a manager,If I work hard In it_comma_I'll achieve it!
hopeful,112,When trying out for my hockey team. I was one of the better players on the ice.,I feel good about the chances of making this hockey team.
hopeful,113,I am patiently waiting to hear back from a recent job interview,I am patiently waiting to hear back from a recent job interview
hopeful,114,My favorite restaruant closed down_comma_ so I'm trying a new one.,My favorite restaruant closed down_comma_ so I'm trying a new one.
hopeful,115,I pray American will be great again.,I pray America will be great again.
hopeful,116,maybe if I believe hard enough i can get this job,If I ust believe it hard enough in my heart then its mine!
hopeful,117,I am hopeful everyday of my life.,I am a very optimistic person. Everyday I wake up expecting the best!
hopeful,118,I still believe my hubby will remember our anniversary_comma_ cos he always forget,"I still believe my hubby will remember our anniversary_comma_ cos he always forget""."
hopeful,119,I hope to get engaged soon_comma_ I have been with my boyfriend for 6 years,I hope to get engaged soon_comma_ I have been with my boyfriend for 6 years
hopeful,120,I got a new job. There's so much debt I want to clear off.,I got a new job. There's so much debt I want to clear off
hopeful,121,i hope i can get things worked out and get pregnant by the end of the year,i hope i can get things worked out and get pregnant by the end of the year
hopeful,122,I felt hopeful today about my future. I finally started to go run. I haven't run in forever.,Do you feel hopeful ever? I feel hopeful that I'm gonna get in shape.
hopeful,123,My best friend is going to try and drive up to see me next month. Fingers crossed_comma_ he'll be able to make the trip.,My best friend is going to try and drive up to see me next month. Fingers crossed_comma_ he'll be able to make the trip.
hopeful,124,I remember applying for college and waiting for an acceptance letter. I didn't know if I would get accepted but I always was optimistic about getting in. One day I checked the mail and they letter was right there. I was one happy camper.,I checked the mail box one day and had a letter from a University I wanted to go to.
hopeful,125,I ordered my kids school supplies pretty late this year. I still think they will arrive on time though.,I ordered my kids school supplies pretty late this year
hopeful,126,My grandmother is in the hospital after a car accident. She broke her hip_comma_ but I hope she will recover. The doctors are taking good care of her.,My grandmother is in the hospital after being in a car accident. The doctors are taking good care of her so I feel she is in good hands.
hopeful,127,the future is looking bright,I was looking though the window today and the beautiful sight outside the window gave me a positive outlook on life and made me realise to work harder for my future
hopeful,128,I have been trying to save money for a big vacation next summer. I hope I can do it!,I have been trying to save money for a big vacation next summer.
hopeful,129,My grandma is sick. I'm optomistic she will pull through.,My grandma is really sick in the hospital. I am optimistic that she will pull through though.
hopeful,130,I think today is going to be a good day.,I think today is going to be a good day.
hopeful,131,I hope my dog returns home!,I hope my dog returns home!
hopeful,132,This weekend my friends and I are heading to the casino. I'm wanting to hit the jackpot and come home with more money than I started!,This weekend_comma_ my friends and I are heading out to the casino. I'm gonna try to bring home more money than I left with this time!
hopeful,133,I auditioned for a spot on the LA Kings Ice Girls team. I will be so happy if I make it.,I auditioned for a spot on the LA Kings Ice girls team.
hopeful,134,This past weekend_comma_ we didn't have anything planned. I thought we would be able to get a lot done on our house.,We didn't really have anything planned this last weekend_comma_ so were thinking we'd be productive.
hopeful,135,I'm trying to save up money to buy a home by next year. If all goes well It can happen.,I am saving up my money to buy a home next year sometime. I think it can happen.
hopeful,136,i really hope my husband finds a full time job soon,my husband lost a job but i'm hoping he can find a full time job soon
hopeful,137,When I graduated high school it felt like I had unlimited potential. I had so many opportunities in front of me. My whole life was ahead of me.,I remember graduating high school. It felt like I had my whole future in front of me_comma_ so many possibilities to choose from. I sometimes wonder if I made the right decisions.
hopeful,138,I am hoping the new Pokemon game ends up being really good_comma_ I am not sure though,I am hoping the new Pokemon game ends up being really good_comma_ I am not sure though
hopeful,139,I am praying that I get the part,I am praying that I get the part
hopeful,140,I applied to nursing school. Its going to seem like an eternity to find out if I am accepted or not.,The wait is always the worst. I will keep you in my thoughts.
hopeful,141,I hope that my family comes home safe.,Time passes on for us anyhow_comma_ and now my kids are in 5th and 8th grade.
hopeful,142,i believe he will be the best in his class,my son is taking his promotional exams i believe so much in him. he has prepared well enough to be the best
hopeful,143,Last time I ordered pizza from my local pizza shop for delivery_comma_ they forgot my sauces!! So I called and complained and was ensured that it would not happen again. So this time I put in the order and called to MAKE SURE my sauces came. They should be here any minute now.,Last time I ordered pizza from my local pizza shop for delivery_comma_ they forgot my sauces!! So I called and complained and was ensured that it would not happen again. So this time I put in the order and called to MAKE SURE my sauces came. They should be here any minute now.
hopeful,144,I'm asking my girlfriend to marry me this weekend.,I'm asking my girlfriend to marry me this weekend.
hopeful,145,I am submitting a manuscript to an editor. I am hoping she will publish it!,I am submitting a proposal for a manuscript to an editor. I am hoping she will publish it!
hopeful,146,My husband has been travelling for work for years now and we just found out that he might be able to work from home anywhere in the world. I really want it to work out!,My husband has been travelling for work for years now and we just found out that he might be able to work from home anywhere in the world. I really want it to work out!
hopeful,147,I haven't been able to find my favorite pineapple coconut cake anywhere_comma_ but there's a new bakery opening up soon.,I haven't been able to find my favorite pineapple coconut cake anywhere_comma_ but there's a new bakery opening up soon
hopeful,148,I recently began my own online business selling dried starfish. I hope there is enough interest for it to take off.,I recently began my own online business. I'm hopeful that my dried starfish kiosk will take off soon.
hopeful,149,Waiting for the marks back on my math test. I studied quite hard.,I'm feeling good about my math test.
hopeful,150,My sister has been dating this guy for about 7 years and I wish she would drop him. He just mooches off of her_comma_ she works and he sits at home and drinks.,My sister has been dating this guy for about 7 years and I wish she would drop him.
hopeful,151,I was excited when I had a chance to get into a college I wanted. I just had faith it would work out,4
hopeful,152,I tried out for the broadcasting club to do the announcements at school. I really wanted to get in!,I tried out for the broadcasting club to do the announcements at school. I really wanted to get in!
hopeful,153,My husband might get transferred to a new position and we might get to move closer to family.,My husband might get transferred to a new position and that means we might get to move closer to family.
hopeful,154,I do have some faith its going to be a good week. The weather should be nice,I have faith its going to be a good week. The weather will at least be nice
hopeful,155,I really want to win the lottery someday_comma_ maybe i will?,So this is going to sound crazy but_comma_ one day I am going to win the lottery.
hopeful,156,I got dumped by this girl but then she said that we could try to start over but slower. I thought it would work out but it didn't.,I really thought that me and this girl were right for each other but things didn';t work out.
hopeful,157,I have been working on my bench press for 6 months_comma_ I am trying to get up to benching 400 pounds. I know I can do it.,I have been working on my bench press for 6 months_comma_ I know I can get to bench 400 pounds.
hopeful,158,I really like shoes_comma_ and i'm hoping i can get a pair of Yeezy's that are coming out on october.,I really enjoy collecting shoes_comma_ and i'm hoping to get a pair of Yeezy's that are restocking this october.
hopeful,159,If my plans work out_comma_ Ill be moving to France in the winter.,If my plans work out_comma_ I'll be moving to France in the winter.
hopeful,160,My friend is visting and said she made me something good. I want it to be cake so bad.,My friend is visting and said she made me something good. I want it to be cake so bad.
hopeful,161,i was hoping to have the day off,i was hoping to get the day off
hopeful,162,Jesus will come home and save us all one day.,Jesus will come home and save us all one day.
hopeful,163,i just recently registered for a flag football team_comma_ i just hope I am good and don't embarass myself,i just recently registered for a flag football team_comma_ i just hope I am good and don't embarass myself
hopeful,164,I wish that everyone would get along.,I wish everyone would get along.
hopeful,165,My kids are joing a co-op this year. I am hoping they will enjoy it.,My husband and I signed our kids up for a co-op this year. I really hope they enjoy it.
hopeful,166,I am waiting here by the front door. Waiting on the plumber_comma_ I hope he will fix my water today!,I am sitting by the door waiting on my Plumber to show up. He is late.
hopeful,167,I found out that my friend's mole he was worried about most likely isn't cancerous.,My friend had to have a mole biopsied and check for cancer_comma_ and they were quite worried about it. Luckily_comma_ we found out the other day that it is noncancerous and just needs to be remmoved.
hopeful,168,heres to wishing i get a promo at work,I really think I might get a promotion at work
hopeful,169,I had faith my favorite team was going to well in soccer this past year. I just had a good feeling,I just knew my favorite soccer team was going to do well. I had a good feeling
hopeful,170,We are wanting to buy a new house in the next year. I'm really hoping that it works out for us. We have needed something a little bigger for a while now.,We are really wanting to buy a new house. We are hoping it will happen in the next year.
hopeful,171,My daughter didnt have a good first year at her new school. I think this year is gon to be better.,My daughter didnt have a good first year at her new school.
hopeful,172,I'm planning to buy a house in 2 years,I'm planning to buy a house in 2 years. Right now we live in a small apartment but i really want a nice house with a big backyard!
hopeful,173,that I'll get to visit the south side and eat my favorite take out,I can't wait to travel south to get my favorite take out. Can't find it here.
hopeful,174,One time I was worried about finding a new job. A person I had worked with before offered me an opportunity to do some work in my field,I've been out of a job for a while but someone I know has offered me an opportunity to do some work in my field
hopeful,175,I'm getting married next year_comma_ and I'm really looking forward to it. I'm hoping it's going to go well_comma_ and we'll get to have everything we want to have.,I'm getting married next year! Hoping everything goes smoothly and we get the wedding we want to have.
hopeful,176,I planted a whole bunch of flower bushes this year. I cannot wait until next spring when my entire garden will be in bloom with so many wonderful colors and smells.,I planted a whole bunch of flower bushes this year. I cannot wait until next spring when my entire garden will be in bloom with so many wonderful colors and smells.
hopeful,177,I am hoping that while my son is in a youth challenge program that it will help him become a better person and help him open his eyes before it is to late,My son went into a youth challenge program. I am hoping that this will help him become better person and give him the discipline that he needs.
hopeful,178,I pray every night North Korea doesn't bomb us.,I pray every night North Korea doesn't bomb us.
hopeful,179,I lost an earring at work..... Im hoping I find it,I lost an earring at work..... Im hoping I find it
hopeful,180,I am hoping the eagles can win another superbowl this year,I am hoping the eagles can win another superbowl this year
hopeful,181,My daughter is expecting her third child. She already has two boys. A girl would be nice.,I am about to become a grandma for the third time. My daughter has two boys already and I'm thinking pink...
hopeful,182,I'm really feeling good about my work evaluations and wishing for the best.,I'm feeling good about some upcoming work events.
hopeful,183,I'm starting an internship in my field in a couple of weeks!,I am starting an internship in my field of study in a couple of weeks!
hopeful,184,I felt very greata few weeks ago when i helped an elderly women with bagging her groceries,I felt very great a few weeks ago when i helped an elderly women bag her groceries
hopeful,185,I feeling good about the economy these days.,I feeling good about the economy these days.
hopeful,186,I am beginning my new job tomorrow. I am quite nervous,I am starting my new job tomorrow. I've never been so nervous in my life.
hopeful,187,I am starting work at the school again soon. I am looking forward to having good students this year,I start back at work in a couple of weeks.
hopeful,188,I'm looking forward to the raise I'll be getting in feb.,I'll be getting a raise in February and I'm really looking forward to it.
hopeful,189,I was really looking forward to the future when i got a new job in Houston earlier. I felt like lots of good changes are about to happen.,I was feeling so optimistic about getting a new job at Houston a while back
hopeful,190,I may be able to get a new car by the end of the week!,I may be able to get my new car by the end of the week!
hopeful,191,I'm waiting to hear about a lucrative job opportunity_comma_ it would pretty much be everything I want. I feel pretty good about my chances.,I'm waiting to hear about a lucrative job opportunity_comma_ it would pretty much be my dream job.
hopeful,192,I just bought 100 lottery tickets. I think tonight is my night!,I always play the lotto_comma_ but I got a good feeling about tonight!
hopeful,193,Getting a lot of projects done in a day,I enjoy getting things done
hopeful,194,My girlfriend moved in this past weekend. We have a ton of boxes to unpack but I am hopeful we will get it done in the next couple weeks,My girlfriend moved in over the weekend. We have a ton of boxes to unpack but I am thinking it should be something that can be done in the next couple weeks.
hopeful,195,i am really excited about trying to have a baby with my husband.,i am really excited about trying to have a baby with my husband
hopeful,196,Every year I plan to start working on Christmas early so it's not such a nightmare. I've already started this year so I'm praying it all goes smoothly.,Every year I plan to start working on Christmas early so it's not so crazy when the month of December actually gets here.
hopeful,197,Recently applied for a new job and am waiting to hear if I got it.,I recently applied for a new job and am waiting to hear if I got it.
hopeful,198,I just put in an application to get a police dog who failed his training. I know the process to get one is difficult_comma_ but I'm crossing my fingers,I just put in an application to adopt a police dog who failed his training.
hopeful,199,The day I applied to university for my degree.,I can't believe I got accepted to school
lonely,0,About two month ago_comma_ i broke up with my partner of 2 years. I have never felt so sad about myself,I broke up with my partner of 2 years about two month ago. I think loneliness is the worst that could happen to a human being
lonely,1,I went to college out in the middle of nowhere. It was a very small school and there werent many people who were like me. I experienced a lot of singling out and exclusion while I was there.,I went to a rural school out in the middle of nowhere. I had to transfer due to how overwhelmingly exclusive it was.
lonely,2,when i walk through my house_comma_ the rooms are empty. There are no one here but me,looks like we have something in common_comma_ when i walk through my house_comma_ the rooms are empty. There are no one here but me
lonely,3,My husband left me.,My husband left me_comma_ I have no one.
lonely,4,I moved recently for work_comma_ but am having trouble meeting new friends out here.,I recently made a move across states for work_comma_ but am having trouble meeting new friends out here.
lonely,5,I spent a Christmas working in a computer lab on a school project. My family were thousands of miles away celebrating together_comma_ but I had to work on my project by myself. It wasn't at all festive and I felt isolated.,I spent my first Christmas away from home in a computer lab_comma_ working by myself.
lonely,6,School has lead me to a lack of social life.,I just started college again_comma_ and while I'm doing great in school_comma_ it has lead me to feel very lonely with a lack of social life.
lonely,7,My wife has been out of the country for school for a month and a half. She gets back in a couple weeks_comma_ but it's starting to get tough being alone with just the dogs.,My wife has been out of the country for school for a month and a half. She gets back in a couple weeks_comma_ and it's getting tougher to wait.
lonely,8,I was supposed to go out with a bunch of people over the weekend but htey cancelled so i was stuck home alone,I wish that when people made plans_comma_ they would stick to them.
lonely,9,I miss my ex even though we have been broken up two years.,I miss my ex
lonely,10,No one showed up for my birthday. I was so alone.,No one showed up for my birthday party. I was so alone and sad.
lonely,11,I am living on my own now. When I get home from work I have no one to talk to,I am living on my own now.
lonely,12,When my dad passed away_comma_ I felt alone. I had no one to talk to it seemed,I felt alone when my dad passed away. I just felt I had no one to turn to
lonely,13,I am kind of glad the summer is coming to a end my kids was gone all summer I missed them and I was very isolated when they was away.,My kids was away all summer I missed them like crazy when they was gone.
lonely,14,I wish i had someone with me on these nightly walks.,I wish I could have some company on my nightly walks.
lonely,15,I tried to meet some friends yesterday but they were all busy.,I tried to meet some friends yesterday but they were all busy.
lonely,16,It will make year tomorrow since the last time i have a date. It is such a frustrating experience,I need someone to date so badly. I cannot hold it anymore
lonely,17,My kids went on vacation with my parents for the week. I feel so lost and bored without them here.,My kids went on vacation with my parents for the week.
lonely,18,I was sharing a house with 5 girls and all of them have boyfriends and hang out with them over the weekend and I feel lonely and down.,I feel lonely sometimes cause I live in a house with 5 girls and all of them have boyfriends and sometimes they are all hanging out with their significant others and I feel lonely
lonely,19,brother moved away,ever since my brother moved out last month the house has been so quiet
lonely,20,My girlfriend dumped me for another guy. It was on christmas.,Just got dumped by the girl.
lonely,21,Before I met my girlfriend and friends_comma_ I was very alone_comma_ it was a dark time,Before I met my girlfriend and friends_comma_ I was very alone_comma_ it was a dark time
lonely,22,There was a movie out i wanted to see but no one else was interested. I went to see it by myself,I went to a movie alone recently because none of my friends wanted to go with me
lonely,23,I was lonely on Monday. I was sick and alone,I was lonely on Monday. I was sick all day
lonely,24,My wife and our three children just left for a two week vacation with my inlaws. I have to work so I couldn't go with them. I feel so alone right now.,My wife and our three children just left for a two week vacation with my inlaws. I have to work so I couldn't go with them. I feel so alone now!
lonely,25,My family has shunned me.,My family has shunned me for terrible choices I made in the past. I have no one.
lonely,26,when my friends went out without me_comma_ and didnt invite me.,My friends went out last night without me_comma_ and didnt even bother to ask me if I wanted to join them.
lonely,27,Peace and quiet while you are studying is nice but when you are done and no one is around it tough. I need human interaction.,Just finished studying. The peace helped me concentrate but now no one is around to celebrate with.
lonely,28,I don't have many friends at my new school,I'm at a new school and I won't have any friends
lonely,29,I invited all of my online friends in Fortnite. None of them joined to my surprise.,I invited all of my online friends in Fortnite. None of them joined to my surprise.
lonely,30,I am going to feel pretty alone this weekend. My friends are going out of town,I am going to feel pretty alone this weekend_comma_ My friends are going out of town
lonely,31,I kind of miss my ex boyfirend. We broke up a year ago.,Me and my ex broke up a year ago and I'm starting to miss him
lonely,32,It feels kinda different without roomies now.,It feels kinda different without roomies now.
lonely,33,I went to the skating rink all alone. It was terrible since my friends ditched me.,I went to the skating rink all by my lonesome. It was quite depressing.
lonely,34,I feel so alone these days,I feel so alone these days
lonely,35,My boyfriend left town a couple of days ago and he won't be back for over a week. It is so quiet here and there's nothing to do.,My boyfriend left town a couple days ago and he won't be back for over a week.
lonely,36,I knew i shouldnt have trusted my brother with my dog!,i knew i shouldnt have trusted my brother with my dog!
lonely,37,My girlfriend dumped me just before Christmas. I got her a gift too.,She actually left me the night before christmas_comma_ what a joke!
lonely,38,I went to the park all alone. It was quite depressing.,I went to the park all alone. I was quite depressed.
lonely,39,I hate it when my husband goes away for work. There is no one else here but me.,That sounds tough. What do you do/
lonely,40,I went to the skating rink all by myself yesterday. Never felt so alone.,I went to the skating rink all by myself yesterday.
lonely,41,I am really starting to miss my family and friends. I have been traveling for three months now.,I have been traveling for three months now. I am really starting to miss my family and friends.
lonely,42,I felt alone for those 3 weeks she went to visit family,I felt alone for those 3 weeks she went to visit family
lonely,43,now that I am married I no longer feel I don't have a companion,now that I am married I no longer feel I don't have a companion
lonely,44,i hate when i am the only person in the bar. even if it is at 10 in the morning,i hate being the only person at the bar_comma_ even if it is 10 a.m.
lonely,45,I once couldn't find anyone to go out with_comma_ so I went to the bar alone.,I had to go to the bar alone_comma_ it was very sad.
lonely,46,my mom was always working_comma_ i was alone alot.,my mother worked alot as a kid_comma_ i had some pretty cool babysitters though.
lonely,47,I'm feel so alone. My children live clear across the country from me.,My kids live 1800 miles away from me. I miss them so my and feel so alone without them.
lonely,48,My wife left me alone for the whole week. I'm gonna be all by myself taking care of the dog.,My wife left for a business trip_comma_ so now I will be all by myself and our dog.
lonely,49,I was married for 10 years_comma_ but something just didn't feel right. I felt like he was cheating on me but could never prove it. But I recently did and the hurt_comma_ depression and just the feeling of sadness is indescriable.,Have you ever had your heart truly broken?
lonely,50,Sometimes I have noone to talk to.,Sometimes I have nobody to talk to.
lonely,51,My daughter is leaving for college. I don't now what to do.,My daughter is leaving me.
lonely,52,i live 800 miles from my family and i have no local friends.,i really miss my family. we are 800 miles away from each other.
lonely,53,My husband had to go out of town for work this week. It's just me and the kids here.,My husband had to go to a conference for the entire week all the way across the country.
lonely,54,Here I am_comma_ another night all alone. You ever feel like you will be alone forever?,Here I am_comma_ another night all alone. You ever feel like you will be alone forever?
lonely,55,On the weekends_comma_ my kids go away and its just me.,On the weekends_comma_ my kids go away and it is just me.
lonely,56,I went hiking all alone yesterday because my friend's ditched me. Never felt so alone.,I went hiking all by my lonesome yesterday because my friends blew me off.
lonely,57,I used to live alone in my twenties and I hated it. there was no one to come home to.,I lived by myself during my twenties but didn't like it at all. The house was always empty.
lonely,58,I feel abandoned.,I feel so lonely.
lonely,59,I miss my ex. MAybe not him particularly but having a man in the house.,I have been single for a while. I miss having aman around the house.
lonely,60,When my mom got another job and my brother left for college_comma_ it was always an empty house. It made me feel pretty isolated.,It really sucked when I was in senior year.
lonely,61,It has been a very quiet day in my house_comma_ I'm all alone. Hate watching movies by myself.,It's been a hard day today_comma_ its so quiet in my house. I hate when my husband is out of town.
lonely,62,I live very far away from my family and I miss them dearly. I feel so alone sometimes.,I live very far away from my family and I miss them dearly. I feel so alone sometimes.
lonely,63,I work in the oilfield a a field geologist. My work requires me to be away from my family for days_comma_ and sometimes weeks at a time. I feel very isolated and miss home.,I often am gone from my home and family for days or even weeks at a time. I work on remote locations_comma_ looking for oil and gas.
lonely,64,I moved to a new area and there's a lot of places to go_comma_ but I don't have many friends in my new area. So sometimes I'm left to be alone.,I moved into a new state recently_comma_ and there's a lot to do_comma_ but I don't have any friends in the new place I stay at.
lonely,65,It's really quiet around here right now. No one's at work besides me and the security guard downstairs.,It's really quiet around here right now. No one's at work besides me and the security guard downstairs
lonely,66,My girlfriend has been so busy with work lately_comma_ it's left me feeling neglected. But she's working hard to pay off her student loans and to build her savings_comma_ so I have to respect that. But at the same time_comma_ we're long distance_comma_ so the time I have with her when she actually isn't working isn't that fulfilling_comma_ either.,My girlfriend has been so busy with work lately_comma_ it's left me feeling neglected. But she's working hard to pay off her student loans and to build her savings_comma_ so I have to respect that. But at the same time_comma_ we're long distance_comma_ so the time I have with her when she actually isn't working isn't that fulfilling_comma_ either.
lonely,67,Some days I feel so alone as if I'm the only person on this earth.,Some days I feel so alone as if I'm the only person on this earth
lonely,68,My husband cheated on me with his high school girlfirnd.,I just found out that my husband has been spending time with his old girlfriend.
lonely,69,When my last ex ghosted me after things were going really well_comma_ I felt lost. I had no idea what I'd done wrong_comma_ so I was forced to assume that it was something to do with my personality. That didn't help matters.,I felt completely discarded after my last ex ghosted me. We'd been seeing each other for a few months_comma_ and everything was fine. Then...nothing.
lonely,70,Just another day at home all by myself. Family is away on vacation.,Family is out of town for the week and I don't know what to do with myself.
lonely,71,My dog passed away a week ago. Feels different not having anyone to come home to.,My dog passed away a week ago. Feels different not having anyone to come home to
lonely,72,Super sad today. It's the weekend pretty much and I have a hard time with loneliness on the weekends especially. I would prefer to skip over them during this time in my life.,Super sad today. It's the weekend pretty much and I have a hard time with loneliness on the weekends especially.
lonely,73,My wife is going overseas for 1 month i will feel so lonely,my wife is going overseas for 1 month. gosh i will miss her so much. i don't even know what to do
lonely,74,I was across the country on a work trip and had no one to hang out with for a week. I felt isolated,I was on the other side of the country on a work trip by myself. I felt very isolated and had no one to hang out with for a 2 weeks.
lonely,75,The other day I couldn't find my phone all day. When I finally found_comma_ there wasn't a single missed call or text.,I couldn't find my phone all day_comma_ but when I finally did_comma_ I hadn't missed a single call or text.
lonely,76,My wife and kids went to the beach this week and I miss the terribly.,My wife and kids went to the beach this week and I miss the terribly.
lonely,77,It can get really rough when you have a problem and just need to vent. It's even more hard when you realize you don't really have anyone to talk with.,It can be rough when I have a problem and need to vent to someone
lonely,78,My family left for the weekend and I'm so bored.,My family left for the weekend and I'm so bored.
lonely,79,I spent all weekend by myself_comma_ wish I was closer to my family.,I spent all weekend alone_comma_ wish my family lived closer.
lonely,80,I was lonely as a teenager_comma_ I had no girlfriend and few friends. I was sad often,I was lonely as a teenager_comma_ I had no girlfriend and few friends. I was sad often
lonely,81,I had to eat dinner alone for a few days this week. My husband had to go on a last minute work trip.,I had to eat dinner alone for a few days this week. My husband had to go on a last minute work trip.
lonely,82,My wife left me and i am so lonely.,My wife left me and i am so lonely.
lonely,83,I moved away from my parents not too long ago. It's been really different and a little too quiet.,So I moved away from my parents not too long ago. It's been a big change.
lonely,84,I think the most lonely I have felt was when we moved overseas_comma_ my husband had to travel out of *that* country for business_comma_ and I had a new baby and dog to keep me company!,I felt most lonely when we first moved overseas_comma_ my husband then had to travel out of *that* country for business -- AND I had a new baby!
lonely,85,I haven't seen my girlfriend in a few days.,I haven't been able to talk to my girlfriend in a few days and it's making me quite sad.
lonely,86,My dog passed away a week ago. I live alone_comma_ and he was the only person that kept me company when I came home at night. Apartment feels so quiet and lifeless without him around.,My dog passed away a week ago. I live alone_comma_ and he was the only person that kept me company when I came home at night. Apartment feels so quiet and lifeless without him around.
lonely,87,Went to the bowling alley alone yesterday.,I went to the bowling alley all alone yesterday.
lonely,88,My brother who went abroad for his research study. I miss him and feel like isolated.,I feel the absence of my brother in home.
lonely,89,The summer will be over soon and my kids will be back at school. I will miss them,School is about to start back. I think I'm gonna miss having my kids at home
lonely,90,My girlfriend has left town for the week and I miss her. It is annoying waiting for her return.,My girlfriend has left town for the week and I miss her. It is annoying waiting for her return.
lonely,91,i felt so alone in my new apartment. I have just moved to a new city for a job,i felt so lonely in my new apartment
lonely,92,My family left on a trip out of the country today. I am all alone for two weeks.,I took the family to the airport today.
lonely,93,Once all my family went to town without me for the whole day. I felt so alone and sad until they got back.,Last week I felt so abandoned when my family went to town all day without me.
lonely,94,I felt really alone at Miami when i moved there. I had moved out of my family home for a new job.,I felt really alone in Miami when i moved there first
lonely,95,It is a rough day_comma_ I am alone a lot.,It is a rough day_comma_ I am alone a lot lately.
lonely,96,My husband passed away last year and with my kids out of the house_comma_ its often eerily quiet.,My husband passed away last year and with my kids out of the house_comma_ its often eerily quiet.
lonely,97,My friends went out yesterday_comma_ but they didn't invite me.,I got on social media yesterday and saw that my friends went to a party_comma_ but they didn't invite me.
lonely,98,day four now since my wife went to visit her family. The house is too quiet now. I have started sleeping with the light on lol,the house is very quiet now that she's been gone for four days visiting with her family
lonely,99,I woke up too early. Everyone else is sleeping.,I woke up too early. Everyone else is sleeping
lonely,100,Before I met my girlfriend and friends_comma_ I was very depressed and alone,Before I met my girlfriend and friends_comma_ I was very depressed and alone
lonely,101,I'm very lonely since I fed my family to the pigs.,I'm very lonely now.
lonely,102,I went to the bowling all alone yesterday. It was quite a bad time.,Went to the bowling all by myself yesterday. It was quite lonely.
lonely,103,Before I met my girlfriend I felt lonely very often_comma_ I am glad that is better now,Before I met my girlfriend I felt lonely very often_comma_ I am glad that is better now
lonely,104,My husband is away on a work trip. I thought I'd like the time alone_comma_ but I miss him.,So my husband left yesterday on a work trip_comma_ and I miss him a lot more than I thought I would.
lonely,105,I felt sad when all my friends left me,I felt alone when my friends left me
lonely,106,My best friend off to London . We bread and buttered together. Eben though am happy for him _comma_ I am going to miss him a lot,My best friend is off to London
lonely,107,i live alone work alone,i live alone work alone eat alone
lonely,108,My husband will be away on a bachelor's trip and I will be alone.,My husband will be away on a trip for the weekend and it will be so quiet without him here.
lonely,109,I have been alone for almost 5 years now.,I have been alone for almost 5 years now.
lonely,110,When my wife and son are gone from me_comma_ i dont like it.,I hate when my wife and son are away from me
lonely,111,I've been living alone for the last 5 years.,I've been living alone for the last 5 years.
lonely,112,My wife went out of town for a week for work_comma_ and I got to say_comma_ I'm pretty lonely.,Hey there_comma_ Got to admit_comma_ I'm pretty lonely right now.
lonely,113,I wanted to go out with some friends to a party tomorrow night. But all of my friends will be out of town. So I'll have no one to spend any time with.,I've been sitting at home bored all week so I wanted to spend some time hanging out with friends tomorrow night. But apparently all of my friends are out of town. So I'll still be stuck home alone!
lonely,114,i felt really alone in Florida when i moved there. I had gotten a new job and it was my first time away from family.,i was feeling so alone in florida when i moved there
lonely,115,My whole family left me behind this past weekend. It was really strange to be all alone in the house.,My family forgot about me and left me behind at the house this weekend. It felt so weird to be all by myself in the house.
lonely,116,My girlfriend and I are in a long distance relationship. It's rough sometimes not always having the person you love the most around,My girlfriend and I are in a long distance relationship. It's rough sometimes not always having the person you love the most around
lonely,117,I wish I had someone to spend my days with. I feel a alone.,I should really try to get a girlfriend or something. I just need to feel someone.
lonely,118,My boyfriend and I did a lot around the house last weekend. It was nice he didn't have to work. Come monday morning I was really gonna miss him. Now I can't wait til this weekend so we can have more time together.,My boyfriend and I did a lot around the house last weekend. It was nice he didn't have to work. Come monday morning I knew I was really gonna miss him.
lonely,119,Right after my second divorce_comma_ I had two roommates. After they both moved out_comma_ I always had this empty feeling.,A few years ago after a divorce_comma_ my roommates moved away and I gotta tell you_comma_ it was rough after that.
lonely,120,I started a new school and did not know anyone in my class,My parents decided to send me to a new school out of the area
lonely,121,I went to the movie theater by myself. I was the only one in the whole theater for the film.,I decided to go to the movies on my own. I saw the latest art film and had the theater all to myself.
lonely,122,I saw a man on the street and he looked so sad. He had no one and I kept on walking by to leave him alone.,I saw a man on the street and he looked so sad. He had no one and I kept on walking by to leave him alone.
lonely,123,When I lived on my own_comma_ I found it hard without having any company,When I lived on my own_comma_ I found it hard without having any company
lonely,124,When my daughter went to university_comma_ and wife travelled abroad for work_comma_ I had the whole house to myself. I found the place became empty really quickly.,Having the whole house to your self sometimes isn't as good as it may seem!
lonely,125,After my two best friends moved away_comma_ I felt pretty depressed and miss them a lot.,Two of my best friends moved away recently not far apart from one another. Left me feeling a bit empty.
lonely,126,I just moved to a new city. I do not know anyone here and there is nothing to do.,I just moved to a new city for my job.
lonely,127,I have looked everywhere for a mate. I have no luck finding anyone. Perhaps I will be alone for the rest of my life.,I have been looking for a mate for such a long time. I want to find a single mother with an empty nest.
lonely,128,I went to a restaurant last week by myself_comma_ meanwhile everyone else was sitting with at least one other person.,I went to a restaurant last week by myself_comma_ meanwhile everyone else was sitting with at least one other person.
lonely,129,I never thought I would say this but its a little too quiet since my kids went back to school,its too quiet now the kids are back in school
lonely,130,My boyfriend is out of town for work and I really miss him. I'm so used to him being around I didn't realize how lonely I'd be without him here.,That sucks but they do say distance makes the heart grow fonder.
lonely,131,I had to stay home and work while All my friend got to go to colorado to skii. Not only was I missing out on the fun but I was lonely with nothing to do.,I had to stay home and work_comma_ while all my friends go to denver and snowboard.
lonely,132,I have been feeling lonely lately because my best friend moved out of town,I have been feeling a little lonely lately.. :(
lonely,133,kind of feel bad_comma_ I dont really have a family so it sucks being basically an orphan with no one to go to if something goes wrong,Meh i kinda feel bad_comma_ i wish i had family members to talk to
lonely,134,No one even cares about me.,No one even cares about me.
lonely,135,I invited everyone to my birthday party and they came up with excuses on the last minute,A week ago I invited everyone to my birthday party and everyone was sure they would come_comma_ but on the last minute_comma_ they all came up with excuses
lonely,136,i felt all alone the other day,i felt all alone the other day
lonely,137,I was pretty lonely last weekend. I was sick and my friends were busy,I was lonely last weekend_comma_ My friends were busy and I was sick
lonely,138,I felt so alone after my dog trevor passed away. he was always by my side over these years,I felt so alone after my dog trevor passed last year
lonely,139,When my kids are in school all day I get lonely sometimes.,Last year_comma_ when my kids were both at school_comma_ I would get lonely at home sometimes.
lonely,140,My husband went out of town on business and wont be back for 1 month. I get so bored in an empty house by myself.,My husband wont be back for a month due to work and Im here at the house by myself.
lonely,141,Sometimes I want privacy_comma_ but now that I have it_comma_ I miss my roomies.,Sometimes I want privacy_comma_ but now that I have it_comma_ I miss my roomies.
lonely,142,I planned a vacation with a friend who got severely sick right beforehand so I had to go without her. Its been fun so far but quiet and there's no one to have fun with.,I planned a vacation with a friend who got severely sick right beforehand so I had to go without her. Its been fun so far but quiet and there's no one to have fun with.
lonely,143,I moved to northern Alaska last year and don't know anyone.,I moved to northern Alaska last year and don't know anyone.
lonely,144,I just broke up with my girlfriend of 4 years.,I just broke up with my girlfriend of 4 years. She left the apartment to me. I'm all by myself.
lonely,145,I was feeling alone in the city of Miami after i moved there. it was my first time staying away from family,I was feeling so lonely in miami after i moved there
lonely,146,I went to the park all by myself yesterday. I was angry that my friends ditched me.,I went to the park all by myself yesterday. It was so lonesome.
lonely,147,A few years ago_comma_ my marriage broke up_comma_ and I found myself living alone for the first time in my life. Though I eventually grew accustomed to the solitude_comma_ it took a while to get used to it.,I found myself divorced a few years ago_comma_ and for the first time in my life_comma_ I was living alone.
lonely,148,My wife and I moved for her to go to school_comma_ and sometimes I really miss my friends from home.,I moved far away from my hometown for the first time so my wife could go to grad school. It's hard to be away from my friends.
lonely,149,I was always socially awkward_comma_ i feel so lonely,I'm kind of socially awkward and I don't know how to start conversations in real life. I wish i had more friends
lonely,150,I recently had a baby and now none of my friends want to hang out with me anymore. The father also left me.,I recently had a baby and now none of my friends want to hang out with me anymore.
lonely,151,It was a pretty lonesome weekend. My friends were busy,I was a lonesome weekend. All of my friends were busy
lonely,152,I was really annoyed today. I walked outside to get something from my car and a friend was just hanging out in my driveway with some people I didn't even know.,I was really annoyed today. I walked outside to get something from my car and a friend was just hanging out in my driveway with some people I didn't even know.
lonely,153,My husband and I divorced_comma_ he has the kids this week.,My husband and I divorced_comma_ he has the kids this week for summer break. It's me_comma_ myself_comma_ and I in this apartment and it's eerily quiet.
lonely,154,Went to the park yesterday alone. My friends ditched me.,Went to the park alone yesterday. Feels bad_comma_ man.
lonely,155,I miss being able to talk to my parents_comma_ I don't live near them anymore,I miss being able to talk to my parents_comma_ I don't live near them anymore
lonely,156,I'm a truck driver and even though I'm married_comma_ I feel very lonely much of the time. I may have to find something else to do_comma_ as the long trips away from my wife are troublesome.,I'm thinking I might have to find a different line of work. I'm a truck driver_comma_ and have been for a long time_comma_ but it's really difficult to do long trips now that I'm married.
lonely,157,Spent the entire summer with my long distance girlfriend_comma_ and now I'm back at home for university. Kind of a bummer that now not only do I not have her company_comma_ but I have to deal with school stuff. From one extreme to the other.,Spent the entire summer with my long distance girlfriend_comma_ and now I'm back at home for university. Kind of a bummer that now not only do I not have her company_comma_ but I have to deal with school stuff. From one extreme to the other.
lonely,158,my parents travelled and am left alone in the house,i felt lonely because i have never been left all by myself before
lonely,159,i felt bored being by myself all week,i felt bored being by myself all week
lonely,160,Before I met my girlfriend and friends I was very alone_comma_ that was not a fun time,Before I met my girlfriend and friends I was very alone_comma_ that was not a fun time
lonely,161,MY kids are getting older and hanging out with their friends on the weekend. Im always by myself,I am realizing that my kids are getting older and gonna leave me soon
lonely,162,I didnt know anyone my first semester of uni,I didnt know anyone my first semester of uni
lonely,163,sometimes i feel i have no one to turn to,sometimes i feel i have no one to turn to
lonely,164,I am so sad my husband was deployed this week.,My husband was just sent to Iraq and I already miss him so much.
lonely,165,I have no friends at my new job,Hi_comma_ I have no friends at my new job
lonely,166,Its a beautiful day outside today. Problem is that I have no one to share it with.,It is such a gorgeous day outside today. The problem is that I have no one to share it with.
lonely,167,I have Lupus so i am not able to get out of the house much b/c I am so sick. It makes me really lonely b/c I don't have many friends since I am not able to go out and hang out,I have a disease called Lupus. Because I am so sick from this It causes me to lose alot of friends. I am not able to go out and hand out like I use to because I am just to sick to get out. It makes me lonely.
lonely,168,My entire family when to Europe for the summer. It is just me at the house.,My entire family went to Europe for the summer. It is just me at the house.
lonely,169,Once_comma_ my boyfriend left me for my friend. I felt very left out since I no longer had either of them in my life. It was a sad time.,That is a sad thing to hear. I hope you are happy to be rid of them both now
lonely,170,My friends went on vacation without me.,My friends went on vacation without me_comma_ and now I have no one to hang out with for 3 weeks.
lonely,171,Wow_comma_ is always a very bad situation for me,Yes_comma_ I was surprise on how he changed to another talk
lonely,172,All my friends live in a different country,hi_comma_ i feel so lonely sometimes because all my friends live in a different country
lonely,173,I was walking home at night. I didn't see anyone else during the walk.,I was walking home at night.
lonely,174,I am very lonely with my man away at treatment but it's necessary.,My partner is away getting treatment and therapy and it's hard.
lonely,175,I'm going to China to a meeting for work. I've never been without my coworkers for these kinds of things.,I'm going to China to a meeting for work. I've never been without my coworkers for these kinds of things.
lonely,176,I was so bored last night. I live by myself_comma_ just me and my dog.,I get so bored sometimes. Last night I was mega bored... just me and my dog.
lonely,177,After being at work all day_comma_ I am now home relaxing with no one around. There is no one to share my day with.,Are there any social groups you can join to have some company?
lonely,178,I moved an hour away from my sister. We lived really close before that so we spent time together a lot.,My sister and I lived close to each other then I moved an hour away.
lonely,179,I am working from home and sometime I find it boring to not see other people.,I am working from home and sometime I find it boring to not see other people.
lonely,180,I have no friends.,All of my friends abandoned me and I have no idea why.
lonely,181,I am tired of being single. Its been two years now,Im tired of being single
lonely,182,Broke up with my girlfriend last week. I don't have anyone to do stuff with anymore.,Broke up with my girlfriend last week. I don't have anyone to do stuff with anymore.
lonely,183,My wife has been out of the country for 2 months for school. It's been a little tough being alone at home ever night.,My wife has been out of the country for the last 2 months for school.
lonely,184,It can be really tough when your kids are older and both them and your husband have electronics. I can be sitting in a room with them all and still feel as if no one is here.,It can be really tough when your husband and teenagers have electronics.
lonely,185,I was very lonely when I was in prison.,I was lonely a lot in years past.
lonely,186,My friend dint come to watch a movie with me,I feel lonely my friend did not make to join me i watching a movie
lonely,187,I was home alone while my husband went on a business trip.,I was home alone while my husband went on a business trip
lonely,188,I moved out of my dads' house when I was 19 and moved to Atlanta. The company I worked for moved all of us down actually. But it was so strange being without my dad_comma_ or any family_comma_ around.,I moved out of my dad's house when I was 19 and moved to Atlanta.
lonely,189,I felt distant once I moved away to college,After moving away for college I was by myself alot
lonely,190,Super sad this weekend. I wish my partner would be done with therapy already and be home but I also know I have a lot of ptsd from him and it will be a long road before I am ready to be around him again.,Super sad this weekend. I wish my partner would be done with therapy already and be home
lonely,191,I went to eat by myself last night_comma_ I have no friends.,I went to eat by myself last night_comma_ I have no friends.
lonely,192,I was watching over my girlfriend's cat while she went away on a little trip. The cat wanted barely anything to do with me_comma_ and I felt so isolated.,I was watching over my girlfriend's cat while she went away on a little trip.
lonely,193,I'm going to a new town for work. It pays a lot more_comma_ but I'm going to be by myself.,I'm going to a new town for work. It pays a lot more_comma_ but I'm going to be by myself.
lonely,194,I felt very lonely when my partner decided to leave me for someone else.,My partner left me the other day.
lonely,195,as I walk through my house_comma_ the rooms are empty_comma_ There is no one there for me,as I walk through my house_comma_ the rooms are empty_comma_ There is no one there for me
lonely,196,I was lonely before I met my girlfriend and group of good friends,I was lonely before I met my girlfriend and group of good friends
lonely,197,Once my friends started to get married and have kids I feel like I have no one to go out with on the weekends.,I feel like most of my friends are married with kids and as a single person I have no one to socialize with.
lonely,198,Sometimes I feel alone even in a crowd.,Have you ever felt alone in a crowd.
lonely,199,I had to stay late at work today and missed family dinner,I had to stay late at work today and missed family dinner
sad,0,My cat passed away last weekend. It has been a rough week for me.,My 12 year old cat passed away last weekend.
sad,1,Today was my favorite co workers last day_comma_ I'm going to miss her,Today was my favorite co workers last day_comma_ I'm going to miss her
sad,2,I just realized today I have not been home to where my family is from in a little over 10 years.,I just realized today I have not been home to where my family is from in a little over 10 years.
sad,3,I just found out the small company I work for is going out of business. I cried all day Friday when I found out because I love working for them.,I just found out the small company I work for is going out of business. I cried all day Friday when I found out because I love working for them
sad,4,I just got a new puppy last week and now he's dead. He got hit by a car.,I just got a new puppy last week and now he's dead.
sad,5,I missed my favorite show on TV.,I missed my favorite show on TV.
sad,6,I was sad when I had to put my dog down last month.,I was sad when I had to put my dog down last month
sad,7,I don't think I'll be able to go to the lake this weekend_comma_ I'm pretty bummed out.,I don't think I'll be able to go to the lake this weekend_comma_ I'm pretty bummed out.
sad,8,A good friend of mine is moving to another city in the other side of the country_comma_ I guess we won't see each other much in the future.,What city are they moving to?
sad,9,I'm bummed that it is supposed to rain here all weekend.,I'm feeling a bit bummed out right now.
sad,10,You ever have those mornings where old memories come up..or old traumas..and it just makes you feel so bad.,You ever have those mornings where old memories come up..or old traumas..and it just makes you feel so bad.
sad,11,I can't believeI will be moving away soon. I will mis the city life,I a moving out of the city soon
sad,12,Had to attend a funeral 2 days ago,I had to drive 5 hours the other day to attend a funeral of a cousin of mine. It was a sad day. Got to see family though.
sad,13,I hate having to go back to college sometimes. It always makes me upset when I have to leave all my friends.,Going back to college is so bittersweet most of the time.
sad,14,The doctor recommended hospice for my grandad today. Today was not a good day.,Today wasnt a good day
sad,15,saturday and bad income,what kind of saturday is this_comma_ i mean sure it's a relaxing one but damn i really blew it on the budget plan
sad,16,my favorite show is ending. I will be lost,i watch a lot of tv. it is my favorite thing
sad,17,I couldn't believe it when my dog died a few weeks ago. I honestly thought I was going to stay lonely forever. When my girlfriend asked me if I wanted to go look at dogs to cheer me up_comma_ I said no.,In some ways_comma_ losing a pet dog is even worse than losing a relative. They're so innocent_comma_ they're so helpless. They don't deserve to have to die or suffer ever.
sad,18,I've lost a couple of loved ones last year and I'm having a hard time getting it off my mind.,I lost a couple of loved ones last year and I can't get it off my mind.
sad,19,I just earth about and earthquake in indonesia_comma_it seem that many people died there.,I just heard there was an earthquake in Indonesia.
sad,20,My friend had to cancel plans the other day,My friend had to cancel plans the other day which was saddening
sad,21,I can't stop thinking about my dog that died a year ago this week.,I can't stop thinking about my dog that died a year ago this week.
sad,22,One time I went to a restaurant to eat by myself. I felt sad and lonely,I have no friends. One time I went into a restaurant and ate by myself. Everyone laughed
sad,23,i've read an article about a little newborn babygirl. She died because she was premature and she had problems breathing on her own when she was born but parents didn't take her to the hospital because they don't believe in medication,I'm so sad because i've read an article about a newborn girl who died because her parents didn't believe in medication and doctors
sad,24,I'm feeling pretty bummed after seeing a photo of myself 4 years ago_comma_ I gained so much weight!,I'm feeling pretty bummed after seeing a photo of myself 4 years ago_comma_ I gained so much weight!
sad,25,I had a pet hermit crap that died this morning. I got him when I was on vacation in Hawaii.,I got a pet hermit crab when I was on vacation in Hawaii_comma_ and I just found him dead this morning.
sad,26,I cry every time I think of my sister.,I cry every time I think of my sister.
sad,27,I am sad that my parents didn't attend my birthday,I am sad that my parents didn't attend my birthday
sad,28,I saw a dog that got hit by a car on the die of the road. It was very upsetting to see. I cried a little bit thinking about the person who lost their dog,I got upset on my drive home today
sad,29,My rent is going up and I can't afford it. Now we will all have to move,my rent is going up soon
sad,30,My pet hamster died the other day. I am so devastated.,My pet hamster died the other day.
sad,31,I feel like I will be in this apartment forever. I really want a house,Sometimes I fell like I will never get outof this apartment.
sad,32,My favorite pizza place closed down last week and I am still bummed out about it.,My favorite pizza place closed down late last week.
sad,33,My dog of 10 years recently passed away. I felt so down.,My dog of 10 years recently passed away.
sad,34,when my dog died,I had to put my dog down at the vets due to a disease she had that wouldnt get better. It sucked.
sad,35,My 2 youngest children will both be in high school this year. I can't believe they have grown up so fast. Time has flown by and I just want it to slow down.,My children are growing up so fast. My 2 youngest will both be in high school this year.
sad,36,I was driving around my old neighborhood and notice the house that I grew up in had burned down. I hated seeing somewhere I spent so much time as a child gone.,I was driving around my old neighborhood and seen that the house I grew up in had burned down.
sad,37,I cried when my best friend moved away.,I cried when my best friend moved away.
sad,38,My mom is starting to develop dementia early. I feel like I'm losing such an important figure in my life much earlier than I should_comma_ even though she's still alive. Like_comma_ she struggles so much with daily activities and remembering who I am.,My mom is starting to develop dementia early. I feel like I'm losing such an important figure in my life much earlier than I should_comma_ even though she's still alive. Like_comma_ she struggles so much with daily activities and remembering who I am
sad,39,I got really upset when I had to move away from my childhood home. all my memories were there.,I really miss my old house sometimes
sad,40,MY kids are just growing constantly. I want them to be babies again.,I miss when my toddlers were little tiny babies.
sad,41,I was upsetwhen my dog. I kept her on the bed for a whole day. Didn't want to lety her go,Oops. I meant I was upset when my dog died.
sad,42,They stopped making donuts at my favorite bakery. I am so hurt thinking about it.,They stopped making donuts at my favorite bakery.
sad,43,I just preordered Black Ops 4. I can't play until October though,Black Ops 4 comes out in October
sad,44,When people buy assorted doughnuts_comma_ and somebody eats the only flavor you like.,It's tough being picky.
sad,45,My pet fish ran away today. I left him in my room like I always do and when I got home he was gone.,Pretty sure my pet fish ran away today.
sad,46,My dog is getting old_comma_ and I can tell he isn't going to make it much longer.,My dog has cancer_comma_ and he's starting to walk around really slowly.
sad,47,I sometimes feel sad about things when I shouldn't It might be depression.,Do you ever feel sad about things in life?
sad,48,I've been feeling blue since my great grandmother passed away.,I have been feeling down since my great grandmother passed.
sad,49,We had to put our dog to sleep. I am so upset.,My dog had cancer and the vet advised us to put our dog to sleep today.
sad,50,A good friend of mine moved away recently and we lost contact. I really wish we would still speak.,A good friend of mine moved away recently and we lost contact. I really wish we would still speak.
sad,51,I saw a kitten hurt on the side of the road... unfortunately I was in a taxi and couldn't stop to help it,I saw a kitten hurt on the side of the road... unfortunately I was in a taxi and couldn't stop to help it
sad,52,I didn't get the job I applied for. It was given to someone else.,I applied for my dream job but I never got a call back.
sad,53,Yesterday my sister left to go back to her state. I wanted her to stay longer,Yesterday my sister left to go back to her state
sad,54,our company is firing people,our company is firing people_comma_ and everyone is very sad to go
sad,55,pans labyrinth bumbed me out,One of my favorite movies of all tyme is pans labyrinth by guillermo del toro _comma_ but the ending is a bit depressing even for me
sad,56,My grandfather passed from medical malpractice a year ago.,My grandfather passed a year ago today thanks to medical malpractice.
sad,57,My car broke down this week and there is nothing that can be done. The mechanic said it was done for,My car broke down this week and the mechanic said that there is nothing they can really do for it. It is just done. I am going to miss that car.
sad,58,I just got laid off from my job. I need the paycheck so this is not a good situation.,I just got laid off from my job. I need the paycheck so this is not a good situation.
sad,59,I am upset I didn't get my scholarship.,I am upset I didn't get my scholarship.
sad,60,When my dog died when I was younger.,When I was younger_comma_ my dog died. He was getting up there in age_comma_ but he was still on the young side. Later_comma_ we heard the pet food we had been feeding him had been recalled because of similiar fatalities.
sad,61,I am homesick at college,I just got to college and am terribly homesick. I miss my house and my parents.
sad,62,I bought a new puppy about three weeks ago. When I came home from work I found it dead in the living room.,I bought a new puppy three weeks ago.
sad,63,I was looking through some of my old pictures a week or so ago_comma_ and saw a picture of my grandmother who passed away a few years ago,I was looking through some of my old pictures a week or so ago_comma_ and saw a picture of my grandmother who passed away a few years ago
sad,64,My dog ran away today. I was so distraught.,My dog ran away today.
sad,65,Due to heavy rainfall last month_comma_ my hometown was almost completely flooded. Most of the houses in the small town are no condemned and the whole area has been declared a disaster area.,Last month_comma_ this area got pounded with rainfall. My entire home town was flooded and declared a disaster area.
sad,66,Robin williams was my hero_comma_ still so sad he passed,i miss robin williams so much
sad,67,My cat was run over by a car. I found her on the street_comma_ what was left of her. It was heartbreaking.,I found my cat dead in the middle of the street. She was run over by a car.
sad,68,I saw a kitten get run over by a car.,I saw a kitten get run over by a car.
sad,69,While I was in college my dog ran away back home and was never found. My mother had been taking her on a walk in a park and my dog fell down a cliff. I dreamed about her every night for a month at school_comma_ and hoped I'd get a call saying she was found_comma_ but she never was.,My dog disappeared while I was away at college.
sad,70,Sometimes I cry when I watch sad movies,Sometimes I cry when I watch sad movies
sad,71,I felt sad yesterday. At work our computer systems went down and customers were mad,Well it started off I was unable to check people in. The IT people are very slow at fixing the issue.
sad,72,My wife has been out of the country for a couple months for school. Dropping her off at the airport was really tough.,My wife has been out of the country for school for a while. Dropping her off at the airport was really hard.
sad,73,My pet lizard died he was 15 years old. it has been hard on me,My pet iguana died he was 15 years old..
sad,74,Don't you hate it when you're feeling confident in a new hairstyle or some clothes you're wearing_comma_ and then someone makes fun of you? Had that happen the other day. Makes you want to be able to hide in the background and never try anything new again,Don't you hate it when you're feeling confident in a new hairstyle or some clothes you're wearing_comma_ and then someone makes fun of you? Had that happen the other day. Makes you want to be able to hide in the background and never try anything new again
sad,75,My cat just turned 23 last week. She has been really sick. We have to put her down next week.,My cat just turned 23 last week and has been really sick.
sad,76,I was very interested in a girl that lives near me. I can't seem to muster the courage to talk to her so I'm feeling pretty down in the dumps. Hopefully_comma_ one day I can let my mind stop racing and just go for it.,I was very interested in a girl that lives near me. I can't seem to muster the courage to talk to her so I'm feeling pretty down in the dumps. Hopefully_comma_ one day I can let my mind stop racing and just go for it.
sad,77,I recently attended my grandmother's funeral. Although she had just turned 93_comma_ I definitely miss her.,I have been really down lately. I recently lost a close family member.
sad,78,My birth flew away,I had such a sweet little parakeet and i was always letting him fly in the house. One day i opened the window and i totally forgot my bird was out of the cage and he flew away
sad,79,I took my cat to the vet because he wasn't acting normal_comma_ and we found out he was going to have to be put down.,Had to take my cat to the vet. He's got a bad injury on his paw and it hasn't been healing.
sad,80,I was reading the news and I saw some terrible news about some Christians being persecuted in Nigeria. I heard that 6_comma_000 families had been massacred and it made me feel heartbroken.,I was reading the news the other day and I saw something so sad_comma_ about some Christians being persecuted in Nigeria. I guess something like 6_comma_000 families have been massacred by extremists. It made me feel awful and sick.
sad,81,i am starving and nothing to eat,... starving once again_comma_ this feeling sucks_comma_ it gets me all depressed_comma_ nothing to eat and the delivery is 1 hour late
sad,82,I have to go back to school and leave all my friends in 2 weeks,I have to go back to school and leave all my friends in 2 weeks time
sad,83,All of my friends are married now. I am the only single one,All of my friends are married now
sad,84,My grandmother passed away when I was 30. She really didn't get to know my girls very much at all.,My grandmother passed away about 10 years ago. I really miss her_comma_ she pretty much was the only female influence I had growing up.
sad,85,I am so sad_comma_ my mother recently passed away from a heart attack,I am very sad_comma_ my mother recently passed away from a heart attack
sad,86,I recently changed jobs for a better opportunity with more pay. I'm very pleased with the new job_comma_ but I did feel bummed about leaving my former co-workers behind. We had a good time and I liked those kids.,I recently changed jobs for a better opportunity with more pay. I'm very pleased with the new job_comma_ but I did feel bummed about leaving my former co-workers behind. We had a good time and I liked those kids.
sad,87,It really sucked when my rabbit died like 10 years ago. That was probably the most upset that I've ever been.,I think the most upset that I've ever been before was when my rabbit died a while back.
sad,88,When someone talks down to me_comma_ it makes me sad.,When someone talks down to me_comma_ it makes me sad
sad,89,My cat died.,My cat died :(
sad,90,My first date with a woman that I met at a party didn't go as expected.,My first date with a woman that I met at a party didn't go as expected.
sad,91,my dog got hit by a car when he got out of the backyard gate,my dog got out of the gate and got hit by a car
sad,92,My cat passed away this morning. I had her for 11 years.,My 11 year old cat died this morning...
sad,93,I failed my driving test today. It was my second time trying,I am very disappointed in myself. I failed my driving test today for the second time. Can't get a car as i need a license
sad,94,My youngest son is going into kindergarten and I'm a little down.,I'm sad. My youngest son starts kindergarten tomorrow!
sad,95,MY dauhter is growing up too fast. She is going to leave me soon.,Do you have kids? My daughter will be 14 soon. I don't want her to grow up.
sad,96,I really miss my kids being babies. They were so sweet then,My kids were sweet when they wre babies
sad,97,My cat got cancer and had to be put to sleep.,I once had a fluffy cat named Leo_comma_ but he got lymphoma and I had to have him put to sleep.
sad,98,I lost a bet with a friend,I lost a bet with my work friend so now i owe him $50
sad,99,My cat is really sick and old. She is not going to make it much longer.,My cat is really sick and old.
sad,100,After moving I went through a decently long period of unemployment. It was starting to get tough not having a good source of income to support myself.,After my wife and I moved I went through a while of unemployment. It was really tough not being able to support us.
sad,101,My wife is out of the country for school. She was having a really bad day the other day and I couldn't really do anything to help.,My wife is out of the country for school_comma_ and the other day she was having a really bad day. I couldn't really do anything to help_comma_ and it made me feel bad.
sad,102,I can never figure out why my wife is so grumpy.,I can never figure out why my wife is so grumpy.
sad,103,I was sad when my dad died,I was sad when my dad died
sad,104,I felt sad when I saw Alex Jones channel taken down,I thought it was unfair how YouTube banned Alex Jones
sad,105,My dog was attacked by a coyote yesterday and she's been in the hospital ever since. I don't think she is going to make it.,My dog was attacked by a coyote yesterday and she's been in the hospital ever since.
sad,106,I cried all night_comma_ my brother is going back to Iraq.,I cried all night_comma_ my brother is going back to Iraq.
sad,107,I remember being really upset when we had to move away from my very first best friend when I was 10,"I remember being really upset when we had to move away from my very first best friend when I was 10"""
sad,108,I recently learned that a close friend is getting foreclosed on their home. They were diagnosed with breast cancer 2 years ago and I think it drained the family of their money. I wish I could help but I don't have any money to give them. It is just a terrible situation.,I recently learned that a close friend is getting foreclosed on their home.
sad,109,A few months ago_comma_ a good friend of my girlfriend's passed away from a drug overdose. What's worse is_comma_ both his ex and his lover at the time kept using. I worry about them.,A few months back_comma_ one of my girlfriend's close friends died from a heroin overdose.
sad,110,I was reading the news and came across a story about children being killed in a fire. It hurt my heart to think about it.,I was reading the news and came across a story about children being killed in a fire. It hurt my heart to think about it
sad,111,My goldfish died.,My goldfish died.
sad,112,My pet parrot died this week.,My pet parrot died this week.
sad,113,I woke up feeling down today. Some days the past you are trying to get over and heal from just hits you in moments of weakness,I woke up feeling down today.
sad,114,I was pretty sad when my dog died. He was my friend,I was sad when my dog died. He was my friend
sad,115,Yesterday my pet hamster died. He just turned two and was not moving very much. I was tearful when I felt his body and it was cold.,Yesterday my hamster passed away. He was barely two years old :(.
sad,116,Earlier this week_comma_ my cat Sam passed away. He was 17 years old. It's been odd not having him asleep at my feet while I work.,This past weekend_comma_ my cat Sam passed away_comma_ he was 17 years old.
sad,117,A hungry man is an angry man,A man has to be hardworking in order not to be angry
sad,118,My friend wants nothing to do with me anymore. I am so hurt about it.,My friend want's nothing to do with me anymore.
sad,119,i watched a depressing movie,the other day for the first time i watched the movie logan _comma_ the whole thing was very depressing this strong super hero now driving a old limo in mexico _comma_ and hes falling apart jeez
sad,120,I'm sad_comma_ tomorrow will be the last time I get to see my friend before she leaves for college!,I'm sad_comma_ tomorrow will be the last time I get to see my friend before she leaves for college!
sad,121,I dropped my 5 dollar ice cream as soon as I left the store,I dropped my 5 dollar ice cream as soon as I left the store
sad,122,I was talking to someone and we had great chemistry then they went ghost on me.,I was talking to this girl_comma_ we had amazing chemistry and then she ghosted.
sad,123,I dropped my phone in the toilet and I didn't have insurance on it. It was a pretty expensive phone too.,I dropped my phone in the toilet last night and now it's not functioning right. I also didn't have insurance on it which is a huge bummer_comma_ because this phone was expensive!
sad,124,Now that I know that soon I'll need to move to a different city_comma_ I feel a bit down.,I am moving to a different city soon_comma_ I feel a bit depressed about that.
sad,125,so sad robin williams has passed away_comma_ i miss him,robin williams was my hero_comma_ so sad he passed
sad,126,I lost my mother recently. She had hypertension and diabetis,I lost my mother recently_comma_ she was sick with hypertension and diabetics
sad,127,My dog is getting older and is starting to walk a little slower these days.,My dog is getting older and is starting to walk a little slower these days.
sad,128,I am so devastated because I lost my pet turtle recently. I think he escaped from the yard. I miss him so much!,I lost my pet turtle. I am feeling devastated. I think he escaped the yard.
sad,129,My friends went out drinking last weekend without me. They didn't even both sending me a text to see what I was doing.,My friends didn't invite me out drinking last weekend. They didn't even bother texting me!
sad,130,In school_comma_ people would always bully me.,In school_comma_ the kids would always bully me and call me names
sad,131,I feel sad that I am spending so much time this late on the internet. I really could use some sleep for tomorrow.,Do you ever feel sad about anything?
sad,132,I recently lost my job adn i feel horrible.,I lsot my job the other day and am pretty lost myself.
sad,133,I can't believe our little girl is all grown up and going to colledge . We are going tyo miss her so much.,do you have any kids in college?
sad,134,My best friend is moving far away. I am going to be so miserable.,My best friend is moving far away.
sad,135,The summer feels like it just started but its about to end now. I'm gonna miss my friends for most of the year.,It sucks that summer is almost over for me.
sad,136,My pet iguana just died. I'v had him since I was 5.,My pet iguana Ricado just die. I miss him.
sad,137,i was upset to return to work,i was upset to return to work
sad,138,Last week I had to put my dog to sleep. It was so sad. I had her for 15 years,Last week I had to put my dog to sleep. It was really sad because I had him for 16 years.
sad,139,Today is the anniversary of my fathers death. He has been gone for 18 years now.,Today is the anniversary of my fathers death. He has been gone for 18 years now.
sad,140,MY sister used to live next door to me. Now she has moved across town and I hardly ever see my neice.,MY sister used to be my next door neighbor.
sad,141,I was watching a TV show and the couple were getting married. It was so sweet that it made me cry.,I was watching a TV show and the couple were getting married. It was so sweet that it made me cry.
sad,142,I broke my new phone yesterday. I was very upset.,I broke my new phone yesterday.
sad,143,i feel down after getting fired,i lost my job today. was not my fault we got robbed
sad,144,she was m only true friend,she was the only one who truly understood me
sad,145,Kind of bummed. I was supposed to meet my best friend tonight_comma_ but he got stuck at work.,Kind of bummed now since I was supposed to meet my best friend later tonight_comma_ but he got stuck at work suddenly.
sad,146,I lost my dog last year_comma_ I cried so hard.,I lost my dog last year_comma_ I cried so hard.
sad,147,A friend of mine is moving away. It's a shame because we were close for a few years,A close friend of mine is moving away
sad,148,My friend's little kitten got hit by a car_comma_ it was so tragic and sad. I was crying for my friend.,My friend's new pet kitten tragically got hit by a car this past weekend. I felt so bad for her.
sad,149,I miss my Grandma. She died when I was a kid.,I miss my Grandma.
sad,150,My dog died. She was 20 years old.,My dog died. She was 20 years old.
sad,151,Memories of my dog always break my heart.. She passed away last month,memories of my dog break my heart.. she passed away last month
sad,152,My pet goldfish died recently. I was devastated. I really liked Goldie.,I was so upset when my pet goldfish died recently. I really loved Goldie.
sad,153,My girlfriend is going away this weekend to visit her family. I'm very upset that I won't have anyone to spend the weekend with!,My girlfriend is going away this weekend to visit her family back home. I'm very upset about having to spend the weekend alone.
sad,154,I found out that my grandma has Dementia and is deteriorating pretty quickly.,My mom told me the other day that they found out my grandma has Dementia_comma_ and is degrading pretty fast.
sad,155,I felt sad when my dog passed away. It was a pet that I had since I was 3 years old_comma_ and was one of the saddest days of my life.,Have you ever had a pet that you had to put down? I was so heartbroken when my dog of 16 years had to be put down. this was years ago but it still makes me sad to this day.
sad,156,My old car finally died last week.,My old car finally died last week after 200_comma_000 miles.
sad,157,I lost my job.,I lost my job.
sad,158,My best friend and I have lived 5 minutes or less away from each other for the past 20 years. Next week she is moving an 11 hour drive away from here. I don't know how I will cope.,My best friend and I have lived 5 minutes or less away from each other for the past 20 years.
sad,159,I am so sad. My husband needs a lung transplant.,I am so sad lately. My husband needs a lung transplant and he is only 40 years old.
sad,160,Last week my mother passed away. I am so devasted,Last week my mother passed away
sad,161,A years ago I had to put my cat down. Actually she was my mom's cat I inherited when my mom died. I'd known the cat for her entire life_comma_ and for half of mine.,I had to put my cat down a few years ago_comma_ she was old and in kidney failure.
sad,162,My border collie had to be put down due to a neurological disorder that could not be treated.,It is so difficult to have a pet pass away_comma_ I really miss him.
sad,163,i hate watching my parents smoke_comma_ it makes me really sad to think they could face cancer as a concequence,i don't like to see my parents smoke it makes me really sad
sad,164,I got news that my grandfather passed away. Nobody saw it coming.,Ugh. I got some awful news the other day.
sad,165,My 13 year old dog had to be put down.,Hey_comma_ I'm not doing to good_comma_ I had to put down my 13 year old dog
sad,166,My cat died last year,My cat died last year which was really hard to deal with
sad,167,Today would've been my little sister's 3rd birthday. She was killed in a car accident last year.,Today would've been my little sister's 3rd birthday.
sad,168,When I had to give away my dog Omar_comma_ it was sad. The place I was going did not allow animals,I was sad when I had to give away my dog. The place I was going to did not allow animals
sad,169,I had a rough time in the hospital back in march of last year. I got pretty sick and was stuck in there for a week.,I had a rough time in the hospital back in march of last year. I got pretty sick and was stuck in there for a week.
sad,170,Life doesn't always turn out how you expect it to be. You have to make the best out of lemons but that is hard sometimes.,Life doesn't always turn out how you expect it to be.
sad,171,i was not happy when i couldnt get out of work on time,i was not happy when i couldnt get out of work on time
sad,172,My dog is really sick. I don't know if he's going to make it.,I took my dog to the vet yesterday... it turns out that he's really sick.
sad,173,I was pretty sad when I had to give me dog away. She was a good dog,I was sad when I had to give my dog away. She was a good dog
sad,174,I keep thinking about my grandmother. She passed away last year and I do not know how to cope with it.,I keep thinking about my grandmother.
sad,175,I am very sad these days.,I am very sad these days
sad,176,I just found out my brother had to get checked into rehab! I had no idea he had a problem and am quite upset over it!,I just found out my brother had to get checked into rehab! I had no idea he had a problem and am quite upset over it!
sad,177,My emu ran away last night. I was quite saddened.,My emu ran away last night. I was quite distraught.
sad,178,My dog ran away yesterday. I am so saddened.,My dog ran away yesterday. I am so distraught.
sad,179,I was looking forward to spending time with my friend Megan today_comma_ but I had to put it off again because I fell ill this morning.,I made plans to spend time with my friend Megan today_comma_ and unfortunately_comma_ I had to reschedule yet again.
sad,180,I lost my cat. It just disappeared one day and I can't find her.,I lost my cat and can't find her. She just disappeared one day and I don't know where she is.
sad,181,My little brother failed his french class and had to spend three weeks in summer school. It hurt my heart seeing him have to go to school while all his friends were having fun.,My little brother failed his French class and had to spend three weeks in summer school.
sad,182,I was recently rejected by a person that I rally enjoyed. Sometimes you can't get what you want.,I was recently rejected by a person that I enjoyed. You can't always get what you want.
sad,183,i was sad to hear my mom is in the ER again,i was sad to hear my mom is in the ER again
sad,184,My 15 year old cat just passed away. I feel so empty and down in the dumps without him.,My 15 year old cat just passed away. I feel so empty and down in the dumps without him.
sad,185,"Anthony Bourdain was a huge inspiration for me when I worked in a kitchen. Everyone I have worked with has read ""Kitchen Confidential"". When he passed away I felt we had lost an ally and a friend.","Everyone I have ever worked with in a kitchen has either already read ""Kitchen Confidential""_comma_ or I have made them read it. We were all devastated when Anthony Bourdain passed away earlier this year."
sad,186,My mother passed away today. It was awful.,My mother passed away today.
sad,187,I lost my lucky pen. I worried for it.,I lost my lucky pen.
sad,188,I can't believe my sister is moving. I am not happy,My sister is moving ot of state
sad,189,I was upset when I found out that my favorite coworker was transferring to another department.,I was pretty bummed to find out that my favorite coworker is transferring to a different department.
sad,190,I think that even when you feel down_comma_ its a great opportunity to go deeper into yourself.,I feel very strange for not feeling any remorse about anything really.
sad,191,When my daughter got her first cat_comma_ it only lived with us a few weeks until it was hit by a car.,I was just thinking about how a few years ago_comma_ we lost our cat.
sad,192,Yesterday I was notified that I didn't get a promotion. I was upset.,Yesterday I was notified that I did not receive a promotion at work. Really sucked.
sad,193,I am getting older and to still see that people can be so untrustworthy and that they will be such betrayers and so hateful over nothing is hard to see,I am getting older and to still see that people can be so untrustworthy and that they will be such betrayers and so hateful over nothing is hard to see
sad,194,I just had a birthday and now I feel old. Its depressing,I recently had a birthday
sad,195,I lost my wedding ring. I am so hurt over it.,I lost my wedding ring.
sad,196,I was unable to help my friend who's in need. But I tried my level best to help her to solve the issue. She understand and get the issue solved through our another colleague.,My friend who never say no to me. Such a great companion she is! She asked me for a help. At the time I was out of town_comma_ so I was unable to do a favor
sad,197,My Mother had called to set up a time to meet for lunch. When the time came she couldn't make it because of health problems.,My Mother and I made plans to hang out and do lunch this past week.
sad,198,Growing up_comma_ my mom always played a lot of Aretha Franklin. When I found out that she passed I was bewildered.,growing up my mom played a lot of Aretha Franklin. Naturally when I heard she passed I was shocked.
sad,199,I moved to a different state for my husband's job and left the rest of my fammily behind.,I moved to a different state for my husband's job and left the rest of my family behind.
terrified,0,When our home was broken into_comma_ It was so scary.,Our home was broken into.
terrified,1,I went to a haunted house for halloween.,I went to a haunted house for halloween
terrified,2,I felt terrified when a guy pulled a knife on me in Amsterdam once.,A guy once tried to mug me in Amsterdam.
terrified,3,Rollercoasters next weekend,I'm not looking forward to rollercoaster riding next weeked :(
terrified,4,I was in the woods and a bear chased after me. I was so scared.,I was in the woods and a bear chased after me.
terrified,5,Running from a stranger in the woods when camping.,One time I was camping out in the woods in California with some friends. I ended up getting lost on my way back to the camping spot in the middle of the night.
terrified,6,Last week someone broke in my house and robbed us. Now I am scared to even live here!,Last week someone broke in my house and robbed us. Now I am scared to even live here!
terrified,7,I am really scared. I moved into this new house and I swear to you it is haunted,I am really scared. I moved into this new house and I swear to you it is haunted.
terrified,8,On my first crazy roller coaster.,On my first big rollecoaster of my life_comma_ and the loop was coming up.
terrified,9,i though i saw a ghost in my closet,As a kid i was afraid to sleep in my room because of my closet
terrified,10,I was playing with my toddler and there was this HUGE spider on his play tent. This spider was seriously so big. I called my boyfriend and he told me to spray it with hairspray and use one of his shoes to smash it.,I was playing with my toddler and there was this HUGE spider on his play tent. This spider was seriously so big.
terrified,11,Some man once offered me some candy when I was a kid. He had a big van and was driving around our neighborhood. we later seen him on the news because he got arrested.,Some old guys offered me candy when I was a kid and we later seen him on the news because he got arrested. I was afraid to leave the house for a while.
terrified,12,I'm so scared of spiders. I can't stand those things!,Spiders are the creepiest things on the planet. I am so scared of those things.
terrified,13,I am so scared to go off to college this year.,I'm leaving for college soon. I have never been so far from home alone.
terrified,14,I saw a spider running across my desk and screamed.,Yesterday_comma_ I saw a spider run right across my desk. I screamed so loud.
terrified,15,I am getting an evaluation at work soon. It might not go well.,Im being evaluated at work soon.
terrified,16,When i went to a haunted house for halloween. The ghosts were out.,That was scary!
terrified,17,I went to bed late last night and about an hour or so into sleep_comma_ I was jolted awake. I heard a slapping noise on my window and immediately freaked out. It was a twig blowing in the wind!,I was only asleep for an hour last night and I jumped out of bed! There was this smacking noise on my window it freaked me out!
terrified,18,I had an insight the other day_comma_ that it is okay to be afraid_comma_ as long as you are not afraid of that.,I realized a while ago_comma_ that it is good if you are not afraid of fear.
terrified,19,When my kids are too quiet.,"You don't know true terror until the thought enters your head_comma_ ""My kids are being exceptionally quiet today..."""
terrified,20,I heard a loud bang late in the night recently and thought someone was trying to break in to my house.,I heard a loud bang late in the night recently and thought someone was trying to break in to my house.
terrified,21,I'm cooking diinner for my boyfriend tonight. Im a llittle nervous.,I coooking dinner for the first time for my boyfriend tonight
terrified,22,i was scared when i saw that owl staring at e,i was scared when i saw that owl staring at me
terrified,23,I am so scared to live in my neighborhood. There is people that come around shooting their guns.,I am so scared to live in my neighborhood. There is people that come around shooting their guns.
terrified,24,Going roller coaster riding,Going to the park this weekend to ride coasters. Not excited.
terrified,25,It was a time of my life where i liked spooky things. I went into a abandoned house and i decided to spend the night. Well i started hearing noises and voices and i just was so scared i ran out the house.,I went into the old abandoned house went and spent the night.
terrified,26,The night my husband went to jail I was so scared. I didn't know what was going to happen to him or how I would get him out. I needed him to support out family. He had made mistakes_comma_ but was a good man otherwise.,My husband went to jail and I didn't know what was going to happen or how I would get him out.
terrified,27,Last week_comma_ I think I saw a ghost outside. I was so scared!,Last week_comma_ I saw a ghost outside!
terrified,28,I went to the zoo yesterday and one of the tigers decided to go crazy with the ring leader!,A tiger decided to act crazy at the zoo yesterday while the ring leader was doing a performance on stage!
terrified,29,A couple weeks ago I was at an amusement park with friends. They talked me into going on a crazy new roller coaster even though I hate them. I gave in and we ended up getting stuck at the top and had to be evcacuated.,I went to an amusement park with my friends the other day and they talked me into going on a new roller coaster even though I hate roller coasters!
terrified,30,my best friend is always ditching at the last second.,My best friend just sent me the_comma_ oh nevermind not tonight text again.
terrified,31,Crashing my dirtbike on a gravel road and having to get a drive home with the police. They were kind.,The policeman was nice bringing me home.
terrified,32,There i a drug dealer selling drugs in my building. I am very afraid when I have to get out or in.,There is a drug dealer selling drugs in my building. I am very afraid when I have to get out or in.
terrified,33,I was watching a scary movie and it really spooked me. It was so gory too that it scared me so much.,I was watching this horror film the other day and it was so scary.
terrified,34,I have big fear of dogs. I can't explain why,I have big fear of dogs. I can't explain why
terrified,35,Roller coasters this weekend,Taking the kids to six flags this weekend and I'm scared :\
terrified,36,A coworker is stealing money at work. He threatened me if I said anything about it.,A coworker is stealing money at work. He threatened me if I said anything about it.
terrified,37,I drank too much and passed out a few months ago. Apparently people were trying to wake me up by shaking me and I would not get up. After that scary story_comma_ I decided to limit how much I drink at parties.,I drank too much and passed out a few months ago.
terrified,38,my parents are on vacation,I am alone in the house my parents travelled_comma_ i feel lonely and afraid
terrified,39,I felt really terrified when I heard a loud scream coming from outside last night.,I hope it turned out that everything was OK
terrified,40,I rode in an airplane for the first time last week_comma_ and I have never been so frightened. It was not a good time.,I rode in an airplane for the first time last week_comma_ and I have never been so frightened.
terrified,41,i saw a snake in my garden the other day_comma_ although not dangerous it spooked me,saw a black snake in my garden the other day_comma_ it's not the poisonous type but it scared me
terrified,42,I was kayaking in the ocean this summer and I seen a great white shark swimming close by. He following me for about 30 minutes before swimming away.,I was kayaking this summing in the ocean and I was followed by a great white shark!
terrified,43,Last week I left home late for work. On my whole commute to work I was super worried that I was going to get there late.,Last week there was one day when I left home late to go to work. I was so worried on the entire trip that I would get to work late!
terrified,44,i was scared to walk home alone last week,i was scared to walk home alone last week
terrified,45,just lost sight of a creepy crawly,i just lost sight of a creepy crawly
terrified,46,I went to a scary corn maze and I got spooked by one of the people in it!,I went to a scary corn maze and I got spooked by one of the people in it!
terrified,47,scared so much for the future,... everything seems to be everywhere_comma_ i am just scared out of my mind of the future
terrified,48,I was terrified when I saw a snake,I was terrified when I saw a snake
terrified,49,That horror movie made me terrified,That horror movie made me terrified
terrified,50,I was shocked and scared when our car's hazard lights weren't working. It was the middle of the night and we were stuck in the middle of the freeway.,We were driving and suddenly our car stopped working in the middle of the freeway. It was shocking_comma_ and our hazard lights weren't working.
terrified,51,I thought I was being stalked by someone I ran into at the store. It was terrible.,THe worst thing happened the other day. I went grovery shopping and I thought I was being followed. It scared me so bad!
terrified,52,Yesterday I saw a clown walking down the street. I am afraid of clowns. I thought he would start chasing after me.,I saw a clown walking down my street yesterday. I got so scared because I thought he was after me.
terrified,53,Every night_comma_ around midnight_comma_ I hear terrible noises coming from the woods outside of my home.,Every night_comma_ around midnight_comma_ I hear terrible noises coming from the woods outside of my home.
terrified,54,I saw a funnel cloud for the first time as a child. I was beyond scared.,I saw a funnel cloud for the first time as a child. I was beyond scared.
terrified,55,i was scared walking home alone last weekend,i was scared walking home alone last weekend
terrified,56,Today_comma_as i was leaving for work in the morning_comma_i had a tire burst in the middle of a busy road. That scared the hell out of me!,Today_comma_as i was leaving for work in the morning_comma_i had a tire burst in the middle of a busy road. That scared the hell out of me!
terrified,57,seeing a mouse,I saw a mouse run across my kitchen last night. I woke everyone up with my screaming.
terrified,58,My friend got in a car crash a few days ago while I was in the car. It was definitely a scary experience.,I had a really scary experience the other day.
terrified,59,I heard a strange noise coming from the kitchen late at night,So I heard a strange noise coming from the kitchen late at night
terrified,60,I am sitting here and there is a gigantic storm a brewing!,I am waiting for this storm to approach
terrified,61,I think it's scary what is happening in the US. I don't care who is in charge_comma_ I think we need to come together from all sides and save our country.,We need to come together as a country and be united and solve our issues_comma_ no matter your views.
terrified,62,Lately I have been very upset and worried about my financial situation. The stress has been quite overwhelming.,My finances are not the greatest lately and I've been so worried. I haven't been sleeping due to stressing about this situation.
terrified,63,I rode tower of terror. I screamed my head off the entire time.,When we went on vacation last year_comma_ I rode tower of terror. I screamed my head off the entire time.
terrified,64,When I was at college_comma_ some tenagers were extorting money from me.,When I was at college_comma_ some tenagers were extorting money from me.
terrified,65,I was chased by someone down a street last night_comma_ I was shaking in fear.,Last night I was minding my own business walking down a street in a not so good area of town when someone started to chase me!
terrified,66,One day I walked out front door and there was a coral snake laying there. I jumped and ran back inside!,One day I walked out front door and there was a coral snake laying there. I jumped and ran back inside
terrified,67,There was a huge spider in my room last night! When I smacked it with a shoe_comma_ thousands of babies started running everywhere.,There was a huge spider in my room last night! It was so terrifying!
terrified,68,I am so scared I am going to mess up my speech in class next week,We have to give speeches in class next week.
terrified,69,I had the worst nightmare. I was being chased down the street by a maniac clown with a chainsaw. He was after me and the faster I ran the closer and closer he seemed to get. I woke up screaming and shaking.,I had the worst nightmare last night. I woke up screaming and shaking.
terrified,70,I was watching a horror movie with my friends and I got really scared. I'm just not cut out for them honestly. I can't take them,I was watching a horror movie with my friends and I got really scared
terrified,71,I was walking out of my room and the lights were off. All of a sudden a bat flew at me.,I was with some friends and went up to my room. It was late at night and the lights were off. When I left my room a bat flew at me and landed on my leg.
terrified,72,I finally won on a scratch ticket that I bought at a gas station. It's not much_comma_ but it made me happy!,I buy scratch tickets pretty often from a gas station near by_comma_ but I never really win anything more than a buck or two. Well_comma_ I won $500 yesterday!
terrified,73,I'm terrified of meeting my girlfriend's parents tomorrow. She said they never like her choice of boyfriends!,I'm terrified of meeting my girlfriend's parents tomorrow. She said they never like her choice of boyfriends!
terrified,74,One time me and some friends ran out of gas in the middle of nowhere. I really thought we were totally screwed but we managed to get out fine.,Me and my friends ran out of gas in the middle of nowhere one time. It was scary.
terrified,75,I went on my first roller coaster last month! I was scared out of my mind and was sweating bullets!,I went on my first roller coaster last month! I was scared out of my mind and was sweating bullets!
terrified,76,I was dog sitting at my dad's house and I heard strange noises.,I was dog sitting at my dad's house last week and I heard strange noises in his house.
terrified,77,I woke up in the middle of the night and looked through my doorway_comma_ which was open. There was a sweatshirt hanging on a door_comma_ and in my sleepy daze I thought it was a real person. I live alone so I thought it was an intruder and I just about had a heart attack. I soon realized it was just clothes hanging there_comma_ in the shape of a person.,I just about had a figurative heart attack the other night.
terrified,78,I was visiting a haunted house on a trip and I was really scared by all the jump scares.,I was really scared a few days ago when I went on a trip.
terrified,79,when i was travelling in a ghat road at night,when i was travelling alone in a car at night in ghat road suddenly some boulders fell on the road
terrified,80,"My dad called me one day crying out ""Help me"" over and over. When I finally got to his house he had fallen. I took him to the hospital and he had bruised his ribs.",My dad called me one day crying out for help. I had to drive over to his house.
terrified,81,A guy pulled a REALY big knife out on my husband at a gas station once.,We went to get gas one night and my husband and an altercation with some guy_comma_ guy pulledoutabig knife in the storeand by our car at the gas station.
terrified,82,I am afraid I will never be a good father.,I am afraid I will never be a good father.
terrified,83,A recent job interview that I had made me feel very anxious because I felt like I didn't come prepared.,Job interviews always make me sweat bullets_comma_ makes me uncomfortable in general to be looked at under a microscope like that.
terrified,84,nightmare,worst nightmare
terrified,85,I'm gonna watch the new episode of Stephen Kings show tonight with the lights on,Stephen Kings new show is so scary.
terrified,86,A group of bad storms passed through here last week. There were tornadoes all over the place.,Last week_comma_ there was a front move through our area that produced many very powerful storms.
terrified,87,There's a serial killer in my neighborhood. Three people have been found murdered already.,There's a serial killer in my neighborhood.
terrified,88,I found a spider in my bathroom.... ive never ran so fast in my life!,I found a spider in my bathroom.... ive never ran so fast in my life!
terrified,89,I'm scared my dog will run away_comma_ he can't see very well,I'm scared my dog will run away_comma_ he can't see very well
terrified,90,I used to be so scared going to sleep. I thought there were monsters in my closet.,I used to be so scared to go to sleep as a kid.
terrified,91,I used to eat McDonald's every time I would get drunk in college...now I'm scared to even touch it haha,McDonald's used to be my go-to when my college friends and I got drunk...now I'm scared to even touch it haha
terrified,92,I was very scared when my mom went in the hospital and was going to have surgery. Iwasn't sure she would make it out.,I was very scared when my mom went in the hospital and was going to have surgery.
terrified,93,I live in Florida and experience hurricanes. Two recent hurricanes have threatened my home and potentially my life.,I decided to ride out a hurricane in my home. It was one of the scariest experiences ever.
terrified,94,I heard a noise in my house late last night. It sounded like someone was walking around in the kitchen. I grabbed my mace just in case.,Late last night I swore I heard some footsteps coming from my kitchen. I live alone and was convinced someone was in the house.
terrified,95,A bird crashed into my window today.,A bird crashed right into my window today.
terrified,96,There was snake in my backyard.,Yesterday I was gardening and found a big snake in my garden.
terrified,97,i was scared walking home the other day,i was scared walking home the other day
terrified,98,I went on a roller coaster last week and it freaked me out.,I went for a ride on a roller coaster the other day and it rattled me.
terrified,99,I was coming home from shopping yesterday and there was a horrible wreck and the ambulance hadn't got there yet.,Ran upon a horrible wreck going home yesterday. One person was laying on the ground. The other girl hit her face and had blood all over it but was conscience.
terrified,100,Going on a rollercoaster this weekend,Man i'm so scared for the weekend
terrified,101,I went out back on my lanai and there was snake hanging out on my table. It made me scream and run away.,I was taken by surprise this morning when I went out back on my lanai.
terrified,102,Over the weekend there was a large spider crawling in my car I was so petrify.,The bugs that creep me out the most is those eight legged spiders I seen a huge one in my car this weekend.
terrified,103,I once awoke not able to move or speak. I was scared to death.,I once woke up from sleeping to feel paralyzed_comma_ like someone was standing on my chest.
terrified,104,A man was chasing me down the alley last night. I was scared for my life.,A man was chasing me down the alley last night.
terrified,105,I saw this scary movie the other day that made me jump out of my chair! I had to sleep with the lights on!,I totally jumped out of my chair the other day while watching this scary movie! I couldn't sleep in the dark at all!
terrified,106,I am pretty worried about being home alone,I am pretty worried about being home alone
terrified,107,I am so scared of horror movies_comma_ it is my most hated genre by far,I am so scared of horror movies_comma_ it is my most hated genre by far
terrified,108,in my school days,that is in my childhood at the game park
terrified,109,My daughters talked me into going on the ferris wheel at Six Flags. I have never liked roller coasters_comma_ and I am afraid of heights. I started crying as they laughed. It felt like I was going to die!,I went to Six FLags once with my daughters. I didnt want to go as I hate to ride roller coasters and am scared of heights.
terrified,110,My house was hit by a tornado when I was 7. I was absolutely terrified_comma_ thankfully no one was hurt.,When I was a kid_comma_ my house was hit by a tornado_comma_ I was scared to death!
terrified,111,When my friend got into a car accident,One of my bestfriends was involved in a car accident that ended up being extremely bad.
terrified,112,Went on a long international flight and we experienced the worst turbulence I had ever been through.,I was recently on a long international flight and we hit some really bad turbulence.
terrified,113,I was attacked in the street by someone who stealed my bag. I was so scared that I had a panic attack.,I was attacked in the street by someone who stole my bag. I was so scared that I had a panic attack.
terrified,114,I was a college strength and conditioning coach and they put me in charge of football nutirtion. Going into a male dominated field as a female can be really scary.,I finally got my dream job_comma_ but was so nervous about starting it. Going into a male dominated world as a young female can be scary.
terrified,115,I sliced my hand open trying to rip a beer can in two; I was at a park with some friends and I was scared I would pass out from blood loss.,A few weeks ago I was drinking with some friends at a park and I sliced my hand open while trying to rip a beer can in two.
terrified,116,I went to Hershey park this summer with the kids. I rode a roller coaster for the the first time in years. I don't think I have every screamed that loud in my life.,I went to Hershey Park with the kids this summer.
terrified,117,I was so scared. The other night me and my friend played with a Ouija board... and it spoke to us.,I was so scared. The other night me and my friend played with a Ouija board... and it spoke to us.
terrified,118,I was in the bathroom using the toilet. When I looked to my right I saw a huge water bug on the tub wall looking at me.,I had a terrifying experience what using the restroom yesterday.
terrified,119,Taking a large amount of classes this upcoming semester.,This upcoming semester will be my first time taking 5 classes at once. I'm pretty worried that I may have taken on too much.
terrified,120,I was walking home late at night. I noticed I was being followed by someone and ending up running back.,I was walking home late at night and noticed I was being followed
terrified,121,I saw a dog devouring a bird ... I was so impressed by the violence,Hello_comma_ I never imagined the violence that can unleash a dog attacking a bird ... I was impressed
terrified,122,I saw a plane once that was flying so low I thought it was going to crash. I was beyond scared.,I saw a plane once that was flying so low I thought it was going to crash. I was beyond scared.
terrified,123,when i visited one of my friends home recently _comma_ i encountered with their dog its a male rottweiler and it was so furious and tried to attack me and i got struck suddenly and felt lot of fear,i was so shocked by the behavior of my friends dog
terrified,124,I am terrified of spiders,I am terrified of spiders_comma_ one time I saw one on my wall and stared at it for hours to keep track of where it was
terrified,125,I am being in fear lately.,I am being in fear lately
terrified,126,I was challenged to a dare by my best friend. I had to spend the night in a cometary with no flashlights or tents just a rolled up sleeping bag.,I was challenged to a dare by my best friend!
terrified,127,I was hit by a car afew years ago_comma_ and both my lungs collapsed.,A few years ago_comma_ when I was riding my bike home from work_comma_ I was struck by a van on my right side. My right lung fully collapsed and my left partially collapsed. It was a scary situation.
terrified,128,I took a helicopter ride for a date one time and the helicopter malfunctioned. We had to do an emergency landing.,I took a helicopter ride for a date one time and the helicopter malfunctioned.
terrified,129,I thought I saw a ghost once in my old apartment_comma_ it scared the hell out of me!,I thought I saw a ghost once in my old apartment_comma_ it scared the hell out of me!
terrified,130,this roller coaster had 3 loops on it.,The ride I was going on went upside downs three times in total.
terrified,131,The other day an intruder broke into my home.,The other day an intruder broke into my home. I had to hide in the closet while I called the cops.
terrified,132,I was coming home from work and there was a lizard by my door. It moved and that was all she wrote. I am scared to death of crawling creatures.,I was coming home from work and there was a lizard by my door. It moved and that was all she wrote. I am scared to death of crawling creatures.
terrified,133,I saw a hurricane coming towards my house,I saw a hurricane coming towards my house and there was nothing I could do than to evacuate
terrified,134,i was scared walking home last night,i was scared walking home last night
terrified,135,I was terrified when we had a major ice storm and the electricity was out for weeks.,I was terrified when we had a major ice storm_comma_ our electricity was out for weeks!
terrified,136,This morning I found a garden snake in my yard! It wasn't very big but I don't like snakes.,This morning I found a garden snake in my yard! It wasn't very big but I don't like snakes.
terrified,137,There was a guy at a place I worked at that was stalking me. He would write me creepy letters_comma_ come by to talk to me_comma_ and try to follow me home.,"There's a creepy guy that comes by at work that won't stop bothering me. He writes crazy letters_comma_ and keeps calling on the phone ""just to chat"" with me."
terrified,138,I rescued a dog in the woods. Was scary!,I agree with that. That animal is probably very lucky because of you.
terrified,139,I was afraid during the earthquake.,I was afraid during the earthquake.
terrified,140,I was out in a fishing boat last weekend in the ocean. I am very afraid of sharks and I was so nervous the whole time that we would see one.,I was out in a fishing boat last weekend_comma_ and I was afraid we would see some sharks. I am really afraid of them.
terrified,141,I was scared the other day when I walked upon a snake in my backyard.,I happened to walk up on a snake in my backyard a few days ago.
terrified,142,Wildfire blew a lot of smoke over our city_comma_ it was hard to see on the road,Wildfire blew a lot of smoke over our city_comma_ it was hard to see on the road
terrified,143,I was running and a cat jumped out of this bush and scared me,Last night i was running and a cat jumped out of this bush and almost gave me a heart attack
terrified,144,I'm being induced on Monday because I'll be at 41 weeks pregnant by then. This is my first baby and I'm so scared! Labor seems impossible!,I'm being induced on Monday because I'll be at 41 weeks pregnant by then. This is my first baby and I'm so scared! Labor seems impossible!
terrified,145,I was home alone. I heard a loud noise come from the kitchen.,The other night I was alone and heard a nose coming from the kitchen... it was creepy.
terrified,146,I was driving and it began to rain so hard that I could see nothing in front of me.,I was driving and it began to rain so hard that I could see nothing in front of me.
terrified,147,I was home alone. Suddenly_comma_ I heard a loud BANG. I went into the kitchen to investigate_comma_ and briefly saw a white dress flying out the window. I saw a ghost!,One night_comma_ I was home alone_comma_ when suddenly_comma_ I heard a loud BANG!
terrified,148,I am scared of this upcoming season wiht Wentz being hurt_comma_ the Eagles might be in trouble,I am scared of this upcoming season wiht Wentz being hurt_comma_ the Eagles might be in trouble
terrified,149,Oh I am so anxious right now because outside there is a storm a brewing. It sounds like a big one!,The storm is coming_comma_ I can hear it with my ears!
terrified,150,Something crashed behind my house,Oh man. I heard something crash behind my house.
terrified,151,I opened my front door and saw a big snake. i slammed the door and went back in.,I opened my front door and saw a big snake_comma_ I immediately slammed the door and went back in.
terrified,152,The most awful time of my life was when my wife went to jail for a month. I'm glad it's all over.,The most awful time of my life was when my wife went to jail for a month. I'm glad it's all over.
terrified,153,The other night_comma_ drunk bicyclists were following me home and laughing on the sidewalk. I was pretty scared_comma_ especially since it was night.,The other night_comma_ drunk bicyclists were following me home and laughing on the sidewalk.
terrified,154,This past month_comma_ i was involved in a car crash me being the main driver,A month ago_comma_ i was involved in a car crash. I was the main driver and i hit a Ford truck from behind
terrified,155,I'm so scared of big spiders!,I'm absolutely terrified of big spiders. One day I was afraid to leave the house because there was a spider outside the door
terrified,156,I decided to face my fear of heights. I went bungee jumping. I have never been more scared in my life. I survived_comma_ but would never do it again.,I decided to face my fear of heights.
terrified,157,I was so scared when my dad used to scare me as a kid,I was so scared when my dad used to scare me as a kid
terrified,158,I am so scared for my sister's health. She is in the hospital and I hope she doesn't have cancer.,I am so scared for my sister's health. She is in the hospital and I hope she doesn't have cancer.
terrified,159,I awoke to a noise in the night.,I woke up to a strange noise in my house last night. I thought it was burglars
terrified,160,Last Wednesday my nieces called me to let me know that my sister was lying in bed and that they could not wake her up no matter what they did. She ended up being fine_comma_ not sure what happened.,I got a scary call from my nieces earlier this week. Apparently no matter what they did_comma_ they could not awaken her from her sleep.
terrified,161,I think I saw someone die today_comma_ I was so frightened.,I think I saw someone die today_comma_ I was so frightened.
terrified,162,I am terrified of ghosts.,I am afraid of ghosts.
terrified,163,Entering a haunted house for a halloween tour. There was chainsaws everywhere.,Halloween is scary stuff that's for sure.
terrified,164,I entered my room and saw a black cat_comma_ I ran like never before,I ran like never before when I saw a black cat in my room
terrified,165,My neighbor killed his wife_comma_ a year ago. I would sleep during that period of time. I was shocked and afraid.,My neighbor killed his wife_comma_ a year ago. I would sleep during that period of time. I was shocked and afraid.
terrified,166,I used to be terrified when I went to sleep. Thought there was a monster under the bed.,Did you ever believe that there were monsters under your bed?
terrified,167,Today a swarm of wasps was chasing after me. I was so scared.,Today a swarm of wasps was chasing after me.
terrified,168,Felt scared while I was watching paranormal activity,Paranormal activity is the sCaRiEsT movie of horror movies
terrified,169,I just lost my job_comma_ and I've got too many bills.,I just lost my job_comma_ and I've got too many bills
terrified,170,When we were kids_comma_ my older sister pretended to abandon me at the mall because I was being a brat. I never did that again!,When we were kids_comma_ my older sister pretended to abandon me at the mall because I was being a brat.
terrified,171,i was scared to go home alone the other day,i was scared to go home alone the other day
terrified,172,I got in my first bad car accident. The other person ran a red and slammed into the side of my car.,A few weeks ago I got in my first real car accident.
terrified,173,Driving down the highway during a hevay thunderstorm and a car crash happens in front of me where a car flips over.,I was driving down the highway during a heavy thunderstorm and two cars crashed in front of me and one flipped over.
terrified,174,It's storming really badly outside right now. Freaks me out.,It's storming really badly outside at the moment.
terrified,175,I was driving down a road at night and my car died. I sat in a car with not lights for hours.,So last night I was driving down this road and my car died and I had no lights.
terrified,176,I was walking in the park when I heard a dog barking. When I looked in the dogs direction I saw it was running towards me so I ran as fast as I could.,As I was walking a dog started running towards me.
terrified,177,I was throwing trash away in the dumpster when I heard a screaming noise from the dumpster! I totally freaked out and ran back to my car!,I was totally freaking out when I heard this crazy noise from the dumpster!
terrified,178,I watched thus movie called Sinister and it really freaked me out.,I watched a movie called sinister that really scared the heck out of me.
terrified,179,Several years ago one of my neighbors dogs attacked me and I had to go to the hospital to get stitches.,Several years ago one of my neighbors dogs attacked me and I had to go to the hospital to get stitches.
terrified,180,My youngest sister has started to drive so I've been accompanying her since she has her learners permit. Riding with her is a real test of nerves!,My youngest sister has her learner's permit so I've been trying to teach her how to drive. You don't know true terror until you're in the passenger's seat of a 16 year old's car
terrified,181,There is a little cat I tried to help last night. He ran when my dog charged at him though and I am scared of what has happened to him. A lot of cats get hit around here,There is a little cat I tried to help last night.
terrified,182,I saw a black cat cross the street. I think I am going to have bad luck. I am worried something will happen to me.,When I was outside I saw a black cat cross the street. I am superstitious and am now scared something bad will happen to me.
terrified,183,We were at a wedding a few weeks ago and everyone was having a great time. My 3 year old niece was dancing to the music while eating a carrot and started to choke on the carrot. It was one of the scariest moments ever. She is ok though_comma_ someone was able to help her,A few weeks ago we were at a wedding. Everyone was dancing and having fun and all of a sudden my 3 year old niece started to choke on a carrot. So scary!
terrified,184,I was late for a meeing.,One time I was driving my car at it's maximum speed potential because I was late for a meeting.
terrified,185,It's been raining everyday_comma_ and I'm starting to hear water dripping in my attic.,It's been raining everyday_comma_ and I'm starting to hear water dripping in my attic
terrified,186,I saw a scorpion in my house. I trapped it under a bowl_comma_ but when I woke up the next day it was gone_comma_ even though the bowl hadn't moved.,I woke up to go to the bathroom in the middle of the night and saw a scorpion. I covered it with a bowl but when I woke up it was gone from the bowl.
terrified,187,I went on a airplane the other day.,The other day I went on a airplane and had a panic attack the whole time. I'm not good with heights.
terrified,188,I moved into a new house and in the middle of the night heard this horrible screeching sound from the basement. It was so scary! Turns out it was just the sump pump kicking in.,I moved into this new house and was woken up with this horrible screeching noise in the middle of the night.
terrified,189,I have never felt so terrified the day I was 8 months pregnant and started bleeding. Thankfully_comma_ baby and I are both okay!,The worst day of my life was when I was 8 months pregnant with our first child and I started bleeding like crazy.
terrified,190,the horror movie kept me awake all night,i regret watching horror movie last night because it kept me awake all through the night with much fear
terrified,191,I was jogging the other day and suddenly a bear came out of the woods!,I was jogging a couple days ago and suddenly a bear came out of the woods!
terrified,192,I was shocked when a huge bat hit my window last night!,I was shocked when a huge bat hit my window last night!
terrified,193,I am starting my first year of college and I am so afraid.,I am about to start college at the end of the month.
terrified,194,I hate scary movies_comma_ they scare me so much_comma_ especially jumpscares,I hate scary movies_comma_ they scare me so much_comma_ especially jumpscares
terrified,195,I am terrified of the sea. I hate sharks,Did you know that I am actually terrified of the ocean?
terrified,196,I was just walking along in the woods. And there is when I almost stepped on one of them snakes!,Hi_comma_ Are you afraid of the snakes?
terrified,197,Last Halloween_comma_ I went to a haunted house. It was the scariest one I have ever been to. It was very realistic.,Last Halloween_comma_ I went to a really scary haunted house.
terrified,198,My home was broken into and we never found out who it was and I felt this way.,Our home was broken into.
terrified,199,I'm terrified of when the tornado sirens go off. I always feel like its going to hit my house for sure.,I'm terrified of when the tornado sirens go off. Always feels like it'll for sure hit my house.
