emotion,idx,prompt
afraid,0,I have to go to court for a speeding ticket and i am worried and nervous over the whole ordeal.
afraid,1,I don't know what that thing is_comma_ but it has way too many legs for my comfort.
afraid,2,I'm going to an amusement park tomorrow. I don
afraid,3,I'm afraid to move away from my home town_comma_ I've lived here for 26 years! I'll miss everyone!
afraid,4,I just watched the exorcist for the first time and am home alone. I turned all the lights on in the house and am going to call my friend because I have goosebumps. 
afraid,5,there have been many instances of attempted abduction in my area. i hate when my wife and son are out without me
afraid,6,There was a dog outside my house the other night just howling at my window. I don't own a dog and I'm on my own 3 acres of land. 
afraid,7,I become terrified when i heard of ghost
afraid,8,I am afraid of flying cockroaches 
afraid,9,For the last three nights I've been hearing really creepy sounds just outside of my bedroom window. I'm not sure what it is but it's scaring me.
afraid,10,A man punched me on the subway last week_comma_ now I'm terrified to leave my house.
afraid,11,I had to get my foot checked out at the doctor_comma_ always makes me scared going there.
afraid,12,"I am afraid of growing up_comma_ I am just now an ""adult"" but not ready to fend for myself yet"
afraid,13,my sister is going for surgery
afraid,14,i am concerned about my father
afraid,15,My husband wants to go parasailing together when we go to Mexico next month.
afraid,16,I changed my transmission fluid today. Hope I did the right thing
afraid,17,I don't think I'm going to do so well this semester.
afraid,18,I am worried I will not be able to go to my fathers birthday party.
afraid,19,I was lucky enough to get an opportunity to volunteer for one of my favorite companies at a convention. I was so scared of doing something wrong or looking like a fool but eventually I gained confidence and did well.
afraid,20,going near hights really makes me scared_comma_ i cannot go on reoller coasters because im afraid of heights
afraid,21,I was expecting some doctor's results this week. I am really nervous about it.
afraid,22,I really do no like worms.
afraid,23,I used to be afraid of the dark but now I am not so much_comma_ I had a nightlight for a long time
afraid,24,I saw a shark in the water last week.
afraid,25,when my hit her head 
afraid,26,I used to be terrified of approaching attractive women_comma_ let alone get their numbers...but I found out the easiest way to overcome that irrational fear is to level with them like a friend_comma_ instead of a prize to be won / objectified.
afraid,27,I was so scared to go into my apartment building at night. So many roaches!
afraid,28,i was scared walking home alone last week
afraid,29,I was watching my dad's house last week and I heard some odd noises while I was there alone.
afraid,30,My girlfriend showed me the scariest YouTube video last night and it freaked me out.
afraid,31,Have to do a long road trip tomorrow to visit an ailing family member_comma_ but the scary part is it's set to be thunderstorming for a big stretch of the drive. I've never done well driving in the rain
afraid,32,someone trying to harm me
afraid,33,I once saw a snake in the woods and got very scared.
afraid,34,OMG I was so scared.  There was a ghost in my bedroom.
afraid,35,i was scared walking home the other day
afraid,36,I was almost ran off the interstate
afraid,37,afraid that my daughter will be bullied 
afraid,38,I am scared that I might not have enough money for food next month
afraid,39,A group of pigeons was stalking me the other day.  I was terrified of it.
afraid,40,My parents have not gotten over the loss of my sister. They need to get some help from a trained professional.
afraid,41,I do not like being around cats_comma_ they scare me.
afraid,42,It is so dark in my house. I keep hearing creepy noises.
afraid,43,I haven't seen a horror movie in so long. I don't know if I can take watching one this weekend with my friends.
afraid,44,I changed my shift to overnight and I get so scared walking to my car since we have a huge parking lot. 
afraid,45,finance
afraid,46,I was so scared to go to sleep when I was a kid. The dark was so creepy.
afraid,47,I was out walking down the street at night_comma_ it was scary and dark and I felt like I was surrounded by unnatural beings. 
afraid,48,I'm so scared of bugs
afraid,49,I've been hearing some strange sounds around the house at night lately.
afraid,50,I had to work late the other night and had to walk out to my car alone. It was very dark outside.
afraid,51,I lost my wallet while out shopping. It took hours to find it.
afraid,52,I am sort of scared of growing up_comma_ it can be daunting
afraid,53,im worried about an upcoming test
afraid,54,My neighbor is a drug addict. I hear him talking alone and I see him having weird behavior.
afraid,55,I felt a bit terrified when i was hit by a drunk driver last year but i am very grateful to be alive to today
afraid,56,I heard a really loud bang in the middle of the night. the next morning I found out that it was gun shots. OMG
afraid,57,My brother is in the hospital and is very sick. I am very scared
afraid,58,last night I heard a windows shatter in my house and i was home alone. 
afraid,59,A squad car cut in to my lane head on the other day and I had nowhere to go_comma_ I was on a small crossbridge and he would not slow down at all. I could see that he was looking at the seat next to him and not straight ahead so I threw my car in reverse and hauled it.
afraid,60,When my mom was in the ER
afraid,61,One of the neighbors has a white husky dog. I was walking one day and it approached me and started growling_comma_ i thought it was going to bite me.
afraid,62,i dont like hospitals
afraid,63,I woke up the other day to REALLY loud knocking at my apartment door. I don't know who it was because I didn't answer the door.
afraid,64,Wow_comma_ a day I was trapped by court group and the gave me a knife to stab someone I don't kn.
afraid,65,I do not like being around bats.
afraid,66,I am so scared.  I just heard a really crazy sounding animal coming from my lake out back of my house.
afraid,67,This year has seen more tornadoes in my area that almost any year in history. We have spent many evenings in the basement waiting till storms have went past.
afraid,68,I was at a scary maze and one of the people there actually scared me! It was super funny afterwords
afraid,69,I was at the park today and almost stepped on a rattle snake. I almost jumped out of my skin. 
afraid,70,I think I'm getting new neighbors. I'm scared they will be jerk like the last ones
afraid,71,I was worried that I wouldn't make it to the bank in time to make my deposit. I didn't want my checks to bounce.
afraid,72,I was out in the woods naked.
afraid,73,I heard a noise downstairs in my kitchen.  I am home alone and i am scared to go see what it was
afraid,74,I think the aliens landed in my backyard
afraid,75,Lately I hav been hearing some big monkeys howling up in the mountain. I hope they don't come down near my house.
afraid,76,Alone while family was at a party when someone rammed a quad into the garage.
afraid,77,I saw where someone escaped the local jail and is on the loose. It has me on edge.
afraid,78,I woke up in the night smelling something burning
afraid,79,i'm scared of people who speed
afraid,80,I was in a neighbors house when they weren't there (I had a key) which was not uncommon. I heard voices and felt like there was a ghost in the house_comma_ 
afraid,81,One time when i was younger i saw a spooky face in my room. i never knew what it was after that night i am still kind of scared even today.
afraid,82,I never drink milk anymore because it made me sick once.
afraid,83,I heard a knock on my door at 2 am in the morning 
afraid,84,Last fall_comma_ I went to a haunted house.  The chainsaw guy chased me.  I was so scared
afraid,85,I am scared of how I will die.
afraid,86,I have to go rescue a dog from a violent household. This place has a bad history and the cops are always there. This might not end well_comma_ but I'll work for it to be fine for the dog's sake.
afraid,87,I told a friend I'd go bungee jumping with them a long time ago_comma_ and recently they've decided they'd like to take me up on that offer. But I'm really scared of heights.
afraid,88,I was scared when this random guy walked into my room
afraid,89,All the lights in my neighborhood has gone out except my home. People are looking at my home weird now.
afraid,90,I was once was very nervous and scared when I thought my girlfriend was pregnant. Waiting to find out was what got me so scared. I found out that she wasn't and everything was okay. 
afraid,91,When I was a child I was terrified of the basement. It is dark_comma_ black and cold
afraid,92,I was in a car accident one time. I could see the other car coming at me before the impact.
afraid,93,when i had to hold a spider 
afraid,94,When I got home tonight my outdoor window was broken- To my cat room. I do not know who broke it or how. I am in a bad neighborhood so it was very frightening. 
afraid,95,I have a solo trip coming up. I'm going to Colorado to clim Mt. Elbert Solo
afraid,96,Yesterday_comma_ I was crossing the street and the person in front of me was hit by car which didn't stop at the red light
afraid,97,I was watching going down youtube rabbit-hole last week when I stumbled on this dark web stuff. There was a video about how you could contact hitmen. Eventually it lead to the guy who made the video meeting a supposed real hitman and it was a weird experience. The guy was very sketchy to say the least. I wouldn't be surprised if it was fake_comma_ but the possibility of people out there like kept me up that night.
afraid,98,My fiance found a snake in our yard the other day! It was terrifying!
afraid,99,When I was younger_comma_ I went on a trip to my cousins ski home in New York. I am from Florida and didn't know any better and stuck my tongue to a frozen pole when one of my cousins dared me to. I dont recommend it. 
afraid,100, I was home alone the other night and I heard a loud crash in the other room. It turned out to just be the dog ran into a shelf and knocked something down but it was scary.
afraid,101,When I came home_comma_ the door was open and the lock broken. 
afraid,102,"I remember back when I was younger my parents and I had rooms right next to each other. One year my parents decided to finish their basement and make it a master suite for themselves. I thought it would be great! I was so wrong. I was terrified for many months to sleep ""by myself"" and ended up sleeping on a couch in the basement."
afraid,103,When I was a child I was in a tornado.
afraid,104,Walking through a dark trail
afraid,105,Once I was at a large rave at an abandoned shipping wharf. The cops came and made the people throwing it shut it down. I was out of it_comma_ and worried I was going to jail.
afraid,106,One time someone came to my door with a gun. He robbed my house
afraid,107,When I was little_comma_ I was afraid of the dark.
afraid,108,A man was chasing after me because I did not give him money.  I was scared for my life.
afraid,109,I missed my purse in bus. I'm not  sure how i will go home_comma_ its late at home
afraid,110,Ok.. I was driving across S. Dakota last summer at night.  Its super dark and you can see all the stars.  Then my car broke down.
afraid,111,I finally saw the movie the Quiet Place.  I was disturbed and unsettled all night after word
afraid,112,When I got in to a car accident and injured my arm. The car was on fire.
afraid,113,I am too scared to go to the Halloween party. I might freak out at some of the costumes.
afraid,114,I got lost when I 8 at the county gfair. I was looking  every where for my mom and could not find her I sated crying and didn't no what to do.
afraid,115,My cat was acting weird earlier. It was starting to scare me
afraid,116,afraid of not giving too much
afraid,117,I was very worried the they told me I needed heart surgery. 
afraid,118,when the lightening hit near my house and we had a storm 
afraid,119,Last week my dog got really sick.
afraid,120,I was so scared to sleep when I was a little kid. I thought there were monsters in the closet.
afraid,121,I sat on the worlds scariest rollercoaster. 
afraid,122,When I was younger I used to be scared to go into the basement.  After I saw the home alone movies
afraid,123,I finally saw the movie with that scary Japanese girl with white skin. I now believe I can't sleep without the lights on lol.
afraid,124,I am a bit afraid to call AC on my neighbor as I don't want him to retaliate. But I have too for the dogs sake.
afraid,125,One time when I was little and playing hide and go seek_comma_ my cousin talked me into remaining hidden even when our parents came looking for us. After a while I realized that we were going to be in trouble_comma_ and then we saw a police car pull into the drive way.
afraid,126,I was home alone and someone was in the carport looking in a window
afraid,127,This year we have had a record number of tornadoes in our area. It really freaks my son out when we have to go into the basement while it storms outside.
afraid,128,While working at a restaurant I was robbed
afraid,129,I rode on an airplane last week and there was so much turbulence! I was so on the edge!
afraid,130,i was robbed
afraid,131,I am terrified of clows
afraid,132,I'm afraid of what the future has in store with overpopulation and unemployment.
afraid,133,The power got cut randomly at our house in the middle of the night. No storms near by or anything. I was really worried something had happened! 
afraid,134,Something is under my bed!
afraid,135,I was just diagnosed with breast cancer_comma_ just at its first stage_comma_ and I don't even know how to feel or what to do.  Its terrifying.
afraid,136,I am rewatching game of throne. I always get scared when there are white walkers
afraid,137,my health isn't good i'm scared to go see the doctor
afraid,138,I just saw this horror movie.  It was so scary.
afraid,139,I am home alone and I just heard a noise upstairs.  This is scary.
afraid,140,I have a secret.  I hate being in the dark.  It terrifies me
afraid,141,I think my boyfriend is cheating on me
afraid,142,My crush keeps hanging out with a new guy classmate a lot lately.
afraid,143,I saw a creepy looking clown peering at me through the window. I almost jumped out of my skin. I ran into my basement and hid in a closet.
afraid,144,A group of students at the university are extorting money from me. I am too afraid to go back to the university.
afraid,145,I really get nervous when I have to drive.
afraid,146,living out in the country when it gets dark it's really hard to see what's going on around you at nite
afraid,147,i am really scared of spiders i cant stand them_comma_ i think it is my worst fear
afraid,148,I dont like uncertainty. I like to know what is going to happen.
afraid,149,I have to have an important medical test.
afraid,150,I rode a roller coaster.
afraid,151,I got a little scared last week on the way home. My car was driving odd
afraid,152,I hate bugs and insects so much. I've called pest control but I still have them everywhere in my house. I'm so scared of them crawling around all the time...
afraid,153,I think i will lose my teeth and its shaking
afraid,154,I woke up and I swear I heard footsteps in my house
afraid,155,I saw a strange man on the street.
afraid,156,Riding coasters next week :/
afraid,157,When I was driving home from my first job it was snowing. I accidentally hit a curb and spun into the other lane and almost into a ditch_comma_ I was very scared
afraid,158,I was always afraid to go to sleep when I was a kid. Thought monsters were under the bed.
afraid,159,my friend was speeding down the road because he wanted to show off the new car he had just bought
afraid,160,MY son likes to hit his head on things when he is upset. I think he might realy hurt himself
afraid,161,My family is gone on vaction without me and I don't like sleeping without anyone else in the house.
afraid,162,when it was dark in my house and something made a noise in the kitchen 
afraid,163,I saw the biggest spider in my life near my bed this morning. I've been scared of seeing another one all day...
afraid,164,i have to go out of town_comma_ i am not looking forward to flying
afraid,165,With all the climate change happening in the word_comma_ I don't know what's going to happen where I live_comma_ specially since i live near the coast
afraid,166,My friends took me to a club for the first time a few nights ago. I've never been_comma_ obviously_comma_ so it made me nervous and scared
afraid,167,Really afraid of flying next week_comma_ it's been a while since I've been on a plane!
afraid,168,Just watched season 2 of Luther last night on Netflix.  Keeps you on the edge of your seat.
afraid,169,I felt afraid walking through a shady part of town.
afraid,170,I am worried my cancer may return.
afraid,171,A pit bull was chasing me as I was walking home.  I was so scared I would die.
afraid,172,i have a doctor's appointment and i'm so scared
afraid,173,Once I studied really hard for a physics quiz and then I tried to set an alarm to wake up for it. Instead I slept through it and thought I was gonna get a zero on the quiz.
afraid,174,I used to be scared of sparring in the ring because guys 3 times my size would usually kick the crap out of me.
afraid,175,There was a giant spider in my bathroom. I hate spiders!
afraid,176,When my house burned down in junior high. I had to rescue my parents.
afraid,177,When my house burned down in middle school. It was in the middle of the night.
afraid,178,Recently my husband and I were traveling home from visiting his family when all of a sudden this car cut us off.  We had to slam on our brakes not to hit them.  It was so scary!
afraid,179,I remember one time I went somewhere with a friend while they were driving. They were weaving in and out of traffic while texting on their cell phone and messing with the radio all at the same time. I wanted out of that car.
afraid,180,We recently had some really bad storms. I really thought it was going to hail on my brand new car_comma_
afraid,181,I REALLY THINK WE SHOULD BE THIS DEEP IN THE WOODS.
afraid,182,when my mother in law fell on ice 
afraid,183,I am scared that I won't be able to get up tomorrow morning.
afraid,184,A couple months ago my 60 inch element LED HDTV randomly got white lines all over it while my fiance was at work. I didn't do anything to it at all_comma_ it just glitched up by itself and got worse as the night went on. I don't think it can be fixed and I dont want to be blamed for it because I was the only one home!
afraid,185,3
afraid,186,when my daughter was born 
afraid,187,A big wind storm blew through my town and knocked over trees.  I looked outside and saw one of the trees in my yard was uprooted.  I worried that at any moment I'd hear the crash of a tree or branch on my room_comma_ or the sound of breaking glass.
afraid,188,Getting my roof replaced. It's so expensive.
afraid,189,I saw this scary shark movie the other day. I had to cover my eyes the whole time!
afraid,190,I went outside my house yesterday and there was a big snake in the driveway! 
afraid,191,When I lost my job. 
afraid,192,scared that my daughter will grow up and be bad 
afraid,193,i thought someone was breaking i
afraid,194,I was really frightened the other night. I was home alone and there was a big storm.
afraid,195,playing silent hill one 
afraid,196,Yesterday I found a massive spider in my room. As much as I hate killing insects_comma_ I tried killing it and it ran away. I don't know where it went and I'm a little scared.
afraid,197,Our home was broken into shortly after we moved in. We are still cautious today.
afraid,198,im scared of this big test tomorrow
afraid,199,I felt scared on a plane ride. I was traveling by myself.
angry,0,My neighbor was having a party last night and wouldn't let me sleep.
angry,1,Took son to ER because of sore throat.  They said it was just a virus and sent him home.  Still sick 2 days later_comma_ took to his doctor.  Just sore throat_comma_ heres some antibiotics.  Getting worse_comma_ took to ENT_comma_ Severe strep throat_comma_  here is the correct antibiotic.  That worked.  ER visit bill_comma_ DR bill and ENT bill_comma_ for a simple sore throat!
angry,2,I woke up this morning_comma_ and my mailbox had been smashed in. I think the neighborhood teens had smashed it with a bat.
angry,3,im so mad! I can't find my hair brush!
angry,4,There was a bad accident this morning by my daughter's school because a careless driver wasn't going the speed limit in the school zone I was so mad because a child could have been hurt. 
angry,5,Manager schedueled me for an entire week of shifts_comma_ many of them doubles and without much time for a break between.
angry,6,My dog threw up all over my $10_comma_000 tuxedo. I was quite irate.
angry,7,when i was next in line and someone cut me to jump ahead 
angry,8,Someone broke my window to my cat room and pushed in the screen. It makes me furious more than anything
angry,9,I was woken - again - at 3:45am by my elephantine upstairs neighbor_comma_ who was apparently getting ready for work. I uttered a few choice words_comma_ I can tell you!
angry,10,i was mad when i saw a huge dent in my door
angry,11,I can't believe my favorite restaurant was closed today. I was so upset.
angry,12,I just got a new car last week. Today at work someone hit my car when I was at lunch.
angry,13,Finding out that my girlfriend had cheated on me with a close friend.
angry,14,My friends didn't show up for bowling last night. I was quite peeved.
angry,15,I am mad at how the Eagles played the other day_comma_ they lost to the browns
angry,16,My roommate drank all my milk. I wanted to have cereal for breakfast. 
angry,17,I thought I would have a good day today but someone ruined it. I really kind of hate them sometimes.
angry,18,i was so mad_comma_ my dog knocked my phone off the table.
angry,19,My sister was supposed to show up at 3 today and she didn{t come until. Ruine my entire day
angry,20,I saw a lady spit all over her hands after coughing..and then sneeze_comma_ wipe her nose..then she TOUCHED the door handle...Omg..I about died...and vomitted
angry,21,My flight has been delayed 7 hours due to weather_comma_ I'm mad.
angry,22,I am angry with how my neighbors talk to their dogs. They yell at them everytime they go outside for the MINUTES they are out there and they get harassed the whole time until they don't want to get off the porch..then they get yelled at more!
angry,23,I feel so upset when other people tell such horrible lies about other people. Some people are just cruel and are only out for themselves.
angry,24,I was mad when I almost got evicted. It was the landlords fault
angry,25,I can not even think about losing any more money!
angry,26,I went to the mall with my friends_comma_ I had my purse in my hand and someone hit me on my shoulder causing my purse to fall. He did not apologise.
angry,27,I lost my job yesterday
angry,28,I just got a new car. I parked it in front of my house. Right away some neighborhood teens came around and keyed it. Now I have to get it fixed.
angry,29,My friend has promised me that he would drive me to the airport for my flight. He never showed up and I missed my flight.
angry,30,I had a friend's boyfriend make a pass at me when I went to visit my friend. He actually kissed me_comma_ and this made me very upset. I couldn't believe the nerve!
angry,31,My daughter left with her friends and her room is a mess. I am so upset.
angry,32,I told my daughter she wasn't allowed to watch youtube. I caught her watching videos on her tablet
angry,33,My landlord didn't want to repair the ceiling. He take rent but he doesn't want to make any reparations.
angry,34,I am so pissed of at President Trump
angry,35,I would not tolerate such attitude from a surbodinate
angry,36,My father cheated on my mother. I was not happy with him at all.
angry,37,I asked my friend to water my plants while I was on vacation but she didn't and they died. I was so mad
angry,38,Not being able to reach my goals
angry,39,I never thought my ex and I would break up for good. I think we are really done now.
angry,40,i was mad when i couldnt leave work on time
angry,41,I spilled soda on my laptop.
angry,42,My nephew told me once of something really stupid that he would do if the situation arose.
angry,43,My best friend had to leave town to help take care of her mother who was diagnosed with lung cancer.  Her husband agreed she needed to go and then filed for divorce
angry,44,I am so upset! My phone was on top of my car and it fell off and shattered.
angry,45,A friend of mine misunderstood I was saying
angry,46,It makes me angry when people never notice me
angry,47,when a car almost hit me 
angry,48,I steam cleaned my antique rugs last night but because they are so old they have ta horrible smell. I wish I would have just left them dirty.
angry,49,I lost my mind and lost temper when i came to know that i will not get my deserved promotion
angry,50,I got really mad when I failed a final in college. I just did not try hard enough
angry,51,My boss called me a liar in front of the whole office last week.
angry,52,I was overcharged at the grocery store but did not realize it until I got home. 
angry,53,Someone cut me off on the road and almost caused me to wreck.
angry,54,i lost my purse
angry,55,Someone threw a bunch of trash in my yard.  That makes me so mad!
angry,56,A customer came into my work and started getting angry at me
angry,57,I recently found out that my girlfriend has been cheating on me with another woman. She promised me that she wasn't that type of girl. Needless to say_comma_ I'm quite upset about it.
angry,58,My best friend missed my birth day
angry,59,My partner nags almost about every detail in our relationship. Just yesterday_comma_ she criticized my taste for clothing style
angry,60,My boyfriend farted in bed the other day_comma_ it was so bad I had to leave
angry,61,My son is still up and everyone else is asleep. He has to stop this madness
angry,62,I was pretty angry when I had to wait at the pharmacy. They were taking their tim
angry,63,My son got brought home by the police last week for spray painting an abandoned building. I was furious with him!
angry,64,My kids don't like to listen and it drives me crazy.
angry,65,My neighbor keeps letting her dog poo and pee all over our parking lot and I'm not sure how to get her to stop. It's really irritating.
angry,66,My sister in law makes me furious on a daily basis.  She cannot take care of her kids_comma_ yet has no problem going out shopping and spending every dime she makes on herself.
angry,67,I was supposed to mail off a check to pay a bill today and I forgot to put it in the mail when I left for work.
angry,68,My husband ate the last of the bread and didn't tell me. He ruined my entire dinner plan
angry,69,I was mad when i saw the dog got out
angry,70,I took my daughter shopping for school clothes and she didn't like anything in any store. We bought nothing
angry,71,Every time I was the Phantom Menace_comma_ I get so mad. What was George Lucas thinking?!
angry,72,My dog decided to take a break from potty training and go all over my house while I was at work. No more free roaming for that bad dog
angry,73,For the 3rd month in a row_comma_ I have received and incorrect cell phone bill!  I feel like screaming at the customer care representatives!
angry,74,Some one crashed into my car
angry,75,I thought I would get some good sleep tonigh. Nope. My toddlers are refusing to go to bed.
angry,76, I was driving to work today. I was very late and then a slow driver got in front of me. They made me even more late!
angry,77,i was really pissed off when i found out my best friend slept with my girlfriend. i was shaking all over!
angry,78,A colleague at my job took credit for months of my work and claimed I was of no help to them. It all worked out as it should have in the end_comma_ but that's never an easy situation.
angry,79,My internet company tried to deny having someone come out to fix my internet. It hasnt been working for 3 months.
angry,80,My workers did not perform the task to satisfactory standard.
angry,81,got a call from my kids school yesterday letting me know she never showed up. When I asked my daughter how her day was in school she had no idea I knew she did not go. Totally lied to me.
angry,82,I made a stupid mistaske at work. Because of that mistaske_comma_ I was fired. I am angry at myself.
angry,83,Someone cut me off in traffic this morning. I was so mad!
angry,84,I caught my wife cheating on me last week. She's apparently decided she likes other women now. I really don't know what to do!
angry,85,i was angry when i saw someone had put a dent in my car door
angry,86,someone cut me off in traffic today
angry,87,that dang storm last week upset me
angry,88,Any time i let someone out in front of me in traffic and they don't wave i get angry.
angry,89,McDonalds got my order wrong again. Im going to complain.
angry,90,my neighbor's cat keeps pooping on my balcony
angry,91,Today_comma_ I lost my wallet. I mad at myself.
angry,92, i went out with a couple friends to a local bar and we were having a great time. then my friend said he was going to step out and do some drugs and i knew my friend for years and i told him no just stay and party with us but he declined and i started yelling at him and he punched me. i felt like he chose the drugs over our friendship
angry,93,Today i waited for the cable company to show up at my house for 5 hours... No one ever came
angry,94,My dog was hit by a car and the person drove away. He had no regard.
angry,95,My dog pooped on the rug today. I am so mad.
angry,96,One time my friend and I were going to a concert and we had both paid for front row tickets...I was so mad at myself when we got there and I forgot it back home
angry,97,I was driving home from work and a driver cut in front of me and made me almost hit another car. 
angry,98,i dont know why i keep going to mcdonalds anymore _comma_ they always get my stuff bad
angry,99,Last week_comma_ someone during the night drove off the road and destroyed a large section of my fence. It is going to be expensive to have it replaced.
angry,100,Someone at work threw my lunch away today.
angry,101,my neighbor keeps being really loud late at night 
angry,102,While my car was parked outside my house_comma_ someone put a huge dent in it during the night. No insurance card_comma_ no nothing_comma_ just drove off.
angry,103,i was pissed when i saw someone put a dent in my door
angry,104,I saw a man yelling at a young boy.  It made me very upset.
angry,105,Got a call from my cousin. Her husband took her and their 4 kids to a county fair. Ate about noon and headed home. They decided to stop at a cemetary to look around_comma_ lost track of time and now they are locked inside. It is 7pm and everyone is very hungry.
angry,106,I was stopped at a red light and a woman in a truck scraped all along the side of my car.  She seemed high or something_comma_ so I don't know what was wrong with her.
angry,107,I was mad to see my best friend start dating my ex girlfriend.
angry,108,I was so upset that my daughter borrowed my headphones. She never brings anything back
angry,109,my brother flushed my fish down the toilet for fun
angry,110,I was angry last night. My friend got drunk and annoying
angry,111,When i was young i was pretty hyper. But when we had a connect four tournament at my school i back seated someones match. I didn't point anything out really but they gave them a lose and it got me really mad i threw a chair in class.
angry,112,i stubbed my toe this morning
angry,113,I was in a queue and some idiot stepped on my toes without apologizing 
angry,114,i got the wrong item
angry,115,My friend crashed my car.
angry,116,I was on hold with the cable company_comma_ kept getting transferred_comma_ then hung up on. They make me so mad!
angry,117,My cat spit up a hairball in my shoes today. I was so peeved!
angry,118,i'm mad at my mother because she didn't call me
angry,119,At a shop_comma_ a seller was lying about the prices of the items that he was selling.
angry,120,Yesterday_comma_ at the grocery store I saw a lady spanking her child. The child only asked for a candy bar and was not being out of the norm for children.
angry,121,I can't believe someone hit my car in the parking lot and left. There is a huge scrape on my door. I am livid about it.
angry,122,All my cucumber plants died this week due to too much rain
angry,123,I had a job interview. Everything went great and I just knew the job was mine.
angry,124,This is the third night in a row I can't sleep. My doc isn't giving me the right meds
angry,125,why is it that bad things always happen to me!
angry,126,This morning driving into work_comma_ people were refusing to use their blinker. It can become so irratating
angry,127,My son is being bullied in school and no one is doing anything about it.
angry,128,I really do not like the new text and drive laws.
angry,129,I am so mad that I got a speeding ticket.
angry,130,Someone slapped me_comma_ I felt so furious
angry,131,I got mad when I lost my dog
angry,132,I am so mad at what Andrew Cuomo said.
angry,133,i was mad when i returned to my car and noticed someone put a dent in my door
angry,134,I have been working very hard on a project at work. My boss suddenly just took that project away from me for no good reason!
angry,135,A car backed into me last week. They left a nasty dent in the front of my car.
angry,136,After dating my girlfriend for 3 years she still won't accept my marriage proposal_comma_ I am so furious
angry,137,My sister in law drives me crazy.  She's a 45 year old special ed teacher that can't move out of her moms house or raise her kids.
angry,138,My neighbors cat keeps pissing in my grill
angry,139,My mother got scammed out of hundreds of dollars.  It was some internet phishing thing.  She had no recourse.
angry,140,I get mad when I fail at school.
angry,141,All my neighbors constantly want to get together to gossip and talk bad about the people who live across the street. I'm sick of it!
angry,142,Some people are so slow at answering text messages_comma_ it's like they read it and never reply
angry,143,A bit upset I was up all night again_comma_ not my dogs fault so much as she is just a new momma.
angry,144,I'm upset at my brother for stealing my ice cream
angry,145,I had given my two older daughters a small math assignment to do in my absensents.  When I returned home they were playing video games and the work had not been done.
angry,146,My sister slapped me. I was annoyed with her. 
angry,147,My older sister stole my younger brother's iPod touch to pawn. I was so furious_comma_ especially because he's the sweetest most innocent kid.
angry,148,it makes me really angry when the neighboors door poops on my yard and she does not pick it up
angry,149,I was so upset when Michael Jackson died.
angry,150,I am still fuming when I think about the person that keyed my car the other day while I was at the grocery store. I don't understand why someone would do that on purpose. I saw them as I was checking out and I didn't even know them.
angry,151,I ordered chicken the other day and it was still pink on the inside.
angry,152,My boss fired me because I kept making him look bad.  I am so mad about it!
angry,153,I came home yesterday and my dog had pooped all over the floor. He hasnt done that in ages.
angry,154,My supervisor belittled me in front of all of my coworkers in a meeting.
angry,155,We paid 600$ for a cruise_comma_ but they canceled it with not refunds one week before. so mad 
angry,156,i am pissed that someone put a dent in my car door
angry,157,I lost a game of DoTA today! My stupid teammates all left the game and I couldn't win on my own.
angry,158,I was angry when my car peed on the rug.
angry,159,My cat vomited on my favorite shoes and I was so mad about it.
angry,160,My roommate would leave his dogs poop bags inside the house at times.
angry,161,My partner dropped my newly bought phone into the ground and the screen got a crack line on it. I had just bought it and now this
angry,162,My coworker told my boss that I came in to work 15 minutes late this morning.  I couldn't believe he did that to me!
angry,163,My dog keeps going into my garbage and throwing the contents onto the floor. I don't know how to get him to stop and it's frustrating as all heck.
angry,164,I was on a train in Sri Lanka. I asked the passengers if I was at the right stop. They told me no. Turns out I was at the right place.
angry,165,MY mailman is the worst. He never closes my mailbox and sometimes it flies away
angry,166,I remember there was a TV show on called Hero's and it was awesome they had 2 seasons and I watched them religiously every week when new episodes came on and after season 2 they decided to cancel it and I never found out what happened to the characters that I was invested in and it made me so freaking mad 
angry,167,It really gets underneath my skin to see a child try to bully another child especially if it comes to my family members.  I become a fierce protector and do my best to keep the peace.  I have a look though that seems to work best. 
angry,168,Last_comma_ my car glass was broken_comma_
angry,169,I saw a guy throw a bunch of garbage out his window. I was so mad. I yelled at him to clean up the trash.
angry,170,MY new neighbors are so loud. They constantly slam doors all day.
angry,171,My cat just scratched up my brand new leather couch while I was at work!  I am so mad at him right now I could scream!
angry,172,I crashed my dirtbike on a gravel road. Scratched my knee up real badly and had to go home for a ride with the police.
angry,173,I was so mad when I didnt get a promotion
angry,174,I was going to have a picnic at work today but it began to rain_comma_ so I felt pretty ticked.
angry,175,My boss called me to come in on the weekend and it really has me peeved.
angry,176,My neighbor would stay up all night playing LoL. He'd be yelling into his headset at 4am when I was trying to sleep_comma_ it was infuriating.
angry,177,i really hate seeing people throw trash on the street like if it was a natural thing to do
angry,178,Once my Uncle made racist comments towards me. I told him it's not funny_comma_ thinking he was joking. Turns out he was serious_comma_ and all he did was make more racist remarks.
angry,179,I hate trying to apply for jobs_comma_ putting so much effort into it_comma_ and then not getting any sort of response back. It's like_comma_ yeah_comma_ okay_comma_ I understand if you can't hire me_comma_ but can you at least tell me that you're denying me_comma_ and maybe why_comma_ too?
angry,180,When I was in college I was in a class with an older woman who was a returning student.  She heard me talking about a paper idea I had_comma_ then presented it as her own_comma_ stealing my work.
angry,181,People need to stop letting their dogs poop in my yard!
angry,182,My brother tried to fight me after class. I couldn't believe it.
angry,183,I was so furious when my coworker badmouthed me to my boss. He said that i was stealing the office supplies just for the fun of it
angry,184,I decided to grill a steak tonight for dinner.  I got distracted and it got burned.
angry,185,the police officer tried to harass me
angry,186,someone almost killed me the other day
angry,187,My sister in law should be arrested.  She went into my mother in law's room and stole her pain medication.
angry,188,I was very mad when France won the world cup 2018. Croatia should have won!
angry,189,I was pretty mad the other night when my check engine light soon light came on. It was just in the shop
angry,190,Facebook trolls
angry,191,Dude cut me off in traffic turning left in too a store then had the nerve to beep back at me. By the way there was NO one behind me for a mile. ARG!
angry,192,My sister in law irritates me to no end.  She lives with my mother in law and cannot take care of her kids at all.  My MIL basically raises them_comma_ feeds them_comma_ houses them_comma_ clothes them_comma_ etc.
angry,193,I was so upset the day I found out my mother had cancer. We were at the theater getting ready to watch movie when I got the phone call. I felt heartbroken.
angry,194,Someone in my family snuck $20 out of my wallet without asking me. It had to be one of them_comma_ because it's been here on the counter all day_comma_ and I know I definitely had two $20 bills in there. No one will own up to it... 
angry,195, I saw a man slap his wife today. it made me extremely mad
angry,196,My brother was in a drunken mood.
angry,197,When a friend slapped me
angry,198,I ordered a product with express delivery_comma_ and it was delayed for a week!
angry,199,crashed my car today into a lamppost
anxious,0,for my house to sell_comma_ and my wife to start her new job in 2 weeks. 
anxious,1,I am nervous thinking about going on a date.
anxious,2,I am so excited for the fall. I am going to see two of my friends get married
anxious,3,I go on vacation tomorrow.. I hope  I packed everything I need
anxious,4,My husband just had a job interview. We are waiting to hear back from the company. 
anxious,5,I start my new job tomorrow. I am extremely nervous about it
anxious,6,I am in the middle of a contract dispute and I don't know what is going to happen.
anxious,7,im nervous about an interview next week
anxious,8,I am having my first date with a woman that I meet at party. I am very nervous about it.
anxious,9,I have a dentist appointment this week. I always get so nervous.
anxious,10,I am scared about growing up_comma_ it is sort of unnerving
anxious,11,My college entrance exam is tomorrow.
anxious,12,There was a wasp in my room when I woke up
anxious,13,I had to give a speech!
anxious,14,I'm hosting thanksgiving for the very first time this year.  Some of my family is driving in from four hours away.  I really hope it goes well.
anxious,15,Going to the store today was a bit hard. I do not like big stores or being around people sometimes but I have too.
anxious,16,I am anxious about moving_comma_ I have lived in this house almost my whole life
anxious,17,Last semester_comma_ I had to give a presentation. My stomach hurt from the nerves.
anxious,18,I felt really nervous when cops pulled me over last week. I thought i was in trouble
anxious,19,I feel anxious as I am unemployed. I need to find a job soon.
anxious,20,The company i work for_comma_ is currently undergoing down-sizing and there are multiple potential candidates that might leave
anxious,21,The result of my final college exams was to be published the next day_comma_I could hardly sleep due to expectations
anxious,22,I remember when I was in 8th grade_comma_ I had to sing the national anthem at my middle school graduation in front of hundreds of students and parents
anxious,23,I have an important job interview and i am nervous about it.
anxious,24,I recently went to the doctor for some tests  He checked to see if I have a disease. I'm very nervous.
anxious,25,I'm waiting on some test results from the dr and it's taking forever.  Don't they realize that all this waiting is worse than the actual test and result?
anxious,26,I hate presenting a project in front of my class. It's so nerve-racking. 
anxious,27,I am so stress. Tomorrow_comma_ I will have my final exams.
anxious,28,I have applied for a job 4 months ago and I am having an interview with the company tomorrow. I do not know what i will see there as it is my first interview ever 
anxious,29,I didn't know whether I was supposed to wear my uniform to a high-school band event_comma_ so I just didn't go_comma_ even though I was one of the best players.
anxious,30,I have my final math test tomorrow. I am so nervous.
anxious,31,Yesterday when I woke up there was a wasp in my bedroom.
anxious,32,waiting on a call
anxious,33,My car has been acting strangely lately.  I hope it doesn't break down on the road
anxious,34,Girlfriend found a lump in her throat. She has no idea what it could be. Has a doctor's appointment tomorrow. Not sure how forward I am looking to finding out the results_comma_ but I guess it's better than leaving it up to my imagination.
anxious,35,I was nervous driving this evening. There was so much traffi
anxious,36,I am scared about my upcoming job interview_comma_ I get really nervous about this type of thing
anxious,37,I find myself with being over ran with anxiety that it is hard to concentrate and stay focused
anxious,38,I drunk texted my boss last night and told him everything that is wrong with his management style_comma_ I'm afraid to go to work because I'll get fired.
anxious,39,I recently went on my first international trip by myself. 
anxious,40,I just got my vacation approved. I leave next Friday. I am getting real antsy about leaving.
anxious,41,I was feeling a bit apprehensive lately_comma_ since my children are going back to school. One to college_comma_ the other to high school. They grow up so fast!
anxious,42,We made the decision to homeschool our girls.  It's a tremendous responsibility and I still don't think I've got it all together.
anxious,43,I am not sure about payday. It can be a stressful time and I really wish I didn't have to go through it this week.
anxious,44,I woke up to the sound of my phone ringing. I hate the sound of my phone going off_comma_ it stresses me out. It was bill collectors too_comma_ although for the wrong person.
anxious,45,Right now in my life_comma_ I feel like I don't have a clear destination_comma_ nor do I have a stable position to start from.
anxious,46,I had to go to the car dealer once to purchase a new vehicle. I always hate going there because I'm not good at haggling. I always feel like I'm going to get ripped off and it makes me nervous. 
anxious,47,I'm supposed to cook dinner tonight but have no idea what to cook.
anxious,48,I feeling kind of anxious today because I have to run several errands for my father-in-law and he wants them done before my mother-in-law gets back into town which will be sometime today. We don't know what time_comma_ so that just complicates things.
anxious,49,I felt so nervous when i went to meet the parents of my girlfriend. I was sweating all over!
anxious,50,We had a trip planned and had to go by airplane. I was so nervous about getting on the plane I couldn't sleep at night. After actually flying_comma_ I have stopped worrying so much and we fly all the time now.
anxious,51,I am really nervous about my court date on Monday.
anxious,52,My best friend is coming to visit next week.  I am so excited to see her because it's been a long time.
anxious,53,My girlfriend just took a pregnancy test. She thinks she might be pregnant. We want a baby so bad. Waiting for the results was very nerve wracking.
anxious,54,I can't wait to be reunited with my familly
anxious,55,I am ready for my wedding.
anxious,56,I hope my real estate lady comes by Monday. She said she's busy
anxious,57,A game that i love comes out friday and i cant wait
anxious,58,I have a doctors appointment next week. I might have some bad news_comma_ so I don't feel very good about it.
anxious,59,I am nervous because I am having surgery tomorrow
anxious,60,I heard a car outside that sounded like it wrecked yesterday. It sounded  awful.
anxious,61,I am ready for Connor Mcgregors UFC fight in October.
anxious,62,im a little nervous about my court date tomorrow.
anxious,63,I have a health check coming up in a week and I'm a bit antsy about it.
anxious,64,I have a test due on Monday and I feel that I wont pass_comma_ even though I know all of the lessons
anxious,65,"I remember the first time I asked a girl out. My heart was beating out of my chest. She said no_comma_ but I learned that ""no"" isn't the end of the world."
anxious,66,I've been having anxiety attacks
anxious,67,Heading to Colorado next week to climb Elbert.
anxious,68,I have a speech to prepare for and I'm not ready.
anxious,69,I have to talk to a large group at work tomorrow. I'm not looking forward to it.
anxious,70,I cant wait to relocate again. 
anxious,71,I found out my sister was finally able to get pregnant last week.
anxious,72,I am worried about my interview
anxious,73,I just started got a new massage table and now I feel I have to find customer. i'm all in.
anxious,74,I'm going on a blind date this weekend. I've never even been on a date.
anxious,75,I'm really worried I screwed up at work and said something I shouldn't have.  Now I can't stop thinking about it.
anxious,76,I can't wait until I have grandkids. 
anxious,77,I can't wait to get my paycheck. I'm going shopping.
anxious,78,I am counting down the days till my bachelor party.
anxious,79,I was nervous going to the dmv. I hate going there
anxious,80,to get hired at a new job 
anxious,81,I am scared of how work is going to go_comma_ it is the start of our busiest period of the year
anxious,82,I have a big test on Monday. I am so nervous_comma_ I haven't been able to sleep at all.
anxious,83,I have to take my truck in to the mechanics next week. I'm not sure what the problem is_comma_ but it seems serious. 
anxious,84,I felt really anxious about my job interview back in September.
anxious,85,I have a meeting with my boss in a couple of hours. I have no idea what it's about_comma_ so I'm kind of nervous.
anxious,86,Yesterday at the doctors I had to get a shot.  The worse part was the anticipation while waiting for what seemed like forever for them to come in and give it to me.  It was emotionally draining.
anxious,87,I had a really good job interview. It is so nerve racking waiting for the call to see if I got it or not. 
anxious,88,I sent off a difficult email today and a bit worried about the response.
anxious,89,My cat had to stay overnight at the vet recently. They had to keep her for x-rays_comma_ I was so worried.
anxious,90,I was so nervous starting my new job. I had no idea what to expect
anxious,91,I really hate when I have to wake up early for an appointment. I fear I will sleep in and miss it!
anxious,92,I just watched the testimony of Peter Strzok before congress today. It was quite a show_comma_ to see his behaviors unraveling_comma_ almost as a sociopath or psychopath would do.
anxious,93,I did not want to go to jury duty. It just made me nervous
anxious,94,I can't wait for date nigiht this week. I bought my hubb an apple watch.
anxious,95,I have a big exam coming up! My nerves are getting to me.
anxious,96,I have to go to the dentist next week and im so nervous. I hate going to the dentist
anxious,97,Tomorrow I start my new job teaching kids. I really hope it goes well! 
anxious,98,I have a big interview Friday. I really want this job and I am very nervous.
anxious,99,I am feeling uncomfortable in my body today. I am not sure why...but ever since my body changed so much in pregnancy..and I am having to work so hard to get it back to normal..somedays I am just uncomfortable and don't want to wear anything and I don't want to go out.
anxious,100,for christmas to come 
anxious,101,I was a little nervous going to this job interview. I did not know what to expect
anxious,102,I have a really big game coming up this weekend. I haven't played soccer since I was a kid and have been really nervous about joining an adult league. 
anxious,103,I had to go to the doctor recently to get something checked out_comma_ I was definitely nervous about the outcome.
anxious,104,im so ready to see what the future holds 
anxious,105,I have my birthday coming up and my co-workers are expecting me to throw a party. I am so stressed about it
anxious,106,My girlfriend is going to work overseas. We've never been apart for more than a couple of days.
anxious,107,When I interviewed for the job I have now_comma_ I didn't hear back from them with a solid response for a month.  I kept having to check with them to make sure I hadn't been forgotten.
anxious,108,I can't wait to know if my wife is going to have a boy or a girl child
anxious,109,I am really nervous.  I have to take an important exam next week.
anxious,110,I'm having heart palpitations all the time and they are very concerning to me. 
anxious,111,Four more days and school is back in session. I could skip the entire weekend.
anxious,112,The year was 2016_comma_ and I was severely worried that Hilary might win the presidency
anxious,113,I'm moving to a new city and starting a new job in an industry I've never worked in. I'm both excited and nervous at the same time.
anxious,114,The other day I was driving somewhere unfamiliar and I got lost. The GPS on my phone stopped working and I felt panicked.
anxious,115,I felt nervous about a meeting at work where i had to do a presentation.
anxious,116,everytime a pretty girls looks at me its like I forget how to function.
anxious,117,One time I went to the doctor and I was really anticipating my test results for cancer!
anxious,118,Meeting with my boss
anxious,119,Long car drive coming up
anxious,120,waiting for my new car to arrive
anxious,121,I start a new job tomorrrow. I'm a little nervous.
anxious,122,finding out if baby is boy or girl
anxious,123,I remember yesterday as a deadline for a project was approaching and i thought i wasn't going to be able to make it in time. 
anxious,124,I kept thinking I had left the front door unlocked whilst I was on vacation
anxious,125,I'm really stressed that I'll have enough money to cover the bills this month.  I might need a loan.
anxious,126, I am always anxious. One example at stores sometimes. or maybe about making enough money.
anxious,127,I am so worried I will fail my Geometry test coming up. I just don't understand the concepts.
anxious,128,A close friend said she was having problems with her knee.  I hope she goes to a doctor soon
anxious,129,I am so worried about my dog. He doesn't want to move around very much any more.
anxious,130,Today is my birthday. I can't wait to see who calls me. Or my gifts.
anxious,131,My friend said she wanted to talk to me. No idea what it could be about.
anxious,132,I had to give a speech in front of a few people I have never met. I was a little scared
anxious,133,I'm anxious to meet my wife's ex-husband.  Hopefully it will be civil and not awkward!
anxious,134,I have a job interview lined up for next week. i am feeling so nervous about it.
anxious,135,I was supposed to meet my Aunt to give her keys to babysit this weekend_comma_ but she isn't answering her phone.
anxious,136,I get so excited when I get to a seafood buffet. I just love crab and lobster
anxious,137,i get anxious when my girlfriend says we need to talk and then it turns out it's nothing big
anxious,138,Im so nervous_comma_ have a big exam coming up. I hope I do good. 
anxious,139,There was a wasp in my rom when I woke up thsi morning
anxious,140,One time I had to take a trip away from home for three weeks_comma_ it made me very nervous.
anxious,141,I am finding it hard to meet the project deadline. And this makes me anxious and stressed throughout the week
anxious,142,I was waiting on some pregnancy test results from the doctor. My appointment is next week and my nerves are all over the place
anxious,143,I'm turning 60 soon. Time flies by so fast.
anxious,144,i'm starting university in two days and i'm kind of stressed
anxious,145,My friends are in the process of adopting a child through DFACS.  It has been a long time coming and all of us are eager for this to go through_comma_ it's been pretty nerve wracking
anxious,146,My exam result is coming up next week. I have butterflies in my stomach now itself. This exam is so important to me
anxious,147,Tomorrow I have to give a presentation at work and I just found out that the Vice President of the company is going to be there.
anxious,148,One time I was driving home late at night in the middle of nowhere and I was sleepy. The roads were narrow and a lot of the time an 18-wheeler would pass by me and i was fearful that I would collide with them
anxious,149,taking kid to first day of school
anxious,150,to start my new job 
anxious,151,I was so worried about getting on the roller coaster at the fair but I couldn't let my family know it so I got on anyways. 
anxious,152,I'm doing a drink a paint session this weekend. I can't wait. It's goin to be fun!
anxious,153,Getting on a flight in a couple of days. Kind of nervous because I've never flown before_comma_ and I just have a weird feeling about it. Like_comma_ I know it will be fine_comma_ but I'm worried about the safety of plans_comma_ I'm worried about getting lost_comma_ I'm worried about being far from home.. Just a little overwhelming.
anxious,154,I have a big test coming up for school. I have studied every day but am worried I will not do good.
anxious,155,Received an off-putting email
anxious,156,The traffic last night was pretty nerve wracking for me. A lot of traffic and aggressive driving
anxious,157,I just took an HIV test because I'm worried about my partner's fiedelity. I'm really nervous about the results.
anxious,158,I have a huge work presentation coming up Friday and I am very nervous.
anxious,159,I've put in alot of work to get a huge job. i will know something shortly
anxious,160,School starts a week from today and I am getting fairly nervous!
anxious,161,I was a little nervous going to the doctor this morning. I did not feel like going
anxious,162,I am ready for the next McGregor fight.
anxious,163,Applied to another unit and got it.
anxious,164,for a long time I wasn't sure what would happen. But almost 2 years on and no sign of them
anxious,165,I was pretty nervous driving home. It was raining too hard
anxious,166,my cousin had a heart cath and the surgeon sent for me to come to the operating room.
anxious,167,I went on a blind date.
anxious,168,I have an interview tomorrow.
anxious,169,I had to get something checked out at the doctor recently_comma_ always makes me nervous.
anxious,170,I had an exam to write that I was not well prepared for 
anxious,171,I was nervous this morning driving. It was raining hard
anxious,172,when im with my friends and they are texting and driving
anxious,173,I am waiting for my blood test results. I am very stressed about it.
anxious,174,Long trip to florida.  Don't like riding in cars.
anxious,175,I put in to get a promotion at work_comma_ and I should know something either way by tomorrow.
anxious,176,Tonight I feel wound up a bit. I am tired of being sick. I have tried so many things_comma_ I am hoping the herbs I am getting tomorrow will help with my digestive problems_comma_ blood flow_comma_ fibro etc
anxious,177,I would feel on my toes the whole time at the dentist office.
anxious,178,My brothers wife had our first girl into the family_comma_ the wait was intense
anxious,179,im nervous about taking a test soon
anxious,180,I have a big presentation to do about my progress on the project in front of the CEO of the company i work for. It is on Monday during team's weekly meeting and I am very nervous
anxious,181,I was driving on the road one day and I saw a man hit a dog.
anxious,182,I cant wait to move
anxious,183,I can't wait for school to start back. A litlle quieter in the house.
anxious,184,I can't wait to see the meg. It looks really good
anxious,185,I was nervous when I had to go to jury duty. I just did not want to go
anxious,186, I start a new job as a nurse next Monday and I'm so nervous. Nothing can prepare you for the real world of nursing compared to nursing school.
anxious,187,I've going through a spell as of late when I've been pacing back and forth more and more and self doubt has crept in. I'm waiting on an acceptance into a program for video editing.
anxious,188,I've had a few panic attacks lately.  I'm supposed to go see the dr tomorrow about them_comma_ I hope they can give me something to help.
anxious,189,The first day I went to the gym after years of being out _comma_ I was so anxious I was going to look stupid.
anxious,190,don't know how we gonna pay rent
anxious,191,When I left my key in my car for the mechanic I was left wondering
anxious,192,when i don't know if i have a busy day coming up the next day the unknown drives me crazy
anxious,193,I have to go to jury duty later this week. I am pretty nervous about it
anxious,194,My daughter was thrown from her horse a few months back.  We took her to the hospital and it took hours to make sure she was ok.  Those were a long few hours.
anxious,195,I have been studying all week for my Geometry test. I still feel unprepared. I am afraid I will fail it.
anxious,196,I am stressed. My wife is expecting a baby. I am happy but at the same time I feel littlle stress by the responsabillities.
anxious,197,I have a surgery coming up on Monday.
anxious,198,We're refinancing student loans_comma_ buying a house_comma_ and my wife is getting a new job.
anxious,199,I was pretty nervous today going to the gym. There were a lot of people there
devastated,0,she went behind my back to return her ex's t-shirt. Lied about it. I found out through her facebook messages
devastated,1,I was heartbroken when my grandmother passed away
devastated,2,Today we found out at work that they are closing the business down. This is horrible
devastated,3,I was so mad when I came out of the salon with different hair color than I asked ofr
devastated,4,My dad died last year
devastated,5,My father died about a year ago. I still have trouble when I remember seeing him dead in his bed.
devastated,6,My mother died
devastated,7,We had some limbs fall recently in a storm and I had to saw them all up. It was hard work.
devastated,8,My friend was diagnosed with throat cancer last year. She didnt live long.
devastated,9,I had my wallet stolen today.
devastated,10,My mother was just recently diagnosed with cancer. I am just so sad and upset right now
devastated,11,I had been fired from my job that I had for almost 4 years. I do not know what to do now and not much savings I have to live
devastated,12,I was going through a hard time and my dog died unexpectedly. It was a great shock. 
devastated,13,My dog passed away and it was really hard.
devastated,14,I was diagnosed with stage 4 cancer.
devastated,15,I was pretty sad when my grand dad died. It was not expected
devastated,16,When the Las Vegas Shooting happened_comma_ I was so emotional and sad. I hate when stuff like that happens
devastated,17,I lost my ipad the other day. I can't believe it. I think it was stolen
devastated,18,I couldn't pay my rent. I am homeless.
devastated,19,I lost my job a few years ago due to cut backs_comma_ they weren't making enough money. That job was everything to me.
devastated,20,I am sad that they closed my favorite restaurant.
devastated,21,Someone close to me passed away recently in a freak car accident. He was young and doing great academically. It hurts so much.
devastated,22,The rain flooded my farm.
devastated,23,I was so lost after our family experienced the most recent round of flooding. It was horrible and continues to be .
devastated,24,when i found out my dad died 
devastated,25,when ever i lose my losing streak on a arcade game i feel bummed
devastated,26,My beloved tabby/calico mix cat_comma_ Callie_comma_ was out in our yard sunning and playing. A stray pit bull came into the yard_comma_ caught her and shook her like a rag doll_comma_ and killed her.
devastated,27,I recently found that I was adopted. I felt terrible bad.
devastated,28,I was so sad when my pet hamster died recently. We were best friends and I miss him so much. I cry every day and think about all the good times we had together.
devastated,29,I went on a great job interview last week that I thought went really well. I just got word that I did not get the job. I dont know what I am going to do now.
devastated,30,when my Grandparents died_comma_ I was extremely upset for a few months.
devastated,31,I think I have a coyote or wolf running around my area. I think it killed a little beaver that lived near the creek  near my house.
devastated,32,I am still in shock after my house caught on fire.
devastated,33,My laptop broke_comma_ and I lost all the information on it.
devastated,34,I have received news that my brother has died. I am beyond devastated.
devastated,35,Late last summer_comma_ my dog went missing. I caleld everyone in the neighborhood to see if they had seen him. I spent hours looking for him and i checked all of the shelters for about a week. We eventually found his body. He had gotten trapped under a neighbor's house and could not get out. 
devastated,36,I was totally disappointed today.  No one remembered my birthday.
devastated,37,My car broke down when I was travelling to work and I missed a very important meeting regarding my promotion. I was devastated.
devastated,38,My pet cat passed away. She was 15 years old. I am very sad about it.
devastated,39,My favorite horse_comma_ Gracie_comma_ died the other day. I've had her since I was a child so it's very hard to take.
devastated,40,the episode didnt come out
devastated,41,When i failed one of my college courses i felt so terrible
devastated,42,Someone I know was nasty to me again after trying to build trust. It really just crushed me because it's again another chance they took advantage of.
devastated,43,My girlfriend broke up with me.  She did this right before my birthday
devastated,44,Both of my parents have dementia now. They don't usually know who I am anymore.
devastated,45,We tried for a long time to get pregnant.  Unfortunately all of the pregnancies ended in miscarriage_comma_ it just wasn't meant to be.
devastated,46,Me and my sister were yelling at each other then my brother came up to us. He ended up telling us he found grandma dead on her bed downstairs.
devastated,47,When I received my rejection letter from the college I applied to
devastated,48,I found out in the last year that both of my parents have dementia.
devastated,49,I went to the mall with my niece_comma_ suddenly she started to cry_comma_ she lost her purse with her money.
devastated,50,My best friend moved away to another city.  I am so sad she's leaving.
devastated,51,I was devestated when my grandmother passed away_comma_ I could not handle that at all
devastated,52,I saw my girlfriend with another man.
devastated,53,One time a build a tower of cards that was over 8 layers tall. It fell when someone walked by
devastated,54,I just found out my wife of 10 years has been unfaithful to em.
devastated,55, I was devastated when the Falcons blew the Super Bowl.
devastated,56,Our family dog died recently_comma_ it was really hard on the family.
devastated,57,A student I teach was in a house fire. He lost his home and all of his belongings
devastated,58,When my grandmother passed away I was so sad. I was only 13 years old
devastated,59,my cat died last week
devastated,60,I saved up my money for a long time to buy my motorcycle. I was able to get it after 4 years of saving. I crashed it last week after only 2 weeks of owning it.
devastated,61,I found a text message on my wife phone. She is cheating on me.
devastated,62,When I was a kid_comma_ my granpa bought me a dog. The dog was supposed to be a hunting dog_comma_ and he didn't want to keep it because I had made it into a pet. He ended up giving it away.
devastated,63,i was schocked when i had to go home early
devastated,64,Recently heard that my father was laid off from his job. He's retirement age anyway_comma_ but I felt bad for him_comma_ as that must have been_comma_ at the very least_comma_ slightly humiliating. He's been a hard worker for 40 years_comma_ and has done well to support the family. But I do worry for him in the short-term.
devastated,65,During my first year in grad school_comma_ I had a basement apartment that flooded. All of my possessions were utterly destroyed. It took several months to replace the items that I could -- but I can't help to remember the things that couldn't be replaced.
devastated,66,for the death of my mother_comma_ my soul was destroyed
devastated,67,My car of 13 years_comma_ a trusted vehicle_comma_ was totaled in an accident. I loved that car so much it had been through a lot with me.
devastated,68,My little pet bird accidentally flew out the window.
devastated,69,I've owned 3 birds in the past 10 years and my 3rd bird just died last night. I didn't realize how much it would crush me. They were my buddies.
devastated,70,Yesterday_comma_ I came home early and I discovered my wife cheating on me. I felt totally destroyed.
devastated,71,My girlfriend dumped me today. I am so sad right now.
devastated,72,When I was much younger_comma_ I fell in love deeply in love with a woman_comma_ with whom I wanted to spend the rest of my life. After three months of being with her she left. She told me she didn't love me_comma_ even though she had told me she did and even went so far as to deny she ever said she did. 
devastated,73,My friends and I had spent all day troubleshooting a new PC build that we had just completed. It turns out that the motherboard or processor were defective_comma_ and we had to deconstruct it to send those pieces in for a return. It was so frustrating.
devastated,74,My 32 year-old son died of a sudden heart attack. I was with him. the day before.
devastated,75,Still so sad that robin williams passed away_comma_ he was my hero growing up
devastated,76,"Roommate just walked in on me while I was... trying to... ""feel good"" if you know what I mean. So awkward. My door doesn't have a lock_comma_ either. I told him to not come in_comma_ and he just kept coming in!"
devastated,77,I lost my dog to bone cancer three years ago.
devastated,78,Last month we had record rainfall in our area. The river down from my house flooded so bad_comma_ it flooded my home and destroyed everything. It sucks having to start from scratch again.
devastated,79,My small dog lunged and killed a baby bird that had fallen out of its nest.  I know it was his instinct_comma_ but it was rough to watch.
devastated,80,I was really sad to hear that my friend's little dog passed away. He was a good dog.
devastated,81,When i left my money on the bus
devastated,82,My dog got run over by a car today. I've had her for 10 years.
devastated,83,My cildhoos puppy died of cancer.
devastated,84,My gold fish past away.
devastated,85,I found my kitten outside very ill_comma_ it had to be put down because it ate a poisonous plant.
devastated,86,i was shocked when i couldnt go to the game i bought tickets for
devastated,87,couldn't deliver the work project on time
devastated,88,When I found emails between my ex wife and the person she was sleeping with behind my back.
devastated,89,I was so upset when I had to put my dog down last month.
devastated,90,many years ago_comma_ as a child_comma_ i was woken up by my mom to the news that our dog had gotten out of the house and was hit by a car. he didn't survive.
devastated,91,I worked so hard this semester_comma_ but I overslept for my final exam.
devastated,92,I made plans for my dream vacation. I had been looking forward to this trip for over two years. I broke my leg and was unable to make the trip.
devastated,93,I let my friend borrow my car last year and I got a call later that night that he crashed it and totaled it_comma_ man I was crushed by that experience.
devastated,94,My pet hamster was eaten by a pit bull.  I can't handle this sadness.
devastated,95,One time I was doing a really important art project for a contest and I had put in 8 hours of work into my piece and then my mom ripped it.
devastated,96,Despite working hard_comma_ I failed my exam.
devastated,97,My dog died and I was just heartbroken. I got her when she was a puppy and she lived to be 20 years old.
devastated,98,the day i lost my father 
devastated,99,I was totaly destroyed when I found that my wife took all the money that was in the bank account and left me.
devastated,100,My dog just died. It was the worst thing that ever happened to me. 
devastated,101,I lost my entire paycheck at the casino last night. I dont know what came over me
devastated,102,I just purchased some brand new shoes. Then I let my friend use them and they brought them back with some type of poo on them!
devastated,103,My house was destoryed in a hurrricane. we had to rebuild
devastated,104,I couldn't believe it when a rock bounced off the car in front of me and cracked my windshield. I am so frustrated at the moment.
devastated,105,I tried applying for college online because I need the financial aid and I don't have enough time to complete enrollment.
devastated,106, i was crushed when i saw my dog had gotten out
devastated,107,I can not believe Stan Mikita died.
devastated,108,i was devastated when my favorite world cup team was knocked out of the tournament. 
devastated,109,I thought I was going to get a raise at work for all the hard work ive been doing.  But now Im not and i dont know how im going to be able to afford some of my new bills
devastated,110,My father was recently put close to his death bed. Fortunately he is alive_comma_ but his recent health issues have been devastating.
devastated,111,One time my dog got hit by a car. He did not survive.
devastated,112,I found out recently that my school processed my financial aid paperwork improperly. So I won't be able to attend school this semster.
devastated,113,I had to take my dog to be put to sleep a few days ago.  I was so hurt having to do that.
devastated,114,I remember when I got into a really big fight with my roommate and she kicked me out and I had to move back into my parent's house.
devastated,115,The worst phone call I ever got in my life was when my dad was put in hospice. We were told he only had a few days left.
devastated,116,I was heartbroken when my grandmother passed away_comma_ I still am not over it
devastated,117,When I was moving I put my stuff in storage. My unit got robbed of all my antiques and precious things.
devastated,118,food was ruined
devastated,119,I was driving the other day and a little turtle was in the road. I turned around and went back to get him before he got ran over and didn't make it. Ugh. He got hit and smashed that fast before I could get him
devastated,120,The first time I took the SAT my score was so much lower than I thought that I paid for a class after a week of depression.
devastated,121,lost league of legends game
devastated,122,My spouse had a brief affair last year. It ended and we are still together. 
devastated,123,I was so sad when my aunt passed away. It came out of no where
devastated,124,When i lost my dog of 12 years i was absolutely devastated.
devastated,125,My mom became very ill and was in a lot of pain. She had to be hospitalized.
devastated,126,I recently found out that I have been diagnosed HIV positive_comma_ and I'm at a complete loss for words. I don't even know how to go on anymore.
devastated,127,My new car was extremely damaged in a road accident last week being my very first car_comma_i;m shuttered.
devastated,128,I think I'm goin to be in school forever.
devastated,129,I made a stupid mistake at work and I got fired. What am I going to do?
devastated,130,Me and this girl from Tinder seemed to really like each other. Then out of the blue she ghosted me hard.
devastated,131,I dropped my chipotle after being hungry for the whole morning
devastated,132,I found out that my girlfriend has been cheating on me.  I am so hurt right now.
devastated,133,I lost my favorite bracelet a few days ago... I have looked everywhere
devastated,134,I tried to get my estranged mom to speak to me_comma_ and she got mad and insulted me.
devastated,135,My Grandmother passed away and it was really hard.
devastated,136,My brother passed away 2 years ago and i still don't know how to cope
devastated,137,I felt like the world was over when my tire got punctured
devastated,138,I was driving along today. And then I crashed into a parked car!
devastated,139,My husband told me last year that he wants a divorce.  Not real reason IMO_comma_ just said that he's unhappy.
devastated,140,I cried all night when I found out Trump won the election.
devastated,141,grandermother passing
devastated,142,I have been trying to get a car but my credit is so bad_comma_ I tried to repair it but to no avail.
devastated,143,I lost my wedding ring_comma_ I am so sad.
devastated,144,I felt really bad when my dog died
devastated,145,My friend is moving away. I am pretty sad about it
devastated,146,My sister died in a freak accident_comma_ my heart is broken.
devastated,147,My ex husband died last year and even though we were divorced I took it very hard because we were very close. 
devastated,148,On the day on September 11_comma_ 2001_comma_ Life was never the same after
devastated,149,I was looking forward to a picnic on Sunday_comma_ but I'm gutted it will be raining.
devastated,150,My grandmother died and i feel absolutely horrible.
devastated,151,My dog Koko was with me ever since I was a little kid_comma_ and when he suddenly got quite sick and we found out he had cancer it was very difficult for me and my family.
devastated,152,my uncle died last year
devastated,153,My grandmother_comma_ who raised me_comma_ just passed away unexpectedly.  I don't know how to process this!
devastated,154,I will never forget the day after my 28th birthday. It already was raining and thundering that morning and the news that came after shocked me. 
devastated,155,Me and my wife have been to have a child for the past year. I just learned last week that I can't have kid. It is terrible.
devastated,156,My cat I've had for over 15 years who went through college_comma_ kids _comma_ my divorce with me had to be put down recently.
devastated,157,After Hurricane Irma hit my town_comma_ I walked through the empty streets and saw windows shattered_comma_ trees on the floor_comma_ and debris everywhere
devastated,158,I worked so hard on the science project I was so upset when I didn't get first place. I thought I deserved it!
devastated,159,Last week_comma_ when I was in the meeting_comma_ my boss got an acute heart attack. I was very shocked. He is very young and now he is in coma.
devastated,160,My heart is broke. My wife has left me.
devastated,161,I am still in awe that game of thrones is ending. It is my favorite show
devastated,162,I lost my friend in a car accident. It has been very sad news.
devastated,163,When my grandmother passed away_comma_ I was so heartbroken_comma_ I was not old enough to be prepared for it
devastated,164,My house burned down today. I am still in shock.
devastated,165,I felt very sad when i found out that my mother had lung cancer 6 months ago
devastated,166,I rent with arnb to a young couple and I found my home totally destroyed. They even took a dump in the living room.
devastated,167,I was heartbroken when my grandma passed away_comma_ I was not equipped to handle that
devastated,168,I got a really bad headache and it ruined my whole day
devastated,169,I got pantsed in PE class once. The other 8th grade girls decided it would be fun for me to lose my pants while we played dodge ball. I was so embarrassed.
devastated,170,I was so sad when my pet iguana died recently. Izzy and I were best friends. We had such a good time together.
devastated,171,My laptop was destroyed when my toddler spilled water on it. I was so upset because I lost all of the baby photos that I had stored on it. 
devastated,172,My neice and I were distraught because she worked so hard to get into nursing school and didnt get in.
devastated,173,when i had to say goodbye to my dad
devastated,174,I'm losing my home
devastated,175,My sister lost her house due to a fire. We are all pretty much in shock and very sad. 
devastated,176,I recently lost my pet turtle. I think he may have escaped my yard. I am so sad I miss him terribly!
devastated,177,I could not find my favorite handkerchief that my grandfather gave me. I am afraid I lost it. It means so much to me since he has passed away.
devastated,178,My husband was in a car accident a couple of years ago. A woman pulled out in front of him on the highway. Unfortunately a woman we knew was in the vehicle and passed away. We were so upset.
devastated,179,I have been feeling really sad_comma_ recently lost my 23 year old niece.
devastated,180,I've known my best friend since I was 4 years old.  When he joined the Air Force he moved out of state and I was really upset when he left.
devastated,181,I was upset when I failed my math test.
devastated,182,My brother got hit with a DUI the other night. His wife said that was the last straw_comma_ as she was tired of his drinking. She kicked him out and now he's living with me. I feel so terrible for everyone involved_comma_ especially because they have two kids.
devastated,183,I just lost my job. I've been working there for years and was so close to qualifying for retirement. I can't believe they did this after all these years.
devastated,184,it was really hard for me when i heard i dint get accepted in my dream college_comma_ but i moved on and got into another one that was not as good
devastated,185,Recently found out that one of my best friends from back home died in a car accident. I don't even know what to say to her parents_comma_ I haven't been able to call them with condolences.
devastated,186,Last year my grandmother passed away. It's still hard to cope with.
devastated,187,My friend of 15 years passed away in his sleep last night.  I am shocked beyond belief.
devastated,188,"I am sitting at home drinking whole milk and eating a tub of peanut butter. I get a call from my main man_comma_ Nitro Dubbs. ""World Peace is cancel"" ""No"""
devastated,189,When I found out my aunt had a heart attack and died alone_comma_ it devastated me. I was not sure what to do with myself afterwards.
devastated,190,I dropped an antique tea cup and it smashed. It was my grandmother's so I was sad.
devastated,191,I was so hurt when I heard my friend's puppy was stolen. I couldn't believe it.
devastated,192,I crashed my car. It was my dream car and I loved it so much.
devastated,193,I really am sad that the boat sunk last week.
devastated,194,My pet rabbit got run over by a car a few weeks ago_comma_ i loved her so much
devastated,195,My cat ran away from home. I'm starting to think he'll never come back.
devastated,196,I went through two floods in Missouri only a couple years apart from eachother.    During the first one we lost our whole house.   All that was left was the foundation.
devastated,197,I was keeping my savings at home in safe. My house was recently robbed. The safe is gone also_comma_
devastated,198,I can not believe that airplane crashed. I cried all night.
devastated,199,My sister got into a bad car accident.  I am so sad that it happened.
faithful,0,My husband is the most faithful person I know.  I have many health problems and he just shows complete love and faithfulness to me no matter what
faithful,1,i have faith in a brighter future
faithful,2,the best friend I have had for he last 10 years will always be my best friend
faithful,3,I have always been loyal to my Girlfriend. She means so much to me and when some others tried to rip me from her to get me i told them to go away and removed them from my life.
faithful,4,I have faith in Trump.
faithful,5,I've only been with my boyfriend for 2 years_comma_ but I can't think about anyone else but him. 
faithful,6,When I am in nature I feel good that this world is exactly as it should be. Everything is moving a long to Gods desires.
faithful,7,I always tell the truth to the police.
faithful,8,My fiance is always number one and I couldn't imagine ever betraying his trust.
faithful,9,He that finds  wife finds a good thing!
faithful,10,I have been faithful to my long time girlfriend. I would never cheat on her
faithful,11,my coworker is very loyal
faithful,12,my wife
faithful,13,I was scared when that spider ran across my bed
faithful,14,I'm going to be away from my girlfriend for a year_comma_ but she should know that she can trust me. 
faithful,15,I've always been very loyal to my family.
faithful,16,I met my wife online 7 years ago and can't see myself with anyone else_comma_ ever.
faithful,17,A girl hit on me at an event_comma_ but I've got a girlfriend. Not interested.
faithful,18, I have always  been faithful to my girlfiend of almost 3 years
faithful,19,i love my wife because she's loyal to me and she always takes care of me
faithful,20,I value my friendships. I told a friend I would visit her this week and even though some things came up and I don't have the time I'm going to make the time.
faithful,21,I asked my friend to get some stuff for a party_comma_ knew I could count on him though.
faithful,22,I almost had an affair once. A friend of mines girl friend came on to me when we were alone. I politely declined.
faithful,23,I've been with my wife for over 10 years and have never been tempted to cheat. I can't understand why people do such things.
faithful,24,My husband is on the road a lot_comma_ it often gets lonley. I have to remember he does it for our family and try to enjoy the alone time.
faithful,25,I was out shopping and a very attractive man was giving me a lot of attention. I am married and I am happy to say that I remained faithful to my husband.
faithful,26,I have been faithful to my girlfriend of 3 years_comma_ she is the best!
faithful,27,When the guy I'm now married to and I met for the first time I was actually dating someone else. I thought that my now husband would just be a really good friend to me. I stayed with my ex-boyfriend for a while after_comma_ and even when I knew I wanted to date my now husband I never did anything to betray my ex.
faithful,28,I got a new job_comma_ but I'm going to finish this last project with my current job before leaving.
faithful,29,I recently felt very faithful towards my lover. She is the best and loves me infinitely.
faithful,30,A man tried to pick me up at a work event the other night. I have a boyfriend so I didn't accept his advances
faithful,31,I felt good when I go into the church. I pray with all the people in there and that is an experience.
faithful,32,When at a party_comma_ a girl tried to kiss me but I was in a relationship already.
faithful,33,I have been faithful to my girlfriend of almost 3 years
faithful,34,the chargers are going to be great this year!
faithful,35,Packing for a trip
faithful,36,I am hoping to get approved for promotion. I went to church to pray about it.
faithful,37,it is nice to have a loving pet _comma_ My dog is always there for me
faithful,38,I have always been loyal to my wife.
faithful,39,When is was little my dog got hit by a tractor. The vet told us it would be best to put the dog down. I threw a fit and told my mom not to do it. She listened and the dog lived another ten or twelve years no complications. 
faithful,40,I rejected an offer from a competitor company and wanted to stay in my current organisation out of loyalty
faithful,41,I work with several other men that are fairly attractive_comma_ but I love my husband so I want to remain true to him. I do not want to betray his love.
faithful,42,I will always believe in god.
faithful,43,I was at the store and some old guy bought my groceries for me. It helped restore my faith in humanity
faithful,44,i have faith my brother will do alright
faithful,45,I just knew things would work out for me when it came to getting into a school. I had worked hard for it
faithful,46,trust your friends
faithful,47,EVen though it is hard...I have been very committed to someone even when they do not deserve it...No one else has helped them in their life..being a stable and healthy home..so I have.
faithful,48,I love my husband so much. I'll never ever cheat on him.
faithful,49,I would never cheat on my wife
faithful,50,When another person of the opposite sex was trying to convince me to cheat on my spouse
faithful,51,once a time i am in a shop_comma_that time the important box was missed in the shop .all staffs suspect me but the shop owner trust me so i must thank him.
faithful,52,There was a girl who approached me last week and wanted to make out with me. I had to say no to her because I'm married.
faithful,53,I always buy the same brand of yogurt and don't even bother trying other kinds. It's just so delicious and such a good price that I'm a loyal customer for life.
faithful,54,I would never cheat on a partner. It goes against everything I believe in.
faithful,55,My friend's boyfriend got into an accident 5 years ago. She's still with him.
faithful,56,I got maried at 18. I have been married for 12 years and never once strayed or became unfaithful. 
faithful,57,Sometimes my partner leaves to work abroad for long periods of time. While some of my friends brag about cheating on their partners_comma_ I always am respectful and do not do anything to hurt our relationship. 
faithful,58,I'm faithful I'm going down the right career path for once in my life.  Took me long enough.
faithful,59,Even tho she had wanted me for years I just couldnt do it.
faithful,60,I needed help after I had surgery with household chores and my best friend promised to take off work and help which she did she is always so true to me.
faithful,61,I had a good feeling work was going to be good today. I went to bed with that feeling
faithful,62,Once_comma_ I had the chance to betray a friend that has always been truthful and honest to me. I didn't take the chance and stayed faithful to that friendship.
faithful,63,I heard a friend speaking ill of another friend and refused to participate.
faithful,64,My friend is borrowing my car tomorrow. I trust that he will take care of it.
faithful,65,I have never cheated on a person I have been in a relationship with. I feel that would be wrong to do
faithful,66,I don't know where my life is heading_comma_ but I feel that God knows the desires of my heart_comma_ and he will get me there.
faithful,67,I am sticking by my partner even though he has done a lot because no one else has. While he is in therapy. It's hard.
faithful,68,I am faithful to my wife_comma_ but it's thought
faithful,69,I have been true to my beliefs for a very long time_comma_ even if it means disagreeing with others. I used to work in a place where everyone had different beliefs to me. I just had to walk away from conversations on occasion.
faithful,70,oh the days when you want to go out but you've promised to help friends move. gotta keep the promises. 
faithful,71,I got hit on at the store. But im married and very loyal
faithful,72,My girlfriend recently went on a white water rafting trip with her friends. Normally I might be concerned_comma_ but our relationship is going so well I remain committed and unworried.
faithful,73,i love my wife unconditionally_comma_ i dont see how anyone cheats on their spouse
faithful,74,I feel this way because I have hope that I will get into grad school.
faithful,75,I'm glad I can trust my husband to always be there for me.
faithful,76,I got a job offer at another company that pays more.
faithful,77,I've been married a long time and my husband does a lot of travel. But_comma_ we both have trust in each to be loyal and true.
faithful,78,I remained with my girl after a long distance relationship
faithful,79,When I was younger and walked into a church for the first time. 
faithful,80,I'm very faithful in my community and the people in it.  They are good people
faithful,81,I can remember a job I had where the vast majority of my co-workers had very different beliefs to my own. Rather than just agree with them I stayed true to my own thoughts.
faithful,82,I eat tacos every single tuesday.
faithful,83,I felt very good last year when i started going to church again
faithful,84,I've always been loyal to my wife and children.
faithful,85,I love going to the gym. In the past 3-4 years I haven't skipped a single workout.
faithful,86,Although things haven't been going well for me in a long while_comma_ I am confident that I've lead a good life and been a charitable person and that one day it will come back to me.
faithful,87,A friend of mine is going through a hard time. I had plans with my boyfriend_comma_ but decided to cancel them to go out with my friend. She really appreciated this
faithful,88,I found out that my best friend was lying to her husband but I kept her secret.
faithful,89,How can one stay married for 10 years without cheating?
faithful,90,I'm glad to have the internet to teach me things I need
faithful,91,I don't know why I trust people easily
faithful,92,My family is going through a tough time dealing with the loss of my grandmother. We've been using the strength that she left for us to get along and support eachother.
faithful,93,One of my co-worker came and asked me a lot of really weird questions about my supervisor. It seemed suspicious so I pretty much told her I didn't know any of the answers to her questions. I don't think she like my supervisor.
faithful,94,When I had to pass my classes to graduate
faithful,95,I love my wife. I would never cheat on her.
faithful,96,My husband is the best. I love life with him.
faithful,97,I remain loyal to my wife always
faithful,98,when someone tried to get me to go out to a bar behind my spouses back 
faithful,99,I have faith that one day things will all work out.
faithful,100,I have been married to my husband for 30 years. Men still flirt with me_comma_ but I stay true to my husband.
faithful,101,My boss told me if i worked hard id get a raise
faithful,102,I knew I could believe in my dad. He assured me he was going to find me a truck
faithful,103,our lord has placed us on this earth for a reason
faithful,104,I have never cheated on my boyfriends_comma_ although I suspect they may have cheated on me.
faithful,105,I feel very faithful in regards to my work. It gives me purpose in life.
faithful,106,Last Monday I lost my keys and couldn't find them anywhere_comma_ but them I prayed and made and promise to go to church if I found them_comma_ and I immediately did.
faithful,107,I was loyal to the same company for 10 years.
faithful,108,cheating is disgraceful to me_comma_ i only want my wife shes the best
faithful,109,We've moved many times over the past ten years for my husband's job.  It's been hard but worth it!
faithful,110,One time I was on a ride at a theme park and the ride stopped in midair. I was so scared_comma_ but I believed that help would arrive and I knew the rescuers would save us. They showed up and we were all good.
faithful,111,I get hit on by a lot of girls_comma_ but I'm happy with the one I got.
faithful,112,One of my best friend's friend was telling me rumors about my best friend. I didn't believe them and stuck up for my best friend.
faithful,113,I'm glad I stuck my job out as long as I did - I finally got offered a promotion today.
faithful,114,Last week I saw this big pizza in the breakroom and I chose to stick to my diet.
faithful,115,I am getting married next year. I wish my future wife won't cheat on me
faithful,116,My wife is amazing. She would never cheat on me.
faithful,117,When I was small at summer camp it looked like no one was going to pick me up at the end of the day. I wasn't worried because I knew my mom would pick me up. She was just running a little late. 
faithful,118,I'm doing everything I can to stay true to my girlfriend during a hard time.
faithful,119,I love my wife so much.  I would never cheat on her.
faithful,120,I had a girl try to hook up with me_comma_ but i didnt do anything because I love my wife.
faithful,121,I got in a heated argument with my friend about religion and it made me question my beliefs.
faithful,122,My sister in law's husband has been cheating on her for the last three years. I just don't understand what would cause a man to do that to his wife. I've been married for 12 years and have never considered cheating.
faithful,123,I know time are hard_comma_ but i'll make it
faithful,124,I've been with my employer for 8 years. They're going through a tough time now_comma_ and I'm trying to do my best although the work has been really hectic.
faithful,125,Just got my new coffee pot from a brand I have never tried. I love it so much I will never go with another coffee pot brand again.
faithful,126,I am very faithful that my family will make it home in time
faithful,127,A woman approached me and wanted to get together_comma_ but I told her I was married
faithful,128,My family and friends can always count on me to be there.  As a Taurus_comma_ loyalty is the #1 priority for me.
faithful,129,I went out to the bar with my girlfriends recently and there were a lot of men around. I'm happily married and one guy in particular kept trying to buy me drinks. I kept telling him I just wanted to have a good time with my friends but he kept persisting. Eventually he got the hint.
faithful,130,my friends have always been there for me so i will for them
faithful,131,Even though I could've gotten more money at another job_comma_ I've stayed with my current employer. It is a good place to work.
faithful,132,I didn't feel like coming to work today.  But I got up and went to the office anyway.
faithful,133,Honoring my relationship is extremely important to me.
faithful,134,I find it hard to be faithful 
faithful,135,I have had lots of problems with my girlfriend but we have worked through them and have remained true to each other.
faithful,136,I feel like my employer really counts on me to do my job and I would feel bad ever leaving them for another company. 
faithful,137,i always feel like i should never hurt my parents.. yesterday i got so angry_comma_ but i kept my mouth shut and came away
faithful,138,I promised my wife I wouldn't drink alcohol and I haven't in 1 year
faithful,139,I'm going up for a promotion at work in a few weeks. 
faithful,140,I have always been faithful to my grilfriend of 2.5 years
faithful,141,I love my husband.  We have been married for 22 yrs.
faithful,142,It feels so good to finally have a girlfriend who isn't paranoid that I'm going to cheat on her all the time. My girlfriend lets me hang out with friends whenever I want_comma_ because she trusts that I'd never hurt her.
faithful,143,I asked a coworker to cover a shift for another coworker. I was confident this person would take on more hours and step up when needed.
faithful,144,I have always been faithful to my girlfriend of 2.5 years
faithful,145,I just had to mail a phone back to Verizon and they lost it and are now trying to hit me with a 550 dollar charge! We're working it out now in trying to get them to not charge me that.
faithful,146,I always like to eat at my favorite restaurant a few times a week and encourage others to in the hopes it can stay afloat.
faithful,147,My wife is truly been trustworthy_comma_ she never keep secret from me
faithful,148,When my girlfriend cheated on me i let her go and i didn't do anything
faithful,149,I was to having a conversation with a co-worker when they asked me out on date. I refused letting them know I was married.
faithful,150,I just knew my dad was going to get better. He had the flu but I knew he would get better
faithful,151,I have a good feeling tonight is going to be fun. I am going to an event
faithful,152,I love my family so much! They are the center of everything I accomplish in life.
faithful,153,One of my friends was telling me to not include my best friend in a movie night.  I told her if I couldn't invite her then I wasn't going to go either.  
faithful,154,If there's one thing I learned it's to trust my own judgment and mine alone.  Forget what the haters say and just keep grinding toward my goals
faithful,155,My wife have been with me through thick and thin for 30 years
faithful,156,I am faithful to my parents for all what they have done for me
faithful,157,Some one owed me some money
faithful,158,My work laptop just recently crashed. However_comma_ I'm certain I will be able to fix it myself instead of waiting weeks and weeks for IT to fix.
faithful,159,My husband is in the Military and goes away from long periods of time. I've never though about cheating.
faithful,160,Watching all the stuff that's going on in the world_comma_ I still believe in a bright future.
faithful,161,I was out with my guy friends last weekend. A girl approached me and wanted my number but I told her no because I have a girlfriend.
faithful,162,I had faith my dad was going to get better in the hospital. It was just a feeling I had
faithful,163,There were things in my life that can only be described as the work of higher power.
faithful,164,So... I go to church every Sunday.  I never miss.
faithful,165,I won a 10k race on the weekend
faithful,166,I have been in a relationship for 4 years
faithful,167,When I met with my boyfriend at the naval base after his boot camp_comma_ I had to have faith that he would be in a certain spot_comma_ so that I could find him in the crowd.
faithful,168,I know that if I believe it inside_comma_ I can do it.
faithful,169,When my husband and I were younger and our children were small_comma_ we were on really tight budget. One day at church_comma_ when it was time to give out tithe_comma_ I knew we had only about $40 in our bank account. I wrote a check for $40. I put my faith in God to carry us. Within a few days_comma_ I received an unexpected care package from my mother_comma_ which included some cash.
faithful,170,because the mom and dad who always supporting me in every situation and not giving me up is great thing in my life
faithful,171,I was hanging out with some friends and my ex wanted me to come over_comma_ but i didnt because my wife would be mad
faithful,172,Going to church yesterday made me feel better. I am looking forward to this week
faithful,173,I didn't cheat on my partner.
faithful,174,I'm in love with my girlfriend. I would never cheat on her
faithful,175,I promised to visit a friend in prison every week. I enjoyed each time.
faithful,176,My father in law's operation next week. I have just put my hope on God
faithful,177,I was dating a girl one time and she trusted that I would be trustworthy and show up to the date that day. I was busy with work but I assured her I would go. I was running late_comma_ but I decided to end my work then_comma_ and work on it later after the date_comma_ so I went to the date and she was happy to see me. I kept my promise to her.
faithful,178,all this week I was committed to my diet_comma_ i didnt cheat not one time. im proud of myself.
faithful,179,My husband is lucky I didn't heat on him when I know he cheated on me.
faithful,180,My last relationship_comma_ I never cheated on my partner_comma_ I was devoted to only them.
faithful,181,I was so tempted to kiss the girl last night_comma_ But I am married.
faithful,182,I will always be married to my wife.
faithful,183,A girl tried to kiss me at party. I was already in a relationship at the time.
faithful,184,Last week I was at the grocery store picking up body wash. There were so many to chose from_comma_ but I couldn't help but buy my trusted brand that has served me well for so many years. 
faithful,185,A man keeps asking me out on a date.
faithful,186,I have belives in my family
faithful,187,A time I felt I should be loyal and honest is when my good friend's boyfriend showed interest in me in a romantic manner. I am married_comma_ and I also really care for my friend_comma_ so two reasons I wouldn't encourage his behavior. I let him know that he was wrong to do that_comma_ and felt good that I did_comma_ but felt really bad for my friend.
faithful,188,I've been in a long term committed marriage for over 34 years.
faithful,189,I made a news years resolution to meditate every day and I have kept it for the most part.
faithful,190,I felt upset when I had a friend's boyfriend that tried to have an intimate relationship with me. Even though they were with my very good friend_comma_ and they knew I was married. I have been married almost 23 years and love my husband.
faithful,191,I'm holding out for a promotion this coming February.
faithful,192,I have had one friend through thick and thin. She could pretty much do anything and I'd stand by her side because she is my best friend. We haven't been friends for too long_comma_ but I see it being an everlasting friendship. 
faithful,193,I have never cheated on my girlfriend even once.
faithful,194,You know... I have never cheated on my husband in 20 years.
faithful,195,When I see my little dogs face and how smart she is_comma_ I know I will be there for her no matter what! She has helped me through some tough times and she is SO devoted to me!
faithful,196,My  wife used to be a flirt before we got married. I always believed she would not cheat on me despite that.
faithful,197,Few years earlier_comma_ I heard that one of my close friends were talking negatively about me but I did not beleieve that. I continued spending good time with him
faithful,198,In all my relationships_comma_i always choose to honest as much as i can. I never want to my partner to stop believing in me.
faithful,199,I wanted my sister to get everything she deserved in life. She struggled for 7 months trying to have a baby with her husband_comma_ but I had no doubt that it would eventually happen for them on God's time.
furious,0,I was insanely upset when our CAR got a ticket for being on my OWN lawn..They say it's city property yet I mow it and maintain it..and pay taxes on it..Yet I can't park my car on it?
furious,1,I get so mad when I see or hear about kids getting bullied. It is so unfair.
furious,2,mcdonalds forgot my food
furious,3,My child sneaked in my room to get the Xbox controller while I was sleeping. The night before_comma_ I had grounded her.
furious,4,I am mad at my friend eric
furious,5,I couldnt believe it_comma_ someone had stolen my laptop.
furious,6,My sister stole money from me once.
furious,7,I was furious because my firend owes me money. He was in the pub last night when I can't afford to go out.
furious,8,I was on the phone with my bank about some overdraft charges that were charged because of their error.  I am still angry about it.
furious,9,Dog ruined my curtains
furious,10,when my brother lied to me 
furious,11,I was supposed to meet up with someone to sell a belonging_comma_ but they flaked. I wasted my time!
furious,12,I am furious_comma_ my step brother sold my laptop so that he could buy a new gaming station! 
furious,13,i was mad when i saw my dog was missing
furious,14,My dog pooped on the rug today. I was so mad!
furious,15,someone almost killed me the other day
furious,16,I was attacked by bees a few months ago_comma_ they we're furious.
furious,17,My 3 year old got into some oil that I had sitting down on the counter just for one minute.  He dumped it all over the couch and living room floor.  It took everything I had not to explode.
furious,18,it really drives me crazy that there are so many people who are so brutal to others
furious,19,I ordered a medium latte_comma_ no sugar from starbucks. They completely got my order wrong_comma_ it was green and frozen! 
furious,20,My cousin broke my piano when we got into a fight_comma_ which grand father gifted me when i was child. i completely lost my mind
furious,21,My cat sat on my bag right after she came out of her litter box
furious,22,A neighbor mowed over my flower bed. All of my flowers were destroyed.
furious,23,i was upset when I wasnt able to leave work early
furious,24,The government is increasing taxes again. They keep increasing taxes without explain why. Most of our taxes are stole by them.
furious,25,I am so mad at my sister in law.  She took the money my ex brother in law gave her for her kids and got herself a chest enhancement.
furious,26,I woke up and I found out that my cat had destroyed my shoes! I was SO mad
furious,27,I was going to a halloween party and sat out a bowl of candy for the kids_comma_ the first person by took the entire bowl of candy.
furious,28,I was so mad when I saw the package I ordered from online was ruined!
furious,29,I ordered $20 in Krystals the other day. It was terrible.
furious,30,I came home after a vacation and found my desk in a complete mess. I didn't want to deal with it and found out my parents were messing around in my room.
furious,31,Tired of people going 50-60 down my side street. There are kids and animals here and the police never do anything about these wreckless drivers.
furious,32,I was upset when i didnt win the lottery the other day
furious,33,When I got my test back and my professor had marked everything wrong. I clearly had the correct answers.
furious,34,I didn't get a raise at work. I think I really deserved it.
furious,35,My daughter dropeed an entire carton of eggs in the kitchen.
furious,36,MY daughter had become such a crybaby since starting school
furious,37,My girlfriend got mad at me one night and went outside . the next thing I heard was a bunch of loud noises that sounded like some one hitting metal with something I went  out the next morning and found my car eat all to pieces and the windshield beat out of it_comma_ I was steaming.
furious,38,I was so mad when my dog got my dinner off the table.
furious,39,Someone packed into my car the other day at the supermarket and put a big dent in it. I've only had the car for 10 days. 
furious,40,Someone slammed into my car and totaled it while it was parked.  I am so mad because I didn't have insurance on it yet since I just bought it. The worst timing ever!
furious,41,I still can't comprehend how GOP was able to pass the Tax Cuts at a time when federal deficit is soaring above the ceilings
furious,42,My son broke our couch
furious,43,I had a co-worker open at my jb and instead of getting anything done she spent the enitre time on the phone. When I got to work I had to do her job and my own. 
furious,44,Someone at work was working on a task with me...They had no idea how to do it right but kept attacking me for not doing it right. They could not speak or read english well so they couldn't do it well..yet I was the one being attacked??
furious,45,I feel very upset about the treatment that some people can have with their pets_comma_ this is not good_comma_
furious,46,All my money in my bank got stolen due to fraud and I am so mad...
furious,47,I'm a pretty chill guy with a lot of patience...but if there's one thing I can't stand it's a stupid person who is stubborn about their own stupidity
furious,48,i came home yesterday_comma_ i found my sofa torn up_comma_ let's say this I am not happy with my pet dog
furious,49,I have to take my car to the shop again. Someone rear ended me and my car needs body work.
furious,50,My dog died and my parents didn't tell me. It was six months ago! They are jerks!
furious,51,I am so mad at my cable company!  My internet and TV keeps going out and their technicians are incompetant!  
furious,52,My neighbors are playing loud music on a monday night
furious,53,i was so angry when i found out my girlfriend kissed a friend of mine. i felt like punching the wall
furious,54,i was mad when i saw someone hit my car
furious,55,Last night I had someone break into the house. I was so mad!
furious,56,"I can never get a good answer out of my wife where she wants to go eat and this past time it just rubbed me the wrong way. I got the standard ""I don't care"" then she didn't like where we went."
furious,57,My boss passed me over for promotion and instead went with my coworker. All he does is take credit for other people's work so he doesn't deserve it
furious,58,My neighbor just decided that while I was gone on vacation_comma_ they would dig up a tree they don't like hanging into their yard.  They dug a big hole right in my backyard!  My blood is boiling still.
furious,59,I am furious at our politicians who won't stand up to Russian hacking
furious,60,I arrived at the airport this morning a little late to fly to Japan. I discovered that the airline at given my seat away to someone else. I was only 10 minutes later!
furious,61,I went to pick up my car from the mechanic and found a huge scratch on the side!  They are saying they didn't do it!  I am so mad right now!
furious,62,I was mad when I got fired. I did nothing wrong
furious,63,I was driving on a 2 lane highway and for about 10 minutes a tuck was tailgating me_comma_ flashing his lights_comma_ and honking. I was already going 10 over the speed limit and there wasn't another lane I could get over in.
furious,64," I recently moved to a nearby city and used a local moving company to assist me. I gave full details of everything to be moved and I was quoted a ""final fee"". Once the move was completed_comma_ I was charged $400 more than the quoted rate due to ""unexpected situations"" that were beyond their control!"
furious,65,My daughter recently broke curfew by three hours!
furious,66,MY daughter just stuck a bunch of pictures on the wall after I told her not to.
furious,67,WHy are gas prices so high!
furious,68,Someone stole my phone!
furious,69,I have knee problems and a coworker don't stop making jokes the way I am walking. He making very angry each time.
furious,70,At work a coworker of mine tried to take credit for a job I had completed. I went straight to my boss and got it lined out once I found out what had happened.
furious,71,i was pissed when i saw someone left my gate open
furious,72,MY friend used my car all day today and didnt even put any gas in it. She left trash in it too
furious,73,someone cut me off in traffic today
furious,74,I went shopping and when I came out to my car someone had hit my bumper and left without saying anything.
furious,75,This weekend_comma_ a guy totally drunk has hit very badly my car.
furious,76,Today_comma_ in the subway_comma_ someone who wanted to get off at the very last minute_comma_ pushed me and made me fall. i was very angry.
furious,77,Someone spray painted my car last week.  I am so angry about it.
furious,78,Somebody stole my package I ordered! I am so mad!
furious,79,My dog pooped on my carpet. I was so mad!
furious,80,I am beyond mad!  My neighbor was mowing his lawn and my car got scratched from rocks kicked out by the mower!
furious,81,This maniac cut me off on my way to the doctor yesterday. I had to swerve around them and I wrecked into the ditch.
furious,82,My older sister stole money from me. I knew it was her_comma_ but had no proof and my parents did nothing about it.
furious,83,I ordered for French fries _comma_bit was served burger_comma_that pissed me off!
furious,84,I was so mad. My husband threw away an important document yesterday.
furious,85,My boss messed up on his work and told his superior that it was MY fault!
furious,86,Some people egged my house.
furious,87,Really sick of going through the same thing with a person who is in my life. It's making me quite angry when they lie to me.
furious,88,I put my food on fire_comma_ just to check something outside_comma_ and my food got burnt
furious,89,One time they gave me ketchup packets instead of spicy sauce. I was so mad!
furious,90,The garbage company for my town went under and left us without service.
furious,91,Someone hit my car during the night.
furious,92,I bought a car that passed the inspection with flying colors. After only a few weeks of owning it_comma_ the car needed $2000 in repairs. I was livid.
furious,93,I am so mad at my co-worker today! She had the nerve to tell our boss that I was rude to a patient_comma_ which is completely out of my character.
furious,94,I was mad the other day when i couldnt leave work on time
furious,95,my ex keeps trying to get back with me and it is making me upset now. I widh he would just move on
furious,96,I dropped off my car at the mechanic and he said it would cost $300.  I picked it up today and the bill was $3000 and he never asked if I wanted to go that high.
furious,97,I walked to work the other day because it was so nice out. I was in a great mood until I heard a loud squish. I realized I had stepped in a large pile of steaming dog mess. I was absolutely livid!
furious,98,My coworker forgot to turn in the paperwork to switch our on call weeks. He ended up costing me $250! I'm so mad!!!
furious,99,My friend borrowed my car for his driving test. When he returned it_comma_ the right door had scratches on it
furious,100,My husband stole my money out of my bank account!
furious,101,I went to traffic court thinking that my ticket would be thrown out but the judge wouldn't give me any lenience. 
furious,102,i was mad the other day when i saw someone had put a huge dent in my car door!
furious,103,I parked my car at the Walmart parking lot and someone used a cart to hit my car.
furious,104,When I got falsely accused of eating my roommate's ice cream last night_comma_ I was completely outraged! I don't even eat ice cream because I'm lactose intolerant_comma_ and she knows that!
furious,105,My dog pooped in the house the other day
furious,106,I really hate when I get accused of something I didn't do. One time my mom said I said the f word when I was younger and I didn't and it made me so upset.
furious,107,One time I took a test in calculus and I thought I aced it. Contrary to this I actually bombed it which make me really angry.
furious,108,My neighbor was walking her dog the other day who she knows is aggressive towards other female dogs.  She allowed her dog off leash to run up to my dog and they got in a fight.  Thankfully my dog was able to defend herself and come out unscathed.
furious,109,she got a job and a new car then suddenly I became unimportant. She would stay out until 3am with her new friend from work
furious,110,My dog pooped on the rug yesterday. I was so mad!
furious,111,I found a huge nail on my car's tire... horrible thing to encounter early in the mornin
furious,112,Someone stole my lawn mower. Suffice to say...I am not a happy camper. I can't stand thieves! I work hard for the things I have!
furious,113,I'm so mad at my son. He has had all summer to do his summer reading and he put it off to the last minute. School starts tomorrow and he still isn't done.
furious,114,I was so mad when my cat got out. I should have been more careful
furious,115,A few years ago_comma_ someone who I thought was a good friend accused me of a crime that I didn't commit.
furious,116,I got a ticket because I was speeding. I wasn't even going that far over the speed limit!
furious,117,I am so mad that Hillary Clinton didn't go to jail.
furious,118,MY kids eat everything thing I buy as soon as i buy it. We can never keep groceries
furious,119,I was just walking out of Taco bell. The bottom fell out of my bag and my wonderful taco bell covered the ground. 
furious,120,My mom sold my dog! we loved him.
furious,121,I went to Wendy's and the cashier overcharged me!  I was so upset about it.
furious,122,it made me mad when i saw a dent in my car door last week
furious,123,There was a lot of poop on my yard.
furious,124,I was on short term disability for a severe illness and the doctor said something that stopped my disability early and I didn't know so I had to pay back hundreds. Evil system.
furious,125,My kids recently broke a very important item of mine and it made me so angry.
furious,126,My dog pooped in my shoe today. I was so mad!
furious,127,Not wanting someone to wear the same dress as me_comma_ I flew across the country to buy my prom dress. Well_comma_ turns out Becky STILL had to copy me! I can't believe she wore the same dress!
furious,128,My supervisor took all the credit for a new client I brought in. He didn't even recognize that I was involved at all_comma_ much less that I did all the work.
furious,129,I hated group projects but when I had to work with a partner for my senior thesis and he did nothing. I was so mad_comma_ I spent weeks on it and he took most of the credit for it.
furious,130,My dog decided to chew more than a few pieces of furniture while I was at work. I have to replace all of them!
furious,131,Someone hit my mailbox last night and knocked it over. They didn't even have the guts to stop and tell me about it. 
furious,132,I was so mad when my cousin skipped my moms funeral. He lied to me
furious,133,I was on my way to work one morning.  A driver near me merged over into my lane and didn't signal
furious,134,I told my son not to drink near my computer and he did it anyway. He spilt drink on my gaming computer!
furious,135,I'm so upset. I really don't like fish_comma_ get my wife keeps serving it to me. I'm so mad!
furious,136,My bank just locked me out of my account_comma_ so now I have no way to get access to my money.  I am so mad
furious,137,After a stressful day at work I found my car's tires had been slashed! I couldn't help but scream.
furious,138,A dog spoiled my garden. It becomes mess now. I was extremely angry about it.
furious,139,Someone ran into my car while I was grocery shopping. I came out to a huge dent in my car_comma_ I was so mad.
furious,140,My ex was supposed to get our son today so I could take my daughter school shopping. He flaked.
furious,141,My dog pooped on the carpet. Never been so mad in my life.
furious,142,In a class in college an older woman straight up stole my ideas and work for an assignment.
furious,143,My apartment complex is nickel and diming me and counting off so many things wrong with the apartment to detract from my security deposit as I get set to leave after this month. I know people said to expect to never see your security deposit again_comma_ but this is ridiculous! I feel like the apartment is pretty much exactly the same!
furious,144,I came home from shopping to find my front door open.  When I walked inside_comma_ I found all of my belongings gone!
furious,145,I was pretty angry today in traffic. It just makes me mad
furious,146,My daughter took my earbuds to the mall and lost them. They are not the cheap kind
furious,147,They are repaving my street and I cant leave my house right now becasue the road is not finished. Its madening to be stuck inside and feel trapped
furious,148,My dog pooped on the rug today. I am so mad.
furious,149,I was checking out today at the grocery store and one of my items busted. It went everywhere and the cashier was so rude about it.
furious,150,A girl on Tinder was super into me and complimenting me all the time. We met up and fooled around and then a few days after she randomly stopped talking to me.
furious,151,Getting ghosted by girls is really annoying. They bait me hard and then suddenly hate me.
furious,152,My dog ate my shoes!
furious,153,I just found out that my entire family planned a beach vacation trip together and didn't include me.  I am dumbfounded and irate!
furious,154,My son always unplugs my phone while Im a sleep and lets the battery die. I am sick of it.
furious,155,Woke up this morning to find my neighbor's dog tearing up my vegetable garden!
furious,156,I got pretty mad last week when they did not spray at my apartment. I have bugs now
furious,157,My car was parked in a street spot last night and someone hit it.  They didn't leave a note or anything.  Now my insurance company is trying to tell me it's an at fault accident
furious,158,My mom took away my game system_comma_ and would not give it back ever again.
furious,159,I live in a town that has several major highways. The other day I passed an awful accident where a car was mutilated beyond recognition and it was do to the carelessness of someone speeding onto the on ramp of the highway and not watching the traffic coming as they entered it. It made me angry.
furious,160,Someone hit my car at Walmart and drove off! I'm so annoyed they didn't have the decency to leave a note or something.
furious,161,i was pissed when i saw my gate left open
furious,162,I was very angry_comma_ my boss embarrassed me for nothing
furious,163,I woke up last night and my son was peeing  in my floor!
furious,164,A guy crashed into my parked car yesterday
furious,165,I got a ticket earlier for driving 1 mile over the speed limit.  I was so angry about it.
furious,166,I was cooking a roasted chicken in the oven one time and went outside to work. I forgot to put the timer on and it came out over cooked and completely dry. had to eat something else.
furious,167,My cable company refused to send out a tech to fix my issue. Even though they admitted it was their fault.
furious,168,My roommate ate my lunch that I left in the fridge! I cannot stand that!
furious,169,One time my brother stole my Nintendo 64. I was so mad at him i went into his room and beat him up.
furious,170,i was pissed when i saw someone had put a dent in my car door
furious,171,I went to a restaurant and after I got the bill I realized that I did not have my wallet on me! The manager was yelling at me demanding me to pay before I left.
furious,172,My friend was housesitting for me and left my front door open when she checked the mail. My cat got out and was hit by a car.
furious,173,My daughter ate all of my strawberry shortcake ice cream bars. I cant believe her
furious,174,I was furious to find out that my inlaws didn't respect my house rules. My husband and I specifically told them the rules and they purposely chose to ignore them.
furious,175,it makes me so mad to see when someone hurts children.
furious,176,I had the city come out to look at my water meter.  It was broken and they said I had to pay to replace it.  
furious,177,The motorist who rides fast in the road without considering any rules. He scratched my car and didn't even stopped.
furious,178,i'm so mad at my sister because she always talks bad things about me behind my back
furious,179,I just got notice that my mortgage payment has gone up this year and i'm so mad about it.
furious,180,My mailman is the worst. 
furious,181,I am so angry my co-worker stole from me yesterday. How could they do this to me...
furious,182,I got caught by the train and it made me late for work. I was so mad.
furious,183,Found out my wife was dating someone else a year before we got married while we were dating. It's not a good day today.
furious,184,I loaned out a bike to someone who needed it to get to work. I found out later that he had stopped going to work all together_comma_ and pawned the bike for drug money.
furious,185,Someone threw a bunch of empty beer cans in  my truck bed.
furious,186,My 15 year old son took my ferrari out for a test drive and crashed it.  I only have three more of those!
furious,187,My little sister caught off a chunk of my hair when I was sleeping last night. She did it because I came up with a fun but mean nickname for her the day before. But that was way over the line! 
furious,188,Cousin carelessy broke my hammock
furious,189,I couldn't believe when I woke up the other day and was about to go to work_comma_ I saw that someone had broken in to my car. I was so mad. I had heard there had been some problems with car break-ins but I didn't think it would happen to me because we live in a nice neighborhood.
furious,190,I was so mad at my coworker.  He left for an extended work deployment and I inherited all his unfinished work.
furious,191,I was overcharged on my water bill by 200%_comma_ and I was on a really tight budget.  It turned out there was some problem in billing on their end.
furious,192,I went to the grocery store and someone stole my purse.  I am so upset about it.
furious,193,Someone stole my luch out of the refrigerator in the break room!
furious,194,i was pissed when my moviepass card didnt work
furious,195,I am so angry at myself lately.
furious,196,I didn't receive a cashback offer on purchasing the item. I contacted them but not responding. They enraged me!
furious,197,My sister in law should have never had kids.  She refuses to take care of them and let's my mother in law basically raise them while she goes out and spends all sorts of money on herself.
furious,198,For the third time in two weeks someone at work has stolen my lunch and no one will admit it.
furious,199,The doctor kept me waiting today for over an hour.  I was late to work because of him!
grateful,0,i  really have a blessed life and i am so happy
grateful,1,I had a flat tire while driving on the interstate. A nice man stopped to help me.
grateful,2,I'm thankful for the way my parents raised me.
grateful,3,Last week I lost my wallet. I retraced my steps and looked everywhere. I was going to give up when my doorbell rang and a nice lady had brought my wallet to me. I was so thankful!
grateful,4,I was on my way to work last week and I didn't notice I was so low on gas. I ended up running out of gas_comma_ and a nice man stopped and gave me enough gas to get to the station. I was so happy he stopped to help me.
grateful,5,My family threw me a suprise party and i felt so happy!
grateful,6,We recently went camping for a week.  Being around my family made me focus on what matters in life.
grateful,7,to be a parent_comma_ to have my daughter. 
grateful,8,i am thankful for my supportive family
grateful,9,My mom is always cooking meals and inviting me over to her home to eat even after I've been married and already moved out. It's such a nice gesture and makes me feel great.
grateful,10,My car broke down a few weeks ago and my friend has been giving me rides to and from work lately.
grateful,11,My car broke down and my husband left work to come get me. I was so glad he came through for me.
grateful,12,I am glad I got over my fear of trying new foods. I found a whole worl d of goodies.
grateful,13,I am so fortunate to have a great mother.
grateful,14,My coworkers threw me a birthday party.  I am so thankful for that.
grateful,15,I am so happy I have kids. I was a wild child and they calmed me down.
grateful,16,I was unable to make my full rent this month. Thankfully_comma_ my dad came to the rescue and loaned me the money!
grateful,17,I am so lucky to have someone like my fiancee. She does everything for me.
grateful,18,When my father died i thought me and my mom were alone. But there was a huge amount of support.
grateful,19,My really close friend lost her parents and siblings in a fire and consoling her about the incident just made me realize how thankful I should be each day for the family I'm blessed with. 
grateful,20,I sometimes feel so blessed that I had happy healthy children. Some parents are so lucky
grateful,21,I was jobless but recently I found a job. I will be able pay my bills and avoid be evicted from my appartment.
grateful,22,I had a bad day at work and my girlfriend made me my favorite dinner. I am so happy she is my girlfriend
grateful,23,I survived cancer and I'm thankful
grateful,24,I'm very thankful to my family for always being there for me.
grateful,25,When I was 18 year old and already on my own_comma_ my dad still helped me pay for half of an old pickup truck so I could get around. I still drive that truck today and I'm 30 years old.
grateful,26,I lost my wallet the other day. My neighbor returned it. I was so thankful.
grateful,27,I am pleased that I got to meet Donald Trump.
grateful,28,I left an abusive relationship. My best friend took me in.
grateful,29,my grandmother took care of me my whole life.
grateful,30,I'm grateful for a roof over my head.
grateful,31,i am so thankful for my wife. she treats me great.
grateful,32,I got a flat tire at work and a coworker fixed it for me. I was very thankful.
grateful,33,I am so lucky to have my kids. They are gonna take care of me one day.
grateful,34,I am so happy to have 3 healthy children.
grateful,35,My brother is a math wizard. I was taking a math class that I found really tough. He tutored me through the whole semester and I got a great final grade. I really appreciate his efforts!
grateful,36,After years of trying to get back on my feet.  My family and I are finally moving into a house we will own.
grateful,37,when my health issues resolved
grateful,38,I am blessed to be able to go New York City for Christmas.
grateful,39,I was in line paying for groceries when I found out I was $4 short. Someone behind me volunteered to pay the rest for me.
grateful,40,I can't believe that I have such kind parents
grateful,41,My sister came to stay with us when we had our first child.  She spent a week here with us helping out.
grateful,42,I had my yearly evaluation and it went really well. They even gave me a raise. It was very nice of them to do that.
grateful,43,My car broke down on the way to work yesterday. Luckily my mom was able to come get me and take me to work. She even dealt with getting my car into the shop for me.
grateful,44,We sold our house a year ago and moved to a new one. We are very thankful for all the help our families provided.
grateful,45,I am happy with my life now_comma_ I have a good girlfriend and friend group
grateful,46,I am so relieved that president Trump won the election.
grateful,47,My mother is an awesome mom!
grateful,48,I have been thinking that I really love my mother. She does her best to still provide for me to this day.
grateful,49,My dad bought me my first car!
grateful,50,i play in a band and i recently was on a concert and played to the most appreciative audience ever
grateful,51,I really needed some help to get ready for my Moms birthday. I was so thankful that my nieces came to the rescue.
grateful,52,I went in to labor unexpectedly one day_comma_ and I didn't have any transportation to the hospital because it was 3 o'clock in the morning. I called a friend and she was willing to take me to the hospital even though we hadn't even spoke in a long time. It was the biggest help/
grateful,53,My friend bought me lunch
grateful,54,I am very thankful to be alive today
grateful,55,My friend lost her job. But because she doesn't have any debt_comma_ she can pretty much work McDonalds and still be okay.
grateful,56,I am so glad I woke up every day.
grateful,57,I'm so glad the kids went back to school today!
grateful,58,I am so happy my kids still love school. It makes it so easy in the morning
grateful,59,It's always nice to know that I have such good friends to help me when I feel down. It's truly wonderful to know you have people to turn to
grateful,60,Thinking about how bad people's lives are in this world makes me very thankful for having a supporting family growing up.
grateful,61,I've been having some financial problems lately and my family has helped a lot. I appreciate their help a lot.
grateful,62,I am so appreciative of how tight knit me and my friends are as a group. It really helps
grateful,63,My parents lent me money for a car repair
grateful,64,I was sick recently and my mother made me some chicken noodle soup_comma_ so glad I have someone like her around.
grateful,65,I feel thankful for my vehicle
grateful,66,I was so hungry and broke. My mother loaned me 20 dollars and I am very thankful.
grateful,67,I'm so glad I'm near a Taco Bell and Chipotle.
grateful,68,Had a little bit of a hospital stay to have routine surgery. A co-worker came to visit me while I was there_comma_ which surprised me. Kinda nice to see something unexpected like that_comma_ for people to show they care.
grateful,69,My friend helped me move last summer
grateful,70,I am so glad I get to see my cousins this weekend. 
grateful,71,I am thankful i got that job last week
grateful,72,When my mom went out of her way to get me an awesome gift.
grateful,73,Man I woke up feeling great today.  And I'm just thankful for my mental and physical health in general.  I'm the best I've been in a while
grateful,74,A violent windstorm whipped through my town and downed a tree in my yard_comma_ along with a lot of other debris. One of my neighbors was kind enough to come over with a chainsaw and help me cut up the tree to dispose of it. Then he helped me rake up all the other debris.  I didn't even ask but was very appreciative of his help.
grateful,75,My mother in law recently sent a great feast by way of my wife_comma_ and I am very thankful for that.
grateful,76,I needed to fill out a form but didn't have a pen. I was in a car garage returning a rental car.
grateful,77,Without my karate classes i would get beat up every day.
grateful,78,Super happy I had some funds to today to get some new clothes! Well sort of new_comma_ new from the thrift is my favorite way to go :) Best brands and 80% off.
grateful,79,There was a chance that it could rain on the day my best friends and I went camping. I'm so thankful that it didn't_comma_ because we made a lot of nice memories during our trip.
grateful,80,I saw a homeless man sweating in the sun the other day and it made me thankful for what I have.
grateful,81,to have a roof over my head. 
grateful,82,My grandma went out of her way to print out some old photos to send me.
grateful,83,I remember one time I didn't bring any cash to pay for a metro ride_comma_ and some girl just paid for me not asking anything in return.
grateful,84,My wife is the greatest person in my life.  I am so thankful to have her.
grateful,85,I am glad I can afford a little of want I want. One day I will be able to have it all
grateful,86,My oldest child needed braces and her health insurance would not cover is. The cost was close to 4000 dollars. My aunt paid half of it for us and didn't ask for any of the money back_comma_ just because she knew we needed the help.
grateful,87,Mother has done will
grateful,88,My neighbor returned my wallet today. I was so thankful.
grateful,89,i really appreciated all the effort my friends put into my birthday
grateful,90,I was being robbed but a policeman stopped him.  I am very thankful of him.
grateful,91,I am so happy my ex and I had a clean break. We are still friends.
grateful,92,I'm grateful for having such a wonderful son
grateful,93,I was thankful when my grandmother gave me money for graduation. It was sweet
grateful,94,My husband and I made the decision that I would stay home with our kids.  I'm so thankful to him for working so hard to allow me to be able to do that and homeschool them.
grateful,95,On my birthday my parents give me a decent sized check. It helps pay for bills and debt_comma_ I am so appreciative of it
grateful,96,I am so thankful for all the help I recevied after my mom passed away.
grateful,97,One time a person offered to drive me home when it was raining outside
grateful,98,Having a healthy baby.
grateful,99,My partner presented me with a gift for my birthday. It was a watch.
grateful,100,My husband and I have been able to finally get a bit of savings and financial security. I'm so appreciative that we can have that_comma_ as many can't.
grateful,101,My car ran out of gas on the side of the road near my house as I was going to work that morning. I called a friend and he came by to give my car some gas despite also having work that day.
grateful,102,I am grateful that I have a place where I can rescue animals and not have a landlord
grateful,103,It was a gorgeous morning today_comma_ the sun was shining as I walked my dogs and I'm still on summer holdiays. 
grateful,104,I feel very blessed that I have been able to live around the world my whole life. Now I am settled in one place for awhile.
grateful,105,My wife bought me a new watch for my birthday! She is such a sweetheart.
grateful,106,I won a contest at my job for a free dinner for two! So happy
grateful,107,I feel grateful that I have so much in my life. I have a nice apartment with so many useful items.
grateful,108,I feel so wonderful and blessed to have an amazing girlfriend. She is very understanding_comma_ like one time i was sick and she made me soup from scratch and a tea to help my throat.
grateful,109,My car broke down recently_comma_ but my roommate came by and got me. I was so glad.
grateful,110,I was thankful I got to go on mission trips in high school.
grateful,111,I am so happy all my family lives close by.
grateful,112,Everyone in my Calc class was stressed out over an exam. A few days before the test_comma_ a class mate announced she had made a study guide and would be glad to e-mail anyone a copy. It was because of her that I got a B.
grateful,113,I have amazing friends. One of them drove me to the airport
grateful,114,when we were struggling financially our church gave us some food and 50$. 
grateful,115,I was happy when I found my dog
grateful,116,Even though I'm not rich yet I wake up every day with gratitude in living life on my own terms
grateful,117,Never thought i could merit the honorary doctorate award given to me by my alumni 
grateful,118,My spilled soda on my laptop. After a day of not using my laptop_comma_ thank god it turned back on.
grateful,119,I'm grateful for my community.  It's very tight nit and friendly_comma_ always looking out for each other!
grateful,120,I lost my wallet and someone found it and returned it to me.  I am so thankful for that person.
grateful,121,Im so happy my life is finally coming together. 
grateful,122,My mom home schooled me basically through my entire education besides college_comma_ since she knew it would be better for me.
grateful,123,My son's preschool was so awesome! I could always count on them to watch him extra when I needed it.
grateful,124,My girlfriend bought me a new phone.  I am so thankful of her.
grateful,125,I had food_comma_ water_comma_ and a place to sleep today. I am so thankful.
grateful,126,My mom recently completed radiation and surgery for breast cancer. I'm so thankful she had great doctors.
grateful,127,My mom is so great_comma_ cleaning my house for me.
grateful,128,My friend bought me dinner tonight. I was very thankful
grateful,129,I am so glad I have my brother. He's great to talk to
grateful,130,My sister n law washed my clothes today for me. It was a nice gesture
grateful,131,I have an wonderful husband and two precious kids.  They are everything to me.
grateful,132,I am so thankful to come home to a nice clean home 
grateful,133,My english teacher made sure I was going to pass.
grateful,134,My husband drove 30 hours to get us a new puppy last weekend. He knew it was the puppy of my dreams. I was so thankful that he sacrificed his entire weekend for me!
grateful,135,I am so thankful for the sun. It gives us sunlight for food_comma_ warmth_comma_ and so much more
grateful,136,My family is helping out with the money for my marriage ceremony!
grateful,137,I'm thankful for my old elementary school principal.  Hope she's doing well wherever she is.  She saved me from drowning when I was in 1st grade
grateful,138,Life has been kind to me. I am thankful
grateful,139,I am feeling this way towards my husband because all that he does for me.
grateful,140,I am so happy that I passed my college course. There was a 3 point curve that made it possible.
grateful,141,When I see very old people I feel very fortunate that I'm still young.
grateful,142,without the financial support of my mother i would be on the streets
grateful,143,I'm so glad that it's Friday_comma_ get to spend the weekend with my family!
grateful,144,Recently I've been a little stressed out because my toddler son has had such an attitude. My daughter is only 9 months so it's hard to deal with him being mad all the time as well as my daughter who has been sick. I asked my mother-in-law if she would watch my son for an overnight and she agreed. I felt so thankful to get a little break!
grateful,145,I am so thankful for my time with my grandma
grateful,146,I'm very appreciative of my family structure. They care about me a lot.
grateful,147,My son made me breakfast in bed today.
grateful,148,My boss finally noticed my hard work and gave me a pay raise! I'm so happy_comma_ I can finally take my family on a vacation this winter.
grateful,149,family reunions
grateful,150,My a/c broke the other day_comma_ but luckily my dad is the manliest man there is_comma_ and knew exactly how to fix it.
grateful,151,I am so happy that I found decent work this summer
grateful,152,I got pulled over by the police earlier.  I am so thankful he didn't give me a ticket.
grateful,153,I realized that we are more financially stable than we've ever been. It really feels good plus we're still moving forward.
grateful,154,There was a time when I was having financial difficulties. Someone gave me some money and food to eat.
grateful,155,The storm narrowly missed my neighborhood. 
grateful,156,I was covered for the car wreck i had
grateful,157,My friend returned my wallet yesterday. I was so thankful.
grateful,158,My grandfather invited me over and made us an awesome dinner today.
grateful,159,without the help of my friends I would still be depressed.
grateful,160,I was taking a trip where I had a ticket for a late bus back home but I was already ready to leave. There was an earlier bus which was supposed to be full. I still asked the driver of the earlier bus if there was any possibility of me boarding. Much to my delight I was able to board and get home much earlier than I was expecting.
grateful,161,I am thankful for my neighbors 
grateful,162,I got tipped at work yesterday.
grateful,163,Someone found my wallet and returned to the customer service at the supermarket. All my money was still there.
grateful,164,I was having such a hard day and I was so thankful for my husband coming home to help out with the kids.
grateful,165,my friend helped me move the other day
grateful,166,to wake up every morning 
grateful,167,I am so glad to still have both of my parents. I still act like a baby when things don't work out for me.
grateful,168,The other day i almost got in a wreck and barely got out of it.
grateful,169, I am pretty thankful to live close to my sister
grateful,170,I watched the UFC fights last night with friends.  It had been some time since we last hung out.
grateful,171,My family cosigned my mortgage loan_comma_ because my credit wasn't good enough.
grateful,172,There are too many thing in life we take for granted.
grateful,173,I was so sad the other day but my friend cheered me up.  I am so thankful for him.
grateful,174,I had to dog-watch my neighbors dogs this weekend. It was really easy_comma_ and I stayed at her house during the day since she was out of town_comma_ and it was peaceful and let me get work done. When she came back_comma_ she gave me $100! I would have done it for free. She's too nice.
grateful,175,The food was done on time this week.
grateful,176,My boss is really great. They have been a great mentor and friend to me!
grateful,177,I am happy to have an old friend that understands me.
grateful,178,I am appreciative of my family_comma_ although sometimes they really get on my last nerve
grateful,179,I love that I can see my friend more now
grateful,180,i was really lucky when my cancer got cured not many people can say that and i feel very lucky
grateful,181,I was trying to by a house_comma_ but I did not have enough credit history to get approved. My dad offered to cosign for me.
grateful,182,I had a friend come to my house. They helped me to find my favorite workout shoe!
grateful,183,I was waiting for the bus this morning to go to work and realized I didn't have any change. Someone offered to pay for my bus fair.
grateful,184,My neighbor grabbed my dog that was running in the street.  I am very thankful they did that.
grateful,185,One time a lady just randomly paid for my coffee as she was in line ahead of me.
grateful,186,i am so thankful for my family.  they are the best!
grateful,187,I'm so happy_comma_ my husband was offered a better paying job in his hometown. We move in November.
grateful,188,I'm really glad I have the family I do.
grateful,189,I became a dad today. 
grateful,190,I'm thankful for my job.  I've got full autonomy of time.
grateful,191,Thank goodness August is here. July was too hot for me to stand
grateful,192,I was in a bad mood but my friend cheered me up.
grateful,193,Looks like I have 2 million things to be thankful for 
grateful,194,I just got a bonus from my job. That money came at the perfect time!
grateful,195,It was the day for me to move and my family came over to help
grateful,196,My daughter needed a computer for school.  My dad ended up giving her a Surface Pro.
grateful,197,My little grandson just came home from the hospital. He was born several week premature and weighed under 2 pounds but now he is doing well and we are so thankful everything is ok.
grateful,198,My friends set me up a huge surprise party for my birthday.
grateful,199,I was so tired last Saturday_comma_ my friend came to my house and helped me with my chores_comma_ I was very happy
hopeful,0,I recently felt hopeful about my chances to complete college. I have a great GPA and I see the light at the end of the tunnel.
hopeful,1,I bought 10 tickets for a local lottery to win a new car. There are not many tickets sold_comma_ so I am really hoping that I will win!
hopeful,2,My husband and I are going to couples counseling. I am really positive that we can fix things and be happy.
hopeful,3,I wrote my exams well and waiting for the good results. 
hopeful,4,I've been working out now for 2 months and I just started losing weight. I'm now hopeful that it's all worth it.
hopeful,5,It tells that tomorrow will be better
hopeful,6,when i was waiting to hear back from the bank for my preapproval to buy a home 
hopeful,7,There is a man I love so much_comma_ but I only know him through internet. I live in Canada and he is from Nigeria. But I have faith we will meet soon and get married.
hopeful,8,i really want to see what my husband and i will accomplish by the end of the year
hopeful,9,im hoping to win the lottery tonight
hopeful,10,for the next few weeks
hopeful,11,When I missed up a hit_comma_ but was told I could redo it to reverse the rejection.
hopeful,12,i hope i win the lottery
hopeful,13,I just got a new manager at work. She is really young but seems to be full of good ideals.
hopeful,14,I graduated and was very excited for the future.
hopeful,15,Our country is in very racially intervened turmoil driven by political parties. I am optimistic we will solve it over time
hopeful,16,I am confident the democrats will bet Trump in november.
hopeful,17,I need to get a job with real benefits soon_comma_ I'm very optimistic for the future.
hopeful,18,Even when it has been a rough year_comma_ I am now feeling that things are beginning to go my way and that the future will be much better.
hopeful,19,I'm hopeful for America's future. I feel like we will soon all come together as one!
hopeful,20,when i moved to new york after getting a new job_comma_ i was looking forward to my new life.. i was feeling good about that change
hopeful,21,I hope I do well in school
hopeful,22,I passed all my college engineering classes and think I will do even better next semester.
hopeful,23,Got a box of ramen. Should last me through the week.
hopeful,24,I had just applied to a few of my dream schools. Harvard and Yale would be the best.
hopeful,25,I have a promotion coming up in the next few weeks. I am hopeful that I will get a raise
hopeful,26,i am hoping to go to hawaii next year!
hopeful,27,I really really would like to make a good grade on my midterm exam this week. It's my first graduate level course_comma_ so I need to be on point.
hopeful,28,I'm going back to school to become a chef.
hopeful,29,Recently my son got very good news from his cardiologist. We can finally start planning for his future.
hopeful,30,Nephew plays football.  I hope he does great this year!
hopeful,31,I really pray my Christmas bonus comes in this year.
hopeful,32,"Have to go to the doctor tomorrow to see if I have strep throat. I hate when they have to swab the back of your mouth to ""make sure"" that it's strep so they can treat you. Really hoping to avoid that this time around."
hopeful,33,I wanted to hold out and see if I got a bonus. The bonus would allow me and my family to take a vacation
hopeful,34,When I save up enough money_comma_ I desire to run my own guest-house one day.
hopeful,35,I applied for a job last week
hopeful,36,how do you feel about the world?
hopeful,37,I working to save enough money to take my wife on a vacation to Vermont next year. I hope I can save enough.
hopeful,38, I am hoping to win the lottery today and quit my job!
hopeful,39,I think this semester is going to go well. I am prepared.
hopeful,40,I felt like the future was looking bright when I got my lisence
hopeful,41,I like the things the president has done so far. I would like to see the country continue to grow and get better!
hopeful,42,My friend lost her cat on Monday. We called the shelter_comma_ and they say they might have a cat that matches our description.
hopeful,43,I got a call about job with a good company that is in my line of work.
hopeful,44,I have done everything I can to stop my girlfriend from eating junking food. I am looking forward to her trimming down
hopeful,45,Back in freshman year of college_comma_ I really wanted to room with my brother even though he was not a freshman but a sophomore. I was really rooting for that to happen but instead I got roomed with some random guy.
hopeful,46,I applied for a job one time where I was one of 4 people being considered for it and had to wait a week to find out if I got it.
hopeful,47,Made kimchi for the first time. Can't wait to see how it turns out.
hopeful,48,I had a date yesterday with a girl i met in our college campus. I think it went very good as i was expecting
hopeful,49,We order Chinese food last night. The order was completely wrong!
hopeful,50,I hope to find a new job this week
hopeful,51,I hope I will be able to afford a vacation during Christmas break for my kids
hopeful,52,I just made enough money to give myself a vacation. i feel great about myself.
hopeful,53,I went on four job interviews last week. I have a good feeling I will get an offer soon.
hopeful,54,I applied for a new position at work_comma_ similar to mine but better pay. I think my interview went well.
hopeful,55,I recently applied for a job at a new company. Getting this job would but such a step up for me and my family. It would really be great if I got it.
hopeful,56,i have hope for the future
hopeful,57,I had a great job interview the other day. Im really feeling good about how it went.
hopeful,58,moving forward from a dark situation
hopeful,59,I bought a lottery ticket last thursday.
hopeful,60,My wife is trying to get a job at the hospital. She will find out if she gets in this week_comma_ fingers crossed.
hopeful,61,I'm starting an internship in the next couple of weeks_comma_ I'm excited!
hopeful,62,I have a medical exam soon and I am just praying that everything will check out okay.
hopeful,63,There was an expensive vase that I accidentally tipped over. I swept up the debris before my mom could see it.
hopeful,64,I keep thinking about the future_comma_ and what I've accomplised to be here so far. I look forward to the adventures I have.
hopeful,65,I applied for a new job.... can't wait to hear back
hopeful,66,i was really banking on getting this job last week
hopeful,67,When I got my promotion at work to a supervisory role_comma_ I was nervous till I got the news.
hopeful,68,I have to take a physical soon_comma_ and I haven't been to the doctor in ages! 
hopeful,69,I entered a writing contest. I knew it would be wonderful if i won. I really wanted to win and thought I might have a good chance. I was excited about it. 
hopeful,70,I had confidence the Falcons would win_comma_ man was I wrong.
hopeful,71,My wife just started a new job.  I'm hoping that she does really well and we'll be able to have some fun.
hopeful,72,I'm looking forward to my finances becoming a bit better early next year.
hopeful,73,I'm moving out of state with my boyfriend in a month or so for a new start! I am very optimistic about it!
hopeful,74,I'm looking forward to next year when my finances will be so much better.
hopeful,75,I am hoping the Eagles can win it all again this season!
hopeful,76,Waiting to get my final marks back_comma_ I thought I did go.
hopeful,77,I am feeling this way while applying to graduate school. I really need to get in.
hopeful,78,I know my credit isn't the best_comma_ but I think I have enough of a down payment for this house to get a reasonable loan.
hopeful,79,I am confident Donald Trump will Make America Great Again.
hopeful,80,The 4.1% US GDP growth for this year was unbelievable. The economy will do even better in the coming years
hopeful,81,I did an interview yesterday. I presented myself in a better way also the interviewer appreciated me. I just waiting for the results now.
hopeful,82,There has been this sinkhole in my yard since the hurricane hit last year and it is the cities responsibility to take care of it. I called it in about a week after the hurricane and it is almost a year since then. Yesterday someone came out and marked it with flags and Im certain that means they will begin to work on it soon. 
hopeful,83,My son left 2 weeks ago for AIT for the Army. I am very optimistic that he will pass and have a great career in the military
hopeful,84,Was really believing to get enough money this weekend 
hopeful,85,My wife is getting checked at the hospital. We might be getting good news!
hopeful,86,After my wife left me_comma_ i've been trying to better myself and have a prosperous future. I'm looking to make positive changes and am optimistic about the future.
hopeful,87,I am looking forward to this weekend. I am hoping that GOOD positive things will happen. I don't feel so great so it would be nice if this weekend had good things in it :)
hopeful,88,I think I will get my debt paid off sooner.
hopeful,89,I'm staying positive about this business scheme.  I'm sure my friend will come around_comma_ he just needs some good convincing
hopeful,90,I feel joyful from my relationship with my partner. The joy radiates from how well we mesh together and always see eye to eye.
hopeful,91,Whenever I see a newborn baby I always think about how I wish their life will be happy and long.
hopeful,92,I am hoping to win the lottery this week!
hopeful,93,I need a raise from my job. I am waiting for one in the next review. 
hopeful,94,I just applied for a promotion_comma_ and I should earn at least 10k more.
hopeful,95,I feel like I'm getting sick.... 
hopeful,96,My firends mom has cancer and we are not sure how long she has
hopeful,97,I am hopeful that my new degree will land me a better job
hopeful,98,When I thought I had breast cancer. I was trying to tell myself everything would be okay. 
hopeful,99,MMA shows tomorrow night
hopeful,100,I hope I find a new job this week
hopeful,101,My dad is throwing a big party. He wants me to fly up and be there. I really want to go.
hopeful,102,I am proposing tomorrow!
hopeful,103,One time I studied all week for my final exam! I think I can pass now!
hopeful,104,I should hear this week whether or not I was accepted into law school  I hope to start in the spring.
hopeful,105,My husband went to a job fair today and got tons of offers! He gets out of military in November. Ready for a new start in a new town
hopeful,106,I just broke my finger_comma_ and I have a golf tournament coming up.
hopeful,107,I pray I make the soccer team this season.
hopeful,108,When applying to my favorite university. I have one shot at it.
hopeful,109,I sent my daughter school shopping with her friends for the first time. I think she is going to do well without mommy
hopeful,110,I was hopeful when the raptors got khawi leonard
hopeful,111,This chick came over to my place and left me high and dry....I'm pretty optimistic though_comma_ she texts me every single night
hopeful,112,I feel very optimistic about where my life is headed
hopeful,113,My husbands open heart surgery for Monday was postponed. We have to deal with Kidney related issues now.
hopeful,114,After I applied for a job and had an interview_comma_ I was hopeful that I would get an offer as I really wanted the job.
hopeful,115,After dropping out of college 6 years ago_comma_ I decided to go back this year
hopeful,116,I have hope for the human race even though its in its nature to destroy itself.
hopeful,117,I felt that the future looked bright after I found my first job
hopeful,118,I just moved to a new city. i am looking forward to having a new start. 
hopeful,119,I was hoping my brother would come home this week. He still might
hopeful,120,I'm pretty optimistic about my future
hopeful,121,I have been making goals each week for earning money.  I'm hoping to save enough to start renovations on my house.
hopeful,122,I just had a great job interview. I think I might get this job. I really want it.
hopeful,123,I am trying to find a new job this week
hopeful,124,I just applied for a new job! It is a job that I have always wanted.
hopeful,125,I am hopeful that I would be rich someday
hopeful,126,I'm so ready for the weekend. I'm optimistic that it will be a great and restful weekend!
hopeful,127,I'll be giving my first speech in a long time next weekend.
hopeful,128,One day is ... One more day of learning_comma_ one more day to smile_comma_ one more day to give a hug_comma_ a day to make someone happy
hopeful,129,I am finally getting paid enough at work to start saving for my retirement.  My future is finally looking good!
hopeful,130,I was waiting to hear back about a job interview I went on.
hopeful,131,I really hope my parents make it to my home ok_comma_ they live 3 hours away.
hopeful,132,applying for a new job
hopeful,133,My daughter started high school this week.  I hope she finishes the year on the honor roll.
hopeful,134,I just want my husband to get a ob
hopeful,135,My dog is having surgery on his leg.  I have faith he will recover.
hopeful,136,I have my work evaluation coming up. I feel that I have been doing a good job so I hope for good scores.
hopeful,137,I was awaiting my college entrance letters.
hopeful,138,I am looking forward to hearing from my mother about her last cancer check.
hopeful,139,Maybe one day i'll make enough for my family.
hopeful,140,When I finished my math test_comma_ I felt like I did well enough to get an A!
hopeful,141,I am hopeful that I will win my ebay bid
hopeful,142,I just put an offer in on a new house and I am waiting back for an answer on whether or not its mine.
hopeful,143,I am going back to school this month and I always drop classes but I am positive to stay on track this time around to get my degree.
hopeful,144,I didn't do too well on an assignment but i still felt like i could improve my grade for the final exam
hopeful,145,im hoping to win the lottery this weekend
hopeful,146,My mother is sick in the hospital. I am optimistic she will make it through
hopeful,147,A turtle that came to my friend's yard 2 days ago is now missing.
hopeful,148,I pray for better days.
hopeful,149,Some time ago_comma_ I interviewed for a new job. It would've been a huge pay increase and something interesting to do so I really wanted the job. The interview went well and I waited for the employer to call me back.
hopeful,150,i really hoped my mom would get her job the other day
hopeful,151,I applied for a new job at a law firm. I really really need to get this job.
hopeful,152,My first baby is on the way. I'm going to make sure they have a great life.
hopeful,153,i want it to rain
hopeful,154,My wife and I just put a bid on a house we really want!  We are fairly optimistic that we will get it!
hopeful,155,I'm meeting a girl for a date at the zoo this afternoon.
hopeful,156,I was just dumped and before she did I was really thinking that it would work out. It really didn't but I just wish that things did.
hopeful,157,I am hopeful that good things come to those who wait. I have messed up a lot with relationships in my life..picking the wrong people so I am happier to wait until it is right and I can trust someone.
hopeful,158,I bought a ticket where I have a 1/500 chance of winning a car
hopeful,159,im feeling positive oi got the job. it would really help me out a lot.
hopeful,160,I injured my hip a while back and am having to learn to walk again. I love to play golf and am keeping my fingers crossed I'll be able to play again.
hopeful,161,I got a new job that pays a lot more than my previous one. I should be able to pay off my home sooner now.
hopeful,162,I am very hopeful that I will be able to win the lottery this week
hopeful,163,I've applied for several new jobs_comma_ and I'm hoping at least one of them ends up working out for me.
hopeful,164,My mother is trying to get a good job and we are praying she gets through and they give it to her.
hopeful,165,I found a real estate lady who said she could sell my house fairly quickly. 
hopeful,166,I sent a bid for a construction project
hopeful,167,I am looking forward to seeing my daughters growing up in the future.
hopeful,168,We are having lay offs at my job. I dont want to be let go but it happens
hopeful,169,I am sure I will be able to handle having twins.
hopeful,170,I'm pretty hopeful this year in my college football team to do really well. Go Buckeyes!
hopeful,171,my son went for his first day of kindergarten. He likes it so far so thats good.
hopeful,172,I talked with my student adviser the other day. I didnt realize I only had 7 months until I graduate and start my new career.
hopeful,173,I am feeling this way in hopes that I get into grad school.
hopeful,174,im hoping to win the lottery tomorrow!
hopeful,175,I am feeling more positive about the future today. I am really trying to hold on to that feeling no matter what. It's hard!
hopeful,176,I meeting with my boss tommorrow. I really am praying for a raise!
hopeful,177,I'm working hard to pay off all my debts.
hopeful,178,It has been raining a lot lately_comma_ I am really trusting the seal on our doors to keep the water out. 
hopeful,179,I often feel jealous of my friend
hopeful,180,This summer heat is almost over!
hopeful,181,The time I applied to become a manager at burger king. I have what it takes.
hopeful,182,i know ill make it this time
hopeful,183,i'm going to the doctor on thursday i'm very worried
hopeful,184,I felt good after I got some medicine today. It felt like I was going to get better
hopeful,185,I haven't seen my best friend in a long time. She's supposed to be coming next week_comma_ but may not be able to come. I hope she can_comma_ though.
hopeful,186,Ive been talking to this girl that I like.  Im going to ask her out on a date tonight.  I think she'll say yes
hopeful,187,I want to do well in my next exams
hopeful,188,I bought 5 lottery tickets today. I am positive for the future because I think I will win.
hopeful,189,I have had bad luck in the past with cars but I know its about to turn around
hopeful,190,i am trust my project and it's gonna do well
hopeful,191,When it was storming before going to the beach.
hopeful,192,I just applied for a new job.  After the interview_comma_ I'm very optimistic that I will get the position
hopeful,193,i hope i win the lottery this week!
hopeful,194,when you expect more you have been disapponted more
hopeful,195,I submitted a proposal to an agent. I really wanted her to like my work and take me as a client. 
hopeful,196,I am waiting for my medical tests to come back. I am confident they will come back okay.
hopeful,197,I did really well this quarter at work. I should be getting a bonus because of exceeding my goals.
hopeful,198,I really hope i got the job i applied for
hopeful,199,I recently felt hopeful towards my chances with a dating prospect. I hope that she likes me_comma_ and I think she is giving me more and more thought as time goes by.
lonely,0,My wife is off to her mom's_comma_ stuck alone at my home!!
lonely,1,Is it bad to enjoy solitude_comma_ because I am enjoying it.
lonely,2,I don't have many friends where I live_comma_ so I feel a bit down.
lonely,3,My best friend recently moved to another state and I haven't seen her in a while
lonely,4,My sister used to live in the apartment next door but she moved away. I don't have any friends over here.
lonely,5,I live by myself and it gets so boring.  Just me and my dog.
lonely,6,My son is going to college in a couple of days and I'm sure the house will be a lot quieter without him.. I think the empty nest feeling is inevitable 
lonely,7, I was transferred to a new city. I did not know what to do on the weekends. I didn't have any friends or family. All my co-workers were married and lived in the suburbs.
lonely,8,Alone in a car
lonely,9,I went to the movies by myself yesterday. I have no friends.
lonely,10,I feel so lonely because I have no friends
lonely,11,I've been spending too much time alone lately.
lonely,12,I remember rushing  home to watch Passions after school. We would all talk about it it homeroom the next day.
lonely,13,I usually spend Saturdays with my parents since my Fiance works most Saturdays. Football season is coming up and my parents always get season tickets to the football games on Saturdays. It is really going to stink not having anything to do once that starts up again. I get to go to some of the games but the ones I dont get to go to I spend alone.  
lonely,14,my baby is not home today
lonely,15,It can be boring not to have a romantic kind of relationship.
lonely,16,I felt like I didn't have many friends when I didn't get invited to someone's cookout.
lonely,17,I have severe social anxiety and don't have any friends.
lonely,18,lonely: she left for 3 weeks
lonely,19,I recently moved to a very small town. It's been really difficult finding friends and making connections.
lonely,20,I get to feeling alone sometimes throughout the week. I wish I had a girlfriend
lonely,21,One time my family went out to vacation and I was home alone with no friends
lonely,22,My dog died_comma_ now im alone in my home. 
lonely,23,My friends went to dinner without me.  I thought they'd call for sure
lonely,24,My dog passed away last week from old age and I've been really missing him. I don't think I can ever have another pet.
lonely,25,I have felt lonely recently because I never go out and have no friends
lonely,26,My close friend whom i know for years and lived in the same city which we used to meet regularly for coffee or for having fun time_comma_ is moving away to different state for a job offer he got. I don't know what i will do by myself only
lonely,27,I miss living in the city. Everyone is so far now since I moved.
lonely,28, I had to go out of town by myself for three weeks. It was hard not being able to talk to anyone I knew. 
lonely,29,There are times when I feel like getting a girlfriend_comma_ but than I remember how nice it is to be by myself. 
lonely,30,I feel alone tonight! It's hard to put your foot down and give tough love. But it's necessary!
lonely,31,My husband is out of town for work. This sucks
lonely,32,When i was younger i didn't have many friends. Would just sit at my computer and was afraid to make friends. Was okay at time but just never felt good.
lonely,33,I went to the park yesterday all by myself. I felt so lonely.
lonely,34,I moved into a new town recently but don't know anyone here yet to hang out with.
lonely,35,I went through a divorce_comma_ I had to leave my husband and daughter behind. It broke my heart and I felt so alone.
lonely,36,My family had to go to a funeral out of state this week.  I hate being alone.
lonely,37,It was a hard weekend! I had lots of bouts of loneliness that punched me in the gut! 
lonely,38,i felt all alone the other day when my dog ran away
lonely,39,I have nobody to share the joys of my life with
lonely,40,I situation in which I felt alone was when my partner left me.
lonely,41,Last weekend I wanted to spend time with some friends. But everyone I contcted was busy. I eneded up spending the whole weekend alone.
lonely,42,when my wife left me a year ago i went a little stir crazy. it was so silent in the house_comma_ i had to get out and make new friends.
lonely,43,I was on a trip to a heavy metal festival in Las Vegas. While there_comma_ my girlfriend broke up with me_comma_ and we were still staying in the same room.
lonely,44,moving to a new town not knowing anyone
lonely,45,I moved to a new city. I have no friends here.
lonely,46,My husband is gone on a business trip. I miss him a lot.
lonely,47,I have been single for 10 years.
lonely,48,I remember the time when my grandfather died and caused a family feud. It made my life quite alone_comma_ with no one I can relate to because I was young. 
lonely,49,Me and my girlfriend broke up.
lonely,50,I wish I had friends.
lonely,51,I just moved to a new state for work and haven't made many friends yet.
lonely,52,i miss my familly so much
lonely,53,I spent a lot of time by myself as a child.
lonely,54,My cat is at the kitty spa.
lonely,55,I had to stay late for work_comma_ and my family went out to dinner without me.
lonely,56,My wife went out of the country for 2 months_comma_ leaving me alone with the dogs.  We had just moved so I didn't really know anyone at the time.
lonely,57,I was not invited to a party
lonely,58,My husband had to go out of town for work recently. I don't have a lot of friends or close family so I had no one to spend time with or talk to and it was sad.
lonely,59,After my recent break up_comma_ i feel so lonely and desperate. I can't stand it anymore
lonely,60,I haven't had a boyfriend since I got cheated on_comma_ five years ago. I feel alone
lonely,61,The first time I traveled overseas to Thailand_comma_ I was having some serious culture shock and I was afraid to leave the hotel room. Haha.
lonely,62,Recently_comma_ I was the only person in the office.  I had a large project to get done_comma_ and only talked to people on my way to the bathroom that day.
lonely,63,lonely: I like being alone_comma_ but not feeling bad
lonely,64,Laying in the hospital after having a mini stroke and the last visitor of the day says good bye is a very sad time.
lonely,65,I feel like I am going to be single forever. Every date I go on is terrible.
lonely,66,i felt lonley after my girlfriend leave me alone
lonely,67,I have nobody living with me. I feel all alone all the time.
lonely,68,I just moved by myself to Spain to study. I do not know anyone here.
lonely,69,I just divorced my husband after 10 years. I needed to leave after years of abuse but I never thought living alone would be so boring.
lonely,70,These days I've been feeling a little isolated_comma_ especially since I broke up with my ex.  But then I see how much money I'm saving and I feel a lot better.
lonely,71,My husband has been deployed for over a year and I miss him a lot.
lonely,72,my kids left and i felt all alone
lonely,73,It was a gloomy weekend. A girl didnt call me like she was supposed to
lonely,74,I've been married a long time_comma_ but my husband has to travel for business so I feel a little bit by myself sometimes. 
lonely,75,I moved far away from the city. I hardly ever see my friends anymore.
lonely,76,As i was sick_comma_ I'm unable to go to my school and I stayed in room. I miss my mom now.
lonely,77,My roommate and best friend just moved out. I am all alone and bored.
lonely,78,My girlfriend left to go to her mothers in washington and has been gone for 3 weeks. Every night all I do is think about her and wish she was here with me.
lonely,79,My husband used to work out of town in a different state Sunday through Thursday. Even though my kids were with me and we kept to our usual routine_comma_ I still missed him very badly when he was gone. Every Sunday after he left_comma_ I would cry.
lonely,80,I am just by myself this weekend.
lonely,81,My best friend moved across the country this weekend. I'm really gonna miss her.
lonely,82,I don't have family to spend Thanksgiving with. Sometimes I will get together with friends but this is rare. I usually end up alone for the holiday.
lonely,83,My Boyfriend left me and moved out now it is har don me...
lonely,84,I don't have many friends since I moved to this new country_comma_ so I feel a bit left out.
lonely,85,I've been pet sitting for my mom for a couple weeks. It is hard not to have my wife with me.
lonely,86,I just moved to a new state all by myself. I do not know anyone here yet.
lonely,87,I'm an over the road trucker. It's a lonely life. 
lonely,88,Once someone I thought loved me left me for another man.
lonely,89,I get lonely at times. I'd rather be alone then be abused though
lonely,90,I am by myself most of the time in a isolated area. I only have animals as my friends. 
lonely,91,My kids are spending the weekend with my sister before school starts back. I am so alone right now.
lonely,92,All my friends got married. I have no one to hang out with now.
lonely,93,I went on a road trip to Utah a few months ago by myself and missed my friends
lonely,94,i felt all alone the other day when my family left home
lonely,95,I hate being alone at my house_comma_ it's not fulfilling at all.
lonely,96,My husband works long hours. I hate being by myself specially at night.
lonely,97,I was watching my son the other day and I'll watch him for two days at a time.  I realized in the second day that I really don't talk to anyone else other than him during the day_comma_ and needed to get out more.
lonely,98,I have been single for the past year.  I hate being by myself.
lonely,99,i felt all alone yesterday
lonely,100,Sometimes I feel all alone
lonely,101,I started a new job recently_comma_ but don't really know anyone there yet_comma_ so I am a bit bummed.
lonely,102,i hate wen summer break is over. The house is so quiet when the kids go back to school
lonely,103,Some days I listen to sad music at work
lonely,104,My friends had a party and I was not invited_comma_ it made me sad.
lonely,105,I was very alone before I met my girlfriend and friend group
lonely,106,Sometimes I feel like I'm alone for no reason
lonely,107,I was pretty lonely last night as it was Friday..but then the person who is trying to build trust with me acted like a (fill in the blank) and I wasn't so lonely anymore.
lonely,108,I felt a lone one summer when my friends all went away. It just did not feel right
lonely,109,My friends went out to a party.  They didn't invite me along
lonely,110,I'm very proud of my daughters grades on her yearly exams.
lonely,111,I live by myself. It's really sad
lonely,112,Well_comma_ one time I went to watch a movie alone
lonely,113,I have been travelling for three months now. I am really missing my friends and family right about now.
lonely,114,Recently I've been feeling that I don't need a company to feel wholesome. 
lonely,115, Once_comma_ I got stuck in a traffic jam. Even though I left early_comma_ I was 30 minutes late to an appointment
lonely,116,I live by myself. Sometimes it gets tough without anybody around.
lonely,117,Went to the skating rink alone yesterday. Wasn't too grand.
lonely,118,I haven't seen my boyfriend in about a week. Being apart is sometimes hard.
lonely,119,I have been traveling a for a while now. The last week I have been missing my friends back at home though.
lonely,120,Recently I went backpacking in the mountains. I was hiking for a week and never saw a single other person. I felt pretty isolated and missed interacting with another human being.
lonely,121,I broke up with my boyfriend a month ago.  It was hard but he just wasn't right for me.  The biggest problem I have now is that I feel so isolated and lonely without him.
lonely,122,Today when I was home alone I was snuggling with a stuffed bunny my ex got me_comma_ because I missed him. I feel so pathetic. 
lonely,123,I was with my friend the other day and having fun. They they had to leave me all alone.
lonely,124,When my boyfriend left me for another woman on Valentine's Day_comma_ that really sucked being left all alone.
lonely,125,my first year of college i didnt have much contact with people
lonely,126,rainy day spent at home
lonely,127,Don't you hate that feeling when you get lonliness and it feels like it's going to make you vomit? I have been feeling that way! I just have to remember that it is better to be at peace then to deal with horrible drama.
lonely,128,my whole family is out of town
lonely,129,This was a hard weekend. Second weekend alone. It's different living alone.
lonely,130,I was in a roomful of people but felt like I was by myself.
lonely,131,I'm so sad because my family left today on a trip without me and they'll be gone for a week!
lonely,132,I was pretty alone last night. I guess everyone I knew was busy
lonely,133,My roommate is gone for the week. I can't stand being alone in the apartment.
lonely,134,You know that feeling when loneliness just hits you in the gut? I hate that. I have to remember the bad things that I lived with so I can make that feeling stop.
lonely,135,When I was working for my last company_comma_ I used to travel a lot and frequently used to miss my family and friends
lonely,136,I don't have anyone to talk to. It can get pretty quiet in this big house I live in
lonely,137,I went hunting with a friend_comma_ but I somehow got separated. I had to spend all night by myself in the woods.
lonely,138,I had to move far away from my aunt and i miss her a lot.
lonely,139,My family left today after a long visit to my house. I miss them already and wish I lived near them.
lonely,140,Last week I went to the movies with my friend. My friend and a random girl that was there somehow struck up a great relationship and my friend left me to spend the evening with here.
lonely,141,I went to the skating rink all by myself today because my friends ditched me. I was so sad.
lonely,142,My dog injured herself on her tongue and had to go in for surgery and my child went to his grandparents house that day so it was weird having the house so quiet. It was almost an eerie feeling. 
lonely,143,I've been attending a new school for weeks now and I still don't know anyone. I'm so busy with the work I've been keeping to myself. It's no fun_comma_ I'd like to socialize more.
lonely,144,My girlfriend spent a few days in the woods with no cellular service with her parents. I missed her so much.
lonely,145,I had to walk home by myself.
lonely,146,I came home from work the other night_comma_ and my wife had taken to her mother's.  I wasn't in trouble or anything_comma_ but the house felt very empty.
lonely,147,I just moved into my first one bedroom apartment alone. I miss having a roommate to have around.
lonely,148,No one came to my birthday.
lonely,149,my brothe moved out of the apartment
lonely,150,I went to Europe last year_comma_ to watch a cricket match. But_comma_ I went there all by myself. I felt isolated.
lonely,151,I feel lost. I have no friends and do not know how to earn friendship.
lonely,152,I never get to go out and see people.
lonely,153,I don't work or go anywhere most of the time. I always feel like I'm waiting for my boyfriend to spent time with me
lonely,154,When my wife left me last year. I felt like I had nobody
lonely,155,I was very lonely before I met my friends and current girlfriend
lonely,156,Looks like it's going to be another lonely Sunday.  All my room mates went back to their home towns.
lonely,157,I felt alone last weekend. All of my friends were out of town
lonely,158,I don't like being alone at night when my husband is working overnights. I want him back on days so badly.
lonely,159,My husband was out of town getting our new puppy this weekend and my son stayed overnight with his grandparents. It was just my infant daughter and I for a couple days. I actually kind of felt alone because she goes to bed so early and I had nobody to hang out with or talk to. 
lonely,160,Me and my girlfriend broke up today.
lonely,161,Moved to a new city with a lower cost of living. I kind of feel isolated here.
lonely,162,Two years ago my wife and I got divorced. It's been very strange in this big house all by myself.
lonely,163,Sat in my house yesterday by myself
lonely,164,My husband just left for a boys trip and I feel so lonesome. It's going to be a long week with him out of town.
lonely,165,My boyfriend of five years and I broke up. I don't know what to do with my life.
lonely,166,When I was younger I lived in an apartment by myself. I missed having family around.
lonely,167,I'm pretty bummed_comma_ I have to dog watch my parent's dog all weekend by myself.
lonely,168,Just got ditched by my friend for the third time this week_comma_ when trying to make plans. Wish people weren't so flaky these days. Why does it feel like I'm putting in more effort to hang out with people than vice versa?
lonely,169,Sometime I miss my little puppy
lonely,170,Whenever it's late at night and I'm on the couch watching T.V._comma_ I feel alone and empty inside.
lonely,171,I received some degree of harsh words in my address from my manager. I have no one to talk and share my feelings.
lonely,172,I had no friends in high school_comma_ misery is being surrounded by an entire class and no one talking to you.
lonely,173,when my girl friend left me
lonely,174,I'm lonely since I fed my family to the pigs
lonely,175,No one came to visit my house today and I was very lonely
lonely,176,living aline
lonely,177,My best friend moved a few states away_comma_ I've never felt so alone.
lonely,178,My sister who was my best friend passed away. 
lonely,179,It can be hard to wake up sometimes when you live alone. It's like..Oh...yeah. You know?
lonely,180,I am sitting alone in my apartment. I had a friend over earlier but now I am all alone.
lonely,181,When I moved into my house I was living by myself for the first time.
lonely,182,My girlfriend and I recently broke up.  For the first time in 5 years_comma_ I have been in a  house all alone every single night.  
lonely,183,Sat home all day by myself
lonely,184,Sitting at a computer at 3am with the lights off alone.
lonely,185,I'm staying away fro home for my studies. I miss my family.
lonely,186,I feel abandon these days.
lonely,187,At work_comma_ I am often the only employee in my building. Sometimes I get really bored and need to walk to one of the other buildings just so I can say hello to someone. 
lonely,188,I'm just sitting here alone in the room... no friends_comma_ no love
lonely,189,When I was deployed to Iraq_comma_ and had a night shift.
lonely,190,i have had break up recently. I miss my ex very much. I feel so empty now
lonely,191,I was working the night shift for the summer. My job was working alone. I saw no one for weeks. it got to me
lonely,192,Didn't do anything this weekend but stay at home by myself
lonely,193,My husband left for a week long business trip_comma_ and he took our dog with him!  I was all alone in the house.
lonely,194,I broke up with my girlfriend this same time last year.
lonely,195,My family felt me alone for vacation at home. It was boring being alone.
lonely,196,I went to the bowling alley all by myself last night. It was quite lonesome.
lonely,197,Just moved to a new city_comma_ new work_comma_ and I've got no friends.
lonely,198,It's been a hard night tonight_comma_ just sitting on the couch by myself watching TV. 
lonely,199,I just moved to a new country. I know no one.
sad,0,It is so unfortunate about  how ladies treat men's heart these days
sad,1,Our pet will need to be put down soon.  She has suffered a long time with feline AIDS.
sad,2,I really needed to pass this class so I tried hard to study for it. In the end I barely did bad enough to not pass the class.
sad,3,My dog died after 13 years_comma_ and it broke my heart.  Burying him was one of the hardest things I have ever had to do.  Gut wrenching to lose something you love.
sad,4,Gotta admit it hurt a lot to find out that my ex had moved on so quickly.  But looking back it probably wasn't meant to be...and now I'm living my best life really
sad,5,"I really got close with a girl that I met from Tinder_comma_ to the point where we were ""dating"". Then randomly_comma_ after like 4 days_comma_ she says that she doesn't want to date anymore and then just stops talking to me."
sad,6,My friend got a new job and is moving to Vegas. I am going to miss her.
sad,7,My favorite shade of lipstick was discontinued today. Now I have to find a new one.
sad,8,My friend's grandmother passed away and I felt this way.
sad,9,My dog got out and I haven't found her yet. I hope she's ok
sad,10,Our chihuahua dog had an autoimmune disease.  We lost her in February and it's still hard.
sad,11,My friend died in a car accident recently.  I am so hurt over it.
sad,12,it really makes me sad to think there are people who treat animals like trash_comma_ animal cruelty is a really serious matter
sad,13,I was told my cat only has a few weeks to live.
sad,14,Harvey weinstein was such a good studio _comma_ they just ruined their business and now there arent any good movies
sad,15,sad: when she left for 3 weeks i was alone
sad,16,My pet toad died_comma_ I am sad.
sad,17,My aunt died and it was reallu upseting. She was my favorite aunt too. 
sad,18,I am feeling this way because my son is turning 2 soon.
sad,19,I felt so devastated whenever it's been time to say goodbye to any of our dogs. I've been grateful for their time with us_comma_ but so sad when it's time for them to go.
sad,20,My son just left for college.
sad,21,I lost my dog in the divorce_comma_ everything else I lost were just things and money. But My dog was one of a kind.
sad,22,Its hard to deal with when your kids are getting older and have to handle their own problems. As a mom you can't just step in and fix everything like you want to.
sad,23,I lost all my money in gambling.
sad,24,I was sad about the past this morning. I hate then when you wake up and remember a lot of bad things that happened over the past few years_comma_ the trauma hits you in your weakest moments.
sad,25,Last week we had to go to a funeral. It really hit me hard seeing all my grieving friends.
sad,26,Yesterday_comma_ I got fired from my job. I was so sad.
sad,27,im feeling blue because my days and nights are mixed up.
sad,28,My dad left for deployment to Afghanistan yesterday. I am so depressed.
sad,29,When my sister passed away from cancer. She had been diagnosed 3 months ago.
sad,30,i was pretty devestated when robin williams died
sad,31,My turtle ran away yesterday. I am so sad.
sad,32,My pet cat died recently
sad,33,I just celebrted my first birthday without my grandmother.
sad,34,I felt sad when my cat sylvestre died.
sad,35,I went to the zoo last month_comma_ I haven't been since I was a kid. I went to a zoo that was supposed to be one of the top zoos_comma_ however I couldn't help but feel bad for the animals the whole time.
sad,36,I didn't feel well after I was told that I did not get the promotion I was expecting.
sad,37,I ruined my favorite shorts today. i sharted
sad,38,I'm sad I didn't get the job I really wanted. I prepared and practiced interviewing for so long.
sad,39,My cat I have had for the last 14 years got sick and passed away last month. I lost a great friend.
sad,40,When people try to control me
sad,41,I hate how much conflict there is our country. It makes me frustrated knowing how divided we have become.
sad,42,I have to work all weekend. I just want to sleep and do nothing.
sad,43,Our dog is getting older and she's just at that point. She's blind and can't walk well. We might have to put her down soon.
sad,44,My pet dog_comma_ Gabe_comma_ passed away recently.  I have been so down lately because of it.
sad,45,i am not going to be able to see my favorite band when they come to town.
sad,46,when my grandpa died i couldnt take it
sad,47,I watched a st jude infomercial last night. It tore me up inside.
sad,48,I was partially raised by my grandparents and my grandmother recently passed away. She had a good long life though.
sad,49,I am having a hard time with someone who keeps repeating the same mistakes. It's hard to see they keep going back to the same path.
sad,50,I was really upset when my rabbit died a few years back. My brother wasn't nearly as upset but I couldn't help it.
sad,51,When I got sick_comma_ I had to move away from the place I consider my home. I had to leave everyone behind
sad,52,My dog passed away and I cried.
sad,53,when my mother passed away 
sad,54,I was feeling down after hearing that my friend's dog passed away. He was such a great dog to everybody.
sad,55,I had a necklace that my mother gave me before she passed away_comma_ but I just lost it.
sad,56,My goldfish ran away yesterday. I was so distraught!
sad,57,it is really depressing going to visit my grandmother to the hospital and see all the sick patients
sad,58,My dog died 10 minutes ago. I am so saddened.
sad,59,My mother's husband got alzheimers and went downhill really fast.  He passed away about 8 months ago and she's  not doing too well with it.
sad,60,I feel so far away from my family. I hardly ever talk to them anymore. I miss them.
sad,61,I was sad before I met my girlfriend_comma_ I did nothing interesting
sad,62,My pet has a tumor.
sad,63,I hate seeing my best friend depressed. I've seen them so happy in life but seeing them like this now makes me feel unhapypy.
sad,64,I feel sad when I left home
sad,65,I remember feeling not quite right a day ago_comma_ but as day progressed I felt better.
sad,66,Took my dog to the vet today.  They had to put him down. 
sad,67,It's sad thinking about my parents growing old and not how I once remembered them. I guess that's life.
sad,68,My roommate's cat passed away last week. There is a heavy air over the household.
sad,69,My dog died this past December and I've had a really hard time getting over it. She was our family pet. 
sad,70,My sister had a miscarriage 
sad,71,i wasnt happy when i had to go into work on saturday
sad,72,I miss my family
sad,73,I am so upset I lost my phone while doing errands today.
sad,74,I cried when I heard Top Gun 2 was being made.
sad,75,Today is my last day working. I am going to miss my coworkers.
sad,76,I was recently hoping to get a promotion.  They gave it to someone else.
sad,77,My cat passed away today...
sad,78,I am sad_comma_ it is my birthday and I feel really sick
sad,79,I dont really know anyone at uni
sad,80,I just had to bury my Golden retriever today.  I had him for 10 years.
sad,81,My favorite tea cup was broken. It makes me worry a lot.
sad,82,Someone ran over my dog and then ran away
sad,83,I am having a hard time coping with having to kick someone out. I know it's been necessary for them to get better but it doesn't make it any easier
sad,84,I do not want my vacation to end. I would like to stay here forever
sad,85,I get sad this time of year. It makes me think of my dad
sad,86,I saw a guy riding on the side of the raod to the store in his scooter. He was very old. I felt bad for him that he didn't have any family to help! he almost got hit a few times.
sad,87,My dog broke its leg this morning.
sad,88,My dog was stolen while we was out shopping I have been so down and heart broken ever since. 
sad,89,I broke my favorite drinking glass.
sad,90,i was upset i woke up so late today
sad,91,While I didn't know him personally_comma_ I was quite distressed to hear of the passing of Anthony Bourdain. That a man with such talent who has given so much joy to so many people_comma_ should feel he has to take his life is just soul-destroying.
sad,92,I was devastated when my dad passed away. It was just hard
sad,93,My two dogs got into a fight with each other_comma_ and now they're avoiding one another. They even drew blood on each other during the fight. They're usually good buddies_comma_ so it kind of bothers me that they did that.
sad,94,I was a little depressed a couple weeks ago when my dog died. He livd a good life but only to age 8.
sad,95,when i see young people asking for help on fb or donations instead of working 
sad,96,I feel bad.. I had to leave my husband in the ICU and come home without him.
sad,97,A few years ago my dog got into rat poison and died.
sad,98,I recently had to put my cat to sleep. It was an emotional day.
sad,99,I miss kids everytime they go to sleepovers. I'm such a sap.
sad,100,I miss my old job. It was fun.
sad,101,It's been a long week already and it's only Tuesday! Trying to heal through trauma and dreaming of it_comma_ really is unpleasant!
sad,102,I miss being in a relationship sometimes.
sad,103,I just found out that I'm not getting the promotion I thought I was going to_comma_ and now I can't take my girlfriend to Disneyworld
sad,104,My best friend is moving away. We have lived close to each other for 10 years
sad,105,I was sad when my parents left me
sad,106,I had to leave my parents behind in the country I grew up in. I haven't seen them in 12 years and I cry a lot thinking about them
sad,107,My grandmother died several years ago. We just got her house cleaned out and had to sell it. We have so many memories from that farm. I will miss it so much.
sad,108,When my stepdad told me we couldn't play baseball anymore. I had just got injured.
sad,109,We just found out my cat has cancer. We are going to have to put her down soon.
sad,110,My grandmother died when I was 10 and I was devistated.
sad,111,One year during christmas_comma_ i did not get a single gift. It was a rough day for me.
sad,112,I have been watching dramas all week. They are so heart warming.
sad,113,I'm turning 40 Saturday and I'm feeling old.
sad,114,We had a trip planned to the beach today but sadly it was storming all day and had to cancel
sad,115,im not about that I have to give my spot to someone else 
sad,116,When my cat passed away after being hit by a car. It was just after my hockey practice.
sad,117,I was so devastated when my pet parakeet died. Polly was such a good bird to me. I will miss her so much.
sad,118,I ma devastated.
sad,119,I think my friend stole some money from me. I don't know what to do.
sad,120,my brother is in the hospital really sick
sad,121,I'm trying to transition my dog into not sleeping in my room.  The other night he tried following me in and kept scratching at the door.  I know he just wanted to be by me.
sad,122,I am a little down because my computer stopped working yesterday.
sad,123,Over this past weekend_comma_ I found out a friend of mine from school had passed away. Even as I get older it is still shocking to see people I went to school with passing.
sad,124,I'm really bummed out today_comma_ I had to get rid of my dog because I had to move across the country.
sad,125,My dog died this time last year.
sad,126,My cat died the other day. She was 24 years old.
sad,127,i was upset when i had to my sons game
sad,128,My rabbit died last year_comma_ I miss her to this day.
sad,129,I was watching a show last night. It was about a school shooting in texas.
sad,130,My dog just passed away.  I am so hurt right now.
sad,131,It might sound silly_comma_ but I am really down about this next season of Game of Thrones being the last one.
sad,132,My little boy is starting Kindergarten in a few days
sad,133,My hamster died yesterday. I was so distraught.
sad,134,My pet dog passed away two weeks ago. He was 12 years old. 
sad,135,I was really broken up when we had to put our family dog to sleep
sad,136,I'm upset that my husband is lazy
sad,137,I lost my Grandpa 2 months ago.  He died within a week all of a sudden and I miss him every day.
sad,138,had to leave my long distance girlfriend to go back home_comma_ after I had spent a month of time with her
sad,139,I just got back from a three month trip. I am really missing all the friends I made along the way.
sad,140,My girlfriend's cat has cancer and we cannot afford the operation.
sad,141,I got recently got three rejection letters for 3 different jobs in a matter of a week and a half. That was a painful experience. 
sad,142,I am so upset my dog died today.
sad,143,My boyfriend broke up with me and stile my rent money. I am going to be evicted.
sad,144,I am sad tonight.  I am broke until next week.
sad,145,My iguana ran away today. I never have been so distraught. 
sad,146,I get so sad watching st jude commercials. I always watch them though.
sad,147,My sister's cat got sick and had to be put down last week. Feels bad. I'd known the cat for 14 years and was always her favourite person
sad,148,Our little dog got pancreatitis.  She never recovered and we had to have her put to sleep because she was in so much pain.
sad,149,I had to euthanize my dog
sad,150,One day I saw a video of a grandparent playing with my grandkids and I realized I was no longer able to do a lot of those things.
sad,151,I went to my mother in laws funeral last Sunday. My wife was very tearful_comma_ and needed to have her family around her in the difficult moment.
sad,152,my favorite show is being canceld 
sad,153,I am having to be strong and not respond when it comes to a person I care about at times. It is hard to not be an enabler sometimes. It requires a LOT of strength and tough love. I
sad,154,When my dad died randomly a few years ago_comma_ it really made me sad. I was just not ready for it to happen.
sad,155,I cry every time I think of my late cousin.
sad,156,My girlfriend broke up with me recently.  Things just didn't seem to work out
sad,157,Yesterday I saw that bugs had eaten my dandelions in the garden. I had spent so much time watering and taking care of them. I was devastated.
sad,158,My best friend moved away_comma_ I am not happy.
sad,159,My cat has been battling cancer for a couple months. She already had two surgeries. Next week she will have to be put down.
sad,160,My mom has arthritis in her neck_comma_ and the pain seems to be traveling down now.
sad,161,my son has to have my phone and the ipad at the same time. he is only three. I think he is addicted
sad,162,I get very depressed seeing roadkill when driving. Such a sad way to go.
sad,163,i fell in sick for the past two days. i feel disgusted
sad,164,I found out yesterday that my dad had a stroke last month.  No one even told me until now!
sad,165,I lost my wallet the other day_comma_ I think I left it on a bus
sad,166,I got locked out of my house today and couldn't shower despite being really sweaty.
sad,167,I had 20 dollars sitting in my car and I opened my windows. Next thing you know_comma_ the 20 dollars flew out the window.
sad,168,It was raining all day on my day off. The sky was gray and cloudy and it felt really cold. What a terrible day off
sad,169,My pet rock rolled away yesterday. I was quite saddened.
sad,170,I dropped a bowl of mashed potatoes and it smashed all over the floor
sad,171,i was upset when i couldnt get the day off
sad,172,I live in Florida and right now the crime rate is so high it is heart broken the past weekend a 7 year old lost her life from a stray bullet broke my heart.
sad,173,My girlfriend had a 17 year old Chihuahua. He ran away from a friends farm and died after being struck by a car.
sad,174, I went to Whataburger a few days ago and they messed up my order_comma_ they put onions on my burger and the taste of onions make me feel sick.
sad,175,I purchased a robot. And the robot got broken after using it for just one week.
sad,176,I cried when I had to return to work after my vacation.
sad,177,My friends dad died last month
sad,178,Way back in the day we had this rabbit and I loved it so much. When it died I was so sad for weeks.
sad,179,The rain yesterday made me feel a little down. I wanted to be out and about
sad,180,My pet died last week. His name is Jack
sad,181,I miss my puppy. She passed away recently and it was really sudden and sad.
sad,182,My dog_comma_ who had been with me for 13 years_comma_ died a few years ago.  It was so difficult to wrap him in a blanket_comma_ and bury him.  I was heartbroken.
sad,183,I dropped my favorite perfume and it broke
sad,184,I wish I can stay just one more day i'm so unhappy that I will be leaving today
sad,185,I was very depressed and upset when my partner left_comma_ we've been together for years and I feel like my time has been wasted.
sad,186,I was disheartened to learn the tv show colony wont be coming back
sad,187,I felt pretty down when I found out that I was losing my job. It was pretty disappointing. Tomorrow's my last day.
sad,188,I broke my laptop screen. 
sad,189,I had an old hard drive with tons of pictures on it and it just gave out on me.
sad,190,I had to take my dog to the vet today.
sad,191,I came home and my goldfish have died
sad,192,My roomate is leaving at the end of the month. I won't be able to hang out with him as he is moving up north.
sad,193,I just ordered food and it came and it's totally the wrong order.  Now I have to wait another hour for it!
sad,194,My dog pooped on the rug today. I was so distraught.
sad,195,I didn't get into my first choice school.
sad,196,My favorite donut shop went out of business.  I am devastated that it's gone.
sad,197,I was upset when my parents told me we would be moving_comma_ we went all the way to florida
sad,198,I didn't like it_comma_my team lost during yesterdays match between England  and Croatia
sad,199,One morning my mother came by to get my daughter for school_comma_ and told me she saw that my daughter's cat had been hit on the road. He was dead_comma_ and I had to tell my daughter. She loved her cat so much_comma_ it was very difficult.
terrified,0,We were recently told that our 15 year old son has a degenerative neurological disease. The doctors tell us that there is no cure. I am really scared for his future.
terrified,1,I felt bad when I saw a guy holding a jack knife 
terrified,2,I crashed my truck today.
terrified,3,There was a racoon by the dumpster last night when I was taking out the trash.
terrified,4,I was walking home by myself when I was studying abroad in another country_comma_ and a man was following me and kind of harassing me verbally.
terrified,5,When I was a child I nearly drowned in a swimming pool. I was so scared.
terrified,6,I have to go to court on thursday. I am not looking forward to it.
terrified,7,I was pretty shaken up from the scary movie id
terrified,8,I am afraid of death.
terrified,9,I got my results back from my doctor and I am so scared. I think I might have cancer...
terrified,10,There was a mouse in my kitchen once. I am still afraid when I go in there
terrified,11,A mommy deer got hit by a car in front of my house and she had two very little babies that are left wondering around my area . They won't leave and I'm afraid they're going to go into the road.
terrified,12,I promised my sister that I would go sky diving with her when she was old enough to_comma_ but I didn't think she's remember.  I'm horribly afraid of heights.
terrified,13,I already have 6 kids_comma_ getting pregnant again is so alarming :(
terrified,14,I hate flying.
terrified,15,With Turkish currency Lira plummeting now_comma_ I am afraid the economic crisis in Turkey would spill to European markets too
terrified,16,There is an owl that stares at me in my window.  I feel so scared when that happens.
terrified,17,I thought i saw a ghost outside my window_comma_ I had my heart in the mouth
terrified,18,i was scared to walk home alone
terrified,19,I am going zip-lining in Colorado in a week.  There is only one problem  I am really scared of heights!
terrified,20,Once when I was a kid I got caught in a riptide with my sister. I was so scared! Fortunately I was a strong swimmer and was able to get us to shore.
terrified,21,I was walking home from work one day. Then this huge bat came out of nowhere_comma_ and chased me for a whole hour!
terrified,22,There was strange noise from the kitchen.
terrified,23,I woke up to a loud noise last night. Someone was trying to break in.
terrified,24,i walked out of the house and heard a rustling in the brush and found a deer running up the hill
terrified,25,I was pretty scared when I wrecked my truck. I did not know if I was going to make it
terrified,26,Honestly_comma_ it's probably because I spend too much time on the Creepy subreddit; I should know better. A few nights ago_comma_ after reading through a few particularly disturbing threads_comma_ I was out smoking a cigarette in the street at 3am. After a few minutes_comma_ I saw what looked like a drone flying straight toward me_comma_ and I swear my blood went ice cold.
terrified,27,I told my daughter I would watch a scary movie with her tonight. I don't think I can
terrified,28,When I went in to a haunted house and a guy chased us. It was halloween.
terrified,29,I was attavked by seagulls on the balcony of a hotel last weekend. I was eating crackers.
terrified,30,Someone broke a window in my side yard today. I don't know when_comma_ I assume I was gone as my dogs wouldv'e went nuts. I live in a bad neighborhood and it's late so I am still up a bit scared about it.
terrified,31,There was such a bad thunderstorm last night that the power went out
terrified,32,A tornado blew through my town last week. My family hid in our storm shelter_comma_ but I wasn't sure if we were going to survive it unscathed.
terrified,33,I once went to a haunted house_comma_ and it was so scary! People were jumping out of corners while walking through it.
terrified,34,I'm going on a rollercoaster tomorrow and I haven't been on one in ages! This one has a few loops and I hate being upside down
terrified,35,A dog chased me down the streets last night.. i was shaking by the time i escaped
terrified,36,I was deathly afraid of spiders. I moved into a house that had every kind of spider you can imagine.
terrified,37,I am terrified of spiders! 
terrified,38,I was flying back from Boston a couple weeks ago and there was some insane turbulence!  I had never been so scared in my life!
terrified,39,"I used to get so scared by the movie ""The Village"" as a kid"
terrified,40,Spiders make me scared to my bones i cannot see them anywhere does not matter if it is in a picture
terrified,41,When I was a teenager the restaurant where I was working was robbed. I was scared to death.
terrified,42,i was scared walking home alone last night
terrified,43,last night I saw a ghost in my bedroom.  It scared me to death!
terrified,44,Really not looking forward to taking my public speech class in college this semester. I feel like I'm going to get up there and vomit all over myself. Last time I had to talk in front of a group of people_comma_ I was so nervous_comma_ people were laughing because my knees were visibly shaking.
terrified,45,I am worried I will drown when I go swimming.
terrified,46,Last night on the way home from work I stopped at a gas station to grab a snack. While I was there_comma_ the place was robbed at gun point and I watched the entire thing unfold.
terrified,47,I was sitting on my patio just earlier and I saw a bunch of movement inside of my house. I freaked out immediately and ran inside_comma_ but it was my wife home early! I was certainly shaken.
terrified,48,I walking in the park when a stray dog chased after me.  I was absolutely scared for my life.
terrified,49,My son ran over my neighbor's cat on accident the other day. He's only 16_comma_ learning to drive still. I think my neighbor is going to try to get physically abusive with him. Not sure what to do
terrified,50,I had a bad dream last night.
terrified,51,We had an intruder three nights ago who went through all out stuff while we were sleeping and ransacked our basement.  
terrified,52,One time I saw a horror movie and I was afraid. But when the night came it was worst_comma_ I was remembering the movie and I could not get it out of my head.
terrified,53,I'm scared of the hooligans in my neighbourhood_comma_ they like to break into garages
terrified,54,One time I started getting really weird texts from a guy. He had pictures of outside my house and it scared me_comma_ but it was just a friend pranking me.
terrified,55,Today going to the dentist I was going to have my first root canal done ever along with three other teeth worked on. I knew I would be numbed but that came with the price of a needle being used. I was very nervous and worried.
terrified,56,I promised my daughter I would watch IT with her tonight. I keep postponing it because I am too scared.
terrified,57,I was scared going home alone!
terrified,58,Once during a snowstorm I had to go to the airport. My taxi driver decided that driving on the highway in the middle of nowhere late at night was the perfect time to tell me all about how he would kill a man.
terrified,59,Last week_comma_ me and my husband had an argument. He slapped me. Since then_comma_ I am very scared of him.
terrified,60,I was terrified when I heard strange noises outside that seemed really close
terrified,61,I almost got into a car accident last week_comma_ it was so scary.
terrified,62,About 6 years ago a really bad storm rolled through my city and a tornado almost hit us. I was really scared
terrified,63,Last month_comma_ I show a pedestrian in front of me been hit by car. Since then_comma_ I am very afraid to cross the street.
terrified,64,I went for a run in the woods with my headphones in and a deer screamed at me.
terrified,65,Last week I was walking to the convenience store with my wife. We ended up not going inside because there were cop cars all around. When we asked a police officer what was happening_comma_ he said there was a shooting.
terrified,66,One time I saw a creepy person run towards me in the night out in the streets
terrified,67,Last night there was a really bad storm and it scared me. THe power went out several times and it scary how close the lightning seemed to be.
terrified,68,One night my children and I came home and came in through the back door. As I opened it_comma_ I saw a tall shadow in the hallway! It scared me so much_comma_ as I feared an intruder was in my home.
terrified,69,I went to a haunted house and was scared of the ghosts.
terrified,70,I saw a scorpion in my house. It was huge and it ran under my couch before I could kill it.
terrified,71,I was in a wreck on the interstate.
terrified,72,I'm scared of snakes
terrified,73,I used to be super scared of horror movies_comma_ but once I started watching them with other people_comma_ I got okay with it
terrified,74,A new episode of Stephen Kings new show comes on tonight. It is scary
terrified,75,One time someone came to my door with a gun. He came to the house asking for money but I didn't have any_comma_ so he took some items from the house 
terrified,76,the first tornado in oklahoma
terrified,77,I got a flat tire and had to pull over at 3 in the morning on a dark road. It was pitch black outside.
terrified,78,I have never been so afraid of anything more than death.
terrified,79,I heard some really odd noises coming from my basement recently. I am convinced it is the boogieman. Maybe I will venture down there sometime.
terrified,80,I was forced to give a speech in front of a large and completly full auditorium. I had barley any time to prepare and really had no idea what I was supposed to say.
terrified,81,I almost lost my mind the other day when I heard gunshots right outside my house. I thought someone was going to come in and shoot me!
terrified,82,A storm came through earlier and lightning struck very close by and the power went out! I was worried as sometimes the power can go out for days but luckily it came back on an hour later this time.
terrified,83,I was robbed at gunpoint once when i worked as a cashier. 
terrified,84,I went to see that new shark movie. I was so scared! I covered my eyes the whole time!
terrified,85,Walking home alone from school one day_comma_ three young adults jumped in front of me and yelled in my twelve-year old face. I cried the rest of the way back.
terrified,86,I just watched Friday the 13th for the first time. Oh my god_comma_ I am hiding under the covers in my bed. I don't think I can leave.
terrified,87,I heard a noise last night and my boyfriend was sleeping. It sounded like someone got in and was walking toward the bedroom.
terrified,88,The horror film I saw last night was crazy. I'm so frightened.
terrified,89,I am very scary of the things Trump can do as a president.
terrified,90,I stay away from frogs!
terrified,91,My husband had meningitis and then got bells palsey.  I was very very worried.
terrified,92,When I was younger my dad scared me and my brothers when we were trying to sleep_comma_ I almost wet the bed. I was very terrified
terrified,93,I woke up one night and realized that a roach crawled on my arm. I jumped up screaming before I killed it.
terrified,94,I watched a scary film last night and have been horrified about it all day.
terrified,95,Every time I hear tapping on my window at night I think it is a ghost. I am so scared it will get me.
terrified,96,Boy_comma_ that movie The Conjuring sure was good. I have not felt scared in a long time_comma_ and I am horror movie buff myself. 
terrified,97,I'm listening to this audiobook and it's so scary_comma_ I could cry
terrified,98,I am scared that World War 3 may be near.
terrified,99,My boyfriend and a couple friends went over to his mom's house to check on things. His brothers got into a fist fight while we were there and my boyfriend jumped in the middle.
terrified,100,MY daughter is starting junior high. I am nervous and afraid for her.
terrified,101,my boyfriend dragged me to a haunted house and it was to much for me
terrified,102,My dog got attacked by a cougar_comma_ I think she was protecting me_comma_ I was so scared.
terrified,103,I was scared by a snake in my yard a few days ago.
terrified,104,i saw a big snake in the in the yard yesterday
terrified,105,I was scared when they said a big storm was coming!
terrified,106,I'm really afraid of snakes these days. I see a few around.
terrified,107,About 15 years ago_comma_ I was a passenger on a flight which had to make an emergency landing. It was the most frightening experience of my life
terrified,108,last night I was in bed and a spider came straight down from the ceiling fan onto the comfortor.
terrified,109,I watch scary movies with my daughter sometimes. I pretend to watch. I am too frightened.
terrified,110,My grandfather gave me a lamp as a gift_comma_ and he attached a cut out of a spider to the inside of the shade.  It looked like a gigantic spider!  I screamed bloody murder.
terrified,111,I am terrified of heights 
terrified,112,One time my house started flooding from a hurricane!
terrified,113,When I was a little girl_comma_ our house caught on fire. It burned to the ground.
terrified,114,It was the first time I was living alone and even though I knew the alarm was set and all the doors were locked. For the first two weeks every little noise I thought was someone breaking in.
terrified,115,I was so afraid of sleeping when I was a kid. I always thought there were monsters underneath.
terrified,116,the amount of crime growing near me is scary to think about
terrified,117,I was so afraid going on my first rollercoaster when I was a kid. Thought the drop was going to shatter my bones.
terrified,118,I have been too scared to leave my house.Because of Panic and Anxiety.
terrified,119,I was so scared of tornadoes growing up -- whenever tornado warnings happened_comma_ I was extremely frightened!
terrified,120,I saw a man with a gun in his car last week. It definitely scared me
terrified,121,A truck almost ran me off the road the other day.
terrified,122,The amount of crazy people in the world is scary.
terrified,123,I went down to get a drink of water in the middle of the night and my back door was just standing open.
terrified,124,One time I was on a plane and we got very strong turbulence.  The plane became very bumpy and I was afraid we would crash 
terrified,125,I am afraiad that I will be alone forever
terrified,126,My husband might loose his job. I'm not sure what we will do if he does. His company is downsizing. 
terrified,127,I have a wide open window and screen right next to my driveway because someone broke it the other day when I wasn't home. I am not sure how to fix it and I'm in a bad neighborhood so it's a bit scary.
terrified,128,I have anxiety so I get terrible panick attacks sometimes.
terrified,129,I remember the first time I went into a haunted house. I was so scared I had my head down the whole time.
terrified,130,This past spring some real bad storms went through our area. We spent over 5 hours in the basement due to tornadoes all around us.
terrified,131,I found a snake in my boot. I was so afraid that it would bite me.
terrified,132,I have to go to court soon for a drunk driving incident and I am so scared. What if I have to go to jail?
terrified,133,I'm SO afraid of my neighbors new pit bull ! Every morning our neighbor lets out the dog - he immediately heads towards MY driveway to get MY newspaper_comma_ runs off and tears it to shreds !
terrified,134,I walked up on a snake in my yard a few days ago.
terrified,135,It was raining hard one night and the power shut off.
terrified,136,I was walking home one day and was passing a house that had been empty for a while.  As I was passing a very large dog came charging out barking very loudly at me.
terrified,137,I really do not like being around rats_comma_ they scare me.
terrified,138,Last night there was a terrible thunderstorm. I unplugged all my computers and electronics. Then there was a loud bang and I heard my electrical box make a loud click. I think my house was electrocuted!
terrified,139,A van has been parked out front of my house all night. There's a man in the front seat who keeps on looking towards my house. I have no idea what he's doing_comma_ but I'm pretty scared right about now.
terrified,140,I really get scared when I have to talk to people in public.
terrified,141,Someone was looking at me through my window.  I was so scared when it happened.
terrified,142,When I was 12_comma_ I got ran over by a truck.
terrified,143,Getting woken up in the middle of the night was scary as heck
terrified,144,I am moving to a new neighborhood next week. What if the neighbors dont like me.
terrified,145,I was so scared by the movie the Grudge_comma_ even to this day it stil scares
terrified,146,I went jumping out of an airplane once. It was one of the most crazy things I have ever done.
terrified,147,I am really scared of spiders. The other day there were four spiders in my house. I was all alone.
terrified,148,I woke up in the middle of the night yesterday thinking that something crawled on me. It freaked me out.
terrified,149,There was a time when my family got lost in the middle of nowhere at night.
terrified,150,I was sweeping my porch yesterday and I walked through a spider web accidentally.
terrified,151,I am very scared for the USA.
terrified,152,Riding a big roller coaster for the first time while having a fear of heights_comma_ I was kind of worried how I would do 
terrified,153,I was in my first car accident.
terrified,154,I heard a loud bang outside my house last night_comma_ I thought someone was trying to break in.
terrified,155,I was startled by a snake in my yard a couple of days ago.
terrified,156,I found a gigantic spider in my shower!
terrified,157,i was scared walkin home yesterday
terrified,158,I heard someone bumping around the downstairs of my house last night after I had gone to bed and it scared me half to death.
terrified,159,I was scared last year at this time. I had a cough that would not go away
terrified,160,I received a call a few months ago that said my dad was in the ER.  He had had a stroke_comma_ but was given medicine really fast and he is ok and back at work.
terrified,161,I was on a walk with my kids_comma_ and these two dogs who are always running around loose causing trouble came running at us like they wanted to attack. I had to stomp my feet and yell to scare them off. 
terrified,162,This past winter I was sitting on my porch at 4am (couldn't sleep). Suddenly_comma_ out of the dark_comma_ came this tall bulky figure_comma_ dressed totally in black. My heart skipped as I tried to figure out what to do - I'm in a wheelchair.
terrified,163, I always hear crazy noises in my house.
terrified,164,There was a huge spider on my wall! I think it was a wolf spider.
terrified,165,I was cleaning out my bathtub drain this morning. For the first time ever my cat decided to jump into the bathtub_comma_ she got covered in diluted bleach
terrified,166,I have to take a plane trip next week_comma_ I'm not looking forward to it.
terrified,167,Once I dreamed my own death
terrified,168,One night I was at a diner after a long night of partying to get a bite to eat . As I was leaving I was clearly being followed by someone. He grabbed my purse and demanded my keys.
terrified,169,We were driving home from a long trip and it started storming real bad and we couldn't see and there were so many big trucks around us.
terrified,170,When I lie in bed at night I hear noises come out of my closet. I am convinced that something is in there. I'm so fearful.
terrified,171,I saw a horror film last night. It was so scary!
terrified,172,I hear something tapping outside my bathroom door. I don't know what it is and I am really scared.
terrified,173,I have to go to the doctor tomorrow. What if they find something wrong with me?
terrified,174,i'm so worried about my appointment on thursday.
terrified,175,i was scared walking home the other night
terrified,176,I was outside the other day and a rattle snake was looking me in the eyes. I was never so terrified in my life. 
terrified,177,I have been attacked last week by robber with a knife. I am still terrible afraid of getting out alone.
terrified,178,I was at a zoo where a lion broke free.
terrified,179,I had just moved into a new house and when I came home from work there was a giant spider crawling around.
terrified,180,I am afraid to airplanes.
terrified,181,I had to kill a giant spider yesterday
terrified,182,So... Last night I saw a huge black spider in my room. Took me like 20 minutes to muster up the courage to attack it. Well... I tried attacking it_comma_ and missed_comma_ and it went behind a piece of furniture and I couldn't find it again. I slept in another room.. 
terrified,183,I'm going skydiving this weekend. 
terrified,184,I drove past a lonely road where is a hideout for criminals
terrified,185,One night when I was crossing a road_comma_ a car didn't see me and almost hit me! I was so scared.
terrified,186,The other day I was getting my mail and my neighbors little grandson accidentally let the little devil chihuahua out! I dont think I have ever run so fast in my life! What an adrenaline rush. 
terrified,187,i have to fly out of town next week. I do not know if I can fly and not looking forward to it
terrified,188,I was scared the first time walking on ice. I did not want to fall in
terrified,189,My brother jump scared me while I was out playing. It was crazy bad.
terrified,190,I saw a very scary movie last night and it had me freaked out.
terrified,191,Am afraid of monsters
terrified,192,I keep getting phone calls with someone making strange sounds on the other end. It's creepy and I don't know what to do.
terrified,193,It's been thundering and lightning all night!
terrified,194,When I was kid_comma_ a kid in the neighborhood was trying to exhort money from me. I was terrible afraid.
terrified,195,A guy was chasing me down an alley yesterday.  I was so scared when it happened.
terrified,196,I almost stepped on a snake today.
terrified,197,I could have sworn I saw a snake in my backyard but I haven't seen it again
terrified,198,I went to the bathroom in the middle of the night and I felt a thing fly right into my face. I screamed so loud it woke my husband up
terrified,199,It sounded like a big bomb went off the other night. Honestly you can't tell if it's gunshots here_comma_ fireworks (even though illegal most of the year here) or a firebomb.
