context,correct_sim,predicted_emotion,correct,sim_afraid,sim_angry,sim_anxious,sim_devastated,sim_lonely,sim_sad,sim_terrified,sim_furious,sim_grateful,sim_hopeful,sim_faithful
afraid,0.9977338223226881,hopeful,False,0.9977338223226881,0.997761281318255,0.9978015430383252,0.9977203330020208,0.9977796558291517,0.9978145202558173,0.9972507727683046,0.9976461882087155,0.9975636685104756,0.9978201479121823,0.9977067547301556
afraid,0.9980379871714575,sad,False,0.9980379871714575,0.9981409397854956,0.9981641434837146,0.9981867480771286,0.9982808085599741,0.9983361158577538,0.9973049009500549,0.9979824008955491,0.99794309118588,0.998199749327717,0.9980348150214011
afraid,0.9976897819078858,hopeful,False,0.9976897819078858,0.9977270232803759,0.9977618765732486,0.997645636475528,0.9976252449318002,0.9976740465822763,0.9974810835221127,0.9977080550271347,0.9976877388371528,0.9978132626134091,0.9977738488313195
afraid,0.9975264115104661,sad,False,0.9975264115104661,0.9977717855356603,0.9975839810125716,0.9979112233875901,0.9980565283894233,0.9980861480683594,0.996347166431613,0.997437007500499,0.9972388159638522,0.9977923835677165,0.9975464041263902
afraid,0.9983002569606072,lonely,False,0.9983002569606072,0.9983107608389641,0.9983386569026701,0.9983825614557549,0.9985153726319753,0.9984847754825354,0.9976523958680369,0.9981464714514197,0.9982108685115741,0.9984421838683872,0.9983910610962232
afraid,0.998081489931656,angry,False,0.998081489931656,0.9983026231081087,0.9980849193589599,0.9981983593481432,0.9982138428593024,0.9982845587146985,0.9975307698462064,0.9981751246602947,0.9980065687353741,0.9981887846888937,0.9981179114121568
afraid,0.9978522717620588,afraid,True,0.9978522717620588,0.9977478838381134,0.9976364874247203,0.9975972416564358,0.9974421488712139,0.9975891010373767,0.997775183122307,0.9977514348034533,0.9975575377278545,0.9975016662642225,0.9976329839485086
afraid,0.9979381774492178,angry,False,0.9979381774492178,0.9980863146205206,0.9978899397407799,0.9979902030990117,0.9978829896931918,0.9980027554995206,0.9976847172001286,0.9980523858942802,0.9977920992300007,0.9978865610230734,0.9979311987895041
afraid,0.9983320160289386,lonely,False,0.9983320160289386,0.9983700787823991,0.9983972241321615,0.9982577275973028,0.9984364799464965,0.9983879152696606,0.9977602827747297,0.9982489939208403,0.9981875326831171,0.9983172268653825,0.9983350910352125
afraid,0.9965535933104788,lonely,False,0.9965535933104788,0.9969485037499365,0.9965376465817954,0.9971940748303975,0.9973642224388656,0.9973553746632905,0.9950245480707096,0.9964937831018404,0.9961047528002882,0.9969201834770667,0.9966078612785997
afraid,0.9980970308053512,sad,False,0.9980970308053512,0.9982897429249575,0.9980304064170126,0.9984871308909573,0.9985764392829399,0.9986078372814717,0.9970261360714344,0.997982757249346,0.9977668154747452,0.9982628055771468,0.998136913792667
afraid,0.9975624898000112,sad,False,0.9975624898000112,0.997865682344987,0.9975869225249423,0.9980483010176302,0.998212709720447,0.9982177824425517,0.9962506128085525,0.9974802444190392,0.9972170420895942,0.9978925829077002,0.9976219441208295
afraid,0.99700859140817,lonely,False,0.99700859140817,0.9973681999543101,0.9969991952696136,0.9975925140668902,0.99775813556426,0.9977548492301196,0.9955683340943776,0.9969440623091235,0.9965868105639983,0.9973495214597518,0.9970602081574
afraid,0.9982200453553634,lonely,False,0.9982200453553634,0.9983715480173674,0.9982527420734137,0.9985160508539442,0.9986185650774333,0.9985938229621619,0.9974625307201976,0.9981479693435203,0.9980808215327479,0.9983721786702706,0.9984010238927981
afraid,0.9969389472613208,lonely,False,0.9969389472613208,0.9972997618872013,0.9969300915671386,0.9975247434774399,0.9976873881903978,0.9976843759670098,0.9954865962452707,0.9968722378495531,0.9965072315816352,0.997283687071686,0.9969832129038355
afraid,0.9981455886829836,sad,False,0.9981455886829836,0.9983333259293184,0.9982126062492094,0.9984778945705987,0.9986432251573715,0.9986473306949875,0.997053048964605,0.9980219282011569,0.9979046469349611,0.9984491013239447,0.9982317427467309
afraid,0.9930348197425729,terrified,False,0.9930348197425729,0.9926706743656439,0.9923204556450537,0.9922629903748919,0.9918392670907252,0.9920539816061837,0.9940538661800155,0.9930273889005687,0.9926166095712203,0.9918051056393569,0.9923637905726843
afraid,0.992940240691657,terrified,False,0.992940240691657,0.9923888503376547,0.9927985414212588,0.9921125267339526,0.9917820287745072,0.9919083305659957,0.993991423964099,0.9928018706481919,0.9928981930085452,0.9923513771730321,0.9925629383687465
afraid,0.9981175079222293,lonely,False,0.9981175079222293,0.9983173827559849,0.9981779533547851,0.9983670716841825,0.9984968157146901,0.9984918955944257,0.9972002502865828,0.9980587419445248,0.9978768251629657,0.9983604716746395,0.9981584188727429
afraid,0.9976607401523251,sad,False,0.9976607401523251,0.9977782594454361,0.9977432997865655,0.9977622878805116,0.997851316256251,0.9978942298678978,0.9970285825613893,0.9976238438361266,0.997582161436684,0.9977919100025185,0.9977692895367222
afraid,0.9978370251351364,lonely,False,0.9978370251351364,0.9980299503545432,0.9979119611794941,0.9980504486261111,0.998148317600934,0.9981386016943863,0.9970404391389006,0.9978396098640775,0.9977287520326925,0.9980922919209303,0.9979218293624482
afraid,0.9975059405993627,lonely,False,0.9975059405993627,0.997801950353433,0.997514010269076,0.9979736298383939,0.9981390289927923,0.9981304098734527,0.9962356381677961,0.9974291063938613,0.997164299784106,0.9978142630331462,0.9975584406969191
afraid,0.9979148649519493,lonely,False,0.9979148649519493,0.9979183558819382,0.9979960167296633,0.9978010497764085,0.9980175427961095,0.9979223078223814,0.9973914646247615,0.9978013277597543,0.9978505818342944,0.9980138112920397,0.998002638361145
afraid,0.9965535933104788,lonely,False,0.9965535933104788,0.9969485037499365,0.9965376465817954,0.9971940748303975,0.9973642224388656,0.9973553746632905,0.9950245480707096,0.9964937831018404,0.9961047528002882,0.9969201834770667,0.9966078612785997
afraid,0.9983859898167534,sad,False,0.9983859898167534,0.9985307009773186,0.9983107579868018,0.9986317062477023,0.9986245488289656,0.9986932217400833,0.9976855559684645,0.9983526530939009,0.9980845167429724,0.9984218276227794,0.9983644553010016
afraid,0.9979267631693145,faithful,False,0.9979267631693145,0.9979053643899928,0.9979491721846054,0.9977942505770754,0.9978474159459314,0.9978528179624208,0.9976085657223456,0.9978781719703931,0.997810864294157,0.997909576258605,0.9979715606091156
afraid,0.9976286299985127,sad,False,0.9976286299985127,0.9977273381633376,0.9976250763308999,0.9978188781703697,0.9978411154328561,0.9979372870007694,0.9967498830402233,0.9974960115336475,0.9973011735636135,0.9977325420532113,0.9974479647440682
afraid,0.9977718509526641,angry,False,0.9977718509526641,0.9979415963144463,0.9977492877294827,0.9977697728535315,0.9977655393528332,0.9978036014309701,0.997471972550374,0.99783926667114,0.9976598805573286,0.9976659539360277,0.9978738563992835
afraid,0.9797119578471329,terrified,False,0.9797119578471329,0.9789215444579855,0.9790287150873358,0.9784424134773605,0.9776425487822853,0.9777274320395164,0.9823954830540349,0.9798923907350119,0.9797701976923447,0.9780310027698795,0.9789123790679277
afraid,0.9979203059389067,lonely,False,0.9979203059389067,0.9981424497583823,0.9979572766155773,0.9982401070596888,0.9984203484561793,0.9983957330197663,0.9968068834340125,0.9978400252259468,0.9976166027427896,0.9982145662154063,0.997983406214121
afraid,0.9982401144306958,sad,False,0.9982401144306958,0.998389559412826,0.9983425866873205,0.9984551067727049,0.9986077361615937,0.9986304706531549,0.9972853214210348,0.9981332070148581,0.9980579139210706,0.9986111812913678,0.9983260747917122
afraid,0.9913361511965244,terrified,False,0.9913361511965244,0.9908038801496626,0.9909308805720558,0.99027748743302,0.9899365720417193,0.9900423790508814,0.9925983934703239,0.991277077854267,0.99121431183502,0.9902300456776083,0.9907720058849595
afraid,0.9945103612362527,terrified,False,0.9945103612362527,0.9943247491050226,0.9945753943286237,0.9941489307277643,0.9939053565714269,0.9940922730338657,0.994906821325628,0.994493188490631,0.9945917309773549,0.9942742898013279,0.9943594664023304
afraid,0.9976510422904411,anxious,False,0.9976510422904411,0.9976258094429419,0.9976673270410809,0.9975307070126811,0.9976109864489671,0.997541464721309,0.9972416319856864,0.9975898137093905,0.9974860642036117,0.997602875005851,0.9975763251728302
afraid,0.9980918175876994,sad,False,0.9980918175876994,0.9980687886328503,0.998047315157079,0.9980125188043365,0.99810994186799,0.998141936397341,0.9973952282853678,0.9979012589392888,0.9977914420767912,0.9980837461454559,0.9980135551289673
afraid,0.9985441480018653,sad,False,0.9985441480018653,0.9987063455615265,0.9985616199668282,0.9987672773746462,0.9987931911279393,0.9988857264795891,0.9976961136146782,0.9985205368802469,0.9983900029382344,0.9987010443080836,0.9985274950860658
afraid,0.9971716215180675,lonely,False,0.9971716215180675,0.9975018229572078,0.9971798341082247,0.9977081066326012,0.9978825322255942,0.9978770564467049,0.9957764111757746,0.9971008302840552,0.996766936092378,0.9975066715058271,0.9972098549345602
afraid,0.998168429911702,lonely,False,0.998168429911702,0.9982714530037571,0.9982946287751516,0.9983740689741329,0.9985603807566934,0.998559417442272,0.9971115028220983,0.997982137780574,0.9978668139064817,0.9983948521905508,0.9981496475869183
afraid,0.9982599973842639,faithful,False,0.9982599973842639,0.9982023689577707,0.9982835375931605,0.9981161141848303,0.9982501269804923,0.9982701432343444,0.9978956203592086,0.9980984132377048,0.998156484464024,0.9982720909997345,0.9983290414715553
afraid,0.9976478402291536,lonely,False,0.9976478402291536,0.9978943818818693,0.997684038537386,0.9980047105653849,0.9982362686994435,0.9981654195023015,0.9965050489150424,0.9975607576107441,0.9973744439049818,0.9979018137919977,0.9977280963888244
afraid,0.9983987715134779,lonely,False,0.9983987715134779,0.9985346440245441,0.9983913589003787,0.9986031815756076,0.9987941909145855,0.9987833444394455,0.9973644220904592,0.9982393620737708,0.9980585834857264,0.9985372429941056,0.9983864699632492
afraid,0.997614273496437,lonely,False,0.997614273496437,0.9979068326677647,0.99763542837801,0.9980685244616533,0.9982291572052086,0.998228048376685,0.9963625564670473,0.9975475999803481,0.997289786981251,0.9979330101664269,0.9976676192915164
afraid,0.9982558353817241,sad,False,0.9982558353817241,0.9984074600095454,0.9982443430541075,0.9984668554422268,0.9985505600327518,0.998609190434307,0.9973136351931668,0.9981496434294951,0.9979123382627608,0.998421375388887,0.998197796025059
afraid,0.9974414793319664,terrified,False,0.9974414793319664,0.9972796392073442,0.9972691762692992,0.9971601428025785,0.997195628468603,0.9971293723957264,0.9975757471865714,0.9973683306109944,0.9974060697963246,0.9970781310850831,0.9973422904821903
afraid,0.9978016652465382,sad,False,0.9978016652465382,0.9980302076780512,0.9977892976266004,0.998173575209353,0.9982950116022593,0.9983118194778116,0.9967199731758745,0.9977039981926942,0.9974398259862203,0.9980456225105159,0.9977956058841599
afraid,0.9982248245203648,lonely,False,0.9982248245203648,0.9984216827928766,0.9982595692771374,0.9985594479232871,0.9987097019898007,0.9986808259639854,0.99717737235868,0.9981400311383012,0.9980158884554776,0.9984906927917547,0.9983227975743781
afraid,0.9974115206292169,sad,False,0.9974115206292169,0.997535974167111,0.9974478390157064,0.9975290940316415,0.9976505183510802,0.9976518533910121,0.9966091227713291,0.9973160168979056,0.9972059267313218,0.9975646107034514,0.9974684405732499
afraid,0.9710085954677395,terrified,False,0.9710085954677395,0.9704767746556612,0.9704329882519644,0.9699376535797906,0.9688742965930791,0.9694299007800922,0.9737084039508965,0.971378925833992,0.9712285691884617,0.9692861753262658,0.9704808707444772
afraid,0.9980055127522514,sad,False,0.9980055127522514,0.9981616779802729,0.9980487625357166,0.9981850970284719,0.9983478135119626,0.9983516836479175,0.996994050746929,0.9978924783303175,0.9977017082976043,0.9982517998582484,0.9980007980855569
afraid,0.996568508688161,grateful,False,0.996568508688161,0.9965312100675245,0.9967194650084215,0.9964444309854055,0.9963962470629774,0.9964623724008412,0.9965399118090646,0.9965411097591875,0.9967258999867867,0.9966132239783525,0.9966581164098637
afraid,0.9982271793968186,angry,False,0.9982271793968186,0.9982509959493886,0.9982114230596403,0.9981800344850025,0.998208220466535,0.9982118041510308,0.9978538826890822,0.9981947326653446,0.9980586577021403,0.9981668743777415,0.9981830926074262
afraid,0.9968822612235949,sad,False,0.9968822612235949,0.9972549364386983,0.9968699142950885,0.9974770609919699,0.99763403294495,0.9976358532090714,0.9954241802352937,0.9968239779646717,0.9964389217783586,0.9972267577119945,0.9969222107232538
afraid,0.9975988462646298,sad,False,0.9975988462646298,0.9979005169445032,0.9976120225046764,0.9980623916797824,0.998209444526686,0.9982147043398609,0.9963609497097352,0.9975366584572822,0.9972620456242728,0.9979079805886829,0.9976512206046234
afraid,0.9988261328020527,sad,False,0.9988261328020527,0.9988078433493558,0.9988283286542378,0.9988346910710183,0.9987792372162427,0.9989117971505151,0.9982108010662737,0.998696542207471,0.9986036121385318,0.998796367450484,0.9986951355929806
afraid,0.997876771853428,sad,False,0.997876771853428,0.9980967286839717,0.9978161745273229,0.9982512254807107,0.9983236439228239,0.9983633741182529,0.9967402705537856,0.997780131439986,0.9974269625010542,0.9980717686811703,0.9978181064073909
afraid,0.9973789906482532,sad,False,0.9973789906482532,0.9976410512399719,0.9974672423899074,0.9978551536906478,0.9978957508207512,0.9980085519862669,0.9962164374187847,0.997316191009582,0.9971542524543981,0.9977076114286265,0.9974048977785167
afraid,0.9981157840811437,hopeful,False,0.9981157840811437,0.9982222578827036,0.9982096670854921,0.9982536646804795,0.9983217885261602,0.9983630959358062,0.9975331127155423,0.9980685913347518,0.9980911735595162,0.9983834686043466,0.9982807119619055
afraid,0.9957153712437627,terrified,False,0.9957153712437627,0.9955472583402394,0.9957951466924336,0.995408857357154,0.9953479579554166,0.9953938514381537,0.9957959695117535,0.9956192396817312,0.9956853961634045,0.995674169581505,0.9957108806854967
afraid,0.9979807396761164,sad,False,0.9979807396761164,0.99808201200766,0.9980561242192476,0.9980861960882097,0.9982108319301242,0.9982153562979013,0.9972420902606326,0.997904555182227,0.9977786111273695,0.9981735005319123,0.9979724419897225
afraid,0.998064701454187,sad,False,0.998064701454187,0.9981485713541254,0.9980511575029882,0.9983042617226217,0.998351466781312,0.9984027541711789,0.9971409157310211,0.9978868943214847,0.9977139472426717,0.9982250377573406,0.9980354025024323
afraid,0.992458944776302,terrified,False,0.992458944776302,0.992131749530277,0.9921428727294159,0.9917882663845281,0.991531716245218,0.991590884926667,0.9935823671012001,0.9925948200387661,0.9925581337502096,0.9917082874073432,0.9921687426720824
afraid,0.9968645550205951,anxious,False,0.9968645550205951,0.9968979588061517,0.9970781384180882,0.9968711924842476,0.9969161611529224,0.9970405457120218,0.9963063246008729,0.9967662639508136,0.9969432929950695,0.9969690620525389,0.9968753196264493
afraid,0.9971443376163859,lonely,False,0.9971443376163859,0.9974765216504908,0.9971461131181851,0.9976834002155559,0.9978538493021045,0.9978498912893148,0.9957430709695264,0.9970719459828123,0.9967323985619998,0.9974807001652047,0.9971811976628226
afraid,0.9972974629898002,terrified,False,0.9972974629898002,0.997099761908144,0.9972413444512049,0.9969379318736877,0.996975416034465,0.9968946818774007,0.9974819722441803,0.997197819989819,0.9972303573249882,0.9970874288119024,0.9972662973285451
afraid,0.9979969835985708,sad,False,0.9979969835985708,0.9979883300319008,0.9980891159176302,0.9979952305436887,0.9981255387502674,0.9981435729659939,0.9973186150109896,0.9978143040297017,0.9977833750427288,0.9981182529725738,0.9979832403728999
afraid,0.9979643896243104,sad,False,0.9979643896243104,0.998159716072258,0.9980500535746488,0.9983898486933779,0.9984014032803525,0.9985415614384723,0.9968980096615808,0.9978787369196622,0.9977678071976276,0.998242298145031,0.9979747505942153
afraid,0.9978886076659397,lonely,False,0.9978886076659397,0.9981157141378659,0.9979181200793462,0.9981935423798468,0.9983488922415306,0.9983477818928956,0.9968075647881198,0.9978056057508282,0.9976356697507027,0.9981546088810723,0.99797062434645
afraid,0.9863868056781422,terrified,False,0.9863868056781422,0.9855788800444988,0.9860827739666806,0.9854695546255297,0.985328000119635,0.985299871362936,0.9874402522147363,0.9860604795910446,0.9865147479608086,0.9851760985424347,0.9859503433186523
afraid,0.9982967151270181,angry,False,0.9982967151270181,0.9983654269461952,0.9982021637335626,0.9982534798621322,0.9982849932252205,0.9983611263993379,0.9978588336476424,0.9982007409013726,0.9980060487634006,0.99817365088359,0.9982048897434885
afraid,0.9980056806593073,hopeful,False,0.9980056806593073,0.9980459126923061,0.9981544426482541,0.9980462466399005,0.9982282427458018,0.9981934929510303,0.997418383867835,0.9979045441480632,0.9980415299015077,0.9982489268186736,0.9981237487817405
afraid,0.9969527140659389,anxious,False,0.9969527140659389,0.9968887240821653,0.9971923318643756,0.9969237352007079,0.9968864765259059,0.9970470903308607,0.9966021233494562,0.9968534734230653,0.9971002035795603,0.997172122275647,0.997024059578127
afraid,0.9983319849433883,hopeful,False,0.9983319849433883,0.9984859079580743,0.9984434116129776,0.998487243365208,0.9986202355125438,0.9986040495341609,0.9975528958188098,0.9982818826924164,0.998306700050341,0.9986375179365657,0.9985300652644336
afraid,0.9969351778116637,hopeful,False,0.9969351778116637,0.9968325177997854,0.9969505619300454,0.996753088109795,0.9967813235709574,0.996851762017232,0.9966013262613228,0.9968086288717047,0.9968328119655947,0.9970130939585542,0.9968979388062992
afraid,0.9983830520943529,sad,False,0.9983830520943529,0.9985192205662036,0.9983694952962499,0.998662380369298,0.9987332287426602,0.9988177621157414,0.9973962468573121,0.998257655122881,0.998103300153592,0.9985050417078403,0.9983233684018019
afraid,0.9968735058776074,afraid,True,0.9968735058776074,0.9965584061995617,0.9966969822987931,0.9964982382955685,0.9964328653090609,0.9965719112025582,0.9966348517057497,0.9965651108213744,0.9965469316514763,0.99651375316226,0.9965199823439228
afraid,0.9734449149706308,terrified,False,0.9734449149706308,0.97285083844272,0.9736645246353102,0.9723833333112205,0.97245393678087,0.9722443318376192,0.9755967874581515,0.9734297287185112,0.9749854484775322,0.9729905806967825,0.9742510808784093
afraid,0.9985810158629603,sad,False,0.9985810158629603,0.9986758387994907,0.9986014438778966,0.99879443333377,0.9989586442396807,0.9989650563258685,0.9976351406688361,0.9984077711978234,0.9982808074838685,0.9987401339623644,0.9985904689745957
afraid,0.984863826488843,terrified,False,0.984863826488843,0.9844176390257857,0.9847776221168255,0.9837410133259559,0.9834691654621687,0.9835321715813323,0.9865188032575308,0.9849043248441388,0.9850743226966465,0.9843293741027581,0.9846531289698791
afraid,0.9974491219387007,sad,False,0.9974491219387007,0.9976266496550936,0.9976086693400453,0.9976536849655756,0.9978089323044821,0.9978453387645474,0.9964833015908197,0.9973629097679547,0.9973078549768988,0.9977032798575,0.9975172161393562
afraid,0.9963023337897537,hopeful,False,0.9963023337897537,0.9962231485603341,0.9964690142301343,0.9961613971267187,0.9962457342264396,0.9962984008950907,0.995840955581504,0.9961313593880035,0.9962821816007209,0.9964888068232713,0.9962878738208178
afraid,0.9965535933104788,lonely,False,0.9965535933104788,0.9969485037499365,0.9965376465817954,0.9971940748303975,0.9973642224388656,0.9973553746632905,0.9950245480707096,0.9964937831018404,0.9961047528002882,0.9969201834770667,0.9966078612785997
afraid,0.9975602379977594,lonely,False,0.9975602379977594,0.9977042745706537,0.9976154278188749,0.9977635641752279,0.9979356062690482,0.9979291835595336,0.996606773634551,0.9974334900755417,0.9973703707932331,0.9977833162964841,0.9976246481139207
afraid,0.9975305624281546,hopeful,False,0.9975305624281546,0.9974696679531025,0.9977303106376183,0.9973571343657013,0.9974503140585955,0.9974692587929317,0.9971048174359703,0.9973926224266778,0.9975526622105007,0.9977939964561977,0.9977639866718088
afraid,0.9975624898000112,sad,False,0.9975624898000112,0.997865682344987,0.9975869225249423,0.9980483010176302,0.998212709720447,0.9982177824425517,0.9962506128085525,0.9974802444190392,0.9972170420895942,0.9978925829077002,0.9976219441208295
afraid,0.9977697787492352,hopeful,False,0.9977697787492352,0.9979517462547214,0.9979274641156657,0.997845266072758,0.998039119647022,0.9979713739219046,0.9969850931256042,0.9977571197738831,0.9976359184204291,0.998115001686369,0.9978674616406858
afraid,0.9951418996580211,terrified,False,0.9951418996580211,0.995035643130573,0.9950766170255584,0.9947688195130475,0.994445037539472,0.9947264387163941,0.9956315435802328,0.9951994067949033,0.9950700035451349,0.9946884038413577,0.9948766170837906
afraid,0.9976278053360292,lonely,False,0.9976278053360292,0.9979085289226458,0.9976376881778324,0.9980626907298669,0.99822956829778,0.9982266042928412,0.9963692146951714,0.9975436040009984,0.9972645542943709,0.9979098189751527,0.9976612927302715
afraid,0.994734327371684,terrified,False,0.994734327371684,0.9944313898327746,0.9947674582215936,0.9942008866960556,0.9939942016449084,0.9941422509905389,0.9953762022819551,0.9947397245968093,0.9950487380078699,0.9943564250675521,0.9945473360010945
afraid,0.9989353425834222,sad,False,0.9989353425834222,0.9988670106839466,0.9988785823470459,0.9988880983878765,0.9989642926430445,0.9990053637893924,0.9981681827830016,0.9986733936309764,0.9985449150087922,0.9988834749529216,0.998706641689387
afraid,0.9975175208179318,sad,False,0.9975175208179318,0.9975245975622007,0.9975475841163296,0.9975081684378801,0.997561577513371,0.9975787641748203,0.9971091888670306,0.9974176423080934,0.9973941927125765,0.9975146355761823,0.9975471948425518
afraid,0.9972611766239486,sad,False,0.9972611766239486,0.9975667115426586,0.9972836938527314,0.9977438682529985,0.9978957402992771,0.9979089664928205,0.9959474785289628,0.9971756333234001,0.9969147877297012,0.997579169735365,0.9972946629278235
afraid,0.9971042231481732,terrified,False,0.9971042231481732,0.9970214404820631,0.9970814508303957,0.9968338465093447,0.9967132467574767,0.9968205798215154,0.9971984199626693,0.9971170501617981,0.9971239654987577,0.9968033336196583,0.9970119918877208
afraid,0.9980682174040583,lonely,False,0.9980682174040583,0.9982599004659697,0.9980966331388056,0.9982141290425212,0.9984032598764578,0.9983884632948825,0.9970974275564968,0.9979874062624112,0.9977664854490345,0.9982331884162402,0.9980897031313294
afraid,0.998154212837528,sad,False,0.998154212837528,0.9981720480780831,0.9981081665657024,0.9981489836618684,0.9981419173851114,0.9982184857562889,0.9977828816730089,0.9980761721923779,0.9978835915907571,0.9981025084757084,0.9980561879586661
afraid,0.9973834187240761,sad,False,0.9973834187240761,0.9977056573466737,0.9973903116567301,0.9979046169534496,0.9980623936634758,0.9980765045635356,0.9960146957199607,0.9972989582895588,0.9969856689814365,0.9977129189311442,0.997419893549607
afraid,0.9983425987176808,sad,False,0.9983425987176808,0.9985795518093131,0.9984455680599222,0.9986650133177748,0.9987768284365246,0.998826335663814,0.9972822278912453,0.9982813956960346,0.9980586368046299,0.9986575197787466,0.9983781381656587
afraid,0.9983067999533484,sad,False,0.9983067999533484,0.998461746581285,0.9984207088496382,0.9984453853407522,0.9986123156166868,0.9986358013484481,0.9974583803670376,0.9982492332053926,0.9982770376664141,0.9985463170659185,0.9983261420307089
afraid,0.9975839522226656,lonely,False,0.9975839522226656,0.997857959156007,0.9976015160169599,0.9980413791681411,0.9982218187061199,0.998200821630691,0.9963085737837252,0.9974935607789605,0.9972396154420247,0.9978812607156606,0.9976481022808688
afraid,0.9979704489813148,lonely,False,0.9979704489813148,0.9981818034748458,0.9980378847023414,0.9983179466672968,0.9985037292344965,0.9984709631020678,0.9968665330255698,0.9978745732520247,0.9977037205775858,0.9982406803754191,0.9980209125807383
afraid,0.9979316200254098,lonely,False,0.9979316200254098,0.9980926776591491,0.9979842719775096,0.9982474070094258,0.9984186137538108,0.9984001673521656,0.9968822515697157,0.9978084170599955,0.9976468389957797,0.9982370523767428,0.997996098404571
angry,0.9982619199305064,hopeful,False,0.9981595338616637,0.9982619199305064,0.9982755656190245,0.9982998569583315,0.9984114014347818,0.9984152057788163,0.997483076489476,0.9980713178313267,0.9980097475726696,0.9984638496684937,0.9982382107519711
angry,0.9987344237386572,lonely,False,0.9985279408331407,0.9987344237386572,0.9985602692268462,0.998801767650656,0.9989410498825171,0.9989276214123352,0.9976926758595553,0.9984912366081888,0.9982840731391899,0.9987433068606033,0.9985656731595567
angry,0.9982804699645326,sad,False,0.9980761278357362,0.9982804699645326,0.9980728466749162,0.9983952308609065,0.9984684548766322,0.9984958866354436,0.9971808432271412,0.9980219258429834,0.9977363773910345,0.9983058314440596,0.9979971406456393
angry,0.9961899056052564,terrified,False,0.9962658026320341,0.9961899056052564,0.9960967312536168,0.9960143965453481,0.9958150076287979,0.9959105232816047,0.9966533354910264,0.9963786440448261,0.9962847293153461,0.9957738227398945,0.9961266454811286
angry,0.996346935169209,terrified,False,0.9964919479417631,0.996346935169209,0.9964808835024458,0.9960785059463463,0.996061719983335,0.9961081951551997,0.9968159995705307,0.9964787782110344,0.9964702374587795,0.9962294545699216,0.996296643554191
angry,0.9985082853187364,hopeful,False,0.9984406186336082,0.9985082853187364,0.9985753799363195,0.9985103743963273,0.9986087350516902,0.9986177624169856,0.9978702559540765,0.9983630655878364,0.9983325123658984,0.9987033932176395,0.9984646274429548
angry,0.9978688028430027,lonely,False,0.9975683833987907,0.9978688028430027,0.9975767332050656,0.998024546213972,0.998171145274574,0.9981339165504788,0.9964705136991311,0.9975385378490886,0.9972163779809498,0.9978930889965131,0.9976108699076924
angry,0.9985688727924598,sad,False,0.9983568066919415,0.9985688727924598,0.9984031794363006,0.9985488720348756,0.998568885436275,0.9986242927803589,0.9977339614726695,0.9983957471328065,0.9981312753814868,0.9985537488857807,0.9983835672960478
angry,0.9989457944608746,sad,False,0.9989168562375035,0.9989457944608746,0.9988479685557335,0.9990372987424971,0.9990437186317639,0.9990916386611555,0.9984897076305718,0.9988637692256641,0.998800876957793,0.9988463553220128,0.9989141192391426
angry,0.9980332367220561,lonely,False,0.9977576638546712,0.9980332367220561,0.997754049183359,0.9981943508890052,0.9983118453977439,0.998294732827472,0.9967001151959254,0.9977222429457572,0.9973912606200124,0.998045181468374,0.997766258866523
angry,0.9981387713451909,lonely,False,0.9978679039593084,0.9981387713451909,0.9978847001083253,0.9982791387872614,0.998426411083536,0.9983923199549756,0.9968295442963508,0.9978293251934496,0.9975331000157887,0.9981564909047844,0.997899010719977
angry,0.9985185034138361,sad,False,0.9984830327157221,0.9985185034138361,0.9985829937290053,0.998563711767833,0.9986264072972698,0.998674001035175,0.9979894425149292,0.998381366427844,0.9983416856598568,0.9986214489866889,0.9984696047124494
angry,0.998804209081787,devastated,False,0.9987504892116512,0.998804209081787,0.9987248855647505,0.9990484451204773,0.9988519121390186,0.9990223259578822,0.9983835976836373,0.9987000424660248,0.9986195169558512,0.9987672764966093,0.998732848992301
angry,0.9982871810504133,lonely,False,0.998029738154461,0.9982871810504133,0.9980589619534939,0.99842276270194,0.9985560858913568,0.9985426359826699,0.9970149185570703,0.9979848077209339,0.9977229447683967,0.9983330278410352,0.9980702134428269
angry,0.9986458803204327,sad,False,0.9986343257809507,0.9986458803204327,0.9987545747846364,0.9986616088426912,0.9987148625900766,0.998767275965841,0.9982327761508105,0.9985564435346654,0.9985679709432919,0.998759776265677,0.9986890249441718
angry,0.9966874618617703,terrified,False,0.9968488520163797,0.9966874618617703,0.9969743584080566,0.9965936783816994,0.9964088104703672,0.9966210981391861,0.9970304047603384,0.9967891619950175,0.9968584413018926,0.9969326883455605,0.9968059829804785
angry,0.9987561062233699,lonely,False,0.998606017540987,0.9987561062233699,0.9986678316872853,0.9988460514265787,0.9990090424229068,0.9989856212056055,0.9977567555146687,0.9985136136700159,0.9983624937679334,0.9988399436492971,0.9986571241242165
angry,0.9976962145522944,lonely,False,0.9973831385663832,0.9976962145522944,0.9973840228779969,0.9978750916839021,0.9980146130054541,0.9979835737347651,0.9962391782627499,0.9973509200845123,0.9970112543428049,0.9977132402952774,0.9974168801035521
angry,0.9987327015583272,lonely,False,0.9985666533449338,0.9987327015583272,0.9986018218877828,0.9988239960925014,0.9989190196735758,0.9989147180437438,0.9978085390772348,0.9985204847186936,0.9983238811949973,0.9987383653251798,0.9985753043279768
angry,0.9985820855070877,angry,True,0.9984023549661231,0.9985820855070877,0.998398896468393,0.9985418228623935,0.9984973308301637,0.9985629685531938,0.9979960599068206,0.9984623031750756,0.9983273113817723,0.9984545274271651,0.9985213298412717
angry,0.997478778103887,anxious,False,0.9975258654229371,0.997478778103887,0.997620725963667,0.9974081525347749,0.9974807719723358,0.997487870160512,0.9972684704276505,0.9974226599523305,0.9975245245870101,0.9975482404734126,0.9975452427806262
angry,0.99805389898514,hopeful,False,0.9980421421418613,0.99805389898514,0.9982042802893868,0.9979662937578607,0.9980666690896223,0.9980951496583824,0.9976394160327016,0.997987060678346,0.9979463551817375,0.9982484869184305,0.9980283519454303
angry,0.9983293283610484,lonely,False,0.9981773690208946,0.9983293283610484,0.9981986741352297,0.9983399789908377,0.9984464432620788,0.9984301372656833,0.9975619365511599,0.9981827796186516,0.9980083158359108,0.9983452055933745,0.9981615202820417
angry,0.9979041072358091,lonely,False,0.9976132950950642,0.9979041072358091,0.9976239817709084,0.9980708395567804,0.9982115640404928,0.9981815302955379,0.9965169984048868,0.9975762626949598,0.9972632641404063,0.9979350406290632,0.9976546513802759
angry,0.9974484942462596,terrified,False,0.9975694894331277,0.9974484942462596,0.9973117730484702,0.997318313659718,0.9972438765713252,0.997263453149035,0.9977834513311762,0.9975584522915839,0.9973294026839515,0.997083901468383,0.9973833725638944
angry,0.9985877294152457,sad,False,0.9983820611473413,0.9985877294152457,0.9984082034923206,0.9985734507016413,0.9986487371783037,0.9986561016855976,0.997780053610035,0.9984083917435203,0.9982204420472716,0.9985373710882758,0.9984465785877427
angry,0.9980398765258249,anxious,False,0.998047962610903,0.9980398765258249,0.9982011747558305,0.9978836710923675,0.997962105066278,0.9979553086378616,0.997866648110598,0.9979940172418619,0.9980577688637979,0.9981436127054129,0.9981270762512932
angry,0.9987775796683739,lonely,False,0.9986163661006935,0.9987775796683739,0.9986738417592913,0.9988954057130631,0.999026037695665,0.9990174504478728,0.9977744549356222,0.998534768030639,0.9984093628863634,0.9988723324965657,0.9986845533302278
angry,0.9984067615346349,sad,False,0.9982496163203467,0.9984067615346349,0.9982317549234339,0.9985072035606928,0.9985414426904015,0.9985748016456629,0.9975278706126507,0.9982252208455586,0.9979635222696197,0.9983946342918422,0.998185180697782
angry,0.9984804646570615,lonely,False,0.9982805286249241,0.9984804646570615,0.9983254559563665,0.9985673688602481,0.9986998795579803,0.9986785111900802,0.997391843450758,0.9982128660554785,0.9980105812893858,0.9985356387383171,0.9983178798006345
angry,0.9988935843742913,sad,False,0.9987165094405449,0.9988935843742913,0.9988755629076497,0.99888978290623,0.9989922744953661,0.9990069739348542,0.9981072724090884,0.9987334190634396,0.9986824686950211,0.9989569650821092,0.9987980777354746
angry,0.9975350973381825,lonely,False,0.9972012612683766,0.9975350973381825,0.9971956037919293,0.9977189834213254,0.9978651724318929,0.9978276512322414,0.9960205263294498,0.9971771360441167,0.9968103744165142,0.9975391049097249,0.9972342577220277
angry,0.9985439957491172,afraid,False,0.9986906601877878,0.9985439957491172,0.9985960033013039,0.9986378580066365,0.998626008017385,0.9986816721026927,0.9982569528225351,0.9984284332506248,0.9983921692402066,0.9985933723057852,0.9985710791087427
angry,0.9921341362424148,grateful,False,0.992239358364013,0.9921341362424148,0.9924830685941147,0.9918758239887808,0.9918137125908255,0.9918241766728484,0.9927007014244933,0.9923878209526801,0.9927637050120233,0.9922501379587068,0.992377653546804
angry,0.9959113531495827,terrified,False,0.9961172848129886,0.9959113531495827,0.996250939727564,0.9956691715513185,0.9956053879683989,0.9957159463020896,0.9964364242625404,0.9960942845757964,0.9962386409105995,0.9959978019725575,0.9960648384810051
angry,0.9813345971129472,terrified,False,0.9812744259427837,0.9813345971129472,0.9813072132773943,0.9804622558985318,0.9801224116899891,0.9801997284341323,0.9829079252176867,0.9817934464166056,0.9819601667545274,0.9806949938880755,0.9816356115044458
angry,0.9986457595804246,angry,True,0.9984859084400552,0.9986457595804246,0.9984509746621414,0.9985828459124371,0.9986086487472595,0.9986404775914353,0.9981087883860157,0.9985000412739335,0.9982988866853066,0.9985048757137052,0.9985052021600288
angry,0.9986690017067523,lonely,False,0.9984405121430585,0.9986690017067523,0.998485838111554,0.9987304360007838,0.9988078576584506,0.9988014518789327,0.9976963028893486,0.9984808927851018,0.9982557857681157,0.9986919625601655,0.998501387982373
angry,0.9984904108956418,angry,True,0.9983179335349148,0.9984904108956418,0.9983091844545839,0.9984264019270837,0.998351166806944,0.9984388365343145,0.9979830841698076,0.9984203287756792,0.998198436552713,0.998361982126066,0.9983551277023972
angry,0.9987479573106547,sad,False,0.9987107104880806,0.9987479573106547,0.9987469935684687,0.9987260560984027,0.9987187236686871,0.9988035809671837,0.998375951961707,0.9987008031997621,0.998585554573445,0.9986619331165376,0.9986453936512396
angry,0.9986526873432852,lonely,False,0.9984554088138763,0.9986526873432852,0.9984853198505503,0.9986716959286582,0.9987850589877465,0.998760898052653,0.9976967191382293,0.9984287232972686,0.998236231874358,0.998677009198543,0.9985105805846014
angry,0.9985742076121169,sad,False,0.9984290322575288,0.9985742076121169,0.9985261301876,0.998654391691438,0.9987445088570299,0.9987913962108925,0.9976983145288583,0.9983648685570292,0.998266104855136,0.9986732856313325,0.9984407120410645
angry,0.9966539963706067,grateful,False,0.9966567029037987,0.9966539963706067,0.9967841576449006,0.9963371470364446,0.9963277451439149,0.9963980514153995,0.9967837348837041,0.9967463233309117,0.9969169968601026,0.9965964569410893,0.9968260984005104
angry,0.9982857509010666,lonely,False,0.9980374602619898,0.9982857509010666,0.9980594157749814,0.9984189917969204,0.9985468358158721,0.9985427247899007,0.9970244096773665,0.9979819263398846,0.9977069917937587,0.9983283760743134,0.9980509674348914
angry,0.9982010208725702,lonely,False,0.9979631326017789,0.9982010208725702,0.997989548575736,0.9983502453177967,0.9984868734665286,0.9984740051494809,0.9969482825981172,0.9979055744813954,0.997639667182348,0.9982553736640626,0.9979750804938229
angry,0.9985053030679019,sad,False,0.9983425276524576,0.9985053030679019,0.9984240998691203,0.9986591414888987,0.9986908507709206,0.9987783921632049,0.9975176002366032,0.9982776759933852,0.9981358179108338,0.9985942735345669,0.9983291929546128
angry,0.9989669034420006,sad,False,0.9988051895820977,0.9989669034420006,0.9987472053155967,0.9990642078539581,0.9989376243143897,0.999086964206747,0.9984367353278544,0.9988868843719384,0.998676881591561,0.9987647224840683,0.9987987400560119
angry,0.998391620819015,lonely,False,0.9981581953135102,0.998391620819015,0.9981877062042096,0.9985043423751345,0.9986615650474615,0.9986239491471316,0.9972109334517599,0.9981187136243286,0.9978563317641803,0.9984120152911452,0.9981846018529814
angry,0.9984673846324272,lonely,False,0.9984070290638316,0.9984673846324272,0.9984903148526371,0.9985067748928533,0.9986305228853682,0.9986014362548412,0.9978470716234638,0.998319533955424,0.9983470588344131,0.9985898460890359,0.9985522648954629
angry,0.9983251658668642,lonely,False,0.9980938028144535,0.9983251658668642,0.998142452505277,0.9983671118485395,0.9984933655355045,0.9984696098936197,0.9972221511544216,0.9980677475078281,0.9978166580579981,0.998347017427726,0.9981171326285511
angry,0.9982703387983803,furious,False,0.99815133845669,0.9982703387983803,0.9982087408613871,0.998107827674769,0.9980017962910102,0.9981876039185987,0.9979895876838099,0.9982865572265642,0.9981632416802297,0.9981010437289898,0.9980801778150856
angry,0.9985391495943515,sad,False,0.9982987214699635,0.9985391495943515,0.9983008534065189,0.9985733528770441,0.9986464181572517,0.9986572026473804,0.9975505822427227,0.9983426166814726,0.9980770029720115,0.9984858533793156,0.9983409628318778
angry,0.9957598720833325,terrified,False,0.9960058408071452,0.9957598720833325,0.9959041836776399,0.9956853496051329,0.9954652275646763,0.9956109721651067,0.9964650835574365,0.9960059346077071,0.9960927371801372,0.9955278502610191,0.9959155590231088
angry,0.9985081086423312,sad,False,0.9983721023482773,0.9985081086423312,0.9984858717108693,0.9985552017862914,0.9986742160264303,0.9986966311189024,0.9976172843426203,0.9982989190730774,0.9981895661936881,0.998593784993232,0.9983771706657316
angry,0.9984931676454403,lonely,False,0.9982906719275608,0.9984931676454403,0.9983153465254888,0.9985343355024674,0.9986711344924171,0.9986548713095017,0.9974997546500097,0.9982522147553876,0.9980215423062891,0.9984895351128,0.998321634225081
angry,0.9987969774352974,lonely,False,0.998640345894792,0.9987969774352974,0.9986917702476106,0.9988761441680853,0.9990237308980552,0.9990138364280602,0.9978157688553859,0.9985593137764692,0.998394226313566,0.9988582450744624,0.998693108826925
angry,0.99807852908223,furious,False,0.9979580243146144,0.99807852908223,0.9979411081259206,0.9978435398340477,0.9978415150491717,0.9978358555071706,0.9979604626072387,0.9981835548596507,0.9979934284300787,0.9977960240040535,0.997894106716402
angry,0.9982580338554006,hopeful,False,0.998161657891051,0.9982580338554006,0.9983102910314439,0.9981922587469378,0.9982395113176378,0.9983266316354562,0.9976911806829057,0.9981324274563683,0.9980692540966771,0.9984318621244355,0.9981832821400153
angry,0.9984264247784458,sad,False,0.9982756008201754,0.9984264247784458,0.9984328777538493,0.9984019208227621,0.9985081058100348,0.9985466106431127,0.9976072235121368,0.9982462547310815,0.9981798151305441,0.9984991289726266,0.9983240683398416
angry,0.9984505420979704,sad,False,0.9983695683624408,0.9984505420979704,0.9983847518467333,0.9985269756987193,0.9985727391031212,0.998616109158083,0.9977596575706577,0.9983051481037166,0.9981788776786605,0.998430379543409,0.9983009954314652
angry,0.981989133370825,terrified,False,0.9823944349934144,0.981989133370825,0.9826997069621568,0.9816293764793582,0.9816990752120219,0.9815390844714518,0.9837204835233435,0.9823682541630246,0.9833101394815387,0.9822090537065646,0.9827656212950977
angry,0.9986920882992258,sad,False,0.9984933884348628,0.9986920882992258,0.998506149987171,0.9987971045637645,0.9988568616023639,0.9988932731898397,0.9977494139647185,0.9984630319446572,0.9982746770483902,0.998717092718958,0.9985429319311263
angry,0.9985163316165008,sad,False,0.998339842367916,0.9985163316165008,0.9983852745626254,0.998579488618528,0.9986716911274649,0.9986745587021197,0.9976080633877078,0.9983167873181237,0.9981187778372794,0.9985305932031339,0.9983414077785775
angry,0.9975350973381825,lonely,False,0.9972012612683766,0.9975350973381825,0.9971956037919293,0.9977189834213254,0.9978651724318929,0.9978276512322414,0.9960205263294498,0.9971771360441167,0.9968103744165142,0.9975391049097249,0.9972342577220277
angry,0.9986155507854428,sad,False,0.9984819170204711,0.9986155507854428,0.9985325384615806,0.9988093993387529,0.9987591374804482,0.9988978276500402,0.9977903792875747,0.9984331141510492,0.998334287392754,0.9986468379935637,0.9984595212627057
angry,0.9930437616550052,terrified,False,0.9932990926936058,0.9930437616550052,0.9934947676868057,0.9927021500337768,0.9926586030464937,0.9927510606632567,0.9939209066657149,0.9933015287075823,0.9936278402225417,0.9931560341251046,0.9933690060914803
angry,0.9977507325165328,anxious,False,0.9977457398539555,0.9977507325165328,0.9979255639169301,0.9975629582606148,0.9976916365481839,0.9976661324895706,0.997519661422869,0.9977194344480717,0.9978282971319252,0.99788223404296,0.9978379997155564
angry,0.9985721862599439,hopeful,False,0.998381875636117,0.9985721862599439,0.9984760117256435,0.9984080948577685,0.9984731596480301,0.9985110069152369,0.9979174080972797,0.9984235219571846,0.9982691737688429,0.9985807896631639,0.9984966521565087
angry,0.9983082615944482,lonely,False,0.99811805248853,0.9983082615944482,0.9981767932298629,0.998431807584236,0.9985675791789044,0.9985615733704232,0.9972090537589416,0.9980516912037403,0.9978311951339515,0.9983902399859254,0.9981151893275666
angry,0.9982714760245659,hopeful,False,0.998163892627254,0.9982714760245659,0.9982389788183987,0.9982650994553464,0.9983090268421996,0.9983349549187849,0.9978022342513962,0.9981716972335285,0.9981853566814154,0.9983489145293153,0.9983412028335774
angry,0.9984116598870805,sad,False,0.9982078834282315,0.9984116598870805,0.998220283397979,0.9985261230673059,0.9985969503953462,0.9986027598624062,0.9973455438868246,0.9981705634281816,0.9979199613487258,0.9984205302160897,0.9982156346397475
angry,0.9982572128390885,lonely,False,0.9980158466320361,0.9982572128390885,0.9980661664252495,0.998361753338311,0.9985030670026294,0.9984907134967874,0.9970350792925087,0.9979725887858467,0.9977074790118939,0.9983226703933641,0.9980468298454648
angry,0.9981241250603315,sad,False,0.9980980111693775,0.9981241250603315,0.9981083743131458,0.9980810344650086,0.9980745535838369,0.9981402682431532,0.9978007169779108,0.9980605873941752,0.9979430454147682,0.9980899729440276,0.9980685590008829
angry,0.9984800519079391,lonely,False,0.998406893075565,0.9984800519079391,0.9984698881526386,0.9984924424142714,0.9986552836882414,0.9986018811907109,0.9977694367353722,0.9983231748814364,0.9981628546569943,0.9985620133892101,0.9983565191647573
angry,0.9987904125181031,sad,False,0.9987340865786358,0.9987904125181031,0.9987260731689227,0.9988041570313575,0.9988874381612408,0.9989255397590127,0.9982024358273437,0.9986346749493247,0.998488470598071,0.9988057972570241,0.9986713835137726
angry,0.9986710479986861,sad,False,0.9985735929766402,0.9986710479986861,0.9985964370965505,0.9987206296206983,0.9987694676597523,0.9988133799869359,0.997996558818298,0.9985234718745964,0.9983739575600182,0.9987028315216436,0.998554416345134
angry,0.9985967468958524,lonely,False,0.9985005066653704,0.9985967468958524,0.9985576626121908,0.998652524173349,0.9987580781014527,0.998741757256664,0.9978634593213942,0.998410714007596,0.9982549505695201,0.9986905957223707,0.998456735551582
angry,0.9989854940386942,sad,False,0.9988104408254735,0.9989854940386942,0.9988380396786953,0.9990729216319092,0.9991611815141297,0.99916342214477,0.998063646430011,0.9987832056038661,0.9985894515595615,0.9990003827536076,0.9988367103827213
angry,0.9981598549499232,hopeful,False,0.9981377434692991,0.9981598549499232,0.9982915872928395,0.9981127353257037,0.9982034737906371,0.9982171117405295,0.9977141280462257,0.998047143499224,0.9980200606025483,0.9983415224603357,0.9982013712156295
angry,0.9973589139147352,anxious,False,0.9973063185187715,0.9973589139147352,0.997427414403134,0.997242472631192,0.9973485576242537,0.9973525613046665,0.9969457993355112,0.9972476459991653,0.9972904096550814,0.9974138087547018,0.9974217775547045
angry,0.99858110646177,lonely,False,0.9984606736204795,0.99858110646177,0.9985517543563281,0.9986428349170581,0.9987747234204212,0.9987567019893775,0.997771313634727,0.9983953103008872,0.9982772165025904,0.9986628406515187,0.9984684454985813
angry,0.9982038457660647,lonely,False,0.9979753060161967,0.9982038457660647,0.9980279109347303,0.9983166008076056,0.9984483769190887,0.9984337466174796,0.9970077386311484,0.9979184262968087,0.9976780151235035,0.9982863532118866,0.9980238816479083
angry,0.9982857509010666,lonely,False,0.9980374602619898,0.9982857509010666,0.9980594157749814,0.9984189917969204,0.9985468358158721,0.9985427247899007,0.9970244096773665,0.9979819263398846,0.9977069917937587,0.9983283760743134,0.9980509674348914
angry,0.9982282011757377,lonely,False,0.9980205083997344,0.9982282011757377,0.998066512916052,0.9983330629003174,0.9984599889445014,0.9984542808264096,0.9971203501455088,0.9979621838101091,0.9977608529599981,0.9982573088465179,0.9980161858010701
angry,0.9845281511662544,terrified,False,0.9849805713294532,0.9845281511662544,0.9854289925911431,0.9841711789781831,0.9838137903034413,0.984078043037309,0.9863239991398165,0.9850964485610012,0.9857810967431366,0.9846249783480228,0.9850583099767645
angry,0.9913127612124998,terrified,False,0.9914440514037384,0.9913127612124998,0.9913854834742774,0.9910358664609318,0.990675529420054,0.9908224287215723,0.9925053623110002,0.9916364885975426,0.9919630511670672,0.9909569837216887,0.9915708881976956
angry,0.9982603693240086,lonely,False,0.9980712090613388,0.9982603693240086,0.9981480195554802,0.9983279025251827,0.9984603468622562,0.9984262093763672,0.9972304641551852,0.998014825469553,0.9978343651881748,0.9983573883317411,0.9980868383668396
angry,0.9984968851823712,sad,False,0.9982843796109802,0.9984968851823712,0.9983712580708152,0.998596173598286,0.9987279699208294,0.99873352480004,0.997324095882698,0.9982119458371771,0.9979889762566145,0.9986265013018435,0.9983175171621239
angry,0.9801570434964477,terrified,False,0.9806874278798523,0.9801570434964477,0.9806373563761526,0.9799021448490847,0.9794914479507694,0.9797450555343511,0.9822785062475422,0.9806933729996995,0.9809729429698678,0.9799663084192471,0.980478309364113
angry,0.9985131678205825,lonely,False,0.9983254849512062,0.9985131678205825,0.9983661473263841,0.99855527768246,0.9986787815810425,0.9986606850378987,0.9975878756779013,0.9982977109089088,0.9980876845659331,0.9985271126791816,0.9983318333837067
angry,0.9988068351958717,sad,False,0.9986541627908704,0.9988068351958717,0.998732593418762,0.998877943404307,0.9989715157207029,0.9989875331249856,0.9978754557291842,0.998593265452285,0.9984648930258351,0.998906767565273,0.998698413080991
angry,0.9955042229594004,terrified,False,0.9954016458687978,0.9955042229594004,0.9953015096334435,0.9950940096577128,0.9948838868932808,0.9950017219459633,0.9958772364618782,0.9956637712310622,0.9955465843061192,0.9950128377233074,0.995457223115418
angry,0.9984744274296536,angry,True,0.9983506524406198,0.9984744274296536,0.9983790323515377,0.9984163406432995,0.9984080634655732,0.9984692510377252,0.9980263906629453,0.9983920776315878,0.9982255054611844,0.9984471114691933,0.9983491628970987
angry,0.9986781732960008,sad,False,0.9985741617278705,0.9986781732960008,0.9986731339411983,0.9987122379510035,0.9988056076202593,0.9988231956066642,0.9978654741079628,0.9984696826238171,0.9983300626599994,0.9987734950761956,0.9985194403161316
angry,0.9923758075138688,terrified,False,0.9924417512058668,0.9923758075138688,0.992466473533162,0.9922185011077213,0.9919084276879201,0.9920900799721448,0.9930411751515356,0.9925595204616552,0.9927670390821088,0.9922256862917956,0.9925514316931
angry,0.9982742783508398,sad,False,0.9980506718247889,0.9982742783508398,0.9980574710918915,0.9984069489383776,0.9984885734198028,0.9985085721043124,0.9971415645226277,0.9980040413238536,0.9977427385565089,0.9982907149980329,0.9980082685516624
angry,0.9984928879471695,lonely,False,0.9983607237657117,0.9984928879471695,0.9983631504400792,0.9984787512697462,0.9985848975193756,0.9985759250858015,0.9976891788491966,0.9982990546881957,0.9980661596098023,0.9984550728318966,0.9982695969235655
angry,0.9982340322366456,lonely,False,0.9979836865271682,0.9982340322366456,0.9979942431459687,0.9983577067325309,0.9984854270590039,0.9984681595506036,0.9970083266219931,0.9979470990117514,0.997674701244627,0.9982554697188037,0.9980058625692181
angry,0.9981865768569689,hopeful,False,0.9981092679811184,0.9981865768569689,0.9982105915574183,0.9981602315245824,0.998279504799404,0.9982264490653836,0.9976442842019928,0.9980460616074549,0.9980787767207746,0.9983605038183776,0.9982479437642942
angry,0.997721373460069,lonely,False,0.9974048384614274,0.997721373460069,0.9974055110099389,0.9978902359884742,0.9980333144825804,0.998001226879495,0.9962654301665381,0.9973749978785718,0.9970262877551775,0.9977316409501492,0.9974350683497626
anxious,0.9955798116387775,lonely,False,0.9955278713523406,0.9959517471619667,0.9955798116387775,0.996395301334515,0.996749462800831,0.9966150413526506,0.993257578345138,0.9954493508009722,0.9950188804699025,0.9962196712852667,0.9957436085630196
anxious,0.994332986730864,lonely,False,0.9943547111364502,0.9949296419870587,0.994332986730864,0.9954911324669854,0.9958448927155971,0.9956987248838485,0.9918062081111781,0.9943465316257114,0.993726648849287,0.9950888646933571,0.9946283100754686
anxious,0.9943719311639699,anxious,True,0.9936560286908063,0.9932955529746307,0.9943719311639699,0.9932236508385623,0.9933077825682901,0.9934023931050708,0.9936443520923297,0.9934773272982945,0.9942268911978465,0.9939265654817622,0.9937781850244503
anxious,0.9951365254162943,lonely,False,0.9951420511641665,0.9956109812529887,0.9951365254162943,0.996112825891821,0.9964969717120912,0.9963177100490626,0.9927899315933008,0.9950800793092571,0.9945444868277992,0.995842442687348,0.9953893038114714
anxious,0.9975865044479635,hopeful,False,0.9970492378501554,0.9968616971349713,0.9975865044479635,0.9971692859009033,0.9974380518384197,0.9974578216927574,0.9957455373286775,0.9966626028985806,0.9969507800010089,0.997783550103901,0.997228762038601
anxious,0.9944327005047,faithful,False,0.9942924765828378,0.9940881385979066,0.9944327005047,0.9936817413645975,0.9939497776924145,0.9937551909968305,0.9941769479833161,0.9940717092938953,0.9941794307629706,0.9942355886946472,0.9945755187867718
anxious,0.9960104676543411,lonely,False,0.9959442370577962,0.9962548808426309,0.9960104676543411,0.9965369419405093,0.9969549285970006,0.9967601810896238,0.9940269850854979,0.995842871702991,0.9955553124218601,0.9964938587323422,0.9962502654647379
anxious,0.9958601965135891,hopeful,False,0.9955736920828705,0.9954766109253105,0.9958601965135891,0.9954281459684513,0.9956131312013091,0.9956165577959413,0.994629577301049,0.9953737785949157,0.9954836946723364,0.9960450008092577,0.9957611335976357
anxious,0.9953210316819219,lonely,False,0.9953152515366264,0.9957422917664728,0.9953210316819219,0.9962312806612468,0.9965332136038948,0.9964476529252124,0.9930675234514698,0.9952445933138557,0.9947316707920602,0.995912352448168,0.9954671716032135
anxious,0.9940114070226556,lonely,False,0.9940306989717167,0.9946375036789318,0.9940114070226556,0.9952185255380225,0.9955689758736941,0.995413173898955,0.9914484075718634,0.9940486550473442,0.9934241656511548,0.9948129673264431,0.9943238308676093
anxious,0.993754798558361,lonely,False,0.9937833924351612,0.9943968644571785,0.993754798558361,0.9949895115110715,0.9953430045283658,0.9951800157933005,0.9911546450131518,0.993788390257998,0.9931292437988376,0.994563961558398,0.9940711948268293
anxious,0.9940403757051155,lonely,False,0.9940575245031754,0.9946654274366449,0.9940403757051155,0.9952391147023533,0.9956023765769716,0.9954436848579291,0.9914696593976289,0.9940716693878915,0.9934520544077687,0.994845639864657,0.9943652729323216
anxious,0.9956849460154232,lonely,False,0.9956026994045193,0.9959649902914387,0.9956849460154232,0.9963329683353903,0.9966718559906553,0.9965680729116145,0.993494998506982,0.995504716395704,0.9951721580123671,0.9962243584395235,0.9957980205089393
anxious,0.9973941793068211,hopeful,False,0.9971422537090271,0.9973584389687824,0.9973941793068211,0.997366347907692,0.9975815176189675,0.9975528595971019,0.9958175328261805,0.9970726070206669,0.9969286493741947,0.9977910764174831,0.9973965068027747
anxious,0.9956180565621053,hopeful,False,0.9953278177719832,0.9952629885057818,0.9956180565621053,0.995323962438128,0.9956810597218079,0.995535793068743,0.9941122176443253,0.9950636829877951,0.9951082971324587,0.9959000359290016,0.9954945541827535
anxious,0.9954720993705477,lonely,False,0.9954546974711723,0.9959158368122363,0.9954720993705477,0.9963561982342171,0.9967054848271489,0.9965715635889578,0.9931881741019605,0.9954133263567403,0.9949551534016263,0.9961360187205934,0.9957148023956068
anxious,0.9957683352594768,lonely,False,0.9957453416280521,0.9961259445010191,0.9957683352594768,0.9965262902441552,0.996991164232383,0.9967741353812546,0.9935541221780032,0.9956277827180929,0.9952496501005736,0.9963708080809449,0.9959704798098138
anxious,0.9830740183852227,terrified,False,0.9828382014333384,0.9825595209279168,0.9830740183852227,0.9815944547811513,0.9811392868189258,0.9813658970397714,0.9843762494537489,0.983075213496689,0.9837238933982178,0.982773844637144,0.9831109141672616
anxious,0.9960932210732384,lonely,False,0.9958611139187965,0.9959372853735442,0.9960932210732384,0.9960841383270107,0.9965077947161487,0.996339407854994,0.9941922350360101,0.9956470284077359,0.995591810573639,0.9964128983623997,0.9960091693625637
anxious,0.9971952282703598,sad,False,0.9970332175724057,0.997228413759376,0.9971952282703598,0.997758656787554,0.9977214216267032,0.9979385004606832,0.9953500347747954,0.9969108841557759,0.9968355071310436,0.9975005279807485,0.997092239878328
anxious,0.9960063240821834,lonely,False,0.9958993907535083,0.9962705186861548,0.9960063240821834,0.996631875109641,0.9970392671255407,0.9968797295788323,0.9937629441566551,0.9957914885242057,0.995471092743141,0.9966470697657211,0.9962109390734931
anxious,0.9942474542557211,lonely,False,0.9942757746345818,0.9948620758116975,0.9942474542557211,0.9954246552713739,0.9957724853755479,0.9956264420678254,0.9917297994867625,0.9942789242034052,0.9936398141524042,0.9950088999275274,0.9945374334525823
anxious,0.9960638659084085,lonely,False,0.9960334662580441,0.9964029660993601,0.9960638659084085,0.9967763177508243,0.997125543077956,0.9969651442678651,0.9939789541899858,0.995941319061855,0.995557347406874,0.9965930258895931,0.9962300790959845
anxious,0.9958922267011258,lonely,False,0.9957764740620336,0.996238218057729,0.9958922267011258,0.996604595546259,0.9969398287322361,0.9968058079801616,0.9935934514337066,0.995776396993553,0.9953436897951338,0.9965522611517412,0.9960796443944462
anxious,0.9950711506416785,lonely,False,0.9950005119782958,0.9948171043882151,0.9950711506416785,0.9944803777241471,0.9950871499063647,0.9947408631406087,0.9942867595634228,0.9947179239087608,0.9949283576738923,0.995054693878306,0.9950394772633468
anxious,0.9962638657241738,lonely,False,0.9961331279523846,0.9963299573087536,0.9962638657241738,0.9965257883510256,0.9969442303640461,0.9967651923312554,0.9944426147766687,0.9960047522937803,0.9959805114272021,0.9967582439677587,0.9964960564872475
anxious,0.9970204685658246,lonely,False,0.9968044387957289,0.9970513852323095,0.9970204685658246,0.9973284714586274,0.9977302695480994,0.9976016376165205,0.9949304130252334,0.9966377526586281,0.9966102236523382,0.9975274119770232,0.9971482767504164
anxious,0.9958106968638656,lonely,False,0.9955573482812011,0.9955313341834846,0.9958106968638656,0.995739027560215,0.9962556502586003,0.99597114870994,0.994138268453662,0.9953153831449462,0.9954005896308995,0.996046512815628,0.9958508136942612
anxious,0.9962240809634818,lonely,False,0.9961170793628763,0.9964549169741619,0.9962240809634818,0.9968023811974174,0.9970721714507262,0.9970369830470625,0.9941361852488828,0.9960559551896253,0.9957484761285011,0.9968344601343107,0.9963246840872148
anxious,0.9975595604903896,lonely,False,0.9972925206287725,0.9972686295379557,0.9975595604903896,0.9975239364092761,0.9978014733704643,0.9977563552444213,0.9960279659873463,0.9970207044840534,0.9972698997859185,0.9977645716443039,0.997607833932935
anxious,0.9929894786788043,anxious,True,0.9926707094629068,0.9925835589515817,0.9929894786788043,0.992189159476724,0.9923075692726513,0.9923493736725503,0.9925037750877239,0.9926096421971823,0.9929621939264512,0.9928579797647116,0.9928597666724476
anxious,0.9969327266768995,sad,False,0.9967942823161842,0.9970555826093466,0.9969327266768995,0.9975378714223833,0.9976157278163782,0.9977709036581981,0.9949653644000576,0.9966602900015524,0.9964675359190631,0.9973570959992679,0.9968980560209868
anxious,0.997387603179122,sad,False,0.9971012396402381,0.9973140893049904,0.997387603179122,0.9974793362064052,0.997608933810584,0.9977203397271558,0.9955626949052192,0.9970575518905989,0.9969418454021485,0.9975963289827224,0.9972563187092828
anxious,0.9959941319447948,lonely,False,0.9959098123583753,0.9963048807472491,0.9959941319447948,0.9966705976269115,0.9970808215981565,0.9969044007063974,0.9937544213425601,0.9958118817624155,0.9954930744306583,0.9966725470096558,0.9962520739312668
anxious,0.9969327266768995,sad,False,0.9967942823161842,0.9970555826093466,0.9969327266768995,0.9975378714223833,0.9976157278163782,0.9977709036581981,0.9949653644000576,0.9966602900015524,0.9964675359190631,0.9973570959992679,0.9968980560209868
anxious,0.9959575772965891,lonely,False,0.9957778608908792,0.9960954779375512,0.9959575772965891,0.9964218682470938,0.9967798633638664,0.9965662692032285,0.9937716319578352,0.9956995706065476,0.9954431839834833,0.9966563892026346,0.9960890843587021
anxious,0.9940273039969595,hopeful,False,0.9936424770493231,0.9935256732876213,0.9940273039969595,0.9933965661718125,0.9936667601948181,0.9936667620678616,0.9927127274532905,0.9934231511407003,0.9937422499964503,0.9942755207717008,0.9938938666824657
anxious,0.9969485502491704,lonely,False,0.9969554044425395,0.9971122951024437,0.9969485502491704,0.9968640842753306,0.9971143731974461,0.9969728779318152,0.9960652858428026,0.9969740761040821,0.9967508719771355,0.996879467488657,0.9969819658120279
anxious,0.9953238435396136,lonely,False,0.995275771068264,0.9957310836071899,0.9953238435396136,0.996178966403217,0.996531382341469,0.996405222145764,0.9929835004336848,0.9952204655323245,0.9947381820130251,0.9959732833919182,0.9954948179975656
anxious,0.9963655383764284,lonely,False,0.9965610475252735,0.9966758178338906,0.9963655383764284,0.9969844411656701,0.9971815535979971,0.9971702944031042,0.9949598685716512,0.9963130291200313,0.9957761890978452,0.9967239281455744,0.9963623312516959
anxious,0.9933717330974977,lonely,False,0.9934219171373262,0.9940794181290464,0.9933717330974977,0.9946906862495417,0.9950452651055036,0.9948750087766928,0.9907543282312657,0.9934618135944895,0.9927562313478985,0.9942011668643591,0.9937213997775056
anxious,0.99516545455709,faithful,False,0.9950501712959189,0.9948784099669772,0.99516545455709,0.9948281332828293,0.9950698133103839,0.9950205399270753,0.9945534891629987,0.9947715428660322,0.9951877812155303,0.9951336176078288,0.9953253470316026
anxious,0.9952641374164701,afraid,False,0.9954169664448477,0.9953128762978319,0.9952641374164701,0.9951392827633111,0.9954007633545245,0.9951933663320933,0.9946628875034318,0.9951669072402349,0.99508557422605,0.9951129502558701,0.9953092391533501
anxious,0.9970590102760784,lonely,False,0.9970950058866904,0.9973273593596216,0.9970590102760784,0.9977609972195138,0.9980088395725316,0.9979327305319123,0.995262745070462,0.9969171818701721,0.9966668146861559,0.9975001437626624,0.9973361787670714
anxious,0.994332986730864,lonely,False,0.9943547111364502,0.9949296419870587,0.994332986730864,0.9954911324669854,0.9958448927155971,0.9956987248838485,0.9918062081111781,0.9943465316257114,0.993726648849287,0.9950888646933571,0.9946283100754686
anxious,0.9946264108097411,anxious,True,0.9943132768298228,0.9940164143423349,0.9946264108097411,0.9934371963897594,0.993698168977072,0.993631721041865,0.9942357059694465,0.994049956064322,0.9942428156516345,0.9944234170537218,0.9943607958607105
anxious,0.9958748498372697,lonely,False,0.9957927658798628,0.9961294912224585,0.9958748498372697,0.9965399186748143,0.996928615024985,0.9967794767913369,0.9936001958805981,0.99564380381933,0.9953042537939513,0.9965257306547696,0.9960396901358118
anxious,0.9970028891896581,hopeful,False,0.9966842769377912,0.9969299731012128,0.9970028891896581,0.9970453723427437,0.9972513555854985,0.9972737771033701,0.9951621541505269,0.9966171141467437,0.9966326850002174,0.997522131695581,0.9970241140379331
anxious,0.9973734312719308,hopeful,False,0.9970390911213025,0.9970578733595468,0.9973734312719308,0.9973162023447866,0.9974627472528925,0.9975627271348471,0.9956924643853307,0.9968047366070348,0.997195209756854,0.9976142323580791,0.9973489066692646
anxious,0.9974823587360446,sad,False,0.9971412832647477,0.9972731334657661,0.9974823587360446,0.9975743590106251,0.9977661848495354,0.9978490860485151,0.9956355198652149,0.9969728325621202,0.9972941511179811,0.9977725764610641,0.9972971359596136
anxious,0.9939783625317113,anxious,True,0.9937235529907675,0.9935027058872785,0.9939783625317113,0.9932678363374727,0.9937406055360445,0.9934698590829116,0.9931578316992723,0.9934122969596197,0.9938023113597154,0.9938467251861619,0.9939588904670785
anxious,0.9963909999592383,lonely,False,0.9962821695165649,0.9966846126275775,0.9963909999592383,0.9970321290785403,0.9973888321837712,0.997266011033747,0.9941736675447035,0.9962088802541139,0.9959286527776173,0.9970287149648196,0.9966553821926438
anxious,0.9970105606360377,lonely,False,0.9968957411622321,0.9971334514288288,0.9970105606360377,0.9972603432519831,0.997491742347434,0.9974430351259163,0.9953323956011045,0.9967655624612968,0.9964958671509585,0.9973592250071102,0.9970092944164479
anxious,0.9962787155189544,lonely,False,0.9962722334563328,0.9965216062099811,0.9962787155189544,0.996752818430294,0.9970321514206543,0.9969740271212739,0.9945880167462279,0.996155135146936,0.9957593709154218,0.9966828600263774,0.996332311340228
anxious,0.9587704069182271,terrified,False,0.9585856055050481,0.9583044558121816,0.9587704069182271,0.9574990153999154,0.9575303314281756,0.9572293786883832,0.9604353049094845,0.9587884105467419,0.9596324753660801,0.9582330233498778,0.9591239082714673
anxious,0.9947654485407066,terrified,False,0.9949118957996874,0.994725219697218,0.9947654485407066,0.9942170969827251,0.9939564183671903,0.9943053618104873,0.9950110990944062,0.9946991409705924,0.9944027539140443,0.9942803103313299,0.9943576554357161
anxious,0.9937488060611492,hopeful,False,0.9936763272951555,0.9933614819409025,0.9937488060611492,0.9930478516004385,0.9929184248254006,0.9931011896473864,0.9936926796271777,0.993444432076867,0.9934091373883507,0.9937662955402483,0.9936340906371148
anxious,0.996810375499128,lonely,False,0.9965896979522826,0.9967260764825787,0.996810375499128,0.9970847193138936,0.9974588376078849,0.9973595730269474,0.9947443116897252,0.9963442170577574,0.9961427857082082,0.997317482727064,0.9967619282752189
anxious,0.996219159759905,lonely,False,0.9960523806379933,0.9964075791011957,0.996219159759905,0.996834754555888,0.9971312445288871,0.9970784225800728,0.9939478305987856,0.9959372632898079,0.995668386542839,0.9969172769767484,0.9963175761666572
anxious,0.9965929995273063,lonely,False,0.996404025183055,0.9965193483935595,0.9965929995273063,0.9965054469681378,0.9968161296308646,0.9967392554662997,0.9950624921120809,0.9962505148110203,0.9962306732741204,0.9967568620510203,0.9966015299118349
anxious,0.9965697271010856,lonely,False,0.9965005932272344,0.9967224239707846,0.9965697271010856,0.9970472460606455,0.9972937385238165,0.9972573071429385,0.9946792069066821,0.9963601215420822,0.9960068076515598,0.9970192964758184,0.9965774222974294
anxious,0.9969282987621492,hopeful,False,0.9967012038702023,0.9967197061391685,0.9969282987621492,0.9966501494782007,0.9968715113675887,0.9969008609403549,0.9955628663788654,0.996554356396089,0.9966582163374731,0.9969949979244985,0.9968362856819719
anxious,0.9961922284339998,lonely,False,0.9963274052712842,0.9968579864726439,0.9961922284339998,0.9971636192602648,0.997339838970716,0.9972988484767797,0.9944651719651,0.9963728238412999,0.9958176215167371,0.9967568395147481,0.9966485807512884
anxious,0.9964569200802806,lonely,False,0.9963485247748695,0.9965094944443827,0.9964569200802806,0.9965735614542947,0.9967813312175418,0.9967567010217545,0.995018008293004,0.9962628153109947,0.9960331742672889,0.9966640557688186,0.9964470138398611
anxious,0.9967649361423074,lonely,False,0.9965899391257439,0.996880476292045,0.9967649361423074,0.9971385365966259,0.9974798736861825,0.9973915927347516,0.9946622055642005,0.996478053255619,0.9961792186789846,0.9972327789489648,0.9968218532729037
anxious,0.9943730402180173,lonely,False,0.9943788956785832,0.9949355809805258,0.9943730402180173,0.9954782641108418,0.9958445288779862,0.9956859296206979,0.9918451231189459,0.9943532243962088,0.9937636143115534,0.9951172795036314,0.9946529676145548
anxious,0.9965709372030171,lonely,False,0.9964796106089643,0.9967816454616493,0.9965709372030171,0.9971444794777885,0.9975195795638299,0.9974054650033123,0.9943891922568736,0.9963160316892871,0.9959552072428755,0.9970598037474967,0.9966382527180674
anxious,0.9952864072410841,lonely,False,0.9952922259421444,0.9957927514948197,0.9952864072410841,0.9962873996062128,0.9965843006257774,0.9964740090463278,0.9929710999162681,0.9952595372690245,0.9947185916504462,0.9959634316167529,0.9955505839710473
anxious,0.9966708708736108,lonely,False,0.9968481933830745,0.9970524555372784,0.9966708708736108,0.9971351795145389,0.9972493806658131,0.9971752154229504,0.9959035904248297,0.9968890018487235,0.9964766925960732,0.996854062885523,0.9968239097242582
anxious,0.9957427983137214,anxious,True,0.9949935728916188,0.9945102471073435,0.9957427983137214,0.9944401130210488,0.9946218987409025,0.9947396619136519,0.9945825456270662,0.9945906388850547,0.9953174105371607,0.995345344508056,0.995027944548732
anxious,0.9955850903005776,lonely,False,0.9955677888340435,0.9960302186101186,0.9955850903005776,0.9964557800842964,0.9967749730362391,0.9966651165447173,0.9933487901216905,0.995522042205392,0.9950230305264713,0.9962209300362499,0.9957913513002965
anxious,0.9968607352352123,sad,False,0.9967468769286297,0.9970194678410662,0.9968607352352123,0.997486024243426,0.9975552695464459,0.9976571695508989,0.994901071603957,0.9966453877148267,0.9963794806876678,0.9973475701360143,0.9967940331114283
anxious,0.9959885410883231,hopeful,False,0.9956738504731908,0.9956640160722835,0.9959885410883231,0.9955807758859323,0.995902062126062,0.99578748714407,0.994781946011946,0.9955349408271512,0.9958478023443837,0.9962534585547325,0.9960104588696741
anxious,0.9657498165797003,terrified,False,0.9660272757913467,0.9644973675205225,0.9657498165797003,0.9632402220625191,0.9627579090066721,0.9630937992219665,0.9691602504358998,0.9652270916616275,0.965924178948147,0.9638232205922024,0.9650509829328309
anxious,0.9916311770045526,terrified,False,0.9915913396143521,0.9913811536398751,0.9916311770045526,0.9909698879126779,0.9905092151120027,0.9908987383293353,0.9922784892082188,0.9915964775126314,0.9917730062357908,0.9911306883447872,0.991381268208533
anxious,0.9970542945882266,lonely,False,0.9969640047135315,0.9970856450413303,0.9970542945882266,0.9973243996431085,0.9976565501522301,0.9975870747304688,0.9952168116627425,0.9967230167712834,0.9964550672477742,0.9973420597756574,0.99698157032333
anxious,0.9955028603254741,lonely,False,0.9954605042509703,0.995939524788093,0.9955028603254741,0.9964213161523825,0.9967502416258334,0.9966486692588246,0.9931238797657868,0.9954123720808825,0.9949472645189242,0.9961678751015531,0.9957407040483589
anxious,0.9649741823720208,terrified,False,0.9644896829749285,0.9633395286055453,0.9649741823720208,0.9621789101227931,0.9612848733317908,0.9619266262933441,0.9681296497778064,0.9644806020961607,0.9662846560937306,0.9632606429973373,0.9638737125587755
anxious,0.9960898495877801,lonely,False,0.9959606626673779,0.9962951126355435,0.9960898495877801,0.9965676775649498,0.9969991047903901,0.9967846001399363,0.994049673970664,0.995885394965262,0.9957781649435676,0.9966948062205796,0.9964353039582281
anxious,0.997203036106306,sad,False,0.9971647635455052,0.997192227242337,0.997203036106306,0.9971942459416845,0.9972140688306389,0.9973460543699807,0.996162189393068,0.9969336538466175,0.9967663886339572,0.9972316039001037,0.9971442913018751
anxious,0.9962846680254549,hopeful,False,0.995947388787889,0.9961807887065535,0.9962846680254549,0.9959456906084974,0.9962895576101032,0.9961019040572472,0.9947534993812117,0.9959949030415622,0.9959887002412469,0.9966004483098703,0.9962551661256971
anxious,0.985481648445242,terrified,False,0.9849661683314535,0.9845442731672798,0.985481648445242,0.9838418721838438,0.9837934212969797,0.98369466229714,0.9859670390970365,0.9848775207049316,0.9853771769242178,0.9848146763180572,0.98521849631893
anxious,0.9949333896897251,hopeful,False,0.9943568763987413,0.9944255470963637,0.9949333896897251,0.994015241473283,0.9941172281007543,0.9942033117250727,0.9937197365984826,0.994400004840717,0.9946052985480195,0.9951234213038495,0.9947786590049682
anxious,0.9959134207750766,lonely,False,0.9959311413417888,0.99632047886109,0.9959134207750766,0.9967725633952819,0.9970831190131761,0.9969624258154979,0.9937580465020964,0.995853216430336,0.9953789538200889,0.9965070430494558,0.9961393059311772
anxious,0.9959579406355025,lonely,False,0.9958968808701758,0.9962870497517169,0.9959579406355025,0.9967803713734216,0.9970905039807267,0.9970238454844909,0.9936431115300999,0.9957997683369847,0.9954337061302597,0.9965379825034216,0.99614017799637
anxious,0.9938036083736641,grateful,False,0.9934845892951885,0.9935147619315714,0.9938036083736641,0.993527503741237,0.9934776229631215,0.9936929662502825,0.9930155197566319,0.9934633678738529,0.9942756793721261,0.9939676462055598,0.994184543623073
anxious,0.9954316659529104,lonely,False,0.9954112155365284,0.9958815366052859,0.9954316659529104,0.9963554814033749,0.996691604866661,0.9965799950090034,0.9930658536604894,0.9953428678638734,0.9948612693579054,0.9961038279836129,0.9956426175263783
anxious,0.9970766318539999,hopeful,False,0.996729031594252,0.9968678541389293,0.9970766318539999,0.9971415664815384,0.9974301820886341,0.9974471606073618,0.9952382684012069,0.9965790541331017,0.9969909514216033,0.9974747255541998,0.9970293451156813
anxious,0.9948448197005835,hopeful,False,0.9944686186814481,0.9943064241972299,0.9948448197005835,0.994060115799861,0.994374430274202,0.9943434875980084,0.9935795557804661,0.9942100020926583,0.9944050503322934,0.9950650443399854,0.9946375643171718
anxious,0.9944701373946329,faithful,False,0.9943713399330181,0.9941602586761482,0.9944701373946329,0.9942443378029595,0.9941981498311255,0.9943156606823863,0.9939708424676456,0.9941212160156304,0.9944647417890446,0.9944105377346704,0.9946636705721184
anxious,0.9944986400434567,anxious,True,0.9939353191602326,0.9936642675200414,0.9944986400434567,0.9932226917770464,0.9934734693559242,0.9935476882451404,0.993498749244805,0.9937244064577523,0.9943116542019687,0.9944887960118548,0.9940235408368309
anxious,0.9967868016970359,lonely,False,0.9966213102353277,0.9966266255861442,0.9967868016970359,0.9967178338028317,0.9970203448535636,0.9969482607057139,0.9952931881762295,0.9963858949293485,0.9964130913829916,0.9969920945907277,0.9968163691118768
anxious,0.996103563904865,anxious,True,0.9956828906941632,0.9954840282748635,0.996103563904865,0.9955099940906735,0.9957892778641988,0.9957234883278805,0.9950906851841881,0.9953873769269411,0.9957022222941445,0.9960244155425819,0.9959209307615657
anxious,0.9959009578233707,hopeful,False,0.9956726489296059,0.9958148285632092,0.9959009578233707,0.9959937165888965,0.9963218921655652,0.9962263217482,0.9940219421112122,0.9955241583727321,0.9953857754854979,0.9963675416829836,0.9958716384936472
anxious,0.9966498466881255,lonely,False,0.9964259469696635,0.9965548747913446,0.9966498466881255,0.9967053338493496,0.9971240995326242,0.9969590608091516,0.9948458271394574,0.9962413520252558,0.9962349885065701,0.9970890651364297,0.9968319083438452
anxious,0.9968988734717471,angry,False,0.9970962611989118,0.9975171611983324,0.9968988734717471,0.9974304209177229,0.9973924981214003,0.99743919704691,0.9963056915305528,0.9972451951373116,0.9968324055695528,0.997025058521282,0.9974201614845014
anxious,0.9933717330974977,lonely,False,0.9934219171373262,0.9940794181290464,0.9933717330974977,0.9946906862495417,0.9950452651055036,0.9948750087766928,0.9907543282312657,0.9934618135944895,0.9927562313478985,0.9942011668643591,0.9937213997775056
anxious,0.9959950352895752,angry,False,0.9958353538885081,0.9962541291866702,0.9959950352895752,0.995945589428143,0.9960466130612341,0.9959820570347124,0.9951089925312089,0.9960800086620136,0.9958170678658862,0.9960119589495076,0.9961096499483426
anxious,0.997465199780844,sad,False,0.9973956380669702,0.997715583098753,0.997465199780844,0.9978403020604903,0.9980327715476519,0.9980683047277719,0.995719884825736,0.9973625419139562,0.9968874803831139,0.9977190552357329,0.9973647733934967
anxious,0.9944639502840484,terrified,False,0.9943231489448551,0.9938910123928386,0.9944639502840484,0.9936327642797387,0.993644252268367,0.9937432657344837,0.9945694137566448,0.9939881420389296,0.9945478781113749,0.9942856046233517,0.994474569190844
devastated,0.9976868879062244,sad,False,0.9970683128151906,0.9972552282826577,0.9972914718243076,0.9976868879062244,0.997690996227627,0.9978832305189785,0.9955388084194633,0.9969594458949975,0.9969169329194324,0.9975194028014297,0.9971121761847643
devastated,0.9967998670994909,sad,False,0.9964012915387052,0.9965201765723549,0.9965267304736192,0.9967998670994909,0.9967894873096761,0.9969748793710016,0.9952662746379469,0.9962918602853799,0.9961548111511397,0.9966246320797038,0.9963088101291785
devastated,0.9970837978195956,lonely,False,0.9963812402941958,0.9967352399181006,0.9965314920442857,0.9970837978195956,0.9973603192234216,0.9973261860361091,0.9944066634542816,0.9962766579815077,0.9959773859428465,0.9970125069462381,0.9965756737493687
devastated,0.9956780111745593,terrified,False,0.9962409900583247,0.9959073079451781,0.9962727607263083,0.9956780111745593,0.9956603071631697,0.9956869030137611,0.996320856531988,0.9960273003618486,0.9961769641122349,0.9957632783079061,0.9960621668918423
devastated,0.9969386588923395,lonely,False,0.9964438311690622,0.9968099483458883,0.9965609887406515,0.9969386588923395,0.9971812683425116,0.9971185211629537,0.9948369778006462,0.996435644607073,0.9960978782224923,0.9969620224673833,0.9966267597248567
devastated,0.9972728824501609,sad,False,0.9966377931627464,0.9969791692306325,0.9967045413493457,0.9972728824501609,0.9974259265814747,0.9974643478826319,0.9949367922241512,0.9965961672278327,0.9961993899999609,0.9971345702108623,0.9966806318826125
devastated,0.99638090502661,lonely,False,0.9955340149346039,0.9959875832251857,0.9956025333382472,0.99638090502661,0.9966659917202034,0.9965784511112337,0.993448921291997,0.9954846636750048,0.9950379155281583,0.9961923189714981,0.995729683221692
devastated,0.9955651095830218,sad,False,0.9955232215588706,0.9954593498754618,0.9954932107780716,0.9955651095830218,0.9954898200444082,0.9956345486087073,0.9950765795551968,0.9954446461869291,0.9951902629494263,0.9954830898456188,0.9954533909310805
devastated,0.9703898224792439,terrified,False,0.9710825621081842,0.9700118114302742,0.9701270505309356,0.9703898224792439,0.9689104369007226,0.9695351798792328,0.9737491274006992,0.9708036080797189,0.9713732635284336,0.9687649422828464,0.9706198016956158
devastated,0.9963317140246261,sad,False,0.9958998583002519,0.9961668650460633,0.9961840191701336,0.9963317140246261,0.9965607862853553,0.9965807072174695,0.9944768845670672,0.9958975627472115,0.995940328526083,0.9964808755610475,0.9961190502367727
devastated,0.9966703342269232,lonely,False,0.9962956418731324,0.9965117408697945,0.9964057778374936,0.9966703342269232,0.9970317040906159,0.9968890347696109,0.9947543569110056,0.9961621643719671,0.9959895222712265,0.9967279276409367,0.9965394637439577
devastated,0.9976868879062244,sad,False,0.9970683128151906,0.9972552282826577,0.9972914718243076,0.9976868879062244,0.997690996227627,0.9978832305189785,0.9955388084194633,0.9969594458949975,0.9969169329194324,0.9975194028014297,0.9971121761847643
devastated,0.9968357262068288,lonely,False,0.9963405322045333,0.9967019089769101,0.9965781711091847,0.9968357262068288,0.9971257965944496,0.9970607055514841,0.9946163035245219,0.9962773742651075,0.9961302760342972,0.997066951769914,0.9966451006674779
devastated,0.9970963841955929,hopeful,False,0.9968024017097027,0.9969760952690486,0.997076188362931,0.9970963841955929,0.9972966819248402,0.9973003473386741,0.9954308438489864,0.9967242792418077,0.9966329218970233,0.9973702358147868,0.9969732563795146
devastated,0.9971610916971674,hopeful,False,0.9968906348711017,0.9970874732082249,0.9971720865434986,0.9971610916971674,0.9974361073719031,0.997406512055221,0.9953721158872539,0.9967662544967342,0.996653333400782,0.9974641410955792,0.9970593503929714
devastated,0.9980830398709588,sad,False,0.997999143093219,0.9980548166462035,0.9979720019807022,0.9980830398709588,0.9981022741899057,0.9982191953689888,0.9970175720306147,0.9978665770581074,0.9977100353095256,0.998023061568742,0.9978763113513096
devastated,0.997164950196843,lonely,False,0.9965423075786611,0.9968799685132451,0.9966779080696653,0.997164950196843,0.9974550476085986,0.9973980977885941,0.9947266540887068,0.9964648984305818,0.996255874528299,0.9971132786345257,0.9967507131357288
devastated,0.9970296536675308,hopeful,False,0.996863314096456,0.9969680816059832,0.996909453480349,0.9970296536675308,0.9971208757817993,0.9971190258364907,0.9959929332226028,0.9967631502626139,0.9968210230387422,0.9971494094102381,0.9971099428699332
devastated,0.9974419752271348,lonely,False,0.9972391322508475,0.9972618309333803,0.9975439777242008,0.9974419752271348,0.9978085305198422,0.9977114381896426,0.9957240098898288,0.9969492428754605,0.9969488667602507,0.9977155086031843,0.9973203617301899
devastated,0.9974496950012728,lonely,False,0.9967673855470834,0.997083216512012,0.9969164120325088,0.9974496950012728,0.9976863219533494,0.9976495017365548,0.995032021814146,0.9966899964147783,0.9964250952480274,0.9973489568511509,0.9969971613486437
devastated,0.9742677988019022,terrified,False,0.9749339897051447,0.974604378297806,0.9745166988859594,0.9742677988019022,0.9737551656722775,0.9735905919663705,0.9771430634294329,0.9752112176135107,0.975251031671891,0.9736658984780064,0.9750435711143189
devastated,0.9975955930247469,sad,False,0.9969715875752666,0.9972538740867296,0.9971524559103521,0.9975955930247469,0.9978038314761962,0.9978339360841109,0.9952167145564312,0.9968665670682089,0.9966852348516644,0.9975099802261684,0.9970948376597893
devastated,0.9989925330207411,sad,False,0.9982790503614609,0.9984508918715989,0.9981446025818208,0.9989925330207411,0.9986799896561088,0.9990252267251277,0.9971593660039946,0.9982294830086509,0.9980146192428777,0.9982471349631301,0.9982620336078663
devastated,0.9957689032530649,lonely,False,0.9956039551288207,0.9957016769519605,0.9959190182198275,0.9957689032530649,0.9960786630696231,0.9960460350977081,0.9941495944628814,0.9954186264827154,0.9954455715016494,0.996052052592076,0.9956911494754765
devastated,0.9957181370197257,lonely,False,0.9947405060220326,0.9952857166944232,0.9947985947752664,0.9957181370197257,0.9960028482128859,0.995923767234644,0.9925238837650301,0.9947401828014705,0.9942311401350181,0.9954511005496848,0.9949638223607142
devastated,0.9933221384192015,faithful,False,0.9934121962988655,0.9936886868914974,0.9936198233240403,0.9933221384192015,0.9934444652567971,0.993462009223603,0.9928564531311105,0.9935512513957305,0.9935560439338955,0.9938155328055265,0.9939441265125442
devastated,0.9975812298188724,lonely,False,0.9974128597016173,0.9974883028945014,0.9974002948736334,0.9975812298188724,0.9977102876293686,0.997694129482124,0.9965114989867095,0.9972692798765519,0.9971371177445096,0.9974174734668022,0.9973822730505577
devastated,0.9945014236521181,anxious,False,0.9949548534649274,0.9947840854009704,0.9951247851813401,0.9945014236521181,0.9945446427893383,0.9946471270132451,0.9945645246132444,0.9947267848178638,0.9946976365474507,0.9950353329777778,0.9948765240501862
devastated,0.9975304822448174,sad,False,0.9969067661007958,0.997148512828697,0.9971108875087067,0.9975304822448174,0.9976340791336428,0.997773573313386,0.9952624768583916,0.9967907927922183,0.996667047318345,0.9974438346798151,0.9969895263428306
devastated,0.996355849026051,hopeful,False,0.9961648123378763,0.9964281273962657,0.9963917303602156,0.996355849026051,0.99656906480215,0.9965104268662718,0.9950174444973883,0.9962795641715286,0.9962423390342359,0.9967764664216392,0.9965468380513648
devastated,0.9971727799429166,lonely,False,0.9966179712009701,0.9968792727610938,0.9968035512369019,0.9971727799429166,0.997508795372561,0.9974020580735704,0.9948940981226689,0.9964740131551393,0.9964342718976679,0.9972539260502811,0.9969084843105827
devastated,0.9957479064134648,faithful,False,0.9958865045212237,0.9958428248185425,0.9960972861913744,0.9957479064134648,0.9958265523296546,0.9959049250158336,0.9954049129115135,0.9957405614465578,0.9959191357113777,0.9960387342277418,0.9962005388875371
devastated,0.9939858710278172,terrified,False,0.9942071809161889,0.9940858868443319,0.9938781324225103,0.9939858710278172,0.9933828738754177,0.9938283623042418,0.9944973492622964,0.9940797364341674,0.9936824530864353,0.9934765615411926,0.9937470890259639
devastated,0.9975859413227466,sad,False,0.9969367125419648,0.9971644818991205,0.9971337482136893,0.9975859413227466,0.9976581767049036,0.997821265822979,0.9952886603398643,0.9968199414964882,0.9967068911796413,0.9974552483197697,0.9970260589482376
devastated,0.996769427987884,lonely,False,0.9959957863772492,0.9964219277080801,0.9961108094649551,0.996769427987884,0.997031937119281,0.9969778771974672,0.9940351246461687,0.9959559202961044,0.9956109508996314,0.9966686882833607,0.9961949832397956
devastated,0.9978000937847276,sad,False,0.9971316729421205,0.9973445895432922,0.9973359153548669,0.9978000937847276,0.9978194973168394,0.997971097607039,0.9956162178062461,0.9970337333711535,0.9970031340735747,0.9975856541998538,0.9972391066549883
devastated,0.997118273572588,sad,False,0.9968044468987276,0.9969749265557272,0.9967846997342538,0.997118273572588,0.9971225741878841,0.9971997380559932,0.9958571365271224,0.9966929607072084,0.996531919159058,0.9970690038442428,0.9969153242431521
devastated,0.9965192749988628,lonely,False,0.9957276228305457,0.9961492476176641,0.9958411864554507,0.9965192749988628,0.9968304412539145,0.9967485095442197,0.9936624649381117,0.9956640661782501,0.9952542003561037,0.9963909039094904,0.9959026005698909
devastated,0.9972676523591176,lonely,False,0.9967585737944509,0.9969896526970317,0.9969688080005623,0.9972676523591176,0.9975219494789793,0.9975053393023414,0.9950264387731711,0.9966228291081273,0.9964048343712109,0.997347360825608,0.9968558139680381
devastated,0.9971352327612395,lonely,False,0.9965509896884058,0.9968716337267134,0.9967398335876498,0.9971352327612395,0.9974258198130008,0.9973884294050243,0.9946917039402974,0.9964329906110153,0.9962164465083487,0.9972206306901048,0.996751080742629
devastated,0.9977261754486914,sad,False,0.9971503110602251,0.9973245809873532,0.9973654004242598,0.9977261754486914,0.9977618561516689,0.9979375292934245,0.99565787032369,0.9970271695886512,0.9969831206895162,0.9975778517785234,0.9971772701606302
devastated,0.9967005843322847,lonely,False,0.9963813477981853,0.9965539352626551,0.9966076904488487,0.9967005843322847,0.9970228108197609,0.9968717771843388,0.9951467944454409,0.9963162252905967,0.9966024365089148,0.9970027642868994,0.9967872561933252
devastated,0.9969527642722488,hopeful,False,0.996601594279462,0.9967597400519768,0.9968719378564284,0.9969527642722488,0.9970932623406061,0.9970830415997771,0.995327456598081,0.9964935861358194,0.9964301982203042,0.9972288301294102,0.9969508951424464
devastated,0.9957945669632549,grateful,False,0.9956786943631195,0.9957357358874532,0.9957360078376811,0.9957945669632549,0.995520525874189,0.9957994300725311,0.9956609406239558,0.9956800145364851,0.996040757216057,0.9955287498168858,0.9959250704120374
devastated,0.9966719302981407,sad,False,0.9960877702345607,0.9963495330925631,0.9962234364663854,0.9966719302981407,0.9968212924615458,0.9968742980563767,0.9943694313336228,0.9959731058009248,0.9957398864082367,0.9966343586368869,0.9960788323474628
devastated,0.9957181370197257,lonely,False,0.9947405060220326,0.9952857166944232,0.9947985947752664,0.9957181370197257,0.9960028482128859,0.995923767234644,0.9925238837650301,0.9947401828014705,0.9942311401350181,0.9954511005496848,0.9949638223607142
devastated,0.9978000937847276,sad,False,0.9971316729421205,0.9973445895432922,0.9973359153548669,0.9978000937847276,0.9978194973168394,0.997971097607039,0.9956162178062461,0.9970337333711535,0.9970031340735747,0.9975856541998538,0.9972391066549883
devastated,0.9977188831639383,sad,False,0.9970534693915803,0.9973224893118416,0.9972251387589468,0.9977188831639383,0.9978360079354823,0.9979261357395981,0.9954322376748705,0.9969518745823929,0.9968346189199933,0.9975779585820261,0.9971999652176426
devastated,0.9976167969004093,sad,False,0.9971486151287371,0.997494994422938,0.997121174942541,0.9976167969004093,0.9977152149692102,0.9977466192450886,0.9957410265831024,0.997156639345224,0.996750158357863,0.9973836711892565,0.9972356140108667
devastated,0.9977261754486914,sad,False,0.9971503110602251,0.9973245809873532,0.9973654004242598,0.9977261754486914,0.9977618561516689,0.9979375292934245,0.99565787032369,0.9970271695886512,0.9969831206895162,0.9975778517785234,0.9971772701606302
devastated,0.9976104636666137,sad,False,0.9971969984096218,0.9973865431796134,0.9971014242920587,0.9976104636666137,0.9977512813202329,0.9978295662519309,0.9958663026504084,0.9970395209541116,0.9966563225975161,0.9974404518363502,0.9971776321332702
devastated,0.9969946818855548,lonely,False,0.99625329797892,0.996657825047538,0.9963793005183053,0.9969946818855548,0.9972722697129351,0.9972281081227683,0.9942879237217154,0.9961865361679052,0.9958696484838303,0.9969053410686479,0.996474442461963
devastated,0.9957029275951074,devastated,True,0.9953474297054262,0.9955880583700711,0.9951590519427594,0.9957029275951074,0.9951056713035096,0.9955221174158452,0.9952482815669619,0.9955096112243269,0.9954916140342486,0.9949398133452633,0.9953514147052214
devastated,0.9975345847564392,lonely,False,0.9970454586342195,0.9973280471314068,0.9971577734537422,0.9975345847564392,0.9977645458614592,0.9977199156028054,0.9955371591367492,0.9969730106932584,0.9968103579272858,0.997519638247881,0.9972510846698599
devastated,0.9965962200263506,lonely,False,0.9959667501647221,0.9963296008303736,0.9961454174473747,0.9965962200263506,0.9968920333344921,0.9968296267896133,0.9941132562226173,0.9958897489695225,0.9956482274202838,0.9966269747672505,0.996243833376761
devastated,0.9965405575206354,hopeful,False,0.9965984924553604,0.9965644152404987,0.9967897013962981,0.9965405575206354,0.9967992492642559,0.9967582287002172,0.995615213003691,0.9963572988638809,0.9963456403580587,0.9969249733829653,0.9966776828490788
devastated,0.9973091078615879,hopeful,False,0.9971268344154318,0.9973498611958806,0.9974755408954602,0.9973091078615879,0.9974931830845821,0.997479464827066,0.9958888018078462,0.9970838889805254,0.9970197437230855,0.9978572487013052,0.9973392198839294
devastated,0.9957181370197257,lonely,False,0.9947405060220326,0.9952857166944232,0.9947985947752664,0.9957181370197257,0.9960028482128859,0.995923767234644,0.9925238837650301,0.9947401828014705,0.9942311401350181,0.9954511005496848,0.9949638223607142
devastated,0.9974458198333193,sad,False,0.9967382640608018,0.9970457947367828,0.9968151929158665,0.9974458198333193,0.9975414175682925,0.9976374303810518,0.9950471668776895,0.9966750285098006,0.9963403602663845,0.9972484974199609,0.9968084654778006
devastated,0.9976387612789976,sad,False,0.9970271603316512,0.9972493647916929,0.9972171119461056,0.9976387612789976,0.997737394256106,0.9978845694190825,0.9954100948071828,0.9969034929869165,0.9967814588801928,0.997521027455342,0.9970987195899685
devastated,0.9969614131970133,lonely,False,0.9962425400065109,0.9966318397831351,0.9963537438061625,0.9969614131970133,0.99723603945527,0.9971932173101616,0.9942826428765308,0.9961566495761016,0.99581574863334,0.9968723993241349,0.9964125680208932
devastated,0.9967381149082053,lonely,False,0.996132005366741,0.9964162833502959,0.9963351846655387,0.9967381149082053,0.9969974950824784,0.9969657497113854,0.9943490881080232,0.9960256759173622,0.9958532129593032,0.9968005353518461,0.996263827607174
devastated,0.9916680085521948,terrified,False,0.9922460398919575,0.992115770091991,0.9920012496373866,0.9916680085521948,0.9911414637737617,0.9915243575329672,0.993048558018991,0.992444530929133,0.9922350786201635,0.9914345545963992,0.9917939932153623
devastated,0.9971254484700803,sad,False,0.996666260886658,0.996880681428327,0.996730946457222,0.9971254484700803,0.9972786185752118,0.9973182148082309,0.9951495863804558,0.9965576175652195,0.9962246038178019,0.9970916565405844,0.9966690742840345
devastated,0.9969826103547721,lonely,False,0.9967528357832948,0.9970195173975555,0.9968903775438592,0.9969826103547721,0.9972414753017076,0.9971863979218504,0.9954603799894388,0.9967323570078513,0.9964721623599538,0.9970227390572177,0.9968551296634847
devastated,0.9974374219427092,lonely,False,0.9969076849574836,0.9971835377944972,0.997065970120059,0.9974374219427092,0.9977355725381214,0.9976863513173936,0.995188933705857,0.9967757035250067,0.9966197191069492,0.9974499365495306,0.9971462872424017
devastated,0.9970692309212688,lonely,False,0.9963970095986143,0.9967746775683997,0.9965062935935253,0.9970692309212688,0.9973536486490626,0.9972976037156015,0.9945159932930991,0.9963264749951644,0.9960180418355769,0.9969851965139658,0.9966099287929968
devastated,0.9898625994158152,terrified,False,0.9902618515403164,0.9898709911584145,0.9900314487202305,0.9898625994158152,0.9889991844839295,0.9895492460063195,0.9915228281756556,0.9903483078493098,0.9904281498478849,0.9890542953507928,0.9899103777148581
devastated,0.9960193468208792,angry,False,0.9960445791293873,0.996147328668448,0.995843433604319,0.9960193468208792,0.9958034789301514,0.995928622480348,0.9958415172345836,0.996122472930325,0.9957490461174079,0.9957494270522748,0.9958245876958682
devastated,0.9942095111851099,grateful,False,0.9943651842933946,0.9943299437518001,0.9944391586198317,0.9942095111851099,0.9941051527421344,0.9942112869668999,0.9941087289363697,0.9944504938187559,0.9945188198970901,0.9943736170244344,0.9943307184792104
devastated,0.9971659522612714,lonely,False,0.9970850965773133,0.9971855575315685,0.9969432020249821,0.9971659522612714,0.9972958515402618,0.9972230849905801,0.9963822859817208,0.9970310188539828,0.9969880579534237,0.9969892538097835,0.9971565512650731
devastated,0.9974640048504716,lonely,False,0.9970562047491065,0.9972897971954116,0.9971732598356068,0.9974640048504716,0.9977516230301633,0.9976564099113727,0.9955736291690116,0.9969543754719181,0.9968119108333788,0.9974943087100442,0.9972096090591811
devastated,0.9961774869821938,angry,False,0.9962184919345354,0.9965144473441278,0.9961284810699099,0.9961774869821938,0.9962975013893445,0.9962953916368529,0.9955246610060946,0.996312345981744,0.9960369051048296,0.9961483322458414,0.996478549062429
devastated,0.9975118238377664,sad,False,0.9970649789626695,0.997248147767027,0.9970862248748298,0.9975118238377664,0.9975639010599082,0.9976423167861964,0.9958608967231788,0.9970233482459324,0.9969152134180759,0.9973208894096616,0.9972416355506549
devastated,0.9972283749215279,sad,False,0.9964573656935143,0.9968720120085652,0.9964890456030505,0.9972283749215279,0.9974154899107872,0.9974247954882836,0.994653878983571,0.9964138443442322,0.9960672002107409,0.9970253675113663,0.9966696913010227
devastated,0.9975304822448174,sad,False,0.9969067661007958,0.997148512828697,0.9971108875087067,0.9975304822448174,0.9976340791336428,0.997773573313386,0.9952624768583916,0.9967907927922183,0.996667047318345,0.9974438346798151,0.9969895263428306
devastated,0.997893668895083,sad,False,0.9976504701392557,0.9978397046900066,0.9976502376810834,0.997893668895083,0.9979526473733346,0.9979676052144283,0.9966176270818374,0.9976497245965269,0.9973794085666547,0.9977190875106774,0.9976345013308869
devastated,0.9966410435305126,lonely,False,0.9961804599581948,0.9964522069705191,0.9962257866697491,0.9966410435305126,0.9968008566047426,0.9967423587102846,0.9948613679975731,0.9961664973793372,0.995912690919693,0.9965722551492169,0.9963552364891117
devastated,0.9967876399138925,lonely,False,0.9960788005394008,0.9964733860395585,0.9962144797804164,0.9967876399138925,0.997067434267785,0.9969676192944626,0.9941353016639536,0.9960397204187647,0.9956454183975247,0.9967441458390572,0.9962053606130425
devastated,0.9973735905933971,sad,False,0.9970209983925264,0.997233012993946,0.9968713144093886,0.9973735905933971,0.9973373298475081,0.9974604233882148,0.9960705849197022,0.9969618839962315,0.9966401813119482,0.9971169776551444,0.9970238463853608
devastated,0.9976868879062244,sad,False,0.9970683128151906,0.9972552282826577,0.9972914718243076,0.9976868879062244,0.997690996227627,0.9978832305189785,0.9955388084194633,0.9969594458949975,0.9969169329194324,0.9975194028014297,0.9971121761847643
devastated,0.9517418971423749,terrified,False,0.9532623807392004,0.952908019258639,0.9528812805314547,0.9517418971423749,0.9514234894299388,0.9513104735746886,0.9554903661254598,0.9533524340966623,0.9533121484684441,0.9517046156750015,0.9528556598714899
devastated,0.9955332932668897,faithful,False,0.9954191376698514,0.9952272799394386,0.9955651120785183,0.9955332932668897,0.995494515772181,0.9955726791566233,0.9949600207620729,0.9951632880368477,0.995238042715063,0.9954388190754576,0.995622403051933
devastated,0.9964809084115318,hopeful,False,0.9962212951893884,0.9963304645569506,0.9964877840413774,0.9964809084115318,0.9967642370694504,0.9967257635266409,0.9947732704847809,0.9960472017751382,0.9959252901329086,0.9968916165842215,0.9963011309135537
devastated,0.9972437335119823,sad,False,0.9973229575445056,0.9971138240441155,0.997231151786693,0.9972437335119823,0.9973509617731655,0.9974136331621457,0.9963735394906147,0.9968545628296589,0.9967180514660132,0.9971630007674808,0.9970865267164286
devastated,0.9964593202736006,hopeful,False,0.9962073013350209,0.9962894169617726,0.9965869395948299,0.9964593202736006,0.9966870033210129,0.9966315129279362,0.9949534592889787,0.9960506856583121,0.9959870996477331,0.9967792918892505,0.9963889090422493
devastated,0.9665829762857961,terrified,False,0.968439318424008,0.9679139102692702,0.9677306702107489,0.9665829762857961,0.9656360974918462,0.9659169726541837,0.9715785602292434,0.9688976416778691,0.9684146359942911,0.96610902634365,0.9676514416188545
devastated,0.9972747758657861,angry,False,0.9970919194000485,0.9973723211843377,0.9970335508024423,0.9972747758657861,0.9973245240138857,0.9973263490965019,0.9962136536093819,0.9971779871401921,0.996888693039084,0.9970266290924695,0.9972738333016011
devastated,0.9616619117275536,terrified,False,0.963324760720994,0.9628929103867808,0.9628947891832987,0.9616619117275536,0.9601428854391154,0.9609763777555254,0.9668635695299209,0.9639121558667845,0.9636743249732037,0.9611384691954958,0.9626490603617416
devastated,0.9966641058981002,lonely,False,0.9959994706114945,0.9963562408753535,0.9961567051575212,0.9966641058981002,0.996966876887293,0.996904191317721,0.9940297588642775,0.9959046550961562,0.9955553850462322,0.9966655679838964,0.9961497796023278
devastated,0.9975859413227466,sad,False,0.9969367125419648,0.9971644818991205,0.9971337482136893,0.9975859413227466,0.9976581767049036,0.997821265822979,0.9952886603398643,0.9968199414964882,0.9967068911796413,0.9974552483197697,0.9970260589482376
devastated,0.996491333167272,lonely,False,0.9956596458658225,0.9961144107956978,0.9957193328565386,0.996491333167272,0.9967347851673236,0.996686661573988,0.993603288466388,0.995624778304561,0.9951440960498288,0.9963015771139874,0.9958276946487118
devastated,0.9976517158672161,sad,False,0.997327048486647,0.9973734162381253,0.9972976836634421,0.9976517158672161,0.9977772035073136,0.9978812329426465,0.9962073603680979,0.9970861858638614,0.9969065551658809,0.9973475323520441,0.9973280284384094
devastated,0.9969185049039324,lonely,False,0.9967763210714228,0.9969525188928277,0.9968349372744842,0.9969185049039324,0.9971132713471922,0.9970329431477076,0.9958127535305219,0.9967673139852697,0.9965699784012575,0.9969194712549975,0.9969004104055299
devastated,0.9981989596781591,sad,False,0.9976031990834635,0.9977231005021575,0.9975456932516147,0.9981989596781591,0.9978657372926943,0.9983490416054037,0.9967507235555413,0.9975706412567876,0.997308570173769,0.9976641133863284,0.9975003554095466
devastated,0.997234329823822,lonely,False,0.9966571968042011,0.996914402278714,0.9968656357417047,0.997234329823822,0.9975009740134839,0.9974998254549734,0.9948467394926644,0.9965276507162851,0.9964097262965138,0.9972303663799532,0.9968545773148165
devastated,0.9971364607118555,lonely,False,0.9966194274455303,0.9969047352662542,0.9967168528389672,0.9971364607118555,0.9973805083212721,0.9973555503528575,0.9948992170385114,0.9965002498627782,0.9961658045166528,0.9971723460711681,0.9967332909384298
devastated,0.9971839726662041,lonely,False,0.9966483947007805,0.9969348277410583,0.9968238038048022,0.9971839726662041,0.997464838657555,0.9973809174452737,0.9949256941950965,0.9965445024429916,0.9963042189334242,0.9972291682781114,0.9968245146961849
devastated,0.9955106107206261,afraid,False,0.9958001070613254,0.9956444981006398,0.9956429111188385,0.9955106107206261,0.9954718988800799,0.9955737852087698,0.9955366283538325,0.9955902613121936,0.9954818048114148,0.9953765908438811,0.9956059599660327
devastated,0.9925283257607226,terrified,False,0.9933838988275794,0.9929418024315383,0.9931997325151274,0.9925283257607226,0.992226326826486,0.9923616160283273,0.9941174337531526,0.9933370310713561,0.9931873192034655,0.9924801478462046,0.9928190736045138
lonely,0.9992255873371316,sad,False,0.999040917399669,0.9991173550650141,0.9990648567281215,0.9991723177435503,0.9992255873371316,0.9992418351759578,0.998607349996318,0.9990032530884648,0.9988815965064315,0.9991538808966657,0.9990273408531606
lonely,0.9991809921352347,hopeful,False,0.9990967627496417,0.9991299930899417,0.9991999735514345,0.9991421453174111,0.9991809921352347,0.9992116986866147,0.9987316392839811,0.9990513054884924,0.9989994677462112,0.9992504483057776,0.9991067105242131
lonely,0.9989933304834925,sad,False,0.9986413959643299,0.9988020273920546,0.9986368874662802,0.9989112480914176,0.9989933304834925,0.9989950869798204,0.9979808572828085,0.9986163725285666,0.9984072066771987,0.9988337811921751,0.9986314771510917
lonely,0.998909883627301,lonely,True,0.998577683585055,0.9987204126439145,0.9985855583052923,0.9988200335427144,0.998909883627301,0.9989072290842027,0.9979557960582577,0.9985458877674998,0.9983681882452147,0.9987667447326312,0.9985689389300506
lonely,0.998788554823705,hopeful,False,0.9986804719499361,0.9987011255594999,0.9987643929947303,0.9986854327744242,0.998788554823705,0.9987697369905675,0.998364972372302,0.9986319461589139,0.9986599523386818,0.9988539224690054,0.9987791767175687
lonely,0.9989468327547857,lonely,True,0.9986960713624098,0.9987684715013405,0.9987219188788085,0.998858084583351,0.9989468327547857,0.9989395835974813,0.9981977776583728,0.998647020892349,0.9985107283050116,0.9988475931576124,0.9986788639481116
lonely,0.9988422844112672,lonely,True,0.998428638802797,0.9986136035102376,0.998420651435829,0.9987450595629188,0.9988422844112672,0.9988354012165923,0.9976872437144277,0.9984041341504298,0.9981579345209637,0.9986401919524174,0.9984172448185467
lonely,0.99908380717749,sad,False,0.9987126804626076,0.9988815778402853,0.9987200357809853,0.9989903977186628,0.99908380717749,0.9990890354235269,0.9980262240005453,0.9986915889945113,0.9984811435772191,0.9989214093523682,0.9987213243850868
lonely,0.9990664520702393,sad,False,0.9987296926166949,0.9988819866787061,0.9987137831966242,0.9990030250577691,0.9990664520702393,0.9990677913731129,0.9980994793009118,0.9987105886999741,0.9984858214256187,0.9988925683016634,0.998710997627207
lonely,0.9991428837742157,lonely,True,0.9990590910660031,0.999100563051085,0.9990554221913043,0.9990900759334216,0.9991428837742157,0.9991304433962405,0.9988027610751543,0.9990466896393069,0.998967323040905,0.9990744915741541,0.9990643676753286
lonely,0.9993526641088485,lonely,True,0.9990230811801376,0.9991431968613279,0.9990463349490742,0.9992560898639258,0.9993526641088485,0.9993467062023351,0.9984190942710931,0.9989798392423314,0.9988641891103823,0.9991962830499157,0.9990548195664098
lonely,0.9984541020555089,terrified,False,0.9986152578798377,0.9985264033556414,0.9985681760663697,0.998550298086966,0.9984541020555089,0.9985042924352158,0.9986697818613696,0.9986005358006214,0.9985880020866608,0.9984499167507491,0.9985568064703196
lonely,0.9989957079808007,sad,False,0.9988549800744044,0.9988807940301141,0.998856778997247,0.9989969408394672,0.9989957079808007,0.9990096838215868,0.9985389195673943,0.9988231064357969,0.9987404383258307,0.9989066032133236,0.998899548161744
lonely,0.9992103443496781,sad,False,0.9990558519181901,0.9992113596045781,0.9990193157861615,0.9992515917517371,0.9992103443496781,0.9992675962064494,0.9987357466774724,0.9991237291601425,0.9989435609093219,0.9990922188409161,0.9990968303467007
lonely,0.9944428973226926,terrified,False,0.9948770735560823,0.9946790976552677,0.9948531480983814,0.9944122218884307,0.9944428973226926,0.9942954538142846,0.995529691689869,0.9949040530735018,0.9951385372463135,0.994542686411057,0.9949989156107562
lonely,0.9991947179638476,lonely,True,0.9990621140879387,0.9990640978644212,0.9991064761099765,0.9991113091558311,0.9991947179638476,0.9991884137049075,0.9987097262947577,0.9989729681540631,0.9989310050472904,0.9991253300178471,0.9990528497530872
lonely,0.9987023425636516,lonely,True,0.9985715799934695,0.9986134959718787,0.9986064913819329,0.9985729637028318,0.9987023425636516,0.9986567977311593,0.99817713686555,0.998515043505795,0.9984402744424578,0.9986800911752256,0.9986029429638013
lonely,0.9988981266458117,lonely,True,0.9987922309193769,0.9988340704320922,0.9988307403087713,0.9988543651654688,0.9988981266458117,0.9988954441569475,0.9985323768661036,0.9987773814996834,0.9987200271737843,0.9988540651072682,0.9988334530033869
lonely,0.9988067749773195,lonely,True,0.9985188033791152,0.9986420970522069,0.9985404220259827,0.9987198845383127,0.9988067749773195,0.9988018829986121,0.9979630112957687,0.9984896956615857,0.9983346100335713,0.9986909908182766,0.9985007538265734
lonely,0.9981429076834866,terrified,False,0.9983731858328829,0.9983177762830442,0.9983945889996287,0.9982692288156393,0.9981429076834866,0.9982447832818665,0.9984913360200475,0.998391942560145,0.9983866337087044,0.9982149174791034,0.9983009905283085
lonely,0.9990238888552712,lonely,True,0.998745028399341,0.9988634064293892,0.9987747686978788,0.998937107629759,0.9990238888552712,0.9990217194591997,0.9981963731605858,0.998708659719896,0.9985607485321364,0.998927912291583,0.9987496254194872
lonely,0.998680968772739,anxious,False,0.9988178384234333,0.9986979653519323,0.9988402125668358,0.9987172259692766,0.998680968772739,0.9987391400065608,0.9986568474998849,0.9986754730755697,0.9987332556997218,0.998819881459679,0.9988170538132117
lonely,0.9990479691044563,sad,False,0.9988922720077446,0.9989559471765302,0.998944887636358,0.9989799244722618,0.9990479691044563,0.9990557497097827,0.9984947164135202,0.9988587367901964,0.9987827798222106,0.9990460578601819,0.9989294303304196
lonely,0.9993432626401786,lonely,True,0.999115664399822,0.9991894370995713,0.9991779876239955,0.9992429066788795,0.9993432626401786,0.9993291192983516,0.9986498267797213,0.9990615275273068,0.9990234162251878,0.9993334920237487,0.9991832119799868
lonely,0.9991374717191936,lonely,True,0.9988188330334883,0.9989364557876947,0.9988347202881358,0.9990156142887757,0.9991374717191936,0.9990991533299839,0.9982813740220475,0.9987962403705449,0.9986699452809937,0.9989707628766596,0.9988557813214891
lonely,0.9989038606782494,sad,False,0.9985635106707081,0.9987144816489821,0.9985745646143108,0.9988117879483465,0.9989038606782494,0.998907885934649,0.9979087880542816,0.9985297323757467,0.9983379678431442,0.9987628199288844,0.9985513439958917
lonely,0.9990425510663963,sad,False,0.9987248608929544,0.998854870126551,0.9987430770076937,0.998954371766422,0.9990425510663963,0.9990466273769028,0.9981129801319673,0.9986926885879039,0.9985369603013375,0.9989007902130828,0.998730109189478
lonely,0.9987122972309964,hopeful,False,0.9986411016140059,0.9986525304830944,0.9987184720081093,0.9985979858154466,0.9987122972309964,0.9986592080376856,0.9983655044393581,0.9985954013140225,0.9985758417734767,0.998773090885775,0.9986641980638571
lonely,0.9983937892817574,grateful,False,0.998458666094826,0.9984511010017163,0.9985160332677656,0.9985086871096479,0.9983937892817574,0.9985011405711237,0.9983865482000547,0.9984632516056009,0.9985361469287204,0.9984359478295937,0.9984888629697419
lonely,0.9989840992323301,sad,False,0.9987271445069539,0.9988472047052058,0.9987222884580699,0.9989459929719386,0.9989840992323301,0.9989995259683625,0.9982086953921278,0.9987123254748275,0.9985331760500927,0.9988499997867948,0.9987030250049238
lonely,0.9989354387765521,sad,False,0.9986333153549147,0.9987593381333073,0.9986475665590903,0.9988593687979328,0.9989354387765521,0.9989435959809183,0.9980365090105826,0.9985913082492945,0.9984196606176279,0.9988129656152218,0.9986046324124117
lonely,0.9992047267572742,lonely,True,0.9989737562157305,0.9990347720716213,0.9990526280065255,0.9990873314923092,0.9992047267572742,0.9991926795254338,0.9984324169943178,0.9988923264356591,0.9987824256157354,0.999118376646405,0.9989435253128081
lonely,0.9974625439661249,terrified,False,0.9979036255856363,0.997723714565786,0.9977824378950194,0.9975636625237332,0.9974625439661249,0.9975235670918243,0.9981847157635155,0.9978672155450581,0.9978325115431117,0.9975434991043917,0.9977235724049345
lonely,0.9989261188351253,lonely,True,0.9988291760393037,0.9987948830280222,0.9988675049251264,0.9988775860720625,0.9989261188351253,0.9989018921678485,0.9985597293415659,0.9987610612715417,0.9987605871055263,0.9988598000165049,0.9988784521124683
lonely,0.9989836022393127,sad,False,0.9986212913068845,0.9987830544220806,0.9986217275409524,0.9989007675276081,0.9989836022393127,0.9989869210183775,0.9979541839830133,0.9985990160872249,0.9983989759776253,0.9988258173853484,0.9986122313133285
lonely,0.9991359473612986,faithful,False,0.9990847515999881,0.9990959568120262,0.9990369626322217,0.9991186529340809,0.9991359473612986,0.9991091548091783,0.9989080003683355,0.9990638811147874,0.9990210356653404,0.9990214315306818,0.9991410796414351
lonely,0.9991438554146133,sad,False,0.9988332483918696,0.9989679734675055,0.9988420951566734,0.9990715992700012,0.9991438554146133,0.9991444056226548,0.9982733897447983,0.9988160208707199,0.9986798061443748,0.9989996485494979,0.9988807721541622
lonely,0.9991902603816863,sad,False,0.9988958447885669,0.9990019272692703,0.9989045629844038,0.9990996327965997,0.9991902603816863,0.9991951093700989,0.9982755161478738,0.998827196501052,0.9986756534470569,0.9990670372203649,0.998891498280689
lonely,0.9991265186948561,sad,False,0.998852881331312,0.9989619778331733,0.9988955068093306,0.9990480107544262,0.9991265186948561,0.9991452261057525,0.9982695738765214,0.998802556398984,0.9986535457453616,0.999043849188854,0.9988533504579906
lonely,0.9985869553102538,lonely,True,0.9981131359926954,0.9983304170858875,0.9980913431615732,0.9984854316706221,0.9985869553102538,0.9985771643139361,0.9972988583009968,0.9980956808931811,0.9978158576868448,0.9983483858874824,0.9981030292788298
lonely,0.9991155470175398,sad,False,0.9987605117574573,0.9989011284428198,0.9987754677023966,0.9990194528802527,0.9991155470175398,0.9991203098496618,0.9980733929368072,0.9987095038110004,0.9985307208671077,0.9989683821696521,0.9987583378903828
lonely,0.9984566430914952,anxious,False,0.9984531243714466,0.9984249279659578,0.9985480224227833,0.998374931940064,0.9984566430914952,0.998428256753686,0.9983020901810937,0.9984017991625403,0.9984656179600222,0.9985229900332508,0.998497275463639
lonely,0.9989465372177655,hopeful,False,0.9989254566552255,0.9989935413974464,0.9990581020841455,0.9989118062937038,0.9989465372177655,0.9989738985198247,0.9986733064697918,0.9989512121499606,0.9989720664936663,0.9990636070647047,0.9990032563653374
lonely,0.9975173004926267,grateful,False,0.9975755426858066,0.997513869933633,0.9975583481937215,0.9975296286885926,0.9975173004926267,0.9974499913234577,0.9977625171710078,0.9975751612194733,0.9977655406563795,0.9974019583653387,0.9976852024467007
lonely,0.9987312366603144,sad,False,0.998525421082636,0.9986270529801597,0.9985678468333652,0.9987239678283875,0.9987312366603144,0.9987959446800438,0.9980204538233853,0.9985011964572091,0.9984193257441848,0.9986762377315567,0.9984845666272987
lonely,0.9987579465010286,faithful,False,0.998693995072242,0.9986396870777462,0.9987280581034961,0.9987228856545114,0.9987579465010286,0.9987272012731453,0.9984916245275424,0.9986390315333153,0.9986651651380859,0.9987014376509701,0.9987737620540696
lonely,0.9990522834194955,sad,False,0.9986903667309472,0.9988457309381078,0.998693014525135,0.9989534700094943,0.9990522834194955,0.9990562558497491,0.9979926085102108,0.9986478857248845,0.9984359102926131,0.9988927008890485,0.9986733940509764
lonely,0.9991826124458618,sad,False,0.9988436133851812,0.9989793390294192,0.9988686441963923,0.9990957410468698,0.9991826124458618,0.999197726823381,0.9981875675479355,0.9988025316286255,0.9986381280893215,0.9990411015029235,0.9988386877993206
lonely,0.9991841672175151,sad,False,0.9988466398090752,0.9989816740323214,0.9988652937397741,0.9991009711623625,0.9991841672175151,0.9992002940664643,0.9981966451451971,0.9988077596998857,0.9986396615901441,0.9990346437855204,0.9988391410841729
lonely,0.9987855561023209,sad,False,0.9987527757541866,0.9987823253105088,0.998814393380535,0.9987974325905344,0.9987855561023209,0.998843093439748,0.9985488091458725,0.9987380991654581,0.9987749633840523,0.9988400392215406,0.9988171476968755
lonely,0.9835721197533649,terrified,False,0.9842784669439928,0.9839897616733221,0.9845845402613501,0.9838154889821359,0.9835721197533649,0.9836743500429583,0.9853619316959891,0.9843186526748062,0.9849855864340299,0.9841702609085016,0.9845248641634254
lonely,0.9990688816836979,sad,False,0.998946442620098,0.9989672325934426,0.9990127456887041,0.9990124740987347,0.9990688816836979,0.9990726938441407,0.9986051760402932,0.9988855922480777,0.9988520523553571,0.999047737610957,0.9989649342729676
lonely,0.998892454107246,sad,False,0.9985617725036445,0.9987051061719029,0.9985757696937416,0.9988054667570365,0.998892454107246,0.9988937708135492,0.9979463498372647,0.998534487136239,0.9983684982709762,0.9987571088616908,0.9985504625212182
lonely,0.9992879528429699,lonely,True,0.9990291754987484,0.999135616810291,0.9990200419237397,0.999179466845732,0.9992879528429699,0.9992294552940946,0.9985846201782611,0.9990200809816812,0.998895248271171,0.9991447373194455,0.999068751700872
lonely,0.9883246705760728,terrified,False,0.9890772299520908,0.9886872553749915,0.9892192113936802,0.9884339587718197,0.9883246705760728,0.9882692859962046,0.9901737098169587,0.9890832178456873,0.9895490070746055,0.9887782460569928,0.9893566714553058
lonely,0.9854933744514172,terrified,False,0.9862464236313182,0.985847710699615,0.9862363830010993,0.985415633745787,0.9854933744514172,0.9852543702084384,0.9874218969211053,0.9862431082047735,0.9866730574431627,0.98580257048363,0.9862802202180847
lonely,0.9988599804888783,lonely,True,0.9987946892995853,0.9987727436261269,0.9988501579700568,0.9988311438276527,0.9988599804888783,0.9988539637956515,0.9985497609487889,0.9987279464825065,0.9987269898151853,0.9988515383855527,0.9988470042291826
lonely,0.9985869553102538,lonely,True,0.9981131359926954,0.9983304170858875,0.9980913431615732,0.9984854316706221,0.9985869553102538,0.9985771643139361,0.9972988583009968,0.9980956808931811,0.9978158576868448,0.9983483858874824,0.9981030292788298
lonely,0.9964203438809198,terrified,False,0.9966476647946798,0.9965406082315127,0.9966569100072463,0.9963708941254604,0.9964203438809198,0.9963059504886215,0.996983213783295,0.9966727352395122,0.9968250126149645,0.9964617976947081,0.9967039098182771
lonely,0.9990662244772797,sad,False,0.9986952073610068,0.9988482607561255,0.9987018630519268,0.998967982256764,0.9990662244772797,0.999066448877552,0.9979980449012456,0.9986510635640838,0.9984525457573205,0.9988991732525558,0.9986946471372189
lonely,0.9989624184671673,sad,False,0.9986722719237795,0.9988015729973512,0.9987072963494863,0.9988815485219198,0.9989624184671673,0.9989641195281976,0.9980781510205549,0.9986360656966412,0.9984755744228875,0.9988714618333518,0.9986761974616207
lonely,0.998958522922845,lonely,True,0.9986198938339349,0.9987504816497975,0.9986451785775237,0.9988525856088543,0.998958522922845,0.9989358330004958,0.9979914716262435,0.9985826942172931,0.9984192894768465,0.9988125489425084,0.998628531773031
lonely,0.9991331457287647,lonely,True,0.9989447810547578,0.9990247845191549,0.9989351346550521,0.9990322661389042,0.9991331457287647,0.9990829142571709,0.998504599204654,0.9989037828032765,0.9987474515274036,0.9990211795799059,0.9989318085076007
lonely,0.9991155379400221,sad,False,0.9988712663141879,0.9989689066906455,0.998907947777828,0.9990798571411652,0.9991155379400221,0.999171638955839,0.9983028313303973,0.998825278621708,0.9987108431625833,0.9990419610415583,0.9988432210340459
lonely,0.9991227813695813,lonely,True,0.9989391734841722,0.9990203705524686,0.998943911166538,0.9990236573388594,0.9991227813695813,0.9990834762641305,0.9985103902575081,0.9989045275155447,0.9987570711666516,0.9990279599316527,0.9989220729079406
lonely,0.9991043894519424,lonely,True,0.9987619144207671,0.9989156711323437,0.9987682247643166,0.9990242149852494,0.9991043894519424,0.9990903044122936,0.9981670099611072,0.9987440988943059,0.9985879658946804,0.9989238006444552,0.9988064341005266
lonely,0.9990488781820781,lonely,True,0.9986789882926523,0.9988457322116977,0.9986879212271991,0.9989560890334614,0.9990488781820781,0.9990434537902331,0.9980102889265254,0.9986612202539551,0.9984544795534935,0.9988840143697071,0.9986907831855814
lonely,0.9990001657343046,faithful,False,0.9989008342129968,0.9989742626285264,0.9989762935595848,0.9988816366490267,0.9990001657343046,0.9989040681455201,0.9987784798016897,0.9989519997937403,0.9990053441445959,0.9990582171285949,0.9990668316108814
lonely,0.9991109110484666,sad,False,0.9988717202202003,0.9989644723453173,0.9989097076413753,0.9990794989677603,0.9991109110484666,0.9991704016491905,0.998300837817736,0.9988246091483384,0.998722113373202,0.9990429480563059,0.9988471012415365
lonely,0.9992051547261329,lonely,True,0.9989212013914389,0.9990578162511905,0.9989188030087823,0.999131515996122,0.9992051547261329,0.9992043556933617,0.9983856509962055,0.9989100093089334,0.9987525914029787,0.9990635467797752,0.9989293491922111
lonely,0.9989942611663991,sad,False,0.9987289711898331,0.99886670628623,0.9987667452898734,0.9989218410303955,0.9989942611663991,0.9989946699892617,0.9981800142482229,0.9987086776715007,0.9985890619245207,0.9989194703796779,0.9987695478682647
lonely,0.9993238283594871,sad,False,0.9990719813519978,0.9991727087174235,0.9991030348307111,0.9992468711381676,0.9993238283594871,0.9993341686369354,0.9985376115999902,0.999033202874733,0.9989252904117912,0.9992489110539708,0.9990893622711763
lonely,0.9990532977349197,lonely,True,0.9986517945898671,0.998818878009505,0.9986703950164619,0.9989118092188616,0.9990532977349197,0.9989929274375944,0.9980256960646321,0.9986471258599772,0.9984694019935145,0.9988335088273258,0.9986850694911017
lonely,0.9984249120988011,hopeful,False,0.9983792413663293,0.9983862646080307,0.9984595596384205,0.9983464383537481,0.9984249120988011,0.9984169723061447,0.9981338173922746,0.9983510234452627,0.9983966569884364,0.9985173877391655,0.9984400599772771
lonely,0.9989343740691947,lonely,True,0.9985586471061993,0.9987166562910414,0.9985583882000519,0.9988386374861917,0.9989343740691947,0.9989299587351199,0.9978753309032888,0.998528082436464,0.9983206206200315,0.9987607910696525,0.9985544561901635
lonely,0.9991031230038647,lonely,True,0.9989049160404351,0.998969296292021,0.998833948874762,0.9990537432927016,0.9991031230038647,0.9990963578840089,0.9984097873050846,0.9988606631693326,0.9986598069345701,0.998923224087134,0.9988509843827158
lonely,0.9990985392194585,lonely,True,0.998901147705545,0.9989893128820762,0.9989088451080531,0.9990545848820555,0.9990985392194585,0.9990984898549089,0.9984822171492198,0.998883061832108,0.9987639689205696,0.9990105927533898,0.9989098069980031
lonely,0.9974985029673178,terrified,False,0.9976424654533608,0.997601620785292,0.9977466778322239,0.9975428615542409,0.9974985029673178,0.9975450522643499,0.9977672822135237,0.9976437779179977,0.997709847064163,0.9976114152553668,0.9976996778227517
lonely,0.9992244490330903,sad,False,0.9989294975211687,0.9990358178553116,0.998936535712049,0.9991355840862747,0.9992244490330903,0.9992272810381018,0.9983119429731281,0.9988623082973199,0.9987049452244137,0.999099827970473,0.998922485536901
lonely,0.9992332231411831,sad,False,0.9989742340120729,0.9990814239289556,0.9989748464547401,0.9991762421464587,0.9992332231411831,0.9992483003261335,0.9984565558408409,0.9989411826071268,0.9988002909808567,0.999113948377961,0.9989942436951387
lonely,0.9986220642261073,afraid,False,0.9987064036417014,0.9986183761655785,0.998653822721612,0.9986166978170414,0.9986220642261073,0.9986103003452023,0.9986080400723073,0.9986463817005602,0.9986312586392474,0.9985745968102839,0.9986537887884019
lonely,0.9990025023328181,sad,False,0.9989376359866234,0.9990170507185435,0.9988987507983582,0.9990312973254304,0.9990025023328181,0.9990421439563495,0.998659314196602,0.9989560305107245,0.9988186566359274,0.9989234675011819,0.9989175185807037
lonely,0.9966135859584531,terrified,False,0.9968830282450469,0.9968455443191843,0.9969634334233256,0.9966652103056598,0.9966135859584531,0.9966611888142412,0.9971356095882575,0.9969400230307202,0.9970515163275393,0.9967855106189019,0.9969824975276176
lonely,0.9991786423047171,sad,False,0.9989168785532595,0.9990345929007881,0.9989434080952511,0.9991219395889579,0.9991786423047171,0.9992134246604377,0.9983872243769316,0.9988896639553271,0.998793821370735,0.9990730368171052,0.9989133221832772
lonely,0.9988695765105979,lonely,True,0.9986878085354713,0.9987249073223801,0.9987451812671979,0.9988197454730683,0.9988695765105979,0.9988598526663492,0.9982875850592463,0.9986288551253186,0.9986408490606857,0.9988514220470001,0.9987462610895292
lonely,0.9991114189084959,sad,False,0.9988652777472908,0.9989649290869298,0.9989105705152392,0.9990722594446974,0.9991114189084959,0.9991671942622014,0.9982906421705152,0.9988178431653236,0.9987080498519507,0.9990479599371335,0.9988400638954422
lonely,0.9991576445431213,sad,False,0.9990428347299961,0.9991183449253831,0.9990200972725932,0.9991472030841724,0.9991576445431213,0.9991804983483874,0.9986861655999758,0.9990374968388225,0.9988918231876918,0.9990758754565391,0.9990276145031605
lonely,0.9989918562424348,sad,False,0.9988504202740258,0.9989111434818351,0.9989001809930778,0.9989724369395906,0.9989918562424348,0.998999805690364,0.9985193378524401,0.9988363177319208,0.9987441937720033,0.9989644917181605,0.9988987586470708
lonely,0.9993134938270353,lonely,True,0.9989817848063998,0.9990915375147805,0.998990388383574,0.9991994492443677,0.9993134938270353,0.9992954265910098,0.9983943157022801,0.998927950636084,0.9987890260126076,0.9991255988220257,0.9989588479059155
lonely,0.9991650174087412,lonely,True,0.9990538400824226,0.9990973682656554,0.9990559035548892,0.9990873401313853,0.9991650174087412,0.999135307314694,0.9987687458787459,0.9990389643791895,0.9989924427394139,0.9990940427132908,0.9990869200461263
lonely,0.999011577326761,lonely,True,0.9987227369524875,0.9988394898933391,0.9987457309058266,0.9988789594342042,0.999011577326761,0.9989539288488778,0.9981806219456273,0.998694970597113,0.9985970912837846,0.9988937626580047,0.9987552863090905
lonely,0.9987178219147292,anxious,False,0.9987721638412734,0.9987371629395797,0.9987945564411539,0.9987230747230873,0.9987178219147292,0.998745425084171,0.9986238930853046,0.9986855042135124,0.9986840364786561,0.9987272284180846,0.9987767635455493
lonely,0.9991587537338433,hopeful,False,0.9990501654979822,0.9990527119815658,0.9991503265777464,0.9990801467398388,0.9991587537338433,0.9991617842883573,0.9987042303922327,0.9989635120270765,0.9990418322547086,0.999193051689708,0.9991268733645209
lonely,0.9991445318866686,sad,False,0.9989406669547881,0.999058333644168,0.9989473592831284,0.9991074747660056,0.9991445318866686,0.9991606832754022,0.9984957351284044,0.9989268635978445,0.99881219582029,0.9990521923968839,0.998964524525352
lonely,0.9959071947234361,terrified,False,0.9960622541531079,0.9959895397533817,0.996158134423747,0.9957544593103358,0.9959071947234361,0.9957474503909314,0.9963547869003112,0.9960944622965463,0.9962714988101758,0.9960368221102319,0.9962597340827322
lonely,0.9991305883230222,sad,False,0.9987723126518624,0.998916759783043,0.9987887840115214,0.9990402771427772,0.9991305883230222,0.9991405602416774,0.9980859259368995,0.9987324397135381,0.9985571692510495,0.9989733798573284,0.9987715694595891
lonely,0.9990657928140665,sad,False,0.9988745804496827,0.9989455494212047,0.9988842877655331,0.9990183142840683,0.9990657928140665,0.9991019205875279,0.9984173988061131,0.9988502901348815,0.9987114076439892,0.9990027555857032,0.9988313093733174
lonely,0.9989041805771941,sad,False,0.9988306751710486,0.998865972186418,0.9988826284551792,0.9988655904045705,0.9989041805771941,0.998915911335645,0.9985528724929532,0.998812261626473,0.9987719623060021,0.9989028398440756,0.9988694443577064
lonely,0.9982717149710167,grateful,False,0.9982266294309938,0.9982491351056988,0.998312726480715,0.9982592604746446,0.9982717149710167,0.9982757779778337,0.9980882101981509,0.9982181434511703,0.9984188930521919,0.9983431726045442,0.9984143166170765
lonely,0.9988597242839228,hopeful,False,0.998799117882605,0.9988487115942052,0.9988898082809452,0.9988357708880846,0.9988597242839228,0.998905586745143,0.9985536291292397,0.9988245391732891,0.9988811562004842,0.9989626396154504,0.9988536522358213
sad,0.9979048086259761,lonely,False,0.9972337753746153,0.9975446872020116,0.99729672382118,0.9977467506066514,0.9979124839141144,0.9979048086259761,0.9959339650226482,0.9972205555480772,0.9969697071525732,0.9976345438527543,0.9973588161146956
sad,0.9981914632105794,lonely,False,0.9980104350685233,0.9980213280726287,0.9981520539672771,0.9979606955430891,0.9983762202808483,0.9981914632105794,0.9971579895104346,0.9978111321565396,0.9978474901152395,0.9981482912035369,0.9981494739178782
sad,0.998568605433744,sad,True,0.9980833547186987,0.9983235081437006,0.9981000821764517,0.9984656225132237,0.9985109318549279,0.998568605433744,0.9971123447263556,0.9980882584682925,0.997824816976381,0.9983056567033555,0.9981042010020229
sad,0.9982569347437799,sad,True,0.9979551466166243,0.9980798312167176,0.9979536366329577,0.9981724909107016,0.9981762396942873,0.9982569347437799,0.9972329620367126,0.9979216286074253,0.9977031278780452,0.9980358020019822,0.9979359301115062
sad,0.998505740832976,lonely,False,0.9980024447064763,0.9982159206980937,0.998048156052572,0.9983404893570055,0.9985125161349651,0.998505740832976,0.9968470032450998,0.9979643390498742,0.9976957121957803,0.9982506548738694,0.9980134536053086
sad,0.9974033298146822,lonely,False,0.9969808496803186,0.9971164612680762,0.997211856664018,0.9971944637653448,0.99746822975686,0.9974033298146822,0.9958921589311052,0.9968869626857808,0.9969232424650091,0.997368739706938,0.9971311323740821
sad,0.9979497523436234,lonely,False,0.9973505173087004,0.9975963778071595,0.9975058662336824,0.9977437174010808,0.9979885926327129,0.9979497523436234,0.9960298244236765,0.9972913694397156,0.9971000734950696,0.9978226324765869,0.9974765004986946
sad,0.9978474834402307,lonely,False,0.9970788226098056,0.997452979841546,0.997158283776456,0.9976841683490626,0.9978731935272951,0.9978474834402307,0.9956728308782801,0.9970857369762245,0.9968039450255515,0.9975648290311068,0.9972517551147817
sad,0.998569951684361,sad,True,0.9980203434704183,0.9982486424283914,0.9982311243049184,0.9984076360613041,0.9984957976961455,0.998569951684361,0.9970480744284813,0.9980528546118594,0.9980404914508838,0.9983058793768332,0.9981173251765086
sad,0.9987392554617317,sad,True,0.9983178193282602,0.9985017041635806,0.9983174369634448,0.9985839497889866,0.9985953177614493,0.9987392554617317,0.9976201857184317,0.9983123349256466,0.9981828235376334,0.998361576701752,0.9984078870328775
sad,0.9976440089466181,sad,True,0.9970429731425148,0.9971962377955936,0.9972567417358222,0.9974484699671764,0.9975304549439165,0.9976440089466181,0.9959287595313192,0.9969782063001241,0.9969805731001872,0.9974545662163958,0.9970962995284209
sad,0.9980296552739759,sad,True,0.9973924277430621,0.9976286381324095,0.9975500791689889,0.9978295566149109,0.9980257931337491,0.9980296552739759,0.9961273184952679,0.9973634268036293,0.9972273217533106,0.9978213127086356,0.9975029839590914
sad,0.9984236308903365,lonely,False,0.9978563332538066,0.9980100837430331,0.9979789903667086,0.9982192071426856,0.9984459296884122,0.9984236308903365,0.9966001653319497,0.9977116930260062,0.9975735216270636,0.9982031452222517,0.9979327321757876
sad,0.9788138282269409,terrified,False,0.9800838380917063,0.9794409352599485,0.980691644432468,0.9789335999063622,0.9785741572520779,0.9788138282269409,0.9816476550366582,0.9800435697613391,0.9808212843594386,0.9799544191587066,0.9799749779632541
sad,0.9758491249048555,terrified,False,0.9770866785175496,0.9765887520050875,0.9775512598678453,0.9761221935737223,0.9757111999461061,0.9758491249048555,0.9789293562385094,0.9771798894237005,0.9781939693430981,0.9769835644531091,0.97733524248823
sad,0.9979128094744929,sad,True,0.9976525776509725,0.9976646146950076,0.9977627993892375,0.9977535471719875,0.9978065164971452,0.9979128094744929,0.9970044730471297,0.9974966081914882,0.9974670147377953,0.997743106292303,0.9975802610927204
sad,0.9982243567296261,sad,True,0.9975506355916092,0.9977639029915963,0.9977099391424352,0.9980425769597963,0.9981064248499425,0.9982243567296261,0.9963713258599937,0.9974913467852201,0.9974203155849379,0.9979498633554266,0.9976262888538535
sad,0.9958525245112462,grateful,False,0.9957999568407365,0.9958453677287211,0.9960132322243703,0.9957781580544178,0.9960480247538799,0.9958525245112462,0.9955825958625568,0.9958172814356294,0.9962113901203332,0.9959568051824415,0.9961228890512674
sad,0.9982971043517291,sad,True,0.9976050114059952,0.9978569641599667,0.997730577384295,0.9981163607777321,0.9982882227100314,0.9982971043517291,0.9962838478785913,0.9975522083363506,0.9974257548946597,0.9980009155654693,0.9977295209683705
sad,0.9982730856175199,sad,True,0.997662530330562,0.9978341540546249,0.9978215942183156,0.9981211811979201,0.998126186252705,0.9982730856175199,0.996591436690304,0.997608323085357,0.997579436811763,0.9979650574673362,0.9976888062850217
sad,0.997650269995124,devastated,False,0.9973854344446985,0.9974553235085089,0.9972514123377338,0.9977061950496761,0.9973255623098829,0.997650269995124,0.9969724669191443,0.997384212221543,0.9971045687875368,0.9973355169914327,0.9972749647903079
sad,0.9986699937774731,sad,True,0.9982139624541072,0.9984315372256429,0.998070746634145,0.9985688141365043,0.9985259670445781,0.9986699937774731,0.9974067726925175,0.9982077071109453,0.99786990657284,0.99821132644139,0.9981783874727906
sad,0.9984300881388464,sad,True,0.9977608037817454,0.9979679655092342,0.9978513581861462,0.9982842263080833,0.9983498323915754,0.9984300881388464,0.9966118620923109,0.9976925209373717,0.9976250628500513,0.9980891503439658,0.9978787127173017
sad,0.9979870400906311,sad,True,0.9972910651053468,0.9975722548129439,0.9972922585087363,0.99784011934479,0.9979712901871891,0.9979870400906311,0.9959929399207755,0.9972663029040183,0.9969775245779381,0.9976309379426891,0.9973937666486067
sad,0.9980777916964053,lonely,False,0.997531161554639,0.9977244643196019,0.9976207084183673,0.9979075471128904,0.9981192210619159,0.9980777916964053,0.996353424685639,0.9974423912881448,0.9972927295479115,0.9978635615197384,0.9976223900538286
sad,0.9943756292083867,faithful,False,0.9944369761221725,0.9943958720023566,0.9945261846617165,0.9944608816930853,0.9945297413854305,0.9943756292083867,0.9944633031189001,0.9943131352188108,0.9945370436922163,0.9944001864406622,0.9950620727265198
sad,0.9977985078442189,lonely,False,0.9972788261163252,0.9975052680048295,0.9973617714465206,0.9976469450710387,0.9979193532195759,0.9977985078442189,0.9962818067949674,0.9972494189363638,0.9972507157751289,0.9975215261222089,0.9974967793302311
sad,0.9975856276300537,sad,True,0.996971630375785,0.9971617084742208,0.9970878275553807,0.9974396404087893,0.9975219817648026,0.9975856276300537,0.9958634788243867,0.9969069230703307,0.9968848236243953,0.9973108688628589,0.997081474245507
sad,0.9980655319150433,lonely,False,0.9974484879882078,0.9977438380055343,0.9975584653221007,0.9979016151729861,0.9981144878009648,0.9980655319150433,0.9961729768946637,0.9974370989592753,0.9972087415401706,0.9979082993352203,0.9976161823365794
sad,0.997971605955984,lonely,False,0.9972347886389121,0.9975585630838227,0.9973077215953421,0.9977891364183606,0.9979914026974577,0.997971605955984,0.995832272277561,0.9971998663285608,0.9969466329822261,0.9976826295579316,0.9973640813216467
sad,0.9918347925996474,terrified,False,0.9920912110211535,0.9917525339974799,0.9917973608361634,0.9921336744199959,0.9913879443698768,0.9918347925996474,0.9926111112109386,0.9918591342362569,0.992042492750668,0.991537726102051,0.9919400643709257
sad,0.9982881644793353,sad,True,0.9976102576725504,0.9978115064179932,0.9977593051122389,0.9981145105103395,0.998153413399737,0.9982881644793353,0.9964387099418474,0.9975498361987898,0.997486961307519,0.9979893520923905,0.9976887216160779
sad,0.998175590593426,sad,True,0.9976457607089064,0.9978340296189622,0.9976909876412825,0.9980195909071368,0.9981524500538798,0.998175590593426,0.996589007982355,0.9975645437267048,0.9973630261547601,0.9978760198630112,0.9976812539038641
sad,0.997466993993931,lonely,False,0.9972395542575265,0.9971301054170154,0.9973969918101503,0.9973064759285518,0.9974676905406434,0.997466993993931,0.9964818001239049,0.9970453164289265,0.9971305472062372,0.9974011256758947,0.9972437881165239
sad,0.9982078383323056,lonely,False,0.9976911420603536,0.9979788827104323,0.997767461589393,0.9980614832286916,0.9982688897916657,0.9982078383323056,0.9966242049908853,0.9977173808070544,0.9976044620950605,0.9980423523373708,0.9979199819777711
sad,0.9971933769798259,lonely,False,0.9970260340758483,0.9969928029363823,0.9971383238926388,0.9970133609321499,0.9973301191216339,0.9971933769798259,0.9963303526198402,0.9968924960070875,0.9970376271583952,0.9972251785409674,0.9973185914338899
sad,0.9984300881388464,sad,True,0.9977608037817454,0.9979679655092342,0.9978513581861462,0.9982842263080833,0.9983498323915754,0.9984300881388464,0.9966118620923109,0.9976925209373717,0.9976250628500513,0.9980891503439658,0.9978787127173017
sad,0.998082109157339,lonely,False,0.9974475050870402,0.9976499398454893,0.9975063269949791,0.997919657556769,0.9980911888124029,0.998082109157339,0.9962413235028988,0.9973634195672019,0.9972035296610642,0.9978010380123474,0.9975827644437272
sad,0.9982809389994969,sad,True,0.9976155782775855,0.9978184689863654,0.9977547230132648,0.9981005495975743,0.9981562298191871,0.9982809389994969,0.9964526320784179,0.9975540278499949,0.9974714691663522,0.9979756307139158,0.9976736159649894
sad,0.9982881644793353,sad,True,0.9976102576725504,0.9978115064179932,0.9977593051122389,0.9981145105103395,0.998153413399737,0.9982881644793353,0.9964387099418474,0.9975498361987898,0.997486961307519,0.9979893520923905,0.9976887216160779
sad,0.9972712834318073,hopeful,False,0.9972776671323181,0.9972269243128081,0.9973542678788909,0.9971098990944676,0.99736733463169,0.9972712834318073,0.9967497039111078,0.9971251508037098,0.9971426872509572,0.9973890702389255,0.9973518646341507
sad,0.9982585792361447,lonely,False,0.9976478269252482,0.9979115705845342,0.9977447052642733,0.9980965363198648,0.9982629399970433,0.9982585792361447,0.9964919748879877,0.9976251637240727,0.9974474899961461,0.9980756595651067,0.9977791294523186
sad,0.9973465323082027,angry,False,0.9973270110998902,0.9975617828441108,0.9972035468121339,0.997346855313145,0.9971524156363472,0.9973465323082027,0.9971635860364975,0.9975329220962237,0.9971034064322611,0.9971998929795469,0.9971676957476306
sad,0.9982243567296261,sad,True,0.9975506355916092,0.9977639029915963,0.9977099391424352,0.9980425769597963,0.9981064248499425,0.9982243567296261,0.9963713258599937,0.9974913467852201,0.9974203155849379,0.9979498633554266,0.9976262888538535
sad,0.9981069786457217,lonely,False,0.9976151614234459,0.9977354389044645,0.9977577574486545,0.9979053569764513,0.9981137999071369,0.9981069786457217,0.9965633339323008,0.9975018686693362,0.9974314426921497,0.997876241010781,0.9976282967833718
sad,0.9978343969879395,hopeful,False,0.9974419171799062,0.9975908978387507,0.9976448743023746,0.9976825924507827,0.9977801213152591,0.9978343969879395,0.9966039755603271,0.9973899434982771,0.9975048486862527,0.9978939300891647,0.9976860088511684
sad,0.997816982893164,lonely,False,0.9970737749419847,0.9973835535896088,0.9971109309153945,0.997645998708838,0.9978394331239935,0.997816982893164,0.995681003614999,0.9970318533638735,0.9967316151481197,0.9974559400507402,0.9971402564605453
sad,0.9978736934692036,lonely,False,0.9970959732705063,0.9974353807726586,0.9971624588124635,0.9976776465859872,0.9979177589523843,0.9978736934692036,0.9956391023659368,0.9970626915700872,0.9968078182641144,0.9975553436783584,0.9972698265831939
sad,0.9978650873219237,lonely,False,0.9972585620689622,0.9974767493415495,0.9973346944237647,0.9976968050741877,0.9979161619631671,0.9978650873219237,0.9960434319839795,0.9972046993970013,0.9969900679777165,0.997645878076409,0.9973687879945502
sad,0.9978635039574522,sad,True,0.9974439627447309,0.9975798383224703,0.9975980349159748,0.9976789136063451,0.9978619620841974,0.9978635039574522,0.9963303460677674,0.9973321672322237,0.9972753424659768,0.9978289857817312,0.9975245499234561
sad,0.9982018628159144,lonely,False,0.9974928567919987,0.997763564497105,0.9975976572586707,0.9980029906645012,0.9982061561313209,0.9982018628159144,0.9961457319042866,0.9974391535064353,0.9972585338387226,0.9979051509912741,0.9976223429269276
sad,0.9980930916847134,sad,True,0.9975750516796135,0.9978467653706803,0.9976447567031653,0.9979433924628303,0.9980921327883369,0.9980930916847134,0.9965323075289678,0.9975774134264999,0.9973995233352417,0.9978701802555747,0.997731771700469
sad,0.9984829546093716,sad,True,0.9979794211087826,0.9980573590214,0.9980580130841926,0.9982925190197353,0.9983528632080126,0.9984829546093716,0.9971161205569531,0.997855746530136,0.9978226663739744,0.9981532439448673,0.9980415257112816
sad,0.9980865943910748,sad,True,0.9977331754291185,0.9979507763150665,0.9977967591440359,0.9979839136060018,0.998064043068063,0.9980865943910748,0.9969944325943273,0.9978026797141306,0.9975926638503831,0.9980046473431907,0.9978137165712907
sad,0.9976548933775388,lonely,False,0.9969262680210088,0.9972548344285929,0.9969779953680118,0.9975276240894568,0.9977408435270241,0.9976548933775388,0.995490257907633,0.9969017028601221,0.9965894098225985,0.9973765776766844,0.9970506205478935
sad,0.9982240962973141,lonely,False,0.9975685557078144,0.9978092771210704,0.9976817870813541,0.9980328309400053,0.9982462879702252,0.9982240962973141,0.9962351294948033,0.9974784754191115,0.9973251403417571,0.9980215353787378,0.9977167600446778
sad,0.9977571262334769,sad,True,0.9974647738147904,0.9976352141563962,0.9975309114852722,0.9976595373932098,0.9976063645904327,0.9977571262334769,0.9969026466855511,0.9974554794359085,0.997375891004094,0.9977199410800991,0.9976941001149913
sad,0.997971605955984,lonely,False,0.9972347886389121,0.9975585630838227,0.9973077215953421,0.9977891364183606,0.9979914026974577,0.997971605955984,0.995832272277561,0.9971998663285608,0.9969466329822261,0.9976826295579316,0.9973640813216467
sad,0.9955132392904887,hopeful,False,0.9955197083519497,0.9956565764085439,0.9958759560805714,0.9954340233328961,0.9956154558804121,0.9955132392904887,0.9950147570555948,0.9956099049610377,0.9956788481635392,0.9961066693402176,0.9956472426315941
sad,0.9980948178627502,sad,True,0.9974791982610607,0.9978375118609217,0.9974914533441173,0.9979771531652215,0.9980632736964687,0.9980948178627502,0.9963014435878865,0.9975411023447374,0.9972350624859747,0.9978143906368366,0.997636224770073
sad,0.9984221994263904,sad,True,0.9977554572608709,0.9979847216675997,0.9978850775005659,0.9982485507000198,0.9983820225481577,0.9984221994263904,0.9965072463829127,0.9977077195538301,0.9975989198405286,0.9981157199257632,0.9978604153712559
sad,0.9979755186819697,lonely,False,0.9974746069788034,0.9976000888043501,0.9975732770840693,0.997792794472169,0.9980113938232986,0.9979755186819697,0.9963858624548814,0.997355899304232,0.9972413038431129,0.9977397939566595,0.9975472946760412
sad,0.9979859460873381,lonely,False,0.9973413466911518,0.9976405684278682,0.9974700017114466,0.9978084012143813,0.9980405879251053,0.9979859460873381,0.9960364858075723,0.9973223673441595,0.9971665396961467,0.9978684294078433,0.997598738710887
sad,0.996787368957352,hopeful,False,0.9967167656685241,0.9967732561600617,0.9968740899511023,0.9965947035572108,0.9968797441049426,0.996787368957352,0.9960106694629607,0.996646704229391,0.9966348574333104,0.9968935007705865,0.9968251576592689
sad,0.9975160717013991,sad,True,0.9973634863658112,0.9974576480053614,0.9974120126880708,0.9974164156251868,0.9974392788495098,0.9975160717013991,0.9968623339999513,0.9973257936071733,0.9972650671875625,0.997445130616152,0.9974708157213494
sad,0.9981509095411528,sad,True,0.9975449791283382,0.9977759935041695,0.9976018647793026,0.9979769171496972,0.9980834291548518,0.9981509095411528,0.9965311345051813,0.9975197711611098,0.9974712770171958,0.9979002903295447,0.9977705555069576
sad,0.9975703080388432,lonely,False,0.9967760411789836,0.9971179969617372,0.9968457063731895,0.9973879003664226,0.9976311529902495,0.9975703080388432,0.9952784052805622,0.9967532952884359,0.9964505845613644,0.9972458196097793,0.9969117223157948
sad,0.9979825408137134,lonely,False,0.9975684794177219,0.9976621744142515,0.9976878858229382,0.9978441384073004,0.9980570717746102,0.9979825408137134,0.9965315887353461,0.9974430647400638,0.9973255070815337,0.9977905825723179,0.9976174144414773
sad,0.9980337357995194,angry,False,0.99782607756245,0.998160629845219,0.9976878866943706,0.9980344272679984,0.9978863626944059,0.9980337357995194,0.9974212387154393,0.9980237506434394,0.9976742223512696,0.9977654830754766,0.9978783550315884
sad,0.9978722516908444,lonely,False,0.9971760787841962,0.9974828128728286,0.9972239212578713,0.9977000897147497,0.9978931605254762,0.9978722516908444,0.9958375474192633,0.9971514036935376,0.9968513862369538,0.997563141444502,0.9972452456130205
sad,0.9979080500947788,lonely,False,0.9972832065500162,0.997598675401641,0.9973263628698578,0.997754179207393,0.9979878708645182,0.9979080500947788,0.996055505077473,0.9972675916680027,0.9970719851592598,0.9976851119052826,0.9975054358596571
sad,0.998287506238037,sad,True,0.9980079244722261,0.9981302726648064,0.9978989062699326,0.9981742453068743,0.9982351962582556,0.998287506238037,0.9973365131569032,0.9979676112346664,0.9976959794267792,0.9979852006125414,0.9979678879080799
sad,0.9980495480248847,sad,True,0.9977375931688696,0.9978830077472514,0.9977979493237834,0.9979716032778134,0.9980224803776234,0.9980495480248847,0.9968728571691974,0.9976951204626806,0.9975032568408759,0.9980196007566712,0.9977670572524502
sad,0.9950700826054915,faithful,False,0.995208569300074,0.9952786878859756,0.9952625203473353,0.9950947398752319,0.9949645851767446,0.9950700826054915,0.9951712504367698,0.9953098348961464,0.995264264896241,0.9951629441065799,0.9953429140381184
sad,0.9977243160152949,lonely,False,0.9974060888994902,0.9975351626050875,0.9976246148966565,0.9975602793571188,0.9977796925487625,0.9977243160152949,0.9965020818854988,0.9973665438108001,0.9972702863010158,0.9977696483061897,0.9974937303961658
sad,0.9977392778366332,lonely,False,0.9972365654329634,0.9974145465447641,0.9974064055595678,0.9975386637221317,0.9978596754122885,0.9977392778366332,0.9960527240325316,0.9971628495465242,0.9970906569775585,0.9976367836699312,0.9973743543688856
sad,0.9973639125798522,lonely,False,0.9965134298496814,0.9969067124308311,0.9965597103139934,0.9971934361380488,0.997437966174878,0.9973639125798522,0.9949654310610037,0.9965160989735099,0.9961740889427655,0.9969921469669472,0.9966788120042077
sad,0.997497145086758,lonely,False,0.996655438148749,0.9970303620045126,0.996705871836963,0.9973160736212585,0.9975452140233703,0.997497145086758,0.9951176218405663,0.9966411072949561,0.9963192135134501,0.9971300735577786,0.9968108020272319
sad,0.9977270028432517,lonely,False,0.9972191527294945,0.9974170840008354,0.9973648094507168,0.9975326305978399,0.997797097290358,0.9977270028432517,0.9960677605800174,0.9971523269367288,0.9971177943056004,0.9977297029297836,0.997413932951909
sad,0.9983042781818816,sad,True,0.9977104523848268,0.9979536598230269,0.9978353907665921,0.9981499467939455,0.9982995876864424,0.9983042781818816,0.9965915760353917,0.9976835849922747,0.9976324759093147,0.998139221963056,0.9979019342709899
sad,0.9931553702303015,faithful,False,0.9934087669463476,0.9932472256015037,0.9936318441053328,0.9931058301279454,0.9933006128613439,0.9931553702303015,0.993417250257013,0.9932270644178073,0.9938635630417607,0.993722739588872,0.9940610764966347
sad,0.9977507070879971,lonely,False,0.9970860764917308,0.9973859501538826,0.9972263924939745,0.9975906820814865,0.9977542376712416,0.9977507070879971,0.9958386839967068,0.9970821654467026,0.9970007282756894,0.9975978121949796,0.9972541515423509
sad,0.996366379391156,devastated,False,0.9962246347666708,0.9963393265795992,0.9958065658694267,0.9964861125756441,0.9957698959056535,0.996366379391156,0.996464427336857,0.996431757321218,0.9958467350669407,0.995596811977008,0.9958269744721296
sad,0.9984770347628267,sad,True,0.9978235428042185,0.9980596297975213,0.9979545879577236,0.9982976920918838,0.9984040701769623,0.9984770347628267,0.9967710195507566,0.9978103571344399,0.9977855426535682,0.9982606599831575,0.9980022954223415
sad,0.9982809389994969,sad,True,0.9976155782775855,0.9978184689863654,0.9977547230132648,0.9981005495975743,0.9981562298191871,0.9982809389994969,0.9964526320784179,0.9975540278499949,0.9974714691663522,0.9979756307139158,0.9976736159649894
sad,0.9904705131914082,terrified,False,0.9911653188488015,0.9909135473460293,0.9912009384548504,0.9904813717991342,0.9901356048866234,0.9904705131914082,0.991964815451258,0.9911249703587135,0.9913248371373082,0.9908331865428571,0.9909974215512597
sad,0.9983999092012636,sad,True,0.9977378563880681,0.9979728144206981,0.9978683111305742,0.9982189622290882,0.9983667742987362,0.9983999092012636,0.9964918013243357,0.9976856469381457,0.9975646639288166,0.998103904278324,0.9978333200620008
sad,0.9975417037128875,angry,False,0.9973534849295445,0.9976011212833571,0.9972597170135744,0.9975100469908225,0.9973462315899598,0.9975417037128875,0.9969756498392842,0.9974980598377884,0.9972061915202675,0.9972111706293527,0.9973405730282328
sad,0.9981349201420899,lonely,False,0.9975232805646754,0.9978122625562159,0.9976680652210371,0.997962812622716,0.9981551169350289,0.9981349201420899,0.996302995397101,0.9975180114470814,0.9973384489122277,0.9980277587161425,0.9977210144967263
sad,0.9958985700083293,terrified,False,0.996041310572972,0.9959933865059604,0.9958352711314247,0.9959987452501812,0.9955089231813805,0.9958985700083293,0.9962796307547063,0.9961109343367748,0.9958961141318752,0.9954362214836929,0.9958283784082551
sad,0.9977614761828872,lonely,False,0.9975832336594588,0.9976751136280684,0.9976635801568495,0.9976174105940656,0.9977815768925035,0.9977614761828872,0.9968505411648664,0.9974725278953918,0.9973160910168507,0.9976817280344115,0.9976226655602924
sad,0.9978468646485641,lonely,False,0.9971168236302286,0.9974484827316558,0.9972159738969402,0.9976711992665657,0.9978745171339679,0.9978468646485641,0.9957591280820377,0.9971140170611691,0.996903988140869,0.9976145535689105,0.9972776244798762
sad,0.9978277755368532,lonely,False,0.9972791405728006,0.9975023403244513,0.9973679856839195,0.9976391793123458,0.9978681921752118,0.9978277755368532,0.9960760674894218,0.9972158432643274,0.9970950601305124,0.9976571082417613,0.9974271078699939
sad,0.9977559054679405,hopeful,False,0.9974559659474572,0.9975526176226773,0.9975529217265494,0.9976200421835466,0.997776930390152,0.9977559054679405,0.9965239873300853,0.9973391576127211,0.9973079080456921,0.9978955873854614,0.9976741720918734
sad,0.991713060719207,terrified,False,0.9922929721359965,0.991905939555763,0.9924652515525394,0.9916612051702329,0.9915589873355504,0.991713060719207,0.9927448885056473,0.9920714603875334,0.9925049285359011,0.9920127446403764,0.9921505384685658
sad,0.9969614252910921,devastated,False,0.996576340315535,0.9965346744642154,0.996386515088584,0.997135747909403,0.9966574156662104,0.9969614252910921,0.9962721448756902,0.9964418096328199,0.9964144453501759,0.9963998622326827,0.9966509749393009
sad,0.9979955622557429,lonely,False,0.9975044227525729,0.997651020242951,0.997608129953207,0.9978486643222145,0.9980239738168413,0.9979955622557429,0.9964497290387307,0.997423489183566,0.9973166768953402,0.9978117613778944,0.9976350756315868
sad,0.9984909022252335,lonely,False,0.997918447752711,0.9981515370076627,0.9980235685010681,0.9982930591490711,0.9984972463534008,0.9984909022252335,0.9966849555782404,0.9978471399775591,0.9976338255448123,0.9982498168351134,0.9979820962792889
sad,0.9959525468642739,hopeful,False,0.9960223504452029,0.995943082717014,0.9962633915224165,0.995752373623871,0.9960722956174543,0.9959525468642739,0.9954611082475306,0.9958404350987052,0.9960386980257908,0.9964285752026121,0.996192331438223
sad,0.997876501206645,lonely,False,0.9971807644025978,0.9974895235521997,0.9972307339304705,0.9977173946334466,0.9978997078013954,0.997876501206645,0.9958477070882904,0.9971672083395393,0.9968839470241525,0.9975885537036454,0.9972776730546614
terrified,0.9417243273998348,anxious,False,0.9415708691650362,0.9363294560615849,0.9436809452809078,0.9352248749299016,0.9307055029718214,0.9350393056234254,0.9417243273998348,0.9389106386366848,0.9406148548575871,0.938094125260853,0.9387817684129037
terrified,0.7761329623567396,sad,False,0.8280943269139165,0.8421325270403694,0.8262090562909269,0.8550839263035712,0.8627030392315623,0.8644917543015567,0.7761329623567396,0.8255834433142886,0.8037338529177849,0.8417229058392993,0.8220561823622929
terrified,0.9373527123173295,sad,False,0.9516351742383687,0.9534315346377549,0.952117904758152,0.9535971919754177,0.9540440428640884,0.9563325252429945,0.9373527123173295,0.9499585192178529,0.9443602824295098,0.9508677310326445,0.9499067170759911
terrified,0.909903919828024,sad,False,0.9346790544350716,0.9355959456150484,0.9389369341054086,0.9393526448530372,0.9433501608789757,0.9468539348190559,0.909903919828024,0.9289543103030613,0.9277420023834905,0.9401590453725641,0.93179605618207
terrified,0.8419309833661485,sad,False,0.8859223672099793,0.8958329878612605,0.8856538960955175,0.9054158349089994,0.912587933476037,0.9149977476101732,0.8419309833661485,0.8817889002971445,0.8662904183767428,0.8975486104100933,0.8816014392431839
terrified,0.8329906412697581,sad,False,0.8760182256267559,0.8878472173643915,0.875283782865222,0.8977899732137808,0.9042107314542385,0.9066867651016435,0.8329906412697581,0.874379538484571,0.8575525671775335,0.8896340396795441,0.8718597650141986
terrified,0.9378344957362852,sad,False,0.9486689047606518,0.9527292958255426,0.9505612700380935,0.9509489478274585,0.9518820084647209,0.9530639540677732,0.9378344957362852,0.9504357325780695,0.9454816453549141,0.951000515057955,0.9499658250501068
terrified,0.9269686475463323,terrified,True,0.9142411884459346,0.904601807659937,0.9129463825770336,0.8979633964653698,0.8977605407483829,0.8933477916778811,0.9269686475463323,0.9118143958636953,0.917444988703727,0.906854953984841,0.9156596948432963
terrified,0.9380800034179917,hopeful,False,0.9466229762009674,0.9467060608965197,0.9486610536691868,0.9473322350297436,0.9496775468517552,0.9489740047768096,0.9380800034179917,0.9455567428584288,0.943149463859603,0.9498833500240924,0.9451121571709942
terrified,0.9094874493356324,sad,False,0.9348962075452132,0.9391987860291325,0.9335311182367608,0.945672273742643,0.9462776294203221,0.950092737974324,0.9094874493356324,0.9335318551336613,0.9215782812720901,0.9396387858737872,0.930238574886896
terrified,0.9288196185474789,sad,False,0.9447578120536432,0.9453757682093068,0.9470702492346308,0.9462135437811033,0.9498834061558802,0.9503747559788713,0.9288196185474789,0.9415052478748401,0.9353309459205428,0.9491441332725059,0.9424551528476082
terrified,0.8300947075897551,sad,False,0.8743118716824326,0.8847078712850617,0.8715692322033035,0.8959415678198523,0.9014084443525914,0.9042241105348001,0.8300947075897551,0.8713060466980075,0.8522460389344211,0.8830151187461153,0.8682814679964335
terrified,0.9293549061036619,sad,False,0.9494283365756326,0.9527706907837328,0.9524538513152113,0.9520885110283598,0.9567672257768965,0.9572205864447416,0.9293549061036619,0.9475071534224361,0.9430482235183628,0.9568843531353799,0.9500565591702803
terrified,0.8962348273673286,sad,False,0.9263806100094991,0.9331982403594419,0.9262578020634928,0.9376666250829342,0.9420630848716937,0.9439784725045153,0.8962348273673286,0.9242703269064433,0.9117748491939451,0.9336760988128308,0.9236426594066329
terrified,0.9185851244390966,anxious,False,0.92756599311281,0.9278981356917242,0.9301560779702693,0.9253133786296404,0.9274053524304403,0.9279098493090392,0.9185851244390966,0.9269580686373147,0.9236371814837367,0.9283793566315085,0.9274088134899401
terrified,0.9106264741919663,sad,False,0.9356750453939546,0.9414213179368618,0.933562335343742,0.9457798758752279,0.9483843864204881,0.9491846679065774,0.9106264741919663,0.9337396529927102,0.9238534748726024,0.9385742256932293,0.9317758542238487
terrified,0.8203166517707228,sad,False,0.8657195933026027,0.8774064446559637,0.8640331224753222,0.8880821133238479,0.8949060500183784,0.8962223696731275,0.8203166517707228,0.8633539637488257,0.8439684296002453,0.8764237024339046,0.8600909684763349
terrified,0.9020305302808742,sad,False,0.9301898154698178,0.9328659884969204,0.9298367599132007,0.9370308147342692,0.9424253048831734,0.9430495013492086,0.9020305302808742,0.9243451335920309,0.9140663784967893,0.9330860125215995,0.9252753209647027
terrified,0.8432011850989285,terrified,True,0.8076293639010468,0.7942099799350771,0.8140940619016844,0.781720197560804,0.7778918980083581,0.7752962611326509,0.8432011850989285,0.8075798555252428,0.8280250743426556,0.7978757528294551,0.813820873552415
terrified,0.963573097202314,afraid,False,0.9722433300827956,0.971558760733704,0.9656694694741345,0.970179591734457,0.9662209673020083,0.9721386194285283,0.963573097202314,0.9712395270727916,0.9629118639238985,0.9638900305100612,0.9640202610734752
terrified,0.923777516176264,sad,False,0.9415871706006818,0.9475362920500339,0.944666693288831,0.945792058939173,0.9490835562482985,0.9500779833246837,0.923777516176264,0.9416364789252665,0.9386741133090488,0.9485660642520554,0.9440750392479681
terrified,0.938287039897806,sad,False,0.945712832989851,0.9452092006763162,0.9456647429032113,0.9447508517053937,0.9424411974528836,0.946621874119687,0.938287039897806,0.9452844645017061,0.9399746452411872,0.9443593302266167,0.9438568069295268
terrified,0.9402786029622899,anxious,False,0.9519446811816928,0.9517732978498187,0.9592208032107055,0.9486253468075383,0.9540092150071798,0.9520276118236449,0.9402786029622899,0.948704053343465,0.950465026421314,0.9587193319849467,0.9552212359846844
terrified,0.9491769098194986,furious,False,0.9509504642666434,0.9517364326976504,0.9491327368356142,0.947225507945141,0.9443146797235623,0.9462033625972894,0.9491769098194986,0.9526877464936389,0.9513054903012477,0.9486047995442513,0.9510311584699649
terrified,0.9249747463234363,sad,False,0.9487279730098466,0.9510456700648662,0.952419235990973,0.9547239369519667,0.9591169194245229,0.9603187116484863,0.9249747463234363,0.9444174468085786,0.9413927255336987,0.959056435586646,0.9500882085923519
terrified,0.8709405501407583,lonely,False,0.9073380639630887,0.9147683920258294,0.9066503528199712,0.922835678625362,0.9315260672500414,0.930252490464115,0.8709405501407583,0.9038527735453574,0.890259158800204,0.9140359979158006,0.9030658281125055
terrified,0.8766463551890397,sad,False,0.9147346154530176,0.9190062178828733,0.909710458533652,0.9287415428118961,0.9305790895820562,0.9356097142065805,0.8766463551890397,0.9082280653336042,0.8913497048272402,0.9167776048443156,0.9042369328709308
terrified,0.9171380320427296,sad,False,0.9342149838470888,0.9373080933033697,0.9347858410844759,0.9414194640609438,0.9428980233773614,0.9447963652487881,0.9171380320427296,0.9332153206754195,0.9279072547797027,0.9389422443155001,0.9327236634026168
terrified,0.9012917450568162,sad,False,0.9278785319974463,0.9354898292361027,0.9266770447258966,0.9412595380994129,0.9407742930528282,0.9457844558455026,0.9012917450568162,0.9276330227241876,0.9141763322116726,0.9323460238879829,0.923911328177988
terrified,0.850948334844804,sad,False,0.889374980219503,0.9000290377632074,0.8889786552720917,0.907860567526255,0.9125946437550347,0.9150550019943302,0.850948334844804,0.8887309289677314,0.8718080763791567,0.8987002716071524,0.884938386578398
terrified,0.8939704845970461,sad,False,0.923993781768674,0.9300796785606562,0.9268479492020505,0.9360399013679636,0.9419824683740305,0.9428468423409225,0.8939704845970461,0.920575859182308,0.9141510081718969,0.9342542165430394,0.9244401559694297
terrified,0.883628170107842,sad,False,0.9170191770325113,0.9244674602660838,0.9171887063337425,0.9314900359148631,0.9345902490666762,0.9383118939395091,0.883628170107842,0.9148523531935734,0.9021531570836552,0.9259844069436466,0.913447143450627
terrified,0.8144667372739514,sad,False,0.860952743749535,0.8734021964197138,0.8602422489800238,0.8848694138518794,0.8914441831679953,0.8934853201774082,0.8144667372739514,0.8584396501560662,0.8413645765123068,0.8736361650424316,0.8563433852531519
terrified,0.9423161470433522,sad,False,0.9474851500068227,0.9477069684652837,0.9469760593375413,0.9477897875443754,0.945082650327135,0.9483213190596411,0.9423161470433522,0.9482568169775257,0.9438784377314635,0.9458308076787698,0.9466047020982342
terrified,0.9441395615261599,furious,False,0.9489267198836209,0.950016474047076,0.9471996693702183,0.9467029760205701,0.9429296242496433,0.9449319858535107,0.9441395615261599,0.9510925603312601,0.943917002971492,0.946649369902502,0.9462624950500438
terrified,0.8704882070870598,terrified,True,0.8357232140218976,0.8252633102248614,0.8384049090926922,0.8088527798208263,0.8016599082397741,0.8030861691437603,0.8704882070870598,0.8401996551482454,0.8514782733768231,0.822505311664595,0.8372086168673709
terrified,0.9346575246749268,terrified,True,0.9166698830878361,0.9117068065889459,0.9161169320945055,0.9017680008042686,0.8943434819958294,0.8976776380537486,0.9346575246749268,0.9202826692993744,0.9250230424204606,0.906860624595216,0.9151889672252984
terrified,0.9265470377953202,sad,False,0.9437054586761725,0.9457377960528563,0.9463806986845175,0.9485618086293846,0.9487442526069005,0.9521693027512252,0.9265470377953202,0.9417928762206242,0.9363341272130764,0.9467782153942259,0.9414065810269341
terrified,0.9493388681705449,afraid,False,0.955914210579117,0.9549517356459825,0.9536473361144451,0.9511829783208685,0.9513209606499677,0.9506008017126883,0.9493388681705449,0.954880818945122,0.9496411403374221,0.9543411607656473,0.9526478391253147
terrified,0.8445446400337214,sad,False,0.8870667243617295,0.8960164667423896,0.8871668106131712,0.9061213388909731,0.9123382280683323,0.9151502155541329,0.8445446400337214,0.8829514555910749,0.8686563933872102,0.8983780389555873,0.8817001435215255
terrified,0.9145565578750665,sad,False,0.9402792890695564,0.9440753932635588,0.9443760517433709,0.9474594375652288,0.9510639559741921,0.9544917173678449,0.9145565578750665,0.9362060149623519,0.9334542562897592,0.950405182753924,0.9399607022707694
terrified,0.9360072012107604,anxious,False,0.9385327721133292,0.9374743534217124,0.9401433309002181,0.9339432115602277,0.9325786764485388,0.934916191166492,0.9360072012107604,0.9379479738381471,0.9369515524765135,0.9368836577117954,0.9389677857463699
terrified,0.9191049347264666,terrified,True,0.9040870059406276,0.8890361254953179,0.9045464121130318,0.8831418235345135,0.8770001735485842,0.8811647110305143,0.9191049347264666,0.8967762703425336,0.9109669164255706,0.892638216115275,0.902452894133014
terrified,0.865029943292912,sad,False,0.901109898511782,0.9089975950886025,0.9014517376075367,0.9184554144391353,0.9232360253573685,0.9261474526405962,0.865029943292912,0.8983557513815651,0.8841016441914211,0.9109467845855032,0.8964248976113589
terrified,0.9484645742206964,terrified,True,0.9463320792486648,0.9411768073299853,0.9465618289588069,0.9344521294008652,0.9336093411189865,0.9360335900444972,0.9484645742206964,0.9442124779732861,0.9447724100325775,0.9406545520200595,0.9440996593179212
terrified,0.8025600160795063,sad,False,0.8505201873906353,0.8633926861771679,0.8486486343893015,0.8751833073594637,0.8816771349269887,0.8839555696648074,0.8025600160795063,0.8479454329043021,0.8278926227406205,0.8632695096136613,0.8450706883030961
terrified,0.9179118321529143,lonely,False,0.9426892733464677,0.9471230175653576,0.9423334328948649,0.9493818350443579,0.9552850433063992,0.9541998462332724,0.9179118321529143,0.9393282956141867,0.9298730583884125,0.9463013103852543,0.9398168001544597
terrified,0.8445147182675155,sad,False,0.8880486115229802,0.8974542520763118,0.8875867882737838,0.9070804395020065,0.914110491684659,0.916976107875038,0.8445147182675155,0.8836668305046833,0.867423826095781,0.8991505431366695,0.882791850303668
terrified,0.9239279567840415,sad,False,0.9437864850638411,0.9436223776655704,0.9431173085379152,0.9460560853304035,0.9484172635237598,0.9501942947312499,0.9239279567840415,0.9384753599395791,0.9323881324018589,0.9436998227798181,0.9398803022651196
terrified,0.889003728871667,sad,False,0.9230896605176324,0.929333370604454,0.9251926766014755,0.9350936956543495,0.9416313449609413,0.9436451680452571,0.889003728871667,0.9186419473010788,0.9093602059700666,0.9333573894051681,0.9209152696169441
terrified,0.9367297727210281,lonely,False,0.9546036960117152,0.9587096508159022,0.9563049878412223,0.9593815990826288,0.9638907595081474,0.963323948532054,0.9367297727210281,0.9537046398623152,0.9471800125655407,0.9584626623054944,0.9543199998204955
terrified,0.8052482456171652,sad,False,0.8531524886726541,0.8656323401230225,0.8513335270746851,0.8771334647187793,0.8838085398970248,0.8858157713136645,0.8052482456171652,0.8505755200961996,0.8301594600667456,0.8650570598323177,0.8472666725877684
terrified,0.9276448732907745,sad,False,0.9498985914826988,0.9493454684344155,0.9531266031462401,0.9532657989790518,0.9571598488612532,0.960919783007615,0.9276448732907745,0.9435571474130029,0.9416642336512748,0.9554580993147667,0.9471978270353316
terrified,0.9418353039846552,hopeful,False,0.9449893893140454,0.9448593255408588,0.9482347543613474,0.9423115630636636,0.941909913535485,0.9434090849144169,0.9418353039846552,0.9457400275316709,0.9476236819845606,0.9492503129337657,0.9489843260556083
terrified,0.7761329623567396,sad,False,0.8280943269139165,0.8421325270403694,0.8262090562909269,0.8550839263035712,0.8627030392315623,0.8644917543015567,0.7761329623567396,0.8255834433142886,0.8037338529177849,0.8417229058392993,0.8220561823622929
terrified,0.9402768491012212,anxious,False,0.9472263627164457,0.9467707652489405,0.9514761944848776,0.9436717348356393,0.9441694937766212,0.9458380922179562,0.9402768491012212,0.9453872445603508,0.9450455459022975,0.9483330989185756,0.948770449370581
terrified,0.9413649919400536,angry,False,0.9468398938518612,0.9513870350891959,0.9480715385270314,0.9461360471155249,0.9477568554305504,0.9462902567125899,0.9413649919400536,0.9499418235977868,0.9476177384925448,0.948924390075181,0.9498623795708275
terrified,0.9478538769145483,furious,False,0.9485581227309865,0.9466150628246935,0.9480044282460662,0.9440205492429591,0.9405827458692833,0.9428865893773505,0.9478538769145483,0.9493274868993888,0.9467037578890009,0.9418488635953974,0.9480810844458196
terrified,0.7761329623567396,sad,False,0.8280943269139165,0.8421325270403694,0.8262090562909269,0.8550839263035712,0.8627030392315623,0.8644917543015567,0.7761329623567396,0.8255834433142886,0.8037338529177849,0.8417229058392993,0.8220561823622929
terrified,0.9224329497872873,terrified,True,0.9112399704307406,0.9030507755678258,0.9085506312313725,0.895996569930526,0.8923323494687665,0.8955468153035486,0.9224329497872873,0.9083267225440141,0.9122445572505826,0.8987608241731186,0.9090700195934291
terrified,0.828821338327728,sad,False,0.8725160596669792,0.8836013341404305,0.870833060677008,0.8943977540886433,0.9012278829454519,0.9033180407346315,0.828821338327728,0.8700174382645598,0.8520632875526513,0.883562011273633,0.8673480415396568
terrified,0.7761329623567396,sad,False,0.8280943269139165,0.8421325270403694,0.8262090562909269,0.8550839263035712,0.8627030392315623,0.8644917543015567,0.7761329623567396,0.8255834433142886,0.8037338529177849,0.8417229058392993,0.8220561823622929
terrified,0.8988943626708701,sad,False,0.9296305789886236,0.9342988935276235,0.9292369657766489,0.9409091671176968,0.9449234036341257,0.9471228460104906,0.8988943626708701,0.9251303926830817,0.9176641402669106,0.936218158443447,0.9257311884686984
terrified,0.8176768530244648,sad,False,0.8638040727634344,0.8751642749964288,0.8622946299413021,0.886669037712797,0.8935306187360406,0.8954264574891417,0.8176768530244648,0.860809270556093,0.8421389274463461,0.8758680169307227,0.8579430819965543
terrified,0.9590044033805827,afraid,False,0.9672698700625667,0.9607517633296236,0.9641906724413799,0.960866131015562,0.9581328161027675,0.9633565963919151,0.9590044033805827,0.9616692266873017,0.959675788863023,0.9596611924949013,0.9630535579457994
terrified,0.9346195361097381,terrified,True,0.9268898876020699,0.9180209334201862,0.928298409618523,0.9146362868082809,0.9103258482596793,0.9129595581619738,0.9346195361097381,0.9244057257668817,0.9271040569618421,0.9219142108790401,0.9266070305608286
terrified,0.8855470030696728,sad,False,0.9200044986186485,0.9270390080602214,0.921888025031615,0.9326709540334688,0.9387693316258866,0.9410188391062904,0.8855470030696728,0.9161245691000041,0.9061177468226914,0.9305842414990853,0.9177047343464642
terrified,0.9043205654442679,devastated,False,0.9178144899214131,0.9213014997417664,0.9136905880597652,0.9237035165253161,0.9202130801057393,0.9234577005967519,0.9043205654442679,0.9180278380967203,0.9062537154408274,0.917757095021694,0.9125572400030364
terrified,0.946462447877312,afraid,False,0.9543593906103103,0.9531873046655835,0.9526751889302087,0.9522781500889659,0.9506944224997086,0.9539592623245036,0.946462447877312,0.9535343181468274,0.9476963988885492,0.9495045525536139,0.9504747599402745
terrified,0.9422266875679867,hopeful,False,0.9548912472485176,0.9530953638137689,0.9596721060942857,0.9521691268994152,0.9544418211134044,0.957520540349977,0.9422266875679867,0.9501607315008177,0.9544324965905124,0.9614210124116787,0.9570120202070058
terrified,0.9342718636278912,anxious,False,0.937809928938864,0.9362846308377911,0.9467897055747551,0.9292196162325499,0.9323563445704217,0.933089575656153,0.9342718636278912,0.9357421300494848,0.9425737496316807,0.9424309985171768,0.943965327388294
terrified,0.8242868677381325,sad,False,0.8692994699808207,0.8802635904769657,0.8682236075499546,0.8911702950226923,0.8971183298116435,0.8995156289785541,0.8242868677381325,0.866615453639322,0.8479538881750068,0.8808294284851477,0.8638232779003597
terrified,0.9149254352537418,sad,False,0.9362447259195175,0.9386356139441989,0.9376182059296827,0.9431244111485407,0.9462353092591629,0.947530233757155,0.9149254352537418,0.9332359192814755,0.9277420701562628,0.9411481242584431,0.9352346891338301
terrified,0.848740759771337,sad,False,0.8885871766762278,0.897839828828595,0.8866943474167772,0.9074793375374024,0.9128833895226678,0.9151188148612526,0.848740759771337,0.8858265916352727,0.8691620410151716,0.8972354885417217,0.8820339599618501
terrified,0.9558765798194908,terrified,True,0.9502708530372272,0.9433434449154268,0.9443572918472075,0.9387082695048823,0.9336724360887545,0.935958840232779,0.9558765798194908,0.9485838555962015,0.9470745641813264,0.9379277040906894,0.9440140257191532
terrified,0.936050737648865,sad,False,0.9499148566991633,0.9502601819673352,0.9511957551978173,0.9499238245320374,0.9515675050951857,0.9520973577750504,0.936050737648865,0.9474834054699504,0.9425275333371127,0.9511666943704271,0.9485211792867807
terrified,0.9039902450208481,terrified,True,0.8969602417438333,0.8918245257166366,0.8962703976340007,0.8887784601683527,0.885425350844445,0.8856728906539053,0.9039902450208481,0.8953440933755189,0.8989494399211808,0.8910993993932134,0.8972252878428768
terrified,0.8493250401220477,sad,False,0.8892026111567584,0.8986313333097307,0.8893228266197146,0.907256875350597,0.9137993990370076,0.9149803200377213,0.8493250401220477,0.8861307490983001,0.8712249556188625,0.8998076584547635,0.8857082398750078
terrified,0.8707939571226881,lonely,False,0.9070430884432792,0.9144727741855805,0.9061236266456474,0.9225782072762511,0.9313642973973669,0.9298589120532399,0.8707939571226881,0.9035776111981877,0.8898595251948819,0.9134719281861963,0.9029200280073572
terrified,0.8806008730174143,sad,False,0.9137038150498037,0.9206251244868507,0.9121981234529939,0.9278966382338754,0.9317528131918257,0.9346760167955479,0.8806008730174143,0.9110586458157804,0.8975260955672841,0.9204924075889735,0.9074024095428039
terrified,0.9298134250282744,anxious,False,0.9375710373014479,0.9375796946949886,0.9406346709868894,0.9347158635452044,0.9379805371296509,0.9364089973111163,0.9298134250282744,0.9369895714440707,0.937039268174459,0.9373860451489773,0.938691186436933
terrified,0.9439491188340617,anxious,False,0.9416175285651316,0.9364813386918709,0.9488971645243276,0.9313824384821959,0.9349557955676702,0.932873142143402,0.9439491188340617,0.9399781172612053,0.9446931928325468,0.9444472723206303,0.9457130494390646
terrified,0.9417267079895133,terrified,True,0.9370603638042767,0.9283696138561108,0.9400047221656838,0.9216481424683234,0.9201823126960831,0.9228494937892843,0.9417267079895133,0.9312016132682156,0.9373273188981657,0.9309330749111233,0.9335578416209696
terrified,0.9270243829310563,terrified,True,0.9181319004330171,0.911216394185158,0.9191193024278622,0.9064078513041813,0.9055100850684275,0.902395601291721,0.9270243829310563,0.9177126125105401,0.9215935790463238,0.9128605999546763,0.9204660174362473
terrified,0.9410893168504273,anxious,False,0.9510388612904329,0.9450025076121752,0.9537880040403188,0.9437576058095333,0.945999571792175,0.9481517914517352,0.9410893168504273,0.9435573824113389,0.9447472920933155,0.9511161341546969,0.9488818063969756
terrified,0.8956197477572934,sad,False,0.9251716382290898,0.9309237057691364,0.9279386868317586,0.9349050559589042,0.9420229564535547,0.9421256049336366,0.8956197477572934,0.9223670476765261,0.9117877209223408,0.9310623751261533,0.9236333775300645
terrified,0.9022561217862413,sad,False,0.9340653090598405,0.9379049343354797,0.9361976751323514,0.9443657026682206,0.9487040921598848,0.9522605751671025,0.9022561217862413,0.9290469282057174,0.9224459366307185,0.9422957168410588,0.9305585792314737
terrified,0.8968510309454373,sad,False,0.919781651833379,0.9253335920875302,0.9194506214295987,0.9293348802716641,0.9320655441688932,0.9345792839170596,0.8968510309454373,0.9184015212504933,0.9065654069073756,0.9254459597557656,0.915763796558114
terrified,0.8074517443404726,sad,False,0.856423973384387,0.8683870300237899,0.8551705064187334,0.8798107600791907,0.8875901407523079,0.8898540474886147,0.8074517443404726,0.8528366376240913,0.8337040100752235,0.869124217026844,0.851013907835169
terrified,0.9318575180109634,sad,False,0.9468896367571572,0.9470939745645137,0.9502335328477776,0.9491136145324889,0.9522284785153714,0.9529847124261901,0.9318575180109634,0.9446698020245062,0.9439321686559745,0.9507762289834822,0.9485208712232944
terrified,0.8419309833661485,sad,False,0.8859223672099793,0.8958329878612605,0.8856538960955175,0.9054158349089994,0.912587933476037,0.9149977476101732,0.8419309833661485,0.8817889002971445,0.8662904183767428,0.8975486104100933,0.8816014392431839
terrified,0.8376990601994734,sad,False,0.8802745232336763,0.8911539147088393,0.8805107383435937,0.9003647620530325,0.907863883925075,0.9088445947341122,0.8376990601994734,0.8780003950237447,0.8619873359023396,0.8918315716050477,0.8768258731694769
terrified,0.898617003220834,sad,False,0.9252846908487413,0.9287435319410904,0.9234763552294228,0.9375373836894105,0.9400173460226353,0.9407635891115036,0.898617003220834,0.9218428565216981,0.9100338860292136,0.928174131483904,0.9214043454592047
terrified,0.9371332855208581,angry,False,0.9464833809170163,0.9486117152413822,0.944798693510587,0.9484220946625503,0.9469802350519684,0.9480763036686984,0.9371332855208581,0.9474458705123093,0.9404945151965838,0.9436826187939149,0.9440037508443136
terrified,0.8181368610781607,sad,False,0.863693519424185,0.8763721626080418,0.8622597583642859,0.8870813443164131,0.8929425065388578,0.8956820626477168,0.8181368610781607,0.8622117747617122,0.8421841726673714,0.8743953282924327,0.8580448689875027
terrified,0.8347940125961969,sad,False,0.8790055896908381,0.8901763582984706,0.8780340340544419,0.8988183869085662,0.9057521165680131,0.9074045100039172,0.8347940125961969,0.8766904278812081,0.8581351961514148,0.8911805016029688,0.8727948115060609
terrified,0.9005201752765498,sad,False,0.9277291792363744,0.9330499705092963,0.928471307089396,0.9396277338360663,0.9432296879052787,0.9441653435378063,0.9005201752765498,0.9260058037248238,0.9148808980104,0.935610542334878,0.9260556603919116
terrified,0.9014409575115473,sad,False,0.930708333934707,0.9374464716091403,0.9324075670448697,0.9419331203113042,0.9471049970016852,0.9491667926669605,0.9014409575115473,0.9291267368771247,0.9185348927471756,0.9398475364884533,0.9276089888781879
terrified,0.8201593738433857,terrified,True,0.7813983420906732,0.7723460079381851,0.7811815700578811,0.7597414146008503,0.7556008183635265,0.7483703385993077,0.8201593738433857,0.7861086182324232,0.8033364869618023,0.7691722424356143,0.7897627971247492
terrified,0.9178012842730588,sad,False,0.9419394772890917,0.9469581989612796,0.9458575490072827,0.9496628646224119,0.9550416079579497,0.9556617024550929,0.9178012842730588,0.9405789462295151,0.9338822363045651,0.9517064107845703,0.9433006252489284
furious,0.9978131387602461,hopeful,False,0.9976864835384667,0.9980481284721412,0.9978490428524933,0.9979545397155334,0.9980416944595351,0.9980972977015945,0.9967927741924879,0.9978131387602461,0.9976803209178416,0.9981849402714519,0.9979779597787003
furious,0.9966479296958102,sad,False,0.9966983057986263,0.996828816548364,0.9967362621971753,0.9970683597946941,0.9969897487196808,0.9970924880719505,0.995949993896826,0.9966479296958102,0.996485554785151,0.9967846666294697,0.9968231589355734
furious,0.971130362007011,terrified,False,0.971097455311998,0.9705119953512492,0.9717858156774583,0.9699160845713248,0.9699199117885963,0.9697119941803327,0.9730534490983052,0.971130362007011,0.9720909481970036,0.9711760717730181,0.9713454488716377
furious,0.9977692350935434,lonely,False,0.9978643478570526,0.9980297386598846,0.9979451160995142,0.9981474905304003,0.9984625761728041,0.9983095426694082,0.9967467901774658,0.9977692350935434,0.9976933945183902,0.99819117177485,0.99806994817385
furious,0.9957569094604801,terrified,False,0.9958406980066454,0.9957685986683829,0.9956665805876438,0.9953858239792078,0.9951346965620624,0.9954027380962768,0.9960690586691675,0.9957569094604801,0.9957065292158759,0.9954790128420992,0.9955581565212829
furious,0.9968260281478935,angry,False,0.996799026874691,0.9969271030169098,0.9968801692111802,0.9966928972542451,0.9967769750604846,0.996821717262566,0.996486107702768,0.9968260281478935,0.9968189847989033,0.9968582159040056,0.9969115724427792
furious,0.9933714674647768,terrified,False,0.9934590494156417,0.9932772052589475,0.9931811103440161,0.9937744998744127,0.9928278506601049,0.9934561008049406,0.9938732214269553,0.9933714674647768,0.9934474644899676,0.9929646522150363,0.9933123765922192
furious,0.9966169603327232,sad,False,0.9965971867618011,0.9967584155401151,0.9966944534553144,0.9967183126338552,0.996823177357429,0.996871949288452,0.9957871770066118,0.9966169603327232,0.9964662016255594,0.9967863303234734,0.9966051500626698
furious,0.9950848210565593,faithful,False,0.9950368970473502,0.9949716930415937,0.995097568912731,0.9946625389911818,0.9946796502452271,0.9946800749533031,0.9949576726206464,0.9950848210565593,0.9951403366464,0.9950073459192907,0.9951805922623096
furious,0.9975882436554128,sad,False,0.9976474723964041,0.9977122051021147,0.9976276043478427,0.9977713639386091,0.9977139498043567,0.9978223374838749,0.9971125828134093,0.9975882436554128,0.9974751879036114,0.9976553132388988,0.9976224881143164
furious,0.997697057872402,angry,False,0.9976096760140929,0.997817087927224,0.9976852424760884,0.9976735218172503,0.9975855782162606,0.9977756473899533,0.9971245601519962,0.997697057872402,0.9975678982587282,0.9977431515101727,0.9976987650847253
furious,0.9966001732705152,lonely,False,0.9966256226844066,0.9967637377901815,0.996867562101284,0.9967252018320831,0.9969934441255446,0.9969283586891722,0.995842079372724,0.9966001732705152,0.9967772080424352,0.9969628603688168,0.9969412407754583
furious,0.9971875144011733,lonely,False,0.9972138699170257,0.9974731026499196,0.9973414844173948,0.9976427496497782,0.9978644704216806,0.9978230715259647,0.996034147196135,0.9971875144011733,0.9970737486871697,0.9976730216016304,0.9973612823301196
furious,0.9973442000091559,lonely,False,0.997344917305848,0.9976151220565068,0.9974365837703782,0.9977994043693388,0.9980505775528669,0.9979243892747642,0.9961267713137283,0.9973442000091559,0.9971333847868075,0.9977914197073638,0.9974660509785331
furious,0.997187579651298,lonely,False,0.997223398006017,0.997543360406917,0.9973035311537526,0.9977827195181375,0.9980009729866429,0.9979669835444783,0.9958085050147245,0.997187579651298,0.9969581176054229,0.9976801690091603,0.9973842449419641
furious,0.9975159665833321,lonely,False,0.9975883201723345,0.9978260761307697,0.9976541624780146,0.997970537992446,0.9982206369170376,0.998168153354967,0.9963126359808385,0.9975159665833321,0.997300210010597,0.9980043992925067,0.9977126352778697
furious,0.9977578015923018,sad,False,0.9978348005894243,0.9980657395851706,0.9980102185160469,0.9982364913023584,0.9983966685131476,0.9984278741295574,0.9966543732328526,0.9977578015923018,0.9976808538993929,0.9983580094535185,0.9980283389280924
furious,0.9965087633596306,lonely,False,0.9965177294974712,0.9969013194524329,0.9965645845917039,0.9971911108660781,0.9974157946091291,0.9973633983003907,0.9949670485319752,0.9965087633596306,0.9961709501990781,0.9969994415618896,0.996668397421187
furious,0.9968581528172051,lonely,False,0.9968386143425999,0.9970585268173482,0.9970040589412954,0.9971296262695994,0.9973878914104688,0.9972595181577135,0.995811200304263,0.9968581528172051,0.9967722950661565,0.9972780214471471,0.9970768826344107
furious,0.9967032551659684,lonely,False,0.9967188857626986,0.9970748611406334,0.996776948962272,0.9973513706763096,0.9975601295109551,0.997523428854407,0.995230884696114,0.9967032551659684,0.9964083220413913,0.9971789980413654,0.9968348733366743
furious,0.9973873074192331,lonely,False,0.9974741774997832,0.9976350358297861,0.9976419394586697,0.9978193788597813,0.9981104760289791,0.9980116979535945,0.9962904828929603,0.9973873074192331,0.9973126533690072,0.9978715215100982,0.997569468638165
furious,0.9968507454619402,hopeful,False,0.9969543488871423,0.9970637083969158,0.9970206121337575,0.9970598697617465,0.9970753418164737,0.9971571855674211,0.9962106767225603,0.9968507454619402,0.9968188885740288,0.9971762903241627,0.9970863203009989
furious,0.997324497905533,lonely,False,0.9973709544382232,0.9976010098202504,0.9974846332645921,0.9977225965580241,0.9979329713065049,0.9978819050079593,0.9961847682835916,0.997324497905533,0.9971752842002872,0.9977785597884781,0.9974838627557152
furious,0.9973289508553509,lonely,False,0.997352216956219,0.9976577636392974,0.997422122404312,0.9978607879934831,0.9981061018883937,0.9980441704651213,0.995997071762369,0.9973289508553509,0.9970693163519052,0.997752960023921,0.9974945549182739
furious,0.9969783398414787,lonely,False,0.9969958667888186,0.9973269618477463,0.9970504941628752,0.9975772153903372,0.9977912674003967,0.997739470372842,0.9955831557961127,0.9969783398414787,0.9966926717122422,0.9974407389349316,0.9971440750682508
furious,0.9972405879829573,sad,False,0.9973191555777667,0.9973981166001538,0.997384481107291,0.9974338600288158,0.9975615818992856,0.9975852964753069,0.9965778814129942,0.9972405879829573,0.9971468304693303,0.9974933837934457,0.9973337640212832
furious,0.9932774482865602,terrified,False,0.9931538141191416,0.9930075387140215,0.9933365310359199,0.9923675456479523,0.9922193971244825,0.9924031406028624,0.9936454235102125,0.9932774482865602,0.9932837826067149,0.9928024973961329,0.9929671301856435
furious,0.9794139435162093,terrified,False,0.979602406838653,0.9789894404941432,0.9797923669509078,0.9785073562510116,0.9780406443554892,0.9783423962478521,0.9812361907663081,0.9794139435162093,0.9802216615655133,0.9788001155483175,0.9796698111872049
furious,0.997588884422514,sad,False,0.9976024240454715,0.997854614496661,0.9976275173599721,0.9980885678040398,0.998143113760498,0.9981960606934306,0.9966093601468466,0.997588884422514,0.9974481909453308,0.9978660446053231,0.9977709076397957
furious,0.9978120071267547,angry,False,0.9977480546408117,0.997854382961875,0.9975113292439728,0.9977908984636239,0.997694203925173,0.9977806229320123,0.9974272214565004,0.9978120071267547,0.9974532487577966,0.9975008685295418,0.997665568062303
furious,0.9970235690779399,lonely,False,0.9970554103844538,0.9973374944981265,0.997159186160078,0.997566123130105,0.9977810656073856,0.9977475554048144,0.9957253692295506,0.9970235690779399,0.9968333588206761,0.9975126174808725,0.997226117297407
furious,0.9974369401342448,lonely,False,0.9974986816781455,0.9977473936070039,0.9976101647958455,0.997929764975985,0.9981438297811457,0.9981170535393469,0.9962545394980709,0.9974369401342448,0.9973395747272349,0.9979099854528651,0.9976836848646372
furious,0.9974692445593245,sad,False,0.9975339775949985,0.9977444749043656,0.9976995304791252,0.9979055448880815,0.9981077704391979,0.9981201428853588,0.996312345914236,0.9974692445593245,0.9974112264925085,0.997926835278204,0.9976794056434338
furious,0.9979317817546591,hopeful,False,0.9980407823820349,0.9981483323995621,0.9981589230729611,0.9981319709127345,0.9983411384546566,0.9983359478065477,0.9971001035103548,0.9979317817546591,0.9977998112354931,0.9984033004411584,0.9981060370556447
furious,0.9967766202815246,lonely,False,0.9967960146462298,0.997143297429419,0.9968645520071621,0.9974115326444456,0.9976468901176362,0.9975951046625686,0.995298787510311,0.9967766202815246,0.9964702962346523,0.9972697935376488,0.9969313669815386
furious,0.9970852822758103,sad,False,0.9970533241297528,0.9972790490483101,0.9972227600195843,0.9972267935164487,0.9973984069978268,0.9974131953565883,0.9961423188934713,0.9970852822758103,0.9970058578453245,0.99733626304599,0.997182201611213
furious,0.996910731204047,hopeful,False,0.9968242520425918,0.997036970037271,0.9970221671884446,0.9969616569130216,0.9970866271701477,0.997036518406546,0.9960395984904572,0.996910731204047,0.9968468528043624,0.9973118895184298,0.9970087273129822
furious,0.9976973869126862,angry,False,0.9976232238035005,0.997844248029037,0.9977221271423999,0.997658468411637,0.99774590518155,0.9977852591715934,0.9969370354745644,0.9976973869126862,0.9975052139565418,0.9978031790286732,0.997674841470252
furious,0.9860975387794209,terrified,False,0.9857400161824075,0.9855842338088436,0.9852609226097483,0.9847023663741892,0.9842103134912514,0.9844426785169216,0.9874883137528438,0.9860975387794209,0.9856276526442178,0.9842989847224619,0.9851216001272048
furious,0.996070586448866,lonely,False,0.9960604373641343,0.996485833919696,0.9961017632619996,0.9968009190760475,0.9970380305065725,0.9969726410973735,0.994435622068936,0.996070586448866,0.9957098841140876,0.9965734471935422,0.9962366360879921
furious,0.9976921127447294,sad,False,0.997739715483564,0.9979660817497935,0.9979300110646684,0.9980920382739019,0.9982926833753972,0.9982968591125656,0.9965811295157712,0.9976921127447294,0.9976375561093417,0.998173511607332,0.9979575077301104
furious,0.9970370841988382,sad,False,0.9970705388583729,0.9972204183825226,0.9972062475599897,0.9973606646674353,0.997346727964824,0.9974954942290478,0.9961791305637345,0.9970370841988382,0.9969822251394341,0.9973053993725743,0.9970050271582873
furious,0.9976092504985901,angry,False,0.9974618846163474,0.9976421001513586,0.9972180759897951,0.9976087777904212,0.9972631681619528,0.9975332952016117,0.997309881997238,0.9976092504985901,0.9973433419371811,0.9970935197110133,0.9973887335849477
furious,0.9974524893435162,lonely,False,0.9975296704290827,0.997703796805126,0.9976166657236101,0.9978039023252151,0.9979912990808785,0.9979538304386223,0.9964818438487912,0.9974524893435162,0.9973132414016523,0.9977470854905408,0.9975623580005358
furious,0.9953963763267735,terrified,False,0.9955139228445418,0.9953119773789108,0.9953342860697334,0.995048499908217,0.9950238028775995,0.9950858627286859,0.9955350867164597,0.9953963763267735,0.9952083197772109,0.9951310326156013,0.99525674447023
furious,0.9974167317859352,lonely,False,0.9974681253534963,0.9977020974535018,0.9975554914417201,0.997866719192824,0.9980499547466731,0.9980133842408196,0.9962878206283707,0.9974167317859352,0.9972592684736051,0.9978617526357019,0.997597333198677
furious,0.9958394676342288,hopeful,False,0.9957752951658959,0.995813254628548,0.9959993948206358,0.9957773385811557,0.9955969246007665,0.9958322377266837,0.9954357695602748,0.9958394676342288,0.9960114801059933,0.996071719549026,0.9959552376560938
furious,0.9976152410202658,sad,False,0.9976363214511728,0.9978939002174807,0.9976600189248003,0.9980182814941845,0.9981780663723154,0.9981846794316264,0.9964868837293664,0.9976152410202658,0.9973149003745936,0.9979736459066784,0.997680070027064
furious,0.9961892040694426,hopeful,False,0.9963042886230831,0.9964228363641102,0.9965452038541682,0.9965009875036367,0.9967609062403358,0.9966806098354193,0.9952174014637767,0.9961892040694426,0.9961838329013837,0.9968210852825166,0.9964256535271652
furious,0.9970941456510332,hopeful,False,0.9971840962586116,0.9972438907500273,0.9975377307288401,0.9972445872369244,0.9974181579493329,0.9974720703132816,0.9963046571962648,0.9970941456510332,0.9971785688186278,0.9975643863901321,0.9972821310252746
furious,0.9977141168732593,lonely,False,0.9977778180239476,0.9979142042513252,0.997902804074508,0.9980275610455775,0.998245217684988,0.9981631133196364,0.9968830022358942,0.9977141168732593,0.9976869731508311,0.9980612728855882,0.997903207150522
furious,0.9960904269057778,furious,True,0.9957620123497954,0.9960170568336101,0.9956113411687331,0.9957192524535488,0.9953864236614276,0.9956557088530187,0.9958307720120492,0.9960904269057778,0.9956496190477282,0.9954227991807151,0.9956846251289105
furious,0.9974913467852201,sad,False,0.9975506355916092,0.9977639029915963,0.9977099391424352,0.9980425769597963,0.9981064248499425,0.9982243567296261,0.9963713258599937,0.9974913467852201,0.9974203155849379,0.9979498633554266,0.9976262888538535
furious,0.9976709648818463,lonely,False,0.9976819953196483,0.9978827201541665,0.9977495978221615,0.9979644724882084,0.9981558910677975,0.9981354886168062,0.9966887741711848,0.9976709648818463,0.9974357262294029,0.9979594253589212,0.9976863126476868
furious,0.9972702775415041,lonely,False,0.9972534035866087,0.9975868653362957,0.9973316208523015,0.9977196567766728,0.9979401917719308,0.9978995238981686,0.996028410813423,0.9972702775415041,0.9971036908329822,0.9977266899367208,0.9974867084883458
furious,0.997865350504607,lonely,False,0.997903887214868,0.9981096268639714,0.9979493476273676,0.998158799040223,0.9983048334041841,0.9983009873942992,0.9969262678077291,0.997865350504607,0.9976866217553466,0.9982128554712161,0.9979879681557343
furious,0.9979776562583192,sad,False,0.9979787960091984,0.9980983406153261,0.9979807965495433,0.9980605381405839,0.998064341219717,0.9981323018576387,0.9974239371349699,0.9979776562583192,0.9978812087961175,0.9979938511860613,0.9979689723566583
furious,0.9970196170782505,anxious,False,0.9971028893807902,0.9971253865482371,0.9972378412533672,0.9970905550737597,0.9971170768397942,0.9972115176026081,0.9965298661909154,0.9970196170782505,0.9968924681471294,0.9971876710538609,0.9969940282366359
furious,0.9977851823090189,lonely,False,0.9977530041767022,0.9980539600761242,0.9979018104132058,0.9982161713567422,0.998374445912459,0.9983687640527955,0.9965485332476742,0.9977851823090189,0.997621016836264,0.9982058046011559,0.9979277490462335
furious,0.9876835404487623,terrified,False,0.9877732598671202,0.9873554549987997,0.9876513917676666,0.9867644394123105,0.9865489986671607,0.9867258163928474,0.9887068537373416,0.9876835404487623,0.9879958409633769,0.987158881217016,0.9878194916359807
furious,0.9727778606764574,terrified,False,0.9719262657084449,0.9722219831872604,0.9716147764573031,0.9706388823392671,0.9701412736319097,0.9703140606146574,0.9738329980855875,0.9727778606764574,0.9721357967551525,0.9707244681462883,0.9713785093519586
furious,0.9972499716583731,lonely,False,0.9973018087821394,0.9975830429156387,0.9973522958877636,0.9978189572889673,0.9979971125166235,0.9979961060055422,0.9959780122129245,0.9972499716583731,0.9969874160428771,0.9976540709346045,0.9973424886024009
furious,0.997187579651298,lonely,False,0.997223398006017,0.997543360406917,0.9973035311537526,0.9977827195181375,0.9980009729866429,0.9979669835444783,0.9958085050147245,0.997187579651298,0.9969581176054229,0.9976801690091603,0.9973842449419641
furious,0.9977830712035336,sad,False,0.99782030771493,0.9981052344250558,0.9979593756929672,0.9982446739584758,0.9984324354186824,0.9984405627660455,0.9965674325293765,0.9977830712035336,0.9976237104333082,0.9981958112468445,0.9979360596903725
furious,0.9966411072949561,lonely,False,0.996655438148749,0.9970303620045126,0.996705871836963,0.9973160736212585,0.9975452140233703,0.997497145086758,0.9951176218405663,0.9966411072949561,0.9963192135134501,0.9971300735577786,0.9968108020272319
furious,0.9969946048953937,hopeful,False,0.9968202953355201,0.9970903455894642,0.9971027175859084,0.9968815709475962,0.9970068782900068,0.9969995926903954,0.996174428854742,0.9969946048953937,0.9968942548970218,0.9972430901599938,0.9970159957573221
furious,0.9979148039022248,sad,False,0.9978910131560008,0.9981168053581821,0.9979227932401213,0.9981821736665236,0.998265838818923,0.9982928272295603,0.9970149152354154,0.9979148039022248,0.9977084665217568,0.9981042616941161,0.9980046507808483
furious,0.9979949319405844,hopeful,False,0.9979361288320285,0.9982133744371258,0.998060458052433,0.9981333887130788,0.9982127875513913,0.9982839322943021,0.9970989432793289,0.9979949319405844,0.9978820097306139,0.9983449419386704,0.9982167642871145
furious,0.9984277665690408,sad,False,0.9983162436475201,0.9986070160853312,0.9983074000321697,0.9986031983345289,0.9986741104952371,0.9986761948841708,0.9974001251996593,0.9984277665690408,0.9981081093948418,0.9984274784060916,0.998390591324791
furious,0.9974314063535616,lonely,False,0.99745172676583,0.9977429711303486,0.9975358855111696,0.9978429493890243,0.9980778386307861,0.9980241541424509,0.9962220895297214,0.9974314063535616,0.9972049178217622,0.9978205801408517,0.9976100711026026
furious,0.9973632763670681,lonely,False,0.9973473372786057,0.9976313436220375,0.99735244963236,0.9977650845055073,0.9979381152026934,0.9979222396508692,0.9962556667146216,0.9973632763670681,0.9971791088518265,0.9976333883149463,0.9975701301489361
furious,0.9978177095343178,sad,False,0.9978744720478139,0.9980264802393769,0.9979524371208497,0.9981932005707104,0.9982464309512278,0.9983457985712441,0.9970045562188605,0.9978177095343178,0.9978186403265706,0.9982501470380165,0.9981126887148892
furious,0.9971998663285608,lonely,False,0.9972347886389121,0.9975585630838227,0.9973077215953421,0.9977891364183606,0.9979914026974577,0.997971605955984,0.995832272277561,0.9971998663285608,0.9969466329822261,0.9976826295579316,0.9973640813216467
furious,0.9757310312483981,terrified,False,0.9750415792195837,0.9749928061870599,0.9752818462641065,0.9738757341298319,0.9728319688099254,0.9736620808323908,0.9772397068220313,0.9757310312483981,0.9758587429907196,0.974200038596782,0.974613064059275
furious,0.997486077068776,lonely,False,0.997535847873921,0.9976970348935205,0.9976747830179492,0.9977082054458712,0.9979194269338171,0.9978783405167478,0.9965226840116155,0.997486077068776,0.9973298051237445,0.9978859976830348,0.9976227538011732
furious,0.9978258725746671,sad,False,0.9977655905861337,0.9979813877071444,0.9977911473149474,0.9980334468231864,0.9978509498483665,0.9980695344378536,0.9972218088607019,0.9978258725746671,0.9976464559181469,0.9978618669151099,0.9978167752044417
furious,0.9966169995386385,sad,False,0.9966270664693776,0.9968060606152498,0.9968061892911027,0.9970277034183126,0.9971491888206673,0.9971829717324332,0.9955695934540203,0.9966169995386385,0.9966393799222841,0.996992822705632,0.9967597622325968
furious,0.9944195977287866,furious,True,0.993843851716083,0.9943624994880171,0.9934020685850955,0.9935965835088363,0.993261609015182,0.9934691616437541,0.9943712255867632,0.9944195977287866,0.9937465183133688,0.9928998338017725,0.9938554567593519
furious,0.9956800638254618,anxious,False,0.9956992766774768,0.9956135423803223,0.9957421941375963,0.9954182615626791,0.9952641470444167,0.9954485549486929,0.9956851215862534,0.9956800638254618,0.9956549350212924,0.9955477829055248,0.995488131214632
furious,0.9780953494157762,terrified,False,0.9773873558800514,0.9771414678505825,0.9772168743340982,0.9759325970933024,0.9747769242699148,0.9755329266360795,0.9797903251099369,0.9780953494157762,0.9777258631952562,0.9761235537295828,0.9766578025804005
furious,0.9969059905701055,lonely,False,0.9969167997674674,0.9971797709958439,0.9970370781175854,0.9973261469229825,0.9975633299052541,0.9974818022411468,0.9956760671049276,0.9969059905701055,0.9967420354124035,0.9973800683967629,0.9970738407260555
furious,0.9974913467852201,sad,False,0.9975506355916092,0.9977639029915963,0.9977099391424352,0.9980425769597963,0.9981064248499425,0.9982243567296261,0.9963713258599937,0.9974913467852201,0.9974203155849379,0.9979498633554266,0.9976262888538535
furious,0.9974123386843496,lonely,False,0.9973877753800535,0.9977123363204035,0.9975145065636235,0.9978366014096384,0.9980386767484792,0.9979719137305213,0.9962114690033352,0.9974123386843496,0.9972503397639101,0.9978692100465152,0.9976099053844519
furious,0.9975988263784275,lonely,False,0.9976512027614666,0.9978932014324838,0.997765775972119,0.9980123021392442,0.9982572759731823,0.9982098114766157,0.9964416245069435,0.9975988263784275,0.9974331239488298,0.9980889167519035,0.9978140975501724
furious,0.9957825133281469,hopeful,False,0.9958116617754266,0.995900116668455,0.9960096923436023,0.9958065162236267,0.9960313557238075,0.9959504857060252,0.9949820847105357,0.9957825133281469,0.9957073328849719,0.9960737345487998,0.9958345950621839
furious,0.997210638662898,lonely,False,0.9972199247682038,0.997532057657803,0.9973177722913127,0.9977236560981273,0.9979426181594188,0.997902743523679,0.9958819274820325,0.997210638662898,0.9970205226094397,0.9976617963758372,0.9974210467843693
furious,0.9973654726491962,hopeful,False,0.9975812292498554,0.9975949141218575,0.9978528366679364,0.9976371131239419,0.9978706730994468,0.9978556566261456,0.9965891099827588,0.9973654726491962,0.9974171829416857,0.9979405169223713,0.9976303791761139
furious,0.9963405901385091,angry,False,0.9961862962335958,0.9963604478598228,0.9960446305090156,0.9959800012915292,0.9959876441555533,0.9959775670623228,0.9960334979835994,0.9963405901385091,0.9960783843739666,0.9958782381089144,0.996203191861
furious,0.9970393993319024,lonely,False,0.9970523837717106,0.9973838979551743,0.9971273203691406,0.9975866083313819,0.9978023135795087,0.9977556042305147,0.9956706550248438,0.9970393993319024,0.9967988657231208,0.9974776378659931,0.99722135786925
furious,0.9973273231624331,lonely,False,0.9973678669569612,0.9976435617230919,0.9974606820298748,0.9978714258644457,0.998099068908239,0.9980642090445047,0.9960290927127945,0.9973273231624331,0.9971240446574989,0.9978071792222096,0.9975138686373564
furious,0.9974913467852201,sad,False,0.9975506355916092,0.9977639029915963,0.9977099391424352,0.9980425769597963,0.9981064248499425,0.9982243567296261,0.9963713258599937,0.9974913467852201,0.9974203155849379,0.9979498633554266,0.9976262888538535
furious,0.9968117424601245,lonely,False,0.9968524344317005,0.997088272735414,0.996983058572196,0.997273077055696,0.9975210899994665,0.9974508709293665,0.9956372168438801,0.9968117424601245,0.9967142522997098,0.9972722676537609,0.997000906754713
furious,0.9967519340584838,lonely,False,0.9967614424758036,0.9971259544109641,0.9968207858151197,0.9973965126782112,0.9976198077966225,0.9975672508561073,0.9952770463952412,0.9967519340584838,0.9964504125193557,0.9972376239192733,0.9969164551831879
furious,0.9966883067788518,hopeful,False,0.996646710930386,0.9967790973851984,0.9969915050160332,0.996746939990567,0.9969198773237996,0.9969037549541409,0.9959832601546383,0.9966883067788518,0.9967649541328545,0.9970282929247981,0.9968003519456794
furious,0.9967766202815246,lonely,False,0.9967960146462298,0.997143297429419,0.9968645520071621,0.9974115326444456,0.9976468901176362,0.9975951046625686,0.995298787510311,0.9967766202815246,0.9964702962346523,0.9972697935376488,0.9969313669815386
furious,0.9931420636579721,terrified,False,0.9930537755444482,0.993023188321825,0.9929247197100898,0.9925373882322617,0.9923836402922299,0.9925137378330469,0.9935615618366822,0.9931420636579721,0.9931539616791221,0.9924143236422813,0.9929948547242898
furious,0.9977630977532728,sad,False,0.9976468511399991,0.9980122735739787,0.9976555236751843,0.998142018427899,0.9982312559062196,0.9982713723223692,0.9965328492169928,0.9977630977532728,0.9974136057620023,0.9979604112226245,0.9977688748453053
furious,0.9968653470124421,lonely,False,0.9969185539070705,0.9972221125774079,0.9970042308713764,0.9974480666579312,0.9976860044589725,0.9976231512545761,0.9954983938215792,0.9968653470124421,0.9966336910596837,0.997360298378712,0.997086258392057
furious,0.9977793850775023,sad,False,0.9977655868110874,0.9979885742096238,0.997807459683685,0.9980768824500129,0.9981172979512197,0.998173963507706,0.9969329051062152,0.9977793850775023,0.9976065075204922,0.9979980081267901,0.9978594328203596
furious,0.9974220194567731,hopeful,False,0.9973835958137321,0.9976183501518104,0.9975816437182838,0.9975921180320341,0.9978259144494303,0.9977746866004165,0.996399129130029,0.9974220194567731,0.9973691391209609,0.9978456896857273,0.9975234312798429
grateful,0.9927616914913158,afraid,False,0.9937735778761149,0.9936524249073047,0.9935653005835244,0.9930837070424102,0.9934446196128327,0.9931963723820078,0.992170439334825,0.9934685726793948,0.9927616914913158,0.9933199513258767,0.9934359409870206
grateful,0.9886440930089411,sad,False,0.9904005889560433,0.9910934887446741,0.9904703629315033,0.9917637920537453,0.9920671125245966,0.9925357905135952,0.9856813420621708,0.9901528856632559,0.9886440930089411,0.9914504279364009,0.9897678346703181
grateful,0.9909312721967619,sad,False,0.9927671784818765,0.9925095456523704,0.9929547464207686,0.9927706426488767,0.993607039646862,0.9936097760899381,0.9892045669222272,0.99177745652245,0.9909312721967619,0.9928354999118326,0.9921356907604646
grateful,0.9934844381124878,faithful,False,0.9931987871245258,0.9930119521886249,0.993289688040842,0.9934327718390903,0.9932033722577376,0.9935991193935454,0.9914273663649334,0.9928567811245683,0.9934844381124878,0.993664890685586,0.9936932543154895
grateful,0.9934032804638739,devastated,False,0.9945392809125642,0.994717746530166,0.994164421963448,0.9952273531805531,0.9945640847754416,0.9952202462278539,0.992203387577736,0.9941823372594036,0.9934032804638739,0.9946795504449882,0.9944523206497347
grateful,0.992160308973478,hopeful,False,0.991942544214655,0.9925744878420302,0.9920709795490952,0.992857616906226,0.9928981618791647,0.9929956821990585,0.9891765812544223,0.9921682871760228,0.992160308973478,0.9930358259075704,0.9926870890043952
grateful,0.9899912503068578,hopeful,False,0.991051692642456,0.991018544163725,0.9910733225443435,0.9909720777743247,0.9908998851824153,0.9912499230245024,0.9887157315589769,0.9906062259315831,0.9899912503068578,0.9913317766616264,0.9909097277827937
grateful,0.9907405046230328,sad,False,0.9924340194389378,0.9930880451949103,0.9925319230902007,0.9932258995543733,0.993454659839839,0.9936454870163963,0.9886402922251826,0.9922375417970745,0.9907405046230328,0.9930485729679875,0.9922563748142539
grateful,0.9916586501493427,sad,False,0.991663825361466,0.9919651683286709,0.992342918214447,0.9927381287565532,0.99340969630212,0.9936208739356841,0.9871280729954791,0.9911656618078429,0.9916586501493427,0.9930392528447642,0.9918530018479165
grateful,0.9852767828045825,sad,False,0.9875762872046605,0.9887737613845956,0.9874787382866745,0.9898684989221729,0.990676375966007,0.9907123245724402,0.9811430021432899,0.9873714590349578,0.9852767828045825,0.9888652802742688,0.9873163738153107
grateful,0.9888183542538513,sad,False,0.990892473979002,0.9917268351975302,0.9908814737300702,0.992501267492278,0.9931581834159893,0.9932996216526238,0.9853770610946464,0.9905228526354942,0.9888183542538513,0.9918982073256611,0.9906425967390347
grateful,0.9906849044902939,hopeful,False,0.9915801267340042,0.9915172597112514,0.9919547287301158,0.9913403555519756,0.9915600025574894,0.9917083680133063,0.9888574054307668,0.9908928153678763,0.9906849044902939,0.9922559365307986,0.9918416680244136
grateful,0.9907817896919272,lonely,False,0.9916546309356057,0.9920513527100367,0.9918146757880473,0.9923842639248686,0.9926354284571782,0.9925827348453383,0.9884582826298602,0.9914794112632452,0.9907817896919272,0.992136770956235,0.9920092676853812
grateful,0.9847955909747454,sad,False,0.9873370302229746,0.9885951920550865,0.9870880552279047,0.9897784479330891,0.9905574233380854,0.9905848219289674,0.980849239866526,0.9871690585817701,0.9847955909747454,0.98853829667954,0.9870431848612251
grateful,0.9788452632011935,sad,False,0.9820368104042898,0.9837079088692914,0.981618891580092,0.9852004676165538,0.9859206586415428,0.9859956172820543,0.9745541463397819,0.9820582179263828,0.9788452632011935,0.9832987451035246,0.9815103524343878
grateful,0.9894554538677821,hopeful,False,0.9895076977297067,0.9897073118784125,0.9906972194867559,0.9897308274426757,0.9900786865985647,0.9904353104383479,0.986553529013992,0.9892056974736154,0.9894554538677821,0.991522183939408,0.9901492657287104
grateful,0.9918190498290925,lonely,False,0.9932234654053018,0.9933447522465753,0.9933003284737502,0.9937273000510478,0.9946353779483199,0.9945298557616558,0.9888156724228174,0.9924700234958123,0.9918190498290925,0.9941902337062114,0.9931739283677243
grateful,0.9897458303227333,faithful,False,0.9896347331125167,0.9894885153811472,0.9896793926662975,0.9893232347119365,0.988979092405384,0.9892257175045058,0.988531433009355,0.9893629821592276,0.9897458303227333,0.9897923016346583,0.9907591032457785
grateful,0.9907934278762062,sad,False,0.9920327143958803,0.9923220089006726,0.9923589511112122,0.9923331079624307,0.9929172860640616,0.9930265011224355,0.9881533640185315,0.9917862441741401,0.9907934278762062,0.9928283195187292,0.9914518662344398
grateful,0.9931759644791103,devastated,False,0.9941197670470717,0.9944627602533083,0.9935835729302235,0.9953837136624942,0.9944974294270326,0.995220500067536,0.9920190922762449,0.9939917252838626,0.9931759644791103,0.9936378149716482,0.9938457413353969
grateful,0.9898395784283296,lonely,False,0.9916257980249903,0.9919870131225386,0.9915523339953045,0.9927917823411312,0.9934941558802222,0.9933714449323239,0.9871429651067254,0.991031442934095,0.9898395784283296,0.9921019475775087,0.9915480536393578
grateful,0.9887724471939827,lonely,False,0.9908830101388882,0.9919078806021082,0.9906287386292143,0.9925435381648824,0.9932214778464679,0.9931002987871476,0.985735313533966,0.9907098274730586,0.9887724471939827,0.9916619124979001,0.9906878369285395
grateful,0.9848094001767684,anxious,False,0.9842757745634148,0.9837140916491933,0.9851359825473598,0.9821293953521488,0.9821334287076857,0.9824482803225951,0.9849577270814565,0.983997153984998,0.9848094001767684,0.9841992167691781,0.9841608131163723
grateful,0.9870428699053573,grateful,True,0.9855770890563162,0.9856191082955831,0.9856623241543766,0.9848393716973829,0.9844363725715638,0.9843582533231544,0.9861917318412499,0.9858397327911756,0.9870428699053573,0.9851577860566525,0.9862828908960164
grateful,0.9906531161758441,sad,False,0.9922925724429839,0.9931665622865098,0.9921956686335558,0.9939124404166938,0.9941096287467523,0.994370934147519,0.9878101094160211,0.9921156908067357,0.9906531161758441,0.993333946511914,0.9923695117267557
grateful,0.9788452632011935,sad,False,0.9820368104042898,0.9837079088692914,0.981618891580092,0.9852004676165538,0.9859206586415428,0.9859956172820543,0.9745541463397819,0.9820582179263828,0.9788452632011935,0.9832987451035246,0.9815103524343878
grateful,0.9879196649832721,sad,False,0.9902307594074453,0.9911525190436544,0.9902914748819324,0.9920170619716479,0.9928318463891199,0.9928812778809926,0.9843274187427213,0.9898676888382839,0.9879196649832721,0.9913295822115546,0.989858587062314
grateful,0.9901903653478079,hopeful,False,0.9915594336712918,0.9919181793639302,0.9917812160045467,0.9919082215617958,0.9923318134691743,0.9923454698650211,0.9880629610054866,0.9912016471227166,0.9901903653478079,0.9923972570824275,0.9916407129192728
grateful,0.9859474240982626,sad,False,0.9882117736290943,0.9893018023071039,0.9880904072552711,0.9903180488963748,0.9909546141268609,0.991088205904745,0.9822251785364382,0.9880444089150394,0.9859474240982626,0.989455399483265,0.98787690967417
grateful,0.9830116796032273,sad,False,0.9859108544926867,0.9872240873805759,0.985577590929134,0.988578203662157,0.98921604776122,0.9893571917264063,0.9791049103440963,0.9857781177622731,0.9830116796032273,0.9870045716344229,0.9853678019278291
grateful,0.973984629923935,terrified,False,0.9754335607536855,0.974876462225835,0.9732299732312515,0.9730569228328481,0.9712021208155778,0.9720997688913035,0.9794690415619226,0.9760377104576308,0.973984629923935,0.9714336085870081,0.9732174644751355
grateful,0.9879362128648009,sad,False,0.9902358793002202,0.9910777301659592,0.9900700908610972,0.9920498748302495,0.9927273543688802,0.9928091441348182,0.9846927683856866,0.9898960882671619,0.9879362128648009,0.9911590954737464,0.9898780387486283
grateful,0.9905565916760548,sad,False,0.9919911047952683,0.9929686050552693,0.9918967259718974,0.9929035100035883,0.993177386165739,0.9933418712814881,0.9881609817727903,0.9921517032500505,0.9905565916760548,0.9925266627869185,0.9919001477829423
grateful,0.9848520142871374,sad,False,0.9875040155108876,0.9887210289553858,0.9873214750195405,0.9898453526237734,0.9905389844630064,0.9906959098588651,0.9809455164235378,0.9872811128024543,0.9848520142871374,0.9887303892715555,0.9870446533388352
grateful,0.9900826715927269,sad,False,0.99129937340419,0.9918593125897834,0.9914421044056804,0.9926994229136835,0.992628536071917,0.9931016989126953,0.9875565076353764,0.9911485201965808,0.9900826715927269,0.9921584398453518,0.991315599990761
grateful,0.9873796133821944,sad,False,0.9898542632563773,0.990811521489714,0.9896242175087204,0.9914145575070837,0.9917942483270343,0.9919861247676469,0.9845673735351445,0.9896983258226815,0.9873796133821944,0.9907759726195067,0.9893163049716701
grateful,0.9896969903478098,sad,False,0.9908750617843185,0.9918510983107284,0.9909799654852879,0.9924650937043586,0.9929933174070605,0.993187176605955,0.9860024128943675,0.9908174487316459,0.9896969903478098,0.9922074704129316,0.9909479735283546
grateful,0.9874316647030468,sad,False,0.9898013166011593,0.9908529457564279,0.9895161933290582,0.9916918201675409,0.9922145958224906,0.992293168706233,0.9843749225654007,0.9896488468630007,0.9874316647030468,0.9906938121833516,0.9894862632808621
grateful,0.9903587411162004,lonely,False,0.9919974494439353,0.992527248786661,0.992299438328156,0.9932246453538964,0.9940995674864035,0.9940377837350447,0.9868180492448472,0.9914474478348457,0.9903587411162004,0.9933932885501255,0.9920820914582598
grateful,0.9875033583390344,sad,False,0.9897519406214941,0.9907042295452198,0.9895155560298058,0.9917566123217203,0.9922691164528734,0.992531557856922,0.9836393121280282,0.9895035869847786,0.9875033583390344,0.9906474093926687,0.9892355441077374
grateful,0.987589303788158,sad,False,0.9899778552921435,0.991019300183999,0.9896073194269845,0.9919290083168157,0.9922409249027477,0.9924987803844618,0.984599888501757,0.9897671872675254,0.987589303788158,0.9906743623572639,0.9895847732736801
grateful,0.984083266033511,sad,False,0.9867780593258387,0.9880650451307917,0.9865425899985308,0.9890513012778585,0.9897364446158045,0.9897796187409278,0.9803019361222692,0.9866721338909554,0.984083266033511,0.9880628639665727,0.9863780961597927
grateful,0.9909942319701794,sad,False,0.991815317560828,0.9926086281085433,0.9920650234855863,0.993263587081704,0.9937702611267618,0.9940888978836799,0.9868793802218939,0.9916418911315257,0.9909942319701794,0.9930974082085406,0.9917430510722062
grateful,0.927621429126765,terrified,False,0.9216840725207495,0.919628360754029,0.9215762020461722,0.9176346472852566,0.9160488350609941,0.916585809157868,0.9284424355951543,0.9214066617485543,0.927621429126765,0.9197429441131297,0.9231492170180208
grateful,0.9908875643645709,sad,False,0.9918007339833448,0.9925636801439861,0.9920128497066274,0.992719444873338,0.9934307361551605,0.993432210785975,0.9875543749451324,0.9916855459987557,0.9908875643645709,0.9930869310884374,0.9920894680139647
grateful,0.9880892156013408,lonely,False,0.990236223774521,0.9912390984350139,0.9902170734222819,0.9919719143528098,0.9926952011728549,0.9926411729856471,0.9847143457847132,0.9901074192393835,0.9880892156013408,0.9912573512799514,0.9898347700607486
grateful,0.9888183542538513,sad,False,0.990892473979002,0.9917268351975302,0.9908814737300702,0.992501267492278,0.9931581834159893,0.9932996216526238,0.9853770610946464,0.9905228526354942,0.9888183542538513,0.9918982073256611,0.9906425967390347
grateful,0.9908381719402238,lonely,False,0.9922262322382942,0.9927184775011222,0.9925813296295443,0.9930884832433722,0.9939662952732549,0.9938705940555912,0.9877655426473501,0.9917998885997226,0.9908381719402238,0.9933253803192776,0.9920244802624509
grateful,0.9930662354138191,sad,False,0.993346354529599,0.9939662214457754,0.993613399056354,0.9947756546397204,0.9950030303866129,0.9953093619244677,0.9896585919748944,0.9930640627353786,0.9930662354138191,0.9946801455100418,0.994288285072115
grateful,0.9307667564549326,terrified,False,0.927732746707757,0.9257797088873003,0.9275400038147856,0.9223676150846837,0.9206620157404202,0.9205078892924936,0.9372242435256228,0.9287168454873926,0.9307667564549326,0.9241849884913683,0.9280357486531037
grateful,0.9901356277491916,sad,False,0.9914367691626906,0.9918934663981963,0.9916598730032252,0.9921834050224938,0.9927311400870408,0.9928960972524767,0.9872720303584744,0.9910718332074816,0.9901356277491916,0.9922726805616136,0.9913600468360018
grateful,0.9921979737811342,sad,False,0.9933406054156402,0.9938015586018197,0.9937742816647848,0.9938981493470643,0.9944505794624647,0.9947015141440507,0.9892274831182232,0.9930088110076913,0.9921979737811342,0.9942676794010825,0.9933150855579642
grateful,0.9914919634119366,lonely,False,0.9915325526515495,0.9923479605183825,0.9917596027416451,0.9928384518862374,0.9935994880968579,0.9935937784235702,0.9870783867915571,0.9914082555675238,0.9914919634119366,0.9928912384472532,0.9919125758943796
grateful,0.9938693620152533,lonely,False,0.993244631355964,0.9935172190895836,0.9938131661841378,0.9936936095698219,0.9949076133197128,0.9944316901454227,0.9900072950500209,0.9928514428858652,0.9938693620152533,0.9942264968546566,0.9940034324966216
grateful,0.9913343259178622,sad,False,0.9918118472919717,0.992113129197545,0.9921282505481416,0.9928580722471503,0.9930830381072265,0.9932952881786867,0.988685955421621,0.991320206505498,0.9913343259178622,0.992750322339572,0.9921145970941317
grateful,0.9903837031748386,hopeful,False,0.9905058760023333,0.9907227764201394,0.9913974585552948,0.9912228647966166,0.9915425838655377,0.9917867956174201,0.9872693527804475,0.9901429729751934,0.9903837031748386,0.9925019803839754,0.990944846512664
grateful,0.9840858545815223,sad,False,0.9866220394794281,0.9879694599500799,0.9864437705942656,0.9891576157477071,0.9897835426831245,0.9899550343340803,0.9800738718924425,0.9865471281739252,0.9840858545815223,0.9879665618384081,0.9862308075404395
grateful,0.9808814216669682,sad,False,0.9839145634581671,0.9854336801297278,0.9835677039519699,0.9868474546426551,0.9875743919016571,0.9876560004243397,0.9767008278805684,0.9838576833409673,0.9808814216669682,0.9851375159677731,0.9833835061130225
grateful,0.9883387136975904,sad,False,0.990643455375465,0.9916162447379703,0.9906063442480528,0.9923896756637899,0.9931481445120308,0.9932313519621657,0.9848200313166644,0.9903445262550549,0.9883387136975904,0.9915992534540436,0.9902734245783839
grateful,0.989662932670915,sad,False,0.9907738604798001,0.9913176355558166,0.9911023836279755,0.9922095886063949,0.9927592026587521,0.9929077681831642,0.9862777690870843,0.9904958241131572,0.989662932670915,0.991974496934673,0.9910458073085983
grateful,0.9922993884026042,sad,False,0.992486650698032,0.9931649278072424,0.9931266609457277,0.9936610901392484,0.9942605689821292,0.9945050760102506,0.9879683374620518,0.9922615329488954,0.9922993884026042,0.9942041289998024,0.9926288585217484
grateful,0.9859554926584357,sad,False,0.9881535653002083,0.9893700169542382,0.988077188569429,0.9904599420435399,0.9910659698826954,0.9912473721311668,0.9820221678999198,0.9880512601572182,0.9859554926584357,0.9895374498023822,0.9879077610700817
grateful,0.9746687985442888,terrified,False,0.9714564961721388,0.9704102932670657,0.9721988424727055,0.9681597659129099,0.9688023701119909,0.9680766734879327,0.9746749112350357,0.9712241220196478,0.9746687985442888,0.9720386632022157,0.9734838398091119
grateful,0.9841379178763047,terrified,False,0.9826281950756259,0.9823165025231899,0.9817614960908729,0.9806920519167059,0.9796461891850998,0.9802750639091415,0.98452368349508,0.982985128613118,0.9841379178763047,0.9809010745285566,0.9828474214646595
grateful,0.9915648340960929,lonely,False,0.992720091368113,0.9936197567232143,0.9924409879944097,0.9936911665922966,0.9943983752859493,0.9941748625627609,0.9884998333375326,0.992700237956966,0.9915648340960929,0.9931013994775535,0.9927497828393516
grateful,0.9916743622918335,grateful,True,0.990428552235887,0.9903779273829639,0.990611247126562,0.9895137682613452,0.9895143121709271,0.9897268045883598,0.989955827526734,0.9903132959633469,0.9916743622918335,0.9906918997535973,0.9912390707063637
grateful,0.9878445272696633,sad,False,0.989770241608355,0.9907775200600489,0.989742485595473,0.99162720325978,0.992372651947875,0.9924426538632596,0.9839230052766822,0.9895447407149526,0.9878445272696633,0.9910527687240998,0.9897556008255467
grateful,0.9831337128826182,grateful,True,0.9805939021031808,0.9808065614004265,0.9809063629218386,0.9787445184819425,0.97869541425309,0.9783242920742279,0.9823278313167195,0.9811130562913448,0.9831337128826182,0.9799136925553319,0.981953146667218
grateful,0.9864997116153336,sad,False,0.9888317525290785,0.9899108930425594,0.9887254010163719,0.9907722511648509,0.9914162680634608,0.9915953520518395,0.9829098058046081,0.9886501749338763,0.9864997116153336,0.9899230146474982,0.9883713155405008
grateful,0.9903585921113733,sad,False,0.9914861908214796,0.991570030844503,0.9915860192667204,0.9916427509004396,0.9918638550596055,0.9920989822981119,0.9883606074420539,0.9909364664647135,0.9903585921113733,0.9919870158143509,0.9915655767023084
grateful,0.9232795153534944,grateful,True,0.9144711187317023,0.9123698321845598,0.9161090237306094,0.9115532697023769,0.9107326060461911,0.910904738947865,0.9206132124071802,0.9136821207363935,0.9232795153534944,0.9142992873772755,0.9181212751808917
grateful,0.9834326734710372,sad,False,0.9861520720117669,0.9874136148016797,0.9859877681741093,0.9887151180678546,0.9894625982269494,0.9896026290011015,0.9792345147279667,0.9859177542564592,0.9834326734710372,0.9873736960769353,0.98571280362549
grateful,0.9923787690362543,faithful,False,0.9931639735477756,0.993511587433197,0.9930958793818039,0.9932221428685942,0.9935441161813865,0.9935770250695379,0.9905135481086825,0.9928492451931417,0.9923787690362543,0.9936331041579283,0.9937573085777078
grateful,0.9893731745856567,sad,False,0.9910543614155047,0.9915847468826156,0.9912396189227046,0.9915822042534916,0.9920864896648673,0.9923498486718613,0.9868414709000024,0.9908301598746453,0.9893731745856567,0.991567470082481,0.9906062331641272
grateful,0.9917170822681016,hopeful,False,0.99199210685856,0.9919706971121006,0.9928512401321151,0.9919250687297325,0.9923588342675147,0.9927094265478718,0.9891999892617742,0.9914950258867392,0.9917170822681016,0.9936764731003853,0.9921109242412138
grateful,0.9567172763790852,terrified,False,0.9558144972504864,0.954486627311958,0.9557441379056633,0.9503585045879751,0.9499104788114705,0.9502208703175912,0.9614354522603685,0.9559176895572093,0.9567172763790852,0.953474260329956,0.955380992347151
grateful,0.948251456659411,grateful,True,0.9397212617691213,0.9378626873772071,0.9412835413658025,0.9360514297485403,0.9370407979063461,0.9352746986151053,0.945649272229919,0.9393319135613505,0.948251456659411,0.9404880070635739,0.9439772943410303
grateful,0.9906785859333305,hopeful,False,0.9891391523717379,0.9891024955943526,0.9907628212322908,0.9891991148511856,0.9896899913499654,0.9900519686022616,0.9861581442023374,0.9886527873754237,0.9906785859333305,0.9919014078875277,0.9902308860774347
grateful,0.99170778421307,hopeful,False,0.9908461629851841,0.9911108587953779,0.9919109412344974,0.9914448776700442,0.9919498058088084,0.9922842017744986,0.987111006002917,0.9903764198995257,0.99170778421307,0.9928400502610084,0.9914830101126189
grateful,0.9941654239686089,faithful,False,0.9930609716597145,0.9937862215927269,0.9933022893506754,0.9935273219186174,0.9930764936574638,0.9935359331966537,0.9918217076519347,0.993608047269834,0.9941654239686089,0.9937131243267495,0.9942251504572697
grateful,0.9918065682339305,lonely,False,0.9921561305923957,0.9923163698121441,0.9930049746863905,0.9929571003566843,0.9939935516648951,0.9939561600915557,0.9876037408427681,0.9914673007783389,0.9918065682339305,0.9936101151990161,0.9923293354505456
grateful,0.9898013887215859,faithful,False,0.989888464247177,0.9897543170552708,0.9889204737354429,0.9897495718372386,0.9892291164772681,0.9891264057605325,0.9906150841651142,0.9897209599783531,0.9898013887215859,0.988695334705322,0.9908724566209229
grateful,0.9854363706734184,lonely,False,0.9875312335754745,0.9887584317626752,0.9874856768489441,0.9897710001001165,0.9905499131238679,0.9905274787829311,0.9813915445568002,0.9874796437431609,0.9854363706734184,0.9890951760197364,0.9873377779861363
grateful,0.9863334104300834,sad,False,0.9886637888431098,0.9897590494138968,0.9885485686453904,0.9908482011023587,0.991419375595474,0.991601310543066,0.9826832563728289,0.9884546823945111,0.9863334104300834,0.9899369466521983,0.988217302379342
grateful,0.9869563655847384,grateful,True,0.9845477350251779,0.984171008234316,0.985046274015117,0.9836430530393583,0.9832281204193479,0.9835786486872273,0.9842337327262187,0.9845794487384274,0.9869563655847384,0.9849267262105148,0.9854959081862825
grateful,0.9287479883344324,terrified,False,0.9243708876388869,0.9253065213515708,0.9247959068468803,0.920817951016076,0.9194229787038611,0.9190132975893821,0.9317846749402391,0.9272719678219372,0.9287479883344324,0.9231064177732646,0.9265959180188449
grateful,0.9910284775279353,hopeful,False,0.9915451896724128,0.9917208363334892,0.992551399124645,0.9913240865589317,0.9920492834673196,0.9918584087884585,0.9888297910291655,0.9912397649976389,0.9910284775279353,0.9929154347407341,0.9917511032763977
grateful,0.9870380021443381,sad,False,0.9893459317099057,0.990407406206732,0.9892994436348816,0.9913443507039436,0.9920982519016903,0.9921998825517813,0.9832111537475784,0.9890593021547374,0.9870380021443381,0.990540032737038,0.9890799420939036
grateful,0.9923744168831405,lonely,False,0.9926600518208768,0.9931020836735194,0.9926678668165325,0.99366704995503,0.9942553424225358,0.9939355447023698,0.9894592702349289,0.9922337772416272,0.9923744168831405,0.9934370973006568,0.9935021430049089
grateful,0.9806066452777531,sad,False,0.9836679697622916,0.9852015747039111,0.9833140265226759,0.9866121231732452,0.9873442059301712,0.9874162028171659,0.9764027192003806,0.9836060838590905,0.9806066452777531,0.9849371676352203,0.983174197611862
grateful,0.9887551546659885,sad,False,0.9903091756408003,0.9911147695124896,0.9902102248287717,0.9922216668555733,0.992876555234413,0.9929601318299732,0.9847754125700732,0.989937844014683,0.9887551546659885,0.9914383842956125,0.9904117193453472
grateful,0.9897785978992677,anxious,False,0.9899576678483886,0.9898627474125665,0.9904862717043537,0.9892835723386842,0.9898957115282738,0.989709914073855,0.9883681056634259,0.9894510725918524,0.9897785978992677,0.9903646219331543,0.9904446580927811
grateful,0.9870835692543567,sad,False,0.9893300726833255,0.9904214442805298,0.9892970564538284,0.99140744593336,0.9919150692099635,0.9922126198275094,0.9832466538738183,0.9891367858748732,0.9870835692543567,0.9904659394037924,0.9888249770922606
grateful,0.945441311145374,terrified,False,0.9398689970428549,0.9380789720378716,0.9411764282312554,0.934738910928784,0.9338350216952803,0.9345086974273658,0.9464794130337079,0.9400386942170312,0.945441311145374,0.9384970001009576,0.9411809928263968
grateful,0.9215582657822599,terrified,False,0.9141759602859373,0.9114285744533897,0.916183910390076,0.9087381130261241,0.9087943616482524,0.9083006197074024,0.9235759559693107,0.9135388668100649,0.9215582657822599,0.912882736265569,0.916121424829888
grateful,0.9791797579468335,grateful,True,0.9784686090024846,0.9772564644754632,0.9788385886793838,0.9768432270054553,0.9761541587728687,0.9769385080381684,0.9790739781903501,0.9774769307504434,0.9791797579468335,0.9786650728620448,0.9790171498718357
grateful,0.9926364542309921,sad,False,0.9935345152527237,0.9936806905910732,0.9938558491112022,0.9942927270014593,0.9949702132104924,0.9950122255583987,0.989399097028216,0.9927850980081754,0.9926364542309921,0.9948176139990386,0.9942864456932614
grateful,0.9917752096791803,lonely,False,0.992293500713092,0.9930045197096289,0.9927084653617322,0.9930407043872129,0.9936027547277602,0.9935972278088521,0.988601604419106,0.9922107832916696,0.9917752096791803,0.9935568441969017,0.9928012792955068
grateful,0.9788452632011935,sad,False,0.9820368104042898,0.9837079088692914,0.981618891580092,0.9852004676165538,0.9859206586415428,0.9859956172820543,0.9745541463397819,0.9820582179263828,0.9788452632011935,0.9832987451035246,0.9815103524343878
grateful,0.9863068939611859,sad,False,0.988668976229548,0.9897626257494512,0.9886168675192467,0.9907792577690291,0.9915026728037537,0.9916502027426519,0.9824159470070557,0.98840293870253,0.9863068939611859,0.9897993721743967,0.9883316781658897
hopeful,0.9957651951772462,lonely,False,0.9950936440102197,0.9954539464976571,0.9952293459571617,0.9958970468629686,0.9962632901522961,0.9961092855008441,0.9925353565680015,0.9948846238597797,0.9947941659664086,0.9957651951772462,0.995836964406077
hopeful,0.9960184119128077,hopeful,True,0.9949817927831623,0.9946286062115015,0.9958211882193195,0.9946228498546603,0.9948813008558006,0.9950772288945788,0.9933649650723227,0.9945150941511917,0.9949676062924915,0.9960184119128077,0.9949963297546652
hopeful,0.9926769045642632,lonely,False,0.9915979229207853,0.9924066768997213,0.9916501411710454,0.9931866495320948,0.9937553324723886,0.9935743007950978,0.987432402907642,0.9915189172864698,0.9904241251529031,0.9926769045642632,0.9918585533335221
hopeful,0.9892167541254807,grateful,False,0.9888194310217372,0.9886358152003165,0.989430381562874,0.9877430035724087,0.9878711334551968,0.9878802421132515,0.9887959854804521,0.9888356787818884,0.9894732317167709,0.9892167541254807,0.989254075891619
hopeful,0.9953583837829723,lonely,False,0.9944281028858355,0.9947968651955528,0.9946916174861153,0.9950631666236331,0.9956532911238667,0.995411648705333,0.9915547667742522,0.9942650846415869,0.9939269421637084,0.9953583837829723,0.994747776224344
hopeful,0.9931578140755828,lonely,False,0.9920251379907634,0.9928761995337498,0.9920918746701896,0.9936261923555239,0.9941412465364476,0.9940166338184023,0.9878625136440233,0.991983960511923,0.9908842960785316,0.9931578140755828,0.9923659915539084
hopeful,0.994942413825762,hopeful,True,0.993679104117891,0.9940553019517433,0.9941858369948554,0.9945289069304356,0.9948371530103088,0.994866709689439,0.9905721718381671,0.9935437808349344,0.9932042645059729,0.994942413825762,0.994087445453544
hopeful,0.9906884942102954,lonely,False,0.9894661970658885,0.9904465898800019,0.9895164880463156,0.9914528436924542,0.9920318804752882,0.9918381767735741,0.9847664315152972,0.9894503992536013,0.9881794092247875,0.9906884942102954,0.9898099813304422
hopeful,0.9892346802721612,lonely,False,0.9879601268683317,0.9890607448160994,0.9879742566144305,0.9901430594091227,0.990729605223454,0.990509816179621,0.9830452985386339,0.9880051787049248,0.9865994457062426,0.9892346802721612,0.9883568910322833
hopeful,0.9933167396076727,anxious,False,0.9931245007773424,0.9930639636161256,0.9933642085493912,0.9926863282529189,0.9924884900710933,0.9928139326953493,0.9922451211014346,0.9930262573178235,0.9929397651607585,0.9933167396076727,0.9931761297150967
hopeful,0.9854996483636559,terrified,False,0.9857291838721494,0.9852306207950435,0.9862739852685023,0.9850093142266947,0.9845446718008393,0.9848065449308105,0.9868977150643925,0.9856706736160207,0.986356402956908,0.9854996483636559,0.9862802271212083
hopeful,0.9906610155076577,lonely,False,0.9894470666957783,0.9904383506638209,0.9894852117051015,0.9914336259890781,0.9920098629637741,0.9918198818793641,0.9847491700875074,0.9894392416253642,0.9881534347173047,0.9906610155076577,0.9897942707820333
hopeful,0.9931540793209902,lonely,False,0.9920594416693889,0.9928058886795139,0.9921995582287505,0.9936821688077687,0.994219399012501,0.9941121681349693,0.9878109626292836,0.991927061067741,0.9910019657741306,0.9931540793209902,0.992379786793928
hopeful,0.9949504177511717,hopeful,True,0.9944694011952551,0.9944226597932637,0.9948687646957561,0.9942634555917426,0.9946962376878511,0.9947582222550762,0.992629384235238,0.9941986684824233,0.9943568038754765,0.9949504177511717,0.9948188003269074
hopeful,0.9958741450806946,hopeful,True,0.9946231511132686,0.99467481436321,0.9951455478570007,0.9948155288804734,0.9954151233646342,0.9953590376712413,0.9919710286847294,0.9942580176055462,0.9942547585135124,0.9958741450806946,0.9948823317396169
hopeful,0.9956016842169089,lonely,False,0.9945794945221513,0.9950829156339109,0.9947495401850722,0.9953589519373134,0.9958094447454654,0.9957011186636372,0.991450232399478,0.9945240704856237,0.9940333761023293,0.9956016842169089,0.9951570836976513
hopeful,0.9955203431277231,hopeful,True,0.9946018745773381,0.99490223339163,0.9949815503746731,0.9950299397139415,0.9954261179519217,0.9953674846568186,0.9919212389412337,0.9944812359388899,0.9943682224025228,0.9955203431277231,0.9950123369301325
hopeful,0.9952053979943575,hopeful,True,0.9949076231875069,0.9949818086942723,0.994954845445537,0.9946168980418962,0.9949314226854693,0.9949103468891795,0.9932789178845145,0.9947611781375569,0.9944987926742412,0.9952053979943575,0.9950246080332484
hopeful,0.9958780910329168,sad,False,0.9948719867867636,0.995234303489949,0.9951361086002894,0.9956847626526136,0.9961728378563749,0.9961892310705275,0.9916303096353529,0.9945997740671195,0.9941850260848937,0.9958780910329168,0.9951252307822436
hopeful,0.9954530608865344,lonely,False,0.9950946328254897,0.9955179984000635,0.9950537171326236,0.9956661619244385,0.9958864056117319,0.9957968765955916,0.9931732912997115,0.9950451948028392,0.9951554674532476,0.9954530608865344,0.9957090234664379
hopeful,0.9533168454742615,terrified,False,0.9531810554944226,0.9521414226002074,0.9540768419982142,0.9496664826171936,0.9499470166566221,0.9492289708291052,0.9576523834478734,0.9534260313034695,0.9556375721353031,0.9533168454742615,0.9539476350100652
hopeful,0.9957652469937952,lonely,False,0.994943317008816,0.9953629124161489,0.995110636445492,0.9960024686262112,0.9965653384042379,0.9964276471503318,0.9914900965578144,0.9946597065277006,0.9941642090054129,0.9957652469937952,0.9952958565024927
hopeful,0.9937040227791342,lonely,False,0.9925713370283517,0.9932384153808193,0.9927504957804484,0.9939840504514462,0.9944482573399507,0.9943904407873294,0.9886259554620682,0.9924470531351398,0.9916158841909544,0.9937040227791342,0.9929204160171251
hopeful,0.9810248142236595,terrified,False,0.980618700625987,0.9802238391012483,0.9813244108580508,0.9797051293703424,0.9790844212730099,0.9794020738392027,0.9827348483081327,0.980774001314703,0.9822980108209458,0.9810248142236595,0.9813976898412845
hopeful,0.9912097031391176,anxious,False,0.9913803775673624,0.9901466765283476,0.9921232747427762,0.9901990286540605,0.9902878027025926,0.9905567626538823,0.9914883879955527,0.9904816883681676,0.9911877237910963,0.9912097031391176,0.9904072557696211
hopeful,0.993892898210506,lonely,False,0.9927424471055217,0.9935522633085894,0.9928726151803339,0.9941554434341233,0.994653678830698,0.9945165057599682,0.988878051518506,0.9926981670715902,0.9916958550847242,0.993892898210506,0.9931331843371938
hopeful,0.9903983875110287,terrified,False,0.9912830079365686,0.991245904763707,0.9906789526308106,0.9907452178829064,0.9900665146168861,0.9907086666317003,0.9916945817013432,0.9914039228547655,0.9908171891204156,0.9903983875110287,0.9908479447251659
hopeful,0.9913716486193647,lonely,False,0.9901713973821487,0.9910577527852577,0.9902390798098419,0.9920099714462154,0.9925662086980782,0.9924031799164013,0.9855892488184197,0.9900918775198548,0.9889022903898987,0.9913716486193647,0.9905123394034341
hopeful,0.9968241046523867,hopeful,True,0.9956817211311237,0.9959809748183912,0.9960457051369691,0.9962337943749626,0.9965608035323623,0.9965942761295943,0.9932604221762547,0.9953898136626341,0.995378755575625,0.9968241046523867,0.9963106817261248
hopeful,0.9936645402168668,lonely,False,0.9924688457185353,0.9932287690439963,0.9926384670319273,0.993984833103044,0.9944575745489869,0.9943743034409126,0.9884727544632212,0.9924130261015134,0.9915537897447663,0.9936645402168668,0.9927933022761466
hopeful,0.9955657486671399,lonely,False,0.9948708478542445,0.9950366760621845,0.9951041752023468,0.9952268115880205,0.9957523298302444,0.9955741629262808,0.9922926319023287,0.9945514416303851,0.9943536894022438,0.9955657486671399,0.9951838101287919
hopeful,0.9957890557479082,lonely,False,0.994891266762163,0.9955519412033621,0.9949705246840449,0.9957312045932508,0.9960388373015614,0.9960367369319657,0.9919663228239368,0.9949390818575159,0.9940472095679008,0.9957890557479082,0.9952260917541738
hopeful,0.994237927416149,lonely,False,0.993255599006705,0.9938470976170148,0.9934353194470114,0.9944156596962948,0.9949390175901771,0.9948445572804869,0.9895422163789315,0.9931114377141488,0.9923639986371068,0.994237927416149,0.9934947980299744
hopeful,0.9919881406547926,grateful,False,0.9912435331137126,0.9911434581440163,0.9916503528837206,0.9905686996382026,0.9904933469532354,0.9907935617164629,0.99125825229249,0.9913246345155561,0.9921096468129293,0.9919881406547926,0.9918965671141338
hopeful,0.9934497582037807,lonely,False,0.9923111528041672,0.9930925895552205,0.9924286497990604,0.9938109308930401,0.9943730073500112,0.994209591250005,0.9882465370438803,0.9922579153068533,0.9913168506909039,0.9934497582037807,0.9926637447296615
hopeful,0.995166273248363,lonely,False,0.9940869787205994,0.9946677332334782,0.9943952593959205,0.9951364004846536,0.9956080451861664,0.9955182204517806,0.9906285085847791,0.993993191590151,0.993342125269052,0.995166273248363,0.9944686403661493
hopeful,0.9950541945475261,anxious,False,0.9946753520518437,0.9947173292662969,0.9950655904673658,0.9944360183730019,0.9946905398273305,0.9948396651527861,0.9928545087920271,0.9944428190281321,0.9942478136737226,0.9950541945475261,0.9945686681611287
hopeful,0.9829800328180208,grateful,False,0.9822546790430264,0.9815044203725323,0.9832660769607072,0.9806533677284011,0.9806318787118937,0.9808182960453383,0.9831096264888137,0.9820811016867155,0.9833837165907825,0.9829800328180208,0.9827868518232432
hopeful,0.9908944223024948,terrified,False,0.9907148114714366,0.9903382649145618,0.9910025252024179,0.9896795618233163,0.9894180990451538,0.9896982059773344,0.9911672353098746,0.9903477804371144,0.9911538071105641,0.9908944223024948,0.9910595321104244
hopeful,0.9931446579485286,lonely,False,0.9920353973404498,0.9927434737189872,0.9921210053127483,0.993599179678588,0.9941388097901127,0.9940030439936327,0.9878766797046039,0.9918996734644906,0.9910957024029378,0.9931446579485286,0.9923948977928154
hopeful,0.9954889423546194,sad,False,0.994044493568728,0.9945112618932878,0.9946295807637698,0.9952739268365755,0.9955446883382654,0.9956224449272657,0.9909055662303776,0.9939166361014888,0.9937432973994779,0.9954889423546194,0.9945135847042555
hopeful,0.9963806759285079,lonely,False,0.9952370760783769,0.99575578903611,0.9956251700881518,0.9960374937022753,0.9964389382776856,0.9963829890288878,0.9922374222527955,0.9951457512822703,0.994681051378824,0.9963806759285079,0.9956296413185357
hopeful,0.9877703090763089,grateful,False,0.9877696952371302,0.9871275588978977,0.9881833629467756,0.9870060027839299,0.9868032435786016,0.9868611527722486,0.9884294208393445,0.987436901064364,0.9887482287216482,0.9877703090763089,0.9884281489173953
hopeful,0.9922878308176052,grateful,False,0.9923399151072765,0.9925441626761505,0.9924117602656807,0.9918834825251732,0.9916568567003117,0.9917806370576021,0.992140764459951,0.992703044703665,0.9927931608912792,0.9922878308176052,0.992752319189832
hopeful,0.9931577194240433,lonely,False,0.9920497782772071,0.9927271007943731,0.9921991574206414,0.9934580634259448,0.9940806214782134,0.9938760221608496,0.987951006153412,0.9918739217336863,0.9910653561687007,0.9931577194240433,0.9923397489778718
hopeful,0.9945176402982785,hopeful,True,0.9936372799720897,0.9935927238720701,0.9942344822798588,0.9932405204365993,0.9933956309487181,0.9934082190556933,0.9929087546340553,0.9936390033395575,0.9942690079031093,0.9945176402982785,0.9941685763667838
hopeful,0.9936645402168668,lonely,False,0.9924688457185353,0.9932287690439963,0.9926384670319273,0.993984833103044,0.9944575745489869,0.9943743034409126,0.9884727544632212,0.9924130261015134,0.9915537897447663,0.9936645402168668,0.9927933022761466
hopeful,0.9925511500993948,faithful,False,0.992830477345171,0.9924220480968367,0.992758963290083,0.9921686620261402,0.9924109361474519,0.9924026577210874,0.9922781591296924,0.9923560870734162,0.9930403793369792,0.9925511500993948,0.9931956880310524
hopeful,0.9929807949905044,lonely,False,0.9918619533091555,0.992621442546534,0.9919185168253556,0.9934238872396508,0.9938851631937007,0.9937905480830134,0.9877158613459454,0.9917431382765254,0.9906726353008619,0.9929807949905044,0.992153864643168
hopeful,0.9936956826814541,lonely,False,0.9926399194581326,0.9933408807912374,0.9927265259911391,0.9941136323775606,0.9945175447578265,0.9944869426497139,0.9887088824555187,0.9925418739225267,0.9915996375613808,0.9936956826814541,0.9928330009791712
hopeful,0.9957859180933506,lonely,False,0.9949766912910389,0.9953276974438497,0.9951737324166258,0.9955807207273162,0.9962550337212824,0.9958384379914293,0.9927035366324448,0.9948073666204477,0.9954496564400123,0.9957859180933506,0.996008823655113
hopeful,0.9966340939236101,hopeful,True,0.9952792865907946,0.9955042110421197,0.9959999048980568,0.9956177534854586,0.9957577437076574,0.9959975493952067,0.9932809923018618,0.9952882158694533,0.9957840424517542,0.9966340939236101,0.9957865459782902
hopeful,0.9951330606184461,hopeful,True,0.9940862972893186,0.9943149856783999,0.9946807891820254,0.994499707539221,0.9947712981669926,0.9948614355033008,0.9922635932958972,0.9939765106440173,0.994593936081407,0.9951330606184461,0.9945855778357973
hopeful,0.9892346802721612,lonely,False,0.9879601268683317,0.9890607448160994,0.9879742566144305,0.9901430594091227,0.990729605223454,0.990509816179621,0.9830452985386339,0.9880051787049248,0.9865994457062426,0.9892346802721612,0.9883568910322833
hopeful,0.994219614088864,lonely,False,0.993019458030254,0.9936935504461806,0.9932253489878056,0.9944189592931199,0.994979274787554,0.99482337477775,0.9891215318559139,0.9928811547003358,0.992242350584692,0.994219614088864,0.9934828708061203
hopeful,0.9953944788019388,sad,False,0.9946028236047494,0.9949732656036607,0.994888917789897,0.9955119544813473,0.9957487891141107,0.9959199470788803,0.9916057853748478,0.9944311512418871,0.9940166200048852,0.9953944788019388,0.9947026461762563
hopeful,0.9907906321880718,angry,False,0.9908456373606205,0.99088721462166,0.9907284984188982,0.9901510511947111,0.9900163133755675,0.9902195879852436,0.9904292144625049,0.9908574629311697,0.9905036997689549,0.9907906321880718,0.9907509519796686
hopeful,0.9948248877981749,hopeful,True,0.9939698127894101,0.9938287717826628,0.9944030698502412,0.9937609167501067,0.9941058922744848,0.9941069641143437,0.9924487702491537,0.9936140924781507,0.9940171555872783,0.9948248877981749,0.9945943941033691
hopeful,0.9959977230982825,hopeful,True,0.9953207815520415,0.9951031737527776,0.9957582237433942,0.9953332749080599,0.9958158324419881,0.9957993712757445,0.9930250480230888,0.9947711508562757,0.9949798176989781,0.9959977230982825,0.9955281153105753
hopeful,0.9971652872756271,hopeful,True,0.9959125727294341,0.9962657945378758,0.9962709466078064,0.9965473186899826,0.9966879769217005,0.9969211187775225,0.9937049561627167,0.9957914212648241,0.9956171021193128,0.9971652872756271,0.996303350628107
hopeful,0.9956583793492088,hopeful,True,0.9945501938046708,0.9948019192211572,0.9950233464628262,0.9951314797805062,0.9955993918147721,0.9954990454910789,0.9919020082444654,0.9943447854483317,0.9945225566358514,0.9956583793492088,0.9949956030840958
hopeful,0.9961035117961446,lonely,False,0.9949130378746897,0.9954132160115482,0.9952995729936213,0.9956280828655181,0.9962158494634691,0.9961095822480506,0.991843856860929,0.9948023635851571,0.9945136643282317,0.9961035117961446,0.995428783232543
hopeful,0.9917179352080965,lonely,False,0.9905278926145861,0.9914000882509721,0.990631261671028,0.9923104339096688,0.9929133028368424,0.9927173454746009,0.9860182442683222,0.9904580441762922,0.9892976932800005,0.9917179352080965,0.990842630362747
hopeful,0.9922434047127489,lonely,False,0.9910572384008248,0.9918904431517763,0.9911590874730325,0.9927569916967933,0.9933347620411093,0.9931733749365581,0.9866615409481185,0.9909605719925657,0.9898913295365281,0.9922434047127489,0.9914130090208775
hopeful,0.9941226429242989,lonely,False,0.9929875751281598,0.9936142931865302,0.9932393313168539,0.9942540797673624,0.9948071086530441,0.994697499742198,0.9890339332144411,0.9928098993224537,0.9919848983277629,0.9941226429242989,0.9932772629909683
hopeful,0.9892346802721612,lonely,False,0.9879601268683317,0.9890607448160994,0.9879742566144305,0.9901430594091227,0.990729605223454,0.990509816179621,0.9830452985386339,0.9880051787049248,0.9865994457062426,0.9892346802721612,0.9883568910322833
hopeful,0.9946969991305744,lonely,False,0.9938264676905839,0.9944071277269766,0.9938672988800197,0.9951469959447216,0.9955365602625756,0.9955107671775414,0.990196401171648,0.9936569764905802,0.9928188404723072,0.9946969991305744,0.994079743963532
hopeful,0.991842437599851,grateful,False,0.9922721204942447,0.9918179081736702,0.992562465441782,0.9914473559251308,0.9911252983387617,0.9914514699451284,0.9926675849744229,0.9922787775555995,0.9935155211532278,0.991842437599851,0.9919969489137206
hopeful,0.9921712651349828,hopeful,True,0.9906173084991423,0.990397670238882,0.9917006406015967,0.9910377469057692,0.9909779331460318,0.991217273697381,0.989712969819668,0.990343797714625,0.9919911910565402,0.9921712651349828,0.9917991776909165
hopeful,0.9960423324122065,hopeful,True,0.9942782459305162,0.9944532442557148,0.9950301741607016,0.9946625654465836,0.9952327434023412,0.9950685914769843,0.992032655290044,0.9940569003011157,0.9948437102136125,0.9960423324122065,0.995176082817418
hopeful,0.9948191310177972,lonely,False,0.9941894175316801,0.9944058844694543,0.9943418373756743,0.9944771526257938,0.9948660691002145,0.994668430174403,0.9923301610501833,0.9940654064464696,0.9940353661652213,0.9948191310177972,0.9945434591394303
hopeful,0.9957835988432406,sad,False,0.9947898406838882,0.9951635104134882,0.9950152577464733,0.9954302276741163,0.9957448948454438,0.9957931096626947,0.992291140840589,0.99464593312112,0.9943919870744512,0.9957835988432406,0.9952765587552939
hopeful,0.9951855384573399,hopeful,True,0.9942921438173538,0.9946590285612721,0.9948107477690233,0.9945620460163782,0.9946349209718283,0.9947636916854412,0.9923900849357019,0.9944367344266629,0.9944500074429353,0.9951855384573399,0.9947170009588111
hopeful,0.993009656457112,hopeful,True,0.9917122712782612,0.9916055798860293,0.9925821724094032,0.9915578605809614,0.9917747102253776,0.9918744080597783,0.9900405957137948,0.9914920809155107,0.9920077177825548,0.993009656457112,0.9922758345133494
hopeful,0.9936194895783631,lonely,False,0.9924374747406863,0.9931700426389785,0.9926014069491009,0.9939518092757942,0.9944148369080847,0.994338216010274,0.9884285383518214,0.9923645307737655,0.9915210738314322,0.9936194895783631,0.9927537986689334
hopeful,0.9957515623853667,hopeful,True,0.9943126900157222,0.994417396249403,0.9949684627686111,0.9945438263420965,0.9947622038579156,0.9949157975546166,0.9922348879993768,0.9941108855176206,0.9941678770774052,0.9957515623853667,0.9945434774403644
hopeful,0.9923644659426119,lonely,False,0.9912411338745741,0.9920170569500474,0.9912971373367873,0.9928512687855608,0.9934176469505976,0.9932550103468756,0.9869205637914218,0.9911127063304666,0.9900315137245997,0.9923644659426119,0.9915433811645726
hopeful,0.996962610455221,hopeful,True,0.9958856935873229,0.9963240633203951,0.9962176886895215,0.9966020387262315,0.9967462937642058,0.9968406939250101,0.9932828737851249,0.9958806562532152,0.9956708459954627,0.996962610455221,0.9963550468629653
hopeful,0.9915487915990104,lonely,False,0.9903207385681713,0.991239915372227,0.9904137144725782,0.9921422647836807,0.9927199658994268,0.9925218809231454,0.9857643450476041,0.9902853260478145,0.9890568381857459,0.9915487915990104,0.9906195190551018
hopeful,0.996139702695382,lonely,False,0.9952224543774799,0.9954909687033875,0.9954181566909861,0.9961737692188086,0.9967472870326017,0.9965964718202445,0.991956736886601,0.9948344289646948,0.9947468239323323,0.996139702695382,0.9958467629652502
hopeful,0.994902742819246,sad,False,0.9939510221867468,0.9944999681318293,0.9941690678023315,0.9953213697155916,0.9957008450170816,0.9957224647664529,0.9902079209707058,0.993783140520083,0.9931530957906302,0.994902742819246,0.9941886367058491
hopeful,0.9961979120938071,hopeful,True,0.9947353368377512,0.9951897807775465,0.9952538737872467,0.9955273740280987,0.9958659159346441,0.9959751949302527,0.9916661365013142,0.9946237742694531,0.994171773192122,0.9961979120938071,0.9949272399200069
hopeful,0.9963834949172032,hopeful,True,0.996119005733079,0.996147762664569,0.9962095033997351,0.9960342931346754,0.9962214713422621,0.9962293344251245,0.9947842055363133,0.9958298423875109,0.9958072492251362,0.9963834949172032,0.9963689119699545
hopeful,0.9949323310415499,angry,False,0.9945838746670612,0.9949415006120387,0.9947191139551661,0.9945088293243268,0.9947422310630285,0.9947560094322131,0.9931179528718808,0.9946505486731902,0.994630224148079,0.9949323310415499,0.9948845037521992
hopeful,0.9906597991820445,lonely,False,0.9894348667966609,0.9904211005567423,0.9894746848998474,0.9914254993292808,0.9919939251272999,0.9918051693528898,0.9847397668707747,0.9894188930943624,0.9881452998633095,0.9906597991820445,0.9897997079692344
hopeful,0.9934542704348852,lonely,False,0.9923202393918286,0.9930822298555423,0.99246688498452,0.9938535817456797,0.994424910143656,0.9942567283986584,0.9882357009948262,0.9922387921475883,0.9914205336855025,0.9934542704348852,0.9927224997634467
hopeful,0.9952574763875865,sad,False,0.9950714152451487,0.9953230243715195,0.995207262421447,0.9952068498431994,0.9953696175740584,0.9953974703582706,0.9935634694111343,0.9950998908810564,0.9947133847523174,0.9952574763875865,0.9952514651393696
hopeful,0.995850393294911,lonely,False,0.994974481504184,0.9953302980014167,0.9953002990740694,0.9957455974846775,0.9962251398875928,0.9961643127594194,0.9918348809366682,0.99475620006748,0.9942404024695297,0.995850393294911,0.9950844364591644
hopeful,0.9949262175114191,lonely,False,0.9938442294261797,0.9944144998250966,0.9939823128261939,0.9950017319603112,0.9955846681126725,0.9954018983530846,0.9903747505457705,0.9937172186209369,0.9933104883049046,0.9949262175114191,0.9945012558685231
hopeful,0.9958508272489108,sad,False,0.9946033510387788,0.9951304965569637,0.9949277716486908,0.9956764200923324,0.9960730074481638,0.9960910048241949,0.9911761094498561,0.9944349152400968,0.9938701259582956,0.9958508272489108,0.9949721672769563
hopeful,0.9946453118743704,lonely,False,0.9935200542237502,0.9940039071079314,0.9936773105748812,0.9945215117896333,0.994942528193683,0.9948972849786701,0.989925921992626,0.9932743785014945,0.9924459245942496,0.9946453118743704,0.9937392595707815
hopeful,0.9894633206125183,terrified,False,0.9898578521593833,0.9897850067271229,0.9899732663182922,0.9888742307697831,0.9886008515652933,0.9888238711210712,0.9907384540533302,0.9900334694954491,0.9904347301327512,0.9894633206125183,0.9903111578888469
hopeful,0.9959865198982387,lonely,False,0.9948976066480693,0.99533201154359,0.9952457358954552,0.9957917301892651,0.9963096949649345,0.9962345877204217,0.9916613566530107,0.9947207592649834,0.9945880664914116,0.9959865198982387,0.995317202954735
hopeful,0.9945054036769906,lonely,False,0.9933368173701166,0.9939362031986146,0.9936362138527316,0.9944954499523182,0.9950064244936403,0.9949266094960649,0.9896535817146159,0.9932100858246307,0.9925369327088788,0.9945054036769906,0.9935646855595522
hopeful,0.9959328163328025,lonely,False,0.9950753716557016,0.9954471007041888,0.995155958870064,0.9958317230360488,0.9962874751857533,0.9962151454056424,0.992049728771852,0.9948010075766094,0.9944068698796947,0.9959328163328025,0.9954647749289562
hopeful,0.9962852366960506,lonely,False,0.9958706593235604,0.9960946949797348,0.9958659308607098,0.9963000989420493,0.9968069749349925,0.9966897555306657,0.9931183683789988,0.9955656787665509,0.9948577569118078,0.9962852366960506,0.9957281730800184
hopeful,0.9936086943052747,lonely,False,0.9924000997246564,0.9931633523089133,0.9925687385852884,0.9938939207160904,0.9943933245712486,0.9943012184381227,0.9883760398321321,0.9923382990590384,0.9914682006362067,0.9936086943052747,0.9927323584467809
hopeful,0.9944815371850739,lonely,False,0.9939061065730468,0.994361828040105,0.9938947363374027,0.994217782275084,0.9946561796451586,0.9944621116407082,0.9915163937425295,0.993881133291495,0.9932858137762033,0.9944815371850739,0.9942119576270441
hopeful,0.9935379736193346,lonely,False,0.9922823929297131,0.9931176392131009,0.9924583705262175,0.9938432991957098,0.9944071337658145,0.9942479963313818,0.9882114543080451,0.9922612189333672,0.9914681400577867,0.9935379736193346,0.9927550061425121
hopeful,0.9912480168334556,anxious,False,0.990524984390109,0.9902742496588943,0.9912846098504978,0.9899261800677005,0.9896866793207681,0.9899890984891527,0.9901039039815351,0.9904624826658309,0.9909556368750352,0.9912480168334556,0.990818317865985
faithful,0.9985144671693122,devastated,False,0.9984369150338388,0.9985233207970053,0.9983312087659038,0.9986293420256653,0.9984959248615216,0.9985945072180209,0.9982625883615186,0.9984935239984459,0.9983887716859924,0.9983410238577892,0.9985144671693122
faithful,0.9979721323195765,hopeful,False,0.9978904605408274,0.997904659209081,0.9979970935351603,0.9979359373001695,0.9979429832891096,0.9979852084075965,0.9975906770720453,0.997829261667796,0.9978722046444366,0.99800233114965,0.9979721323195765
faithful,0.9985562570785219,anxious,False,0.9985386371502605,0.9985598004869712,0.9986828246346636,0.9985478943612488,0.9985919274677908,0.9986615922967871,0.9981304162053906,0.9984539773893479,0.998485815307851,0.998649983991023,0.9985562570785219
faithful,0.9831248802552379,terrified,False,0.9822194198870116,0.9820039854785594,0.9822880170675904,0.9816832619218879,0.98163891650657,0.9814372273145417,0.9836854725928517,0.9823364156002596,0.9830932653285963,0.9817356021320871,0.9831248802552379
faithful,0.998710536997878,hopeful,False,0.9985560047196669,0.9987489248722764,0.9986764686368788,0.9987438928075398,0.9988402348086898,0.9988393017537398,0.9978167159851203,0.9985389918081864,0.9984394064664867,0.9988924996144426,0.998710536997878
faithful,0.9980509674348914,lonely,False,0.9980374602619898,0.9982857509010666,0.9980594157749814,0.9984189917969204,0.9985468358158721,0.9985427247899007,0.9970244096773665,0.9979819263398846,0.9977069917937587,0.9983283760743134,0.9980509674348914
faithful,0.9981378145719806,sad,False,0.9981146746882974,0.9983267238130604,0.998154438682355,0.998417452636309,0.9985150993608483,0.9985348027388092,0.9972516438350683,0.9980803876319548,0.9978873980886762,0.9984062179091415,0.9981378145719806
faithful,0.9983570746969537,sad,False,0.9983147902051823,0.998529374813266,0.9983655524047841,0.9986230459223239,0.998743220446264,0.9987476129888642,0.9973985645507353,0.9982556717108474,0.9980582153472922,0.9986013188953018,0.9983570746969537
faithful,0.9979820384179715,sad,False,0.997937326113246,0.9980752152122806,0.9979405049707479,0.9982445418659485,0.998266816639102,0.998327990295022,0.9972446479965436,0.9978654990574887,0.9977056348821134,0.9981117826991246,0.9979820384179715
faithful,0.9979113031040544,angry,False,0.9978768163628489,0.9979746034418601,0.9979231644898099,0.9979198214844518,0.9979149522427111,0.997965725525414,0.9975217837604179,0.9978725148240764,0.9978399048638827,0.9979650917963464,0.9979113031040544
faithful,0.9980956747531647,faithful,True,0.9978942845848919,0.9978590764237661,0.9979823167645897,0.9977891151543945,0.9979445520406405,0.997852774036707,0.9976546237844566,0.9977695943875825,0.9978286953131326,0.9979884575741557,0.9980956747531647
faithful,0.9864107748973925,terrified,False,0.9865460036378653,0.9860730112604594,0.986304587806903,0.9854111388571085,0.9852855856461409,0.9851431790554195,0.9882286487623231,0.9867147899685481,0.9869567190218108,0.9854839823907154,0.9864107748973925
faithful,0.997980920405499,lonely,False,0.9979131718465881,0.9981930022948426,0.9979396897961319,0.9983161327274798,0.9984520101765118,0.9984288843259881,0.9969225028409648,0.9978923040038584,0.9976678185560717,0.9982447852445657,0.997980920405499
faithful,0.9986349676745407,hopeful,False,0.998444802351665,0.9986223361194253,0.9986036905343422,0.9985748643835869,0.998661111512404,0.9986504914142253,0.9980196919459797,0.9985243990478788,0.9986330886385025,0.9987829443417482,0.9986349676745407
faithful,0.9811259691603484,terrified,False,0.9813368952223953,0.980886593514246,0.9811687077692974,0.98032531045965,0.9799475706114509,0.9801978294970033,0.9828511178292811,0.9813784262872844,0.9817041490285817,0.980694673586755,0.9811259691603484
faithful,0.9979250135939205,lonely,False,0.997909055133945,0.9981758242020718,0.9979217002692857,0.9983200093687021,0.9984513364025572,0.9984419557563735,0.9968588005164231,0.9978600173090548,0.9975576053957543,0.9982069328623517,0.9979250135939205
faithful,0.9977550968918178,lonely,False,0.9977419426173819,0.9980225350972436,0.9977511098566467,0.9981755408189936,0.9983132611391982,0.9982913497219064,0.9966729487248659,0.9977090222609288,0.9973862312447017,0.9980497385109598,0.9977550968918178
faithful,0.9975100994786539,lonely,False,0.9974725142723492,0.9977864199963566,0.9974755728830187,0.997957795587913,0.99810017525355,0.998068500075507,0.9963419253753203,0.9974446417398793,0.9971037236484835,0.9978001891847507,0.9975100994786539
faithful,0.9978704329492339,faithful,True,0.9976919682644422,0.9977460377416947,0.9976422176654844,0.9977136219001178,0.9977175364631925,0.9976697280617061,0.9975786294589727,0.9977209269572367,0.9976426423791176,0.9975717657953049,0.9978704329492339
faithful,0.9986420676408698,faithful,True,0.9984810832219546,0.9984778183544061,0.9985243657460829,0.9985821894871496,0.9986192553730062,0.9985765277457561,0.9981961461137829,0.9984017073712552,0.9984797528733563,0.9985342113729134,0.9986420676408698
faithful,0.9977699679123961,anxious,False,0.99775381580054,0.9975419778324839,0.9978975568452169,0.9974692167654188,0.9974604526225537,0.9975342891878812,0.9976746282487106,0.9975358893574487,0.9977576774841825,0.9978662337428343,0.9977699679123961
faithful,0.998343426239866,lonely,False,0.9982246782282603,0.9984719868338103,0.9982197634626732,0.9985735514455373,0.9987013390686992,0.998670448187806,0.9973353629655964,0.9981905975919205,0.9979780294819554,0.998476801703213,0.998343426239866
faithful,0.9983560294328795,lonely,False,0.9982261825870434,0.9984175043895953,0.9982711138675633,0.9984981951059881,0.9986045343551858,0.9985721655502224,0.9975077434312306,0.9981986916462688,0.9981322143982023,0.9984553487786583,0.9983560294328795
faithful,0.9986148545810755,faithful,True,0.9983811590377575,0.9984366519723725,0.9984374690525185,0.9984041299783853,0.9984683030944363,0.9984310781081145,0.998080125667002,0.9983401653920073,0.9983412371874464,0.9983809804631714,0.9986148545810755
faithful,0.9977342821171218,lonely,False,0.9977192627051978,0.9979995377820813,0.9977292529961364,0.9981546105097749,0.9982957099763445,0.9982702851775029,0.9966473967338263,0.9976860043068883,0.9973619292688958,0.9980267261020093,0.9977342821171218
faithful,0.9981876734137777,lonely,False,0.9981046460327646,0.9983228513200764,0.9981502697924529,0.9984534833408073,0.9985327895494851,0.9985319098661625,0.9972654128109626,0.9980768174337754,0.9979915448184622,0.9983658935396191,0.9981876734137777
faithful,0.9980505998362366,lonely,False,0.9980282736277069,0.9982817223828104,0.9980515672522101,0.9983803943465538,0.9985208374768944,0.9984974351374242,0.9970559995853541,0.9979874697247821,0.997704158116663,0.9983108512742098,0.9980505998362366
faithful,0.9983568472627085,lonely,False,0.998305052956652,0.9985021272869383,0.9983423289644198,0.9986039893012582,0.9987356941745509,0.9987247165073463,0.9974276542562589,0.9982359714391024,0.9980518744625064,0.9985489760650214,0.9983568472627085
faithful,0.998569190842115,sad,False,0.9985309982664833,0.9986888387477953,0.9985513787219408,0.9987986085530388,0.9988190859460931,0.9988619983685283,0.9979003528915242,0.9985151333979171,0.9983359868823334,0.9987149837598301,0.998569190842115
faithful,0.9983872683824428,sad,False,0.9983789584828785,0.9985769125825948,0.9983735103531547,0.9986350046326906,0.9987025212617162,0.9987077244619174,0.9976706888145775,0.9983699126808742,0.9981678091546764,0.998534405216098,0.9983872683824428
faithful,0.9986524725000432,sad,False,0.9985386936637067,0.998693381635919,0.9986178521923997,0.9987507861053084,0.9988805167849957,0.9988828853011887,0.9977885213032837,0.9984760290453992,0.9983938348855846,0.9988539066408938,0.9986524725000432
faithful,0.9986929859294074,faithful,True,0.9984835190059673,0.998565039343196,0.9985306409484822,0.998530911050161,0.9986512999673377,0.9986381485795164,0.9980516550808363,0.9984252274259513,0.9985889300252658,0.9986325875184626,0.9986929859294074
faithful,0.9969492405657532,anxious,False,0.9968641972793588,0.9967465796012478,0.9971126171992731,0.9965787237623984,0.9965793783828999,0.9966419076442743,0.9968208496226253,0.9967681614337326,0.9968924586589436,0.9970724307553205,0.9969492405657532
faithful,0.998524118181771,sad,False,0.9985098396415711,0.9987266561861429,0.9985339177339867,0.9987814545525274,0.9988961910661028,0.9988968533802844,0.9976822401088309,0.9984936511229077,0.9982386443500659,0.998709596127107,0.998524118181771
faithful,0.9983737919570537,lonely,False,0.9982724696875249,0.9983973039812486,0.9983718561695767,0.9983624610565411,0.9985004204587975,0.9984306459291803,0.9978527048844703,0.9982854283889836,0.9982442080590602,0.9984352120167431,0.9983737919570537
faithful,0.9986599809295416,sad,False,0.99862385245828,0.9987987662150224,0.9986582367246337,0.9988660520378474,0.998951788137918,0.9989697166797314,0.9978655643810916,0.9985660735189881,0.9983820909579803,0.9988324007530897,0.9986599809295416
faithful,0.9984148650347073,lonely,False,0.9983381877331152,0.9985670849359647,0.9983492981934252,0.9985892196163113,0.9987397093479361,0.9986714062384319,0.9975607029328585,0.9983143141529539,0.998088321501147,0.9985423733376606,0.9984148650347073
faithful,0.9969176247800428,grateful,False,0.9967758922022417,0.9965729922741574,0.9968352897080421,0.9964164759909816,0.9963769747406466,0.9964515043804508,0.9969169387280233,0.9966562236455834,0.9969316963763056,0.9966728537404561,0.9969176247800428
faithful,0.9990041116090158,hopeful,False,0.9988751485854925,0.9990308853452798,0.9990250228913449,0.9990152430793442,0.9990818970635542,0.9991177025854574,0.9982929269726092,0.9988830503007349,0.9988318989039617,0.9992091188366141,0.9990041116090158
faithful,0.9981548384268557,anxious,False,0.9980983720911316,0.9981443885589455,0.99827666962014,0.9981492719660818,0.9981139809758384,0.9982216782156212,0.9977174386374353,0.9980814013404145,0.9981032738946143,0.9982589980876063,0.9981548384268557
faithful,0.998284937012853,sad,False,0.9982783517130858,0.9984795708538462,0.9983360568146551,0.998561847887904,0.9986542552030085,0.9986790141801714,0.9974370703855724,0.9982432405280046,0.9980383588839405,0.9985065862845709,0.998284937012853
faithful,0.9987755729079315,lonely,False,0.9986972507673315,0.9988919964673357,0.9987252718383474,0.9989637052375241,0.9990808426809954,0.9990784923453611,0.9979093007376519,0.9986630132253791,0.9985345544234082,0.9989172824397428,0.9987755729079315
faithful,0.9970883962079502,anxious,False,0.9971398971982776,0.997011248715481,0.9972329702942844,0.9970099043742234,0.9968832994800696,0.9970053573993036,0.9971347267342967,0.9970192970513048,0.9970896368031478,0.9970290574490547,0.9970883962079502
faithful,0.9948797785979897,terrified,False,0.9949260845522362,0.994699595674098,0.9946861772638321,0.9949228814490766,0.9945839801970381,0.9947169544205758,0.9954051992973256,0.9948993942016904,0.995151471426678,0.994398796929266,0.9948797785979897
faithful,0.998675795660524,angry,False,0.9985808677204002,0.9987944361730732,0.9985771379184052,0.9987810533293089,0.998755177551987,0.9987854762503551,0.9982295982806678,0.9987008146233909,0.9985273796214681,0.9985815195271442,0.998675795660524
faithful,0.9841120887350298,terrified,False,0.9837357929494487,0.9831940209337195,0.9838716311799554,0.9831737151688692,0.9829404238326692,0.9829597372732896,0.9851617784153386,0.9837179164144542,0.9843153154364026,0.983246183020024,0.9841120887350298
faithful,0.9984727060542153,hopeful,False,0.9983094955571314,0.9984210015506038,0.9984192353362558,0.9983926588173565,0.998466035938306,0.9984877582189149,0.997812501666989,0.9982809638155272,0.9983414775185494,0.998514248144895,0.9984727060542153
faithful,0.9983898766150495,lonely,False,0.9984096285136096,0.9984663549829571,0.9985323220742921,0.9985211297233457,0.9986570672301958,0.9986543233063515,0.9976842354965851,0.9982859020893051,0.9981937811458463,0.998636200194672,0.9983898766150495
faithful,0.9954972824392274,terrified,False,0.9954277616666818,0.9952349756149723,0.9956117983388288,0.9949448855656605,0.9949349182872147,0.9950086517422406,0.9957592921295596,0.9953802399533984,0.9957447687308084,0.9953395341128681,0.9954972824392274
faithful,0.9976815226546736,lonely,False,0.997662233310065,0.9979521201613393,0.9976675113188741,0.9981123797100913,0.9982517942811847,0.9982233962011192,0.9965834826129615,0.9976260704362747,0.9973116913369414,0.9979638054651156,0.9976815226546736
faithful,0.9985950691639394,sad,False,0.9985482790058058,0.9987160229247466,0.9985992151283475,0.9987171751611661,0.9987931623658193,0.9988036662511481,0.9979268224985347,0.9985292664537118,0.9983631048529683,0.9986913564010217,0.9985950691639394
faithful,0.9980263651565529,sad,False,0.9980020549397879,0.9982541107528489,0.9980335564722254,0.9983879091214475,0.9984918843683795,0.9984974942413316,0.9970441361156037,0.997973207661667,0.9977281162653734,0.9983040653652426,0.9980263651565529
faithful,0.9979943671359688,sad,False,0.9979699862599927,0.9982223198199567,0.9979966034016626,0.9983505191152963,0.9984606617305365,0.9984621740138818,0.9970043174466967,0.9979430303129774,0.9976898430734766,0.998271538753031,0.9979943671359688
faithful,0.9981391713296861,lonely,False,0.9981255324750937,0.9983539275392701,0.9981529647462691,0.9984613268212366,0.9985846475403934,0.9985795566499076,0.9971834868105725,0.9980737098120415,0.9978361310766535,0.9983984332049763,0.9981391713296861
faithful,0.9947712877128401,anxious,False,0.994657570560071,0.9944512769861767,0.9949873708420539,0.9942737478236477,0.9943206515257854,0.9943567291634902,0.9947583840455047,0.9945636518419577,0.994936589123368,0.9948104201445318,0.9947712877128401
faithful,0.9978749819440187,faithful,True,0.9976238583537537,0.9977640612530468,0.9976944604211444,0.997660313993109,0.9978118695413891,0.9976852616051897,0.9972281119394162,0.9976536348997452,0.9975866361513818,0.9977738112022303,0.9978749819440187
faithful,0.9972342577220277,lonely,False,0.9972012612683766,0.9975350973381825,0.9971956037919293,0.9977189834213254,0.9978651724318929,0.9978276512322414,0.9960205263294498,0.9971771360441167,0.9968103744165142,0.9975391049097249,0.9972342577220277
faithful,0.9986711326468217,lonely,False,0.9986542741346968,0.9988040735843167,0.9986507416236738,0.9988365450422114,0.9989680681489147,0.9989331694054941,0.997973691653274,0.9986194281709803,0.9984499042080637,0.9987819409479126,0.9986711326468217
faithful,0.9983575444387802,lonely,False,0.9983682339387082,0.9984574950476959,0.9984836564540918,0.9985408460587358,0.9986869405251038,0.9986852309935177,0.9976004440958616,0.998257281788243,0.998151940536093,0.9986088488205926,0.9983575444387802
faithful,0.9946549725601558,faithful,True,0.993958580696544,0.9938435105081292,0.9940097054477635,0.9936377579502107,0.993702817307037,0.9935670972663664,0.9943280324059062,0.9938983817895303,0.9944493022936427,0.9938432947517661,0.9946549725601558
faithful,0.9955146587734065,grateful,False,0.9953976623350396,0.9952318399007959,0.9953816648397968,0.9951241610990649,0.9949638931434146,0.995082492659048,0.9956490276597383,0.9952943186188974,0.9956713497568441,0.9953197165099654,0.9955146587734065
faithful,0.9981001493893481,lonely,False,0.9980823342610914,0.9982928294653073,0.9981241579268294,0.9984001985216066,0.9985463824267737,0.9985223280564028,0.9971561381397768,0.9980226375682533,0.9977944140282762,0.9983493405782256,0.9981001493893481
faithful,0.9977342821171218,lonely,False,0.9977192627051978,0.9979995377820813,0.9977292529961364,0.9981546105097749,0.9982957099763445,0.9982702851775029,0.9966473967338263,0.9976860043068883,0.9973619292688958,0.9980267261020093,0.9977342821171218
faithful,0.9985187252084884,lonely,False,0.9983083362769077,0.998567688954213,0.9983253375384107,0.9985821156126783,0.9987208524252815,0.9986423351732603,0.9975941234969423,0.998322007534197,0.9981206484508147,0.998488826110257,0.9985187252084884
faithful,0.9982541843545937,sad,False,0.998221516057179,0.9984309629142851,0.9982753083915983,0.9985740698665102,0.9986904382544367,0.9986932552595701,0.9972715081577374,0.9981521279749253,0.9979419727244029,0.9985670515230664,0.9982541843545937
faithful,0.9922977657407761,terrified,False,0.9921474121469361,0.991937127697049,0.9924183661927799,0.9915735929496419,0.9913694756724207,0.9914964775721788,0.9929464819497287,0.992269961131193,0.9925588271440902,0.9922512813982667,0.9922977657407761
faithful,0.9983238838548101,sad,False,0.9983330122172611,0.9985078194772427,0.9983545468720535,0.9986416479295173,0.9987511036990583,0.9987540874804542,0.9974811636853408,0.9982631308015059,0.9980218233102914,0.9985562156538018,0.9983238838548101
faithful,0.9980336345849132,lonely,False,0.9979765581699136,0.9982252999299588,0.9980064205746126,0.998364926621919,0.9985178379498356,0.9984800219618568,0.9969923209885687,0.9979341642317755,0.9977160454635724,0.9982702285408487,0.9980336345849132
faithful,0.9843773462680453,terrified,False,0.984012543588252,0.9835096576905,0.9843840825692762,0.9830235764998417,0.982908974705622,0.9829109552726117,0.9854715003529639,0.984052924641307,0.9851230203913298,0.9838822091625946,0.9843773462680453
faithful,0.9987478607149703,lonely,False,0.9986535732139527,0.9988455591154557,0.9986945440046462,0.9989111400895139,0.9990169358357022,0.9990136342975792,0.9978589242728451,0.9986118114196354,0.9984400695466564,0.9988866621208887,0.9987478607149703
faithful,0.9985858601858064,lonely,False,0.998451794231437,0.9985726722495204,0.9985445371878203,0.9986017033605474,0.9986997702359072,0.9986789970875654,0.9979504332327316,0.9984189140981556,0.998366756974928,0.9986035236851845,0.9985858601858064
faithful,0.9908469682938907,grateful,False,0.9904130849023716,0.9902346940599007,0.9906659121873458,0.989720579184282,0.9896525333214848,0.98968471311864,0.9913723321906864,0.9905606519207314,0.9914191959340559,0.9904865141697989,0.9908469682938907
faithful,0.9983684548871953,sad,False,0.998403651512207,0.9984917884819478,0.998476073717588,0.9985736996371304,0.9986632644263114,0.9986979504200497,0.9977401922512231,0.9983028233285228,0.9981651829325228,0.9986069242242126,0.9983684548871953
faithful,0.9982686243897836,lonely,False,0.9982586804937083,0.9984589407788441,0.9982801391608522,0.9985346999714321,0.9986343935900542,0.9986321082553328,0.9974188968295634,0.9982150620302838,0.9979640186148532,0.9984818145907627,0.9982686243897836
faithful,0.9975637236694259,lonely,False,0.9975369967350687,0.9978421572190481,0.9975367935013242,0.9980096151424674,0.998145971030103,0.998118270997367,0.9964228726286108,0.9975076395882368,0.9971662331670073,0.9978538889611477,0.9975637236694259
faithful,0.9982714294436684,lonely,False,0.9982067741773806,0.9984370457158716,0.9982692281935106,0.9984979265417693,0.9986514966942035,0.9986102593443313,0.9973248537533268,0.9981801692326812,0.9979609819641667,0.9984802519972256,0.9982714294436684
faithful,0.99786792932243,faithful,True,0.9976752049642068,0.9977999243515554,0.997684054543429,0.9977805949326234,0.997807815305485,0.9977899249336198,0.9973550891844007,0.9977321823410753,0.997663310514232,0.9976860661704059,0.99786792932243
faithful,0.9972307830416856,faithful,True,0.9968207015261037,0.9967913804949563,0.9969437878471874,0.9969714768763586,0.9969468653218555,0.9969102923458195,0.9967715559701271,0.9967871032910526,0.9970023229751199,0.9969015221537145,0.9972307830416856
faithful,0.998389748250513,sad,False,0.9983833622852313,0.9985174140963422,0.9984438747734616,0.9987428337456308,0.9986871375004482,0.9988107671837643,0.9976709785401449,0.9983295275541615,0.9982688082972943,0.9985687304048537,0.998389748250513
faithful,0.9986058756922516,lonely,False,0.9985715581369977,0.9987058131735354,0.9985740770141213,0.9988073426899777,0.9989406676544507,0.9989174833326033,0.9978019386876036,0.9984949793774367,0.9983310438522178,0.9987498917187698,0.9986058756922516
faithful,0.9980509674348914,lonely,False,0.9980374602619898,0.9982857509010666,0.9980594157749814,0.9984189917969204,0.9985468358158721,0.9985427247899007,0.9970244096773665,0.9979819263398846,0.9977069917937587,0.9983283760743134,0.9980509674348914
faithful,0.9986068026604833,sad,False,0.9986181210996674,0.9987530578035009,0.9986721263332023,0.9988366464530887,0.998892471380951,0.9989355635520907,0.9978489508796389,0.9985519753431563,0.9983787780621645,0.9988998292091457,0.9986068026604833
faithful,0.9982798153475498,lonely,False,0.9982379800897097,0.9984018267984199,0.9983049308289633,0.9984693232419342,0.9985915161534006,0.9985522916431111,0.9974711359918984,0.9981931919464981,0.9980272915020949,0.9985231947845419,0.9982798153475498
faithful,0.9976266728269838,lonely,False,0.9975383806025971,0.9976440247672358,0.9975557330836698,0.9975460655622665,0.9976659287071644,0.9976211114669845,0.9970873049568265,0.9974998342687109,0.9974484037036885,0.9976367552397106,0.9976266728269838
faithful,0.998201489741148,lonely,False,0.9981759905400813,0.998413618887419,0.9982157241947682,0.9985352984242635,0.9986686220937352,0.9986600931392302,0.9972352494111599,0.9981391634787133,0.9978915287092969,0.9984600364751154,0.998201489741148
faithful,0.9985149230279597,lonely,False,0.9984946736241765,0.9986422766281234,0.9985270538661788,0.9986742778113846,0.9987910609200011,0.9987562219417971,0.9978090025123906,0.9984716111785988,0.9982586703130211,0.9986521798160247,0.9985149230279597
faithful,0.9984966636906517,sad,False,0.9984620448461503,0.9986098991764236,0.9985718758242597,0.9987135273576079,0.9987825974722393,0.9988425532038271,0.9976709796260149,0.9983979261127452,0.9983592423066103,0.9987548471977796,0.9984966636906517
faithful,0.9972342577220277,lonely,False,0.9972012612683766,0.9975350973381825,0.9971956037919293,0.9977189834213254,0.9978651724318929,0.9978276512322414,0.9960205263294498,0.9971771360441167,0.9968103744165142,0.9975391049097249,0.9972342577220277
faithful,0.9981192612993575,sad,False,0.9981108606588243,0.9983404678985979,0.998145856597036,0.9984520799998361,0.9985548346250075,0.9985656185000144,0.9972082504082125,0.9980776829628324,0.9978571370692829,0.99839359478038,0.9981192612993575
faithful,0.9850426365057856,terrified,False,0.9847353893632381,0.9845473656711361,0.9848431945390158,0.9840043610268014,0.9838552784174117,0.9837836573274887,0.9861981442160668,0.9849605280966414,0.9853538458752935,0.9843126926865124,0.9850426365057856
faithful,0.9983933452539973,sad,False,0.9982718849725764,0.9983628295886646,0.9983305131168053,0.9984287828635695,0.9984278158254599,0.9984293811820285,0.9979879982620168,0.9982769466774936,0.9983089997247357,0.9983440520106718,0.9983933452539973
faithful,0.9967033279019049,hopeful,False,0.9966873548517684,0.9965831755962393,0.9969619429754506,0.9964965795515175,0.9964007684743416,0.996528727215257,0.9967554200815263,0.9966983262319942,0.9968752932043982,0.9969745863035318,0.9967033279019049
faithful,0.9977055711598235,lonely,False,0.9976871940851695,0.9979609460125971,0.9976972867000214,0.998126220348248,0.9982672283263414,0.9982421275054032,0.9966091684008932,0.9976404835821997,0.9973347894686038,0.9979980082799558,0.9977055711598235
faithful,0.9981442448662727,lonely,False,0.9980193417910064,0.9982530620138249,0.9980754659885096,0.9983135653354503,0.9984564500592819,0.9984113413954413,0.9971735599793469,0.9979966613733652,0.997857201043541,0.9983154936642487,0.9981442448662727
faithful,0.9980147801152504,sad,False,0.9979941088403887,0.9982418641235711,0.9980186194092225,0.9983820226492851,0.998480110319637,0.9984883296111405,0.997029710965859,0.9979642158416161,0.997714049254186,0.9982937291358052,0.9980147801152504
faithful,0.9976324265988642,lonely,False,0.9976032654499901,0.997894587051,0.9976102458568648,0.9980602047773036,0.9982135893739762,0.9981692646281918,0.9965093293586978,0.997568716778817,0.9972420474944927,0.9979117608548908,0.9976324265988642
faithful,0.9986089102041857,lonely,False,0.9984939599548989,0.9986999900875959,0.9985821672787641,0.9987048947499776,0.998813502342262,0.9988016283031557,0.9977891166975265,0.9984822486661784,0.9983349840439488,0.9987317149740125,0.9986089102041857
faithful,0.9979666927638089,hopeful,False,0.9978657636561323,0.9978282087027023,0.9980784423519603,0.9976650423099124,0.9977462546695194,0.9977947040254506,0.9975988607045798,0.9978030187717877,0.9979022672796245,0.9980844833635728,0.9979666927638089
faithful,0.9982127147256888,angry,False,0.9981208058273913,0.9982179791523786,0.9981823313447894,0.998104635653204,0.9981613853948221,0.9981816194026696,0.9978541341839903,0.9981363530381849,0.998032930777609,0.9981808551470166,0.9982127147256888
faithful,0.9980080795410279,sad,False,0.9979812919567058,0.9982247397225336,0.9980158595733606,0.9983413254619413,0.9984449431292484,0.9984523207416334,0.9970446737346412,0.9979575869908279,0.9977254234765085,0.9982867333304977,0.9980080795410279
