context,prompt,first_utterance
afraid,i used to scare for darkness,it feels like hitting to blank wall when i see the darkness
afraid,Last year a tree fell on my house while my family was at home. The tree broke through the ceiling just a few feet away from my daughter. The experience was terrifying.,What a difference a year makes. Last year one evening my family was at home when a tree fell on the house and broke through the ceiling.
afraid,I am concerned about the financial situation of my employer.,Hi_comma_ I am concerned about the financial situation of my employer.
afraid,I thought my company was going to have a lay off. it was a tough few weeks.,So we had a meeting at work this week. Turns out we may have to shut down in the next few months.
afraid,I was lost in a neighborhood I didn't know_comma_ when some guy came up to me and quietly asked if I needed a ride.,I was lost in a neighborhood I didn't know_comma_ when some guy came up to me and quietly asked if I needed a ride.
afraid,I got pulled over and almost got a ticket.,So last night a cop pulled me over.
afraid,I once saw a snake in the woods and got very scared.,I was in the woods and a snake came out of no where.
afraid,There was once a mouse in my  kitchen. I almost died.,One time there was a large mouse in my kitchen.
afraid,Our lights went out last week during a storm. Its was only for 15 minutes but I was so scared.,There was a big storm here last week.
afraid,when my daughter choked on a piece of food,The other day during breakfast my daughter started choking and I panicked.
afraid,When I was little_comma_ I was afraid of the dark.,I use to hate the dark when I was little.
afraid,I am afraid of clowns.,I am afraid of clowns.
afraid,When I lost my job.,I recently lost my job_comma_ and am having trouble finding another one.
afraid,I am scared of how I will die.,I am scared of how I will die.
afraid,When I was driving home from my first job it was snowing. I accidentally hit a curb and spun into the other lane and almost into a ditch_comma_ I was very scared,Hi! One time when driving on fresh snow I almost wiped out into a ditch_comma_ that scared me
afraid,It's been so dry in my area lately _comma_ I'm afraid there might be some forest fires. I live near a mountain.,Havent had any rain lately in my area. I hope we do soon_comma_ I live near a mountain and we have bad fires when it is dry.
afraid,When I was a child I was chased by a pitbull and I was very afraid. Dogs had always scared me at that age,I was chased by a pitbull as a child_comma_ I was so scared for years afterwards
afraid,Last night_comma_ I dreamt that I was riding around the road on a motorcycle_comma_ and at one point almost fell of making a quick sharp turn.,Last night_comma_ I had ths crazy realistic dream that I was riding around on a motorcycle. At one point_comma_ I hit a quick sharp turn_comma_ and felt like I nearly had just fell off. It was so realistic and frightening.
afraid,I am afraid of the upcoming economic crisis in the USA,I am afraid of the upcoming economic crisis in the USA.It will affect all of us.
afraid,I was once was very nervous and scared when I thought my girlfriend was pregnant. Waiting to find out was what got me so scared. I found out that she wasn't and everything was okay.,I thought my girlfriend was pregnant recently.
afraid,I am old.  I am seperated from my wife.  I live far from my children.  For pragmatoic reasons I am the one that can file for divorce.  I do not want to die alone.,I am old and in good health_comma_ but death is around the corner.
afraid,I am very scared of the ocean.,I hate the ocean. I am very scared.
afraid,I was scared when I was on a vacation to Mexico_comma_ after hearing about the crime there.,I took a vacation to Mexico_comma_ but was scared to go anywhere because of the crime in the area.
afraid,Our home was broken in to 2 months after we purchased it.,Have you ever been a victim of a home break in?
afraid,Our youngest daughter fell down our back stairs and hit her head on the bottom step.  She started throwing up about an hour later and we went to the ER.,Our youngest daughter fell down our back stairs when she was about 4 and hit her head.
afraid,I had to investigate a noise coming from my  backyard at night.,Turns out it was a deer who got stuck in the bushes.
afraid,One time I was robbed at gun point.,Once I was robbed at gun point and locked in a walk in refrigerator for an hour.
afraid,One time me and my friends went to the movies and one of them ate some edibles (weed) and started to panic. I got really worried that something might be wrong but he was just too high and we just waited until he was more sober after we left the movie early.,Me and some friends went to the movies one time and one of them started to panic in the theater. It really scared me until I realized why.
afraid,One time i got stuck in a storm and was scared i might get swept away,i almost got swept away in a storm last year_comma_ was scary stuff
afraid,I was alwals terrified about the unknown,Some stories terrifies me
afraid,I was in a neighbors house when they weren't there (I had a key) which was not uncommon. I heard voices and felt like there was a ghost in the house_comma_,I was in a neighbors house when they weren't there (I had a key) which was not uncommon. I heard voices and felt like there was a ghost in the house.
afraid,One night_comma_ I was just done reading some really scary stories and my door suddenly opened on its own. Upon closer inspection it was my cat opening it since it wasn't completely closed.,One night I just got done reading some really scary stories and what made it worse is that my door opened seemingly on its own not long after!
afraid,once upon a time i am go for the market at that time one man for very hungry because some food for provide the man .,hi
afraid,i get this situation in midnight,i get the horror situation in midnight
afraid,Some movies can be terrifying,Movies about vampires terrifies me a lot
afraid,I felt scared when I had to go to the doctor to have a lump checked out on my side. I thought it was going to be for the worse.,I was scared when I had to go to the doctor for a lump on my side. I was really expecting the worst.
afraid,I had a dear friend end up the hospital after getting into a bicycling accident. It was a scary time.,My friend ended up in the hospital after an accident a few weeks ago_comma_ there was a period of time they didn't know if he'd make it.
afraid,While working at a restaurant I was robbed,While working at a restaurant I was robbed
afraid,I have been watch thing new stephen king series on hulu. It is frighteneing.,There is a new Stephen King series on hulu
afraid,I went to the circus once_comma_ and the clowns were there. I am terrified of clowns.,I am terrified of clowns. I shouldn't of gone to the circus.
afraid,I do not like the dark.,I do not like the dark._comma_
afraid,I went to a haunted house.,I went with my sister and cousins. The experience was frightening but exciting at the sametime.
afraid,Earlier a guy cut me off on the road_comma_ he was driving a box truck and I saw my life flash before my eyes.,You won't believe this_comma_ a guy in a box truck cut me off earlier and ran me off the road!
afraid,I was home alone and someone was in the carport looking in a window,I was home alone and someone was in the carport looking in a window
afraid,I saw a shark in the water last week.,I saw a shark in the water last week.
afraid,I saw a spider and i got scared.,I saw a spider and i got scared
afraid,One time when i was younger i saw a spooky face in my room. i never knew what it was after that night i am still kind of scared even today.,So when i was a kid i had this creepy face look at me in my room at night.
afraid,I was passenger in a bad car crash and the car rolled! I thought I was going to die!,I was riding passenger in a car that actually rolled over!
afraid,There's been noise at my door every night at the same time. I check and there isn't anything.,There's been noise at my door every night at the same time. I check and there isn't anything.
afraid,My friend hasnt been feeling well lately.,My friend hasnt been feeling well lately.
afraid,Yesterday_comma_ I was crossing the street and the person in front of me was hit by car which didn't stop at the red light,Yesterday_comma_ I was crossing the street and the person in front of me was hit by car which didn't stop at the red light
afraid,I was afraid the other night when gunshots went off,I was scared the other night when I heard several gunshots in a row.
afraid,I finally saw the movie with that scary Japanese girl with white skin. I now believe I can't sleep without the lights on lol.,I finally saw that one scary movie my friends were talking about. I can't sleep without the lights on.
afraid,I was really scared once when I thought I would be homeless,I thought I would be homeless once and I was having a major panic attack. I was minutes from being homeless.
afraid,I used to be afraid of the dark. I had a nightlight until i was 13,I used to be afraid of the dark. I had a nightlight until i was 13
afraid,Wasn't able to register for one of the classes I need to be on track to graduate in my last year of college. Have to contact the school and see if they'll be able to make an exception and squeeze me into a full class_comma_ or I don't know what I'll do.,Wasn't able to register for one of the classes I need to be on track to graduate in my last year of college. Have to contact the school and see if they'll be able to make an exception and squeeze me into a full class_comma_ or I don't know what I'll do.
afraid,afraid that my daughter will be bullied,I really hope my daughter doesnt get bullied in school.. its so bad now..
afraid,I keep hearing things in my kitchen. I think the mouse is back.,I think there is a mouse in my kitchen. I keep hearing squeaking noises at night.
afraid,of getting older. getting sick!,I know I shouldnt be scared this young of death but I am.
afraid,I would like to try skydiving.,I would love to try skydiving. I am so afraid of heigh.
afraid,I was wondering around a abandon building once. I started to hear banging and crawling in the walls. I couldn't move a inch.,So i was exploring some abandon buildings one day.
afraid,I had to get my foot checked out at the doctor_comma_ always makes me scared going there.,I had to get my foot checked out at the doctor_comma_ always makes me scared going there.
afraid,I am so scared.  I think I just heard a ghost in the other room.,I am so scared! LOL.  I think I just heard a ghost coming from the other room here.
afraid,I haven't watched a horror in so long_comma_ but my friend wants to watch one.,I haven't watched a horror in so long_comma_ but my friend wants to watch one
afraid,My husband is out of town and my friends talked me into going to a scary movie with them. I have not been able to sleep since then. I cannot wait until my husband gets back.,My husband is out of town and my friends talked me into going to a scary movie with them the other night.
afraid,My brother is in the hospital and is very sick. I am very scared,My brother is in the hospital and is very sick. I am very scared
afraid,I think my husband is cheating. I'm afraid to find out though.,I Think my husband is cheating but I'm scared to investigate.
afraid,I was afraid when my kids were out of town without me,I was afraid when my kids were out of town without me
afraid,I do not like being around bats.,I do not like being around bats.
afraid,I really do no like worms.,I really do like worms.
afraid,I don't think I'm going to do so well this semester.,Im not excited about this semester at all.
afraid,I think a mouse is in my kitchen again.,I am so scared of mice.
afraid,I just saw this horror movie.  It was so scary.,I just watched this horror film_comma_ it was so scary!
afraid,I heard a knock on my door at 2 am in the morning,I was afraid
afraid,When a tornado warning came on the screen_comma_ I was scared. I thought it was coming for us,I was scared when we had a tornado warning. I thought it was coming straight for us
afraid,I used to be scared of sparring in the ring because guys 3 times my size would usually kick the crap out of me.,In boxing I used to be scared to spar guys who were bigger because I would get my butt kicked.  Then I learned about timing and proper technique and gained more confidence when I was able to hit them back
afraid,of dying,I am terrified of death.
afraid,i'm scared of people who speed,people who speed scare me
afraid,I had to live in a haunted house for a month,Hi_comma_ I lost a bet with friend and had to live in a haunted house for a month!
afraid,Though I'm confident in my mental and physical resources I fear the worst for most people in my generation sometimes...especially in a hypothetical World War 3 scenario_comma_ or some type of global calamity occurring...every soft little punk wussy Millenial would just go to pieces,I'm pretty self-assured in my capabilities.  But sometimes I fear the worst for the majority of my generation who would have no idea how to raise a family_comma_ profit from their own sweat and hard work_comma_ have an organic conversation_comma_ or let alone survive a World War 3.
afraid,when my job fired me during maternity leave,My job laid me off during my maternity leave.
afraid,I took a flight last week and there was awful turbulence. It was super scary!,I took a flight last week and there was awful turbulence.
afraid,I have a meeting at work tomorrow that I'm suppose to give a speech at and I'm a bit nervous.,I have to give a speech at work tomorrow and I'm so nervous!
afraid,I ma very anxious about the country these days.,I am very anxious about the country these days
afraid,when i was going for an interview i had a crazy feeling,i had some weak feeling on my interview day
afraid,I had to go to the doctor recently to get my foot looked at_comma_ always makes me scared going there.,I had to go to the doctor recently to get my foot looked at_comma_ always makes me scared going there.
afraid,I invested in cryptocurrency last year but the market is looking pretty bad.,I invested some of my money in the crypto market last year. The market looks terrible right now and I'm afraid I'll lose my money!
afraid,My friends took me to a club for the first time a few nights ago. I've never been_comma_ obviously_comma_ so it made me nervous and scared,My friends took me to a club for the first time a few nights ago
afraid,I am so scary that my manager doesn't keep his promise for my promotion.,I am so scary that my manager doesn't keep his promise for my promotion.
afraid,I think my new neighbor is creepy. I want to move.,My new neighbor is so weird. He scares me.
afraid,when someone was pounding on my door hard,The other day some guy was pounding so hard on my door for almost 5 minutes. I didnt even want to answer it was so sketchy!
afraid,I felt afraid when I was in a car accident. I was rear ended and my car was totaled.,Recently_comma_ I was rear ended at a stop light. The car was probably going 40 mph. Completely totaled my vehicle.
afraid,There is a wasp nest in my hallway outside of my apartment. I have to use the back door now.,I just found a wasp nest out side of my apartment.
afraid,I heard a buzzing in my apartment this morning. I swear to god_comma_ it was the biggest wasp I had ever seen in my life. I was so frightened!,I heard a buzzing in my apartment this morning. I swear to god_comma_ it was the biggest wasp I had ever seen in my life. I was so frightened!
afraid,I was pretty shaken up when my son didn't get home on time and I couldn't reach him,I was pretty shaken up when my son didn't get home on time and I couldn't reach him
afraid,my friend was speeding down the road because he wanted to show off the new car he had just bought,my friend was speeding because he wanted to show off his new car to me
afraid,Driving always scares me. I've seen some pretty bad car accidents with fatal injuries on the internet and it always crosses my mind while driving.,Driving always scares me. I've seen some pretty bad car accidents with fatal injuries on the internet and it always crosses my mind while driving.
afraid,I have to have suregery soon. I am scared,I am having surgery in two weeks. First time.
afraid,I am starting a new job next week. I am so nervous.,MY new job starts next week.
afraid,I used to be afraid of the dark but now I am not so much_comma_ I had a nightlight for a long time,I used to be afraid of the dark but now I am not so much_comma_ I had a nightlight for a long time
angry,I once lost my job and got mad.,I lost my job last year and got really angry.
angry,I am so upset and mad. I cant believe what has happened!,I never thought things would go like this.
angry,Recently my manager lied to us. He changed our money and took the bonus away.,So our new manager has changed our bonus structure causing us to never hit bonus..
angry,My ex girlfriend cheated on me with one of my closest friends. It made me very angry at the both of them.,So I am home from work and Marks car was outside. I went in and him and Liz were kissing on the couch.
angry,when i moved into my apartment it was full of bugs!,I was so excited to move to a new state_comma_ but when i moved into my apartment it was full of bugs! ugh
angry,Some left their garbage outside of the dumpster in my apartment complex. Now at night there are a bunch of raccoons outside.,My apartment is right near the dumpster for our commplex.
angry,Lies,Hi_comma_ how are you?
angry,MY ex didn't show up to court again. He is always wasting my time.,I recently had a court date for child support.
angry,When i was young i was pretty hyper. But when we had a connect four tournament at my school i back seated someones match. I didn't point anything out really but they gave them a lose and it got me really mad i threw a chair in class.,So i had some anger management issues as a kid. Makes me feel dumb thinking back.
angry,My boyfriend cheated on me while I was away visiting family.,My boyfriend cheated on me while I was away visiting family. I was very angry and upset
angry,I broke my phone,I broke my phone
angry,I get mad when I fail at school.,When I fail at school I get so mad.
angry,I am so mad at my son.  I asked him three times to do his chores and he still hasn't done them.,I am so mad at my son.
angry,I am so angry at Donald Trump.,I am so angry at Donald Trump because he order the separation of children from their parents.
angry,I am upset that England lost in the World Cup.,I am upset England lost in the World Cup.
angry,My mother in law always lies and exaggerates everything.  It's very frustrating and causes fights between us.,My mother in law always lies and exaggerates things.  Sometimes the same story is told two different ways to both my husband and I.
angry,When my brother got suspended from high school for something he did not do by a vindictive teach_comma_ it really made me angry,My brother got suspended for something he did not do in high school by a very vindictive teacher.
angry,One time I waited over an hour at the DPS office to get my drivers license renewed. Just as it was about to be my turn the lady working there shut it down and said I would have to come back the next day.,I was told to come back the next day after waiting over an hour in line to get my drivers license renewed.
angry,At work today_comma_ I got blamed for a problem that I had nothing to do with.  A report was written incorrectly_comma_ and I was blamed for the incorrect figures even though I didn't provide them.,How was work for you today?  It was long for me.  I got blamed for a report that had bad figures in it.  But I didn't provide those figures or type the report!
angry,A couple years ago someone tried to steal my phone cause they thought I wasnt looking_comma_ was super annoying.,A couple years back a stranger tried to take my phone.
angry,A guy almost crashed into me a week ago. It was really frustrating because he ran a redlight,Man_comma_ last week I almost got into a crash because someone almost hit me.
angry,I was at the gas station filling my car up with gas and this guy pissed me off. He kept looking at my butt and making comments.,I had an awful time getting gas today at 7/11 because of someone there.
angry,Someone cut me off on the road and almost caused me to wreck.,I almost got into a wreck today because someone cute me off on my way to work.
angry,I was really upset when I found out that the Dallas Cowboys were going to let go of Dez Bryant. I think he's a really good wide receiver if only he wouldn't run his mouth.,So about 2 or 3 months ago I found out the Dallas Cowboys were letting Dez Bryant go and he's a free agent.  It's disappointing to me because I'm a Cowboys fan and I like him as part of the team.  Have you heard of Dez Bryant
angry,I was furious when the distracted driver swerved in front of me_comma_ causing me to slam my brakes. I wasn't surprised when I saw the lady yakking on her cell phone.,I experienced road rage the other day. I woman carelessly swerved in front of me_comma_ causing me to slam on my brakes.
angry,I was in a queue and some idiot stepped on my toes without apologizing,How can people be stupid enough to step on your toes without apologizing
angry,when my girlfriend cheated,i hate when people are unfaithful to there relationship
angry,I was angry when my car peed on the rug.,I was not happy when the car pissed on my new rug.
angry,My cat vomited on my favorite shoes and I was so mad about it.,The other day my cat vomited on my best shoes and it really made me mad.
angry,Some sad individual could be calmed down by a sweet word,Sweet words u know can calm nerves
angry,I was charged by a subscription magazine_comma_ even when I cancelled my subscription a month ago.  Now I have to call or write to them and lose a lot of time.,This magazine just charged my credit card when I had cancel my subscription.
angry,When a friend slapped me,My friend slapped because he saw me dkscussing with his fiancee
angry,I saw a fly in the food that I was served at the resturant,Would you eat such meal?
angry,Im tired of paying rent. Id rather have a mortgage and own my home,Paying rent is starting to make me mad.
angry,when i ordered food and it was bad,The other day I ordered chinese after craving it forever_comma_ and it ended up being gross! Ugh.
angry,i went out with a couple friends to a local bar and we were having a great time. then my friend said he was going to step out and do some drugs and i knew my friend for years and i told him no just stay and party with us but he declined and i started yelling at him and he punched me. i felt like he chose the drugs over our friendship,so a couple weeks ago i went out partying with some friends and while we were drinking my friend went out to do drugs to feel better but since i was his bestfriend i didnt like to see him throw his life away like that and mentioned that we were already drinking he didnt need to get higher but he refused so i started yelling to chill out and he shoved me to the ground. i felt he chose the drugs over friends
angry,My daughter is being bullied at school and her teachers aren't doing a thing about it.,I have no idea what to do_comma_ my daughter has been complaining about bullies. I've had meetings with her teachers but the bullying hasn't stopped!
angry,I ordered chicken the other day and it was still pink on the inside.,I order some chicken the other day and it was still pink on the inside.
angry,I worked so hard on a project_comma_ and someone stole it and presented it as their own.,I worked so hard on a project_comma_ and someone stole it and presented it as their own.
angry,My uber had me late to work this morning. I was not happy.,I was late for work today. It wasn't my fault.
angry,My nephew told me once of something really stupid that he would do if the situation arose.,My nephew told me once of something really stupid that he would do if the situation arose
angry,I put in vacation request since January for next week. And now they're telling me they're too busy to let me go.,I put in vacation request since January for next week. And now they're telling me they're too busy to let me go.
angry,I was driving through the parking lot the other day and someone backed into my new SUV!,The lady accused me of being at fault for not honking my horn!
angry,Asked a relative to care for our pet while we were gone and the dog ended up missing.,Asked a relative to care for our pet while we were gone and the dog ended up missing.
angry,All my neighbors constantly want to get together to gossip and talk bad about the people who live across the street. I'm sick of it!,Lately_comma_ my neighbors want to sit around and gossip about the family across the street. They love to talk bad about them even though it's clear this family is struggling. I'm sick of it
angry,I was expecting our anniversary avidly. But on the day my betterhalf had work in her native place. So she went and I was alone here. Also in mind pressure she forget to wish me.,My wife forgot to wish me on our anniversary.
angry,I got mad when I lost my dog,I got mad when I lost my dog
angry,I was upset when my dog ran away,I was upset when my dog ran away
angry,I recently got in trouble at work for not making my schedule_comma_ but it is their fault because they gave me one they knew I couldn't work.,I recently got in trouble at work for not making my schedule_comma_ but it is their fault because they gave me one they knew I couldn't work
angry,I worked so hard on a project to find out that they had 2 teams working on the same thing.,I worked so hard on a project to find out that they had 2 teams working on the same thing.
angry,I am so pissed of at President Trump,I am so pissed of at President Trump
angry,I got really mad when I failed a final in college. I just did not try hard enough,I got really mad when I failed a finals test. I knew I could do better
angry,Once my brother stole a pizza i made from me. He says he didn't each it even though i found him with a paper plate with fresh pizza sauce on it.,I made a pizza the other day. Let it cool off but when i came back it was gone.
angry,My sister had my laundry for two days and is sending it back dirty.,My sister really gets on my nerves. She was supposed to do me a favor
angry,Yesterday_comma_ I took a flight. During the flight_comma_ I went to toilet and came just after me. She kept knocking on the door repeatedly_comma_ aggressively and multiple times.,Yesterday_comma_ I took a flight. During the flight_comma_ I went to toilet and a woman came just after me. She kept knocking on the door repeatedly_comma_ aggressively and multiple times.
angry,Once my Uncle made racist comments towards me. I told him it's not funny_comma_ thinking he was joking. Turns out he was serious_comma_ and all he did was make more racist remarks.,Man_comma_ doesn't it grind your gears when people make actual racist remarks?
angry,My pizza didn't arrive on time last night - it was an hour late!,So_comma_ last night I was enjoying myself watching a movie. I ordered pizza and it didn't come on time. It was an hour late!
angry,A guy out in traffic getting mad at me and then giving me the finger when he is in the wrong,So this guy was hanging out of a parking lot in traffic while we had a green light- No he wouldn't back up his car or GO- When we beeped at him to back up- he had the nerve to yell derogatory things and beep back as if he was doing nothing wrong
angry,My friend took my car without permission a few days ago. Literally...without even asking me!,My former 'friend' took my car for a day or two without even telling me!
angry,I was so upset when Michael Jackson died.,I was so upset when Michael Jackson died.
angry,My mom said I had to get rid of our family dog because she was allergic. I cried for a week it was unbearable_comma_ I resented her.,My mom said I had to get rid of our family dog because she was allergic. I cried for a week it was unbearable_comma_ I resented her.
angry,i gave my buddy money to buy me a huge roll of toiletpaper from Costco but he used the money for other things,i gave him $34 to get me the Angel Soft toiletpaper 2 huge packs and he used the money to change his oil in the car
angry,I was angry about my work today_comma_ It's been frustrating.,I've been unhappy with my work today.
angry,McDonalds got my order wrong again. Im going to complain.,McDonalds never gets my order right.
angry,I was angry about the dog I have being abused.,I recently rescued a dog and she was so starved and abused I am not sure if she is pregnant or simply is having a hard time after eating plastic.
angry,I have the worst neighbors. They have company all times of the night and constantly slam the doors.,My neighbors are the worst.
angry,I was at the dentist's office today and had to wait 45 minutes past my appointment time to be seen.,I had a dentist appointment today and they made me wait over 45 minutes
angry,My manager keep lying about a promotion that he promised.,My manager keep lying about a promotion that he promised.
angry,My coworker told my boss that I came in to work 15 minutes late this morning.  I couldn't believe he did that to me!,My coworker told my boss that I came in to work 15 minutes late this morning. I couldn't believe he did that to me!
angry,I am so mad.  My boyfriend is drinking beer and he so dumb when he drinks.,My boyfriend is making me so mad right now.  He is on like beer 15
angry,Last night someone broke into my car. They stole all my change that I had in the cup holder and also my son's birthday present that was in the trunk.,Someone broke into my car last night.
angry,I spilled my coffee on my keyboard and now it's sticky. I am so furious!,I spilled my coffee on my keyboard and now it's sticky. I am so furious!
angry,My ex is such a jerk. He posted my phone number on facebook.,My ex is the worst.
angry,I hate it when I get ignored. It makes me feel less human and I get very mad!,I hate it when I get ignored. It makes me feel less human and I get very mad!
angry,MY kids refuse to go bed every night. I can't stand it.,MY kids just won't go to sleep at night.
angry,I just stubbed my toe a few minutes ago. Why does that have to even be a thing? Something so small on your body can cause you such great pain_comma_ and all you can do is just hop around like a moron.,I just stubbed my toe a few minutes ago. Why does that have to even be a thing? Something so small on your body can cause you such great pain_comma_ and all you can do is just hop around like a moron.
angry,I was very upset when I realized my neighbors dog had puppies_comma_ about ten of them. They don't take care of them and they are malnourished. It's enfuriating.,Hi friend_comma_ I'm pretty upset right now.
angry,I had a job interview. Everything went great and I just knew the job was mine.,I had a job interview. Everything went great and I just knew the job was mine.
angry,My sister always borrows money and never pays it back on time.,My sister always owes  me money
angry,I got angry with people in the supermarket. They were letting their young child push the trolley and it was very busy. They were blocking all the aisles.,I was in the supermarket the other day. It was very busy and people were letting their kids run wild causing chaos!
angry,I went to get in my car to drive home after work_comma_ and another car had parked right behind me_comma_ blocking me. I tried calling the number on their dashboard_comma_ and they just ignored my call. I had to get the police to help just to leave.,I've been so frustrated today.
angry,My flight was cancelled,Had a board meeting  to attend _comma_yet at the last hour_comma_ after delay _comma_it was cancelled
angry,Not too long ago a people stole my identity.  I am so upset by it.,I recently has my identity stolen on the internet.
angry,My friend broke my phone that I had worked hard to buy,I bought a really expensive phone that I worked very hard to buy. Sadly_comma_ my friend dropped it and broke it.
angry,For the 3rd month in a row_comma_ I have received and incorrect cell phone bill!  I feel like screaming at the customer care representatives!,For the 3rd month in a row_comma_ I have received and incorrect cell phone bill! I feel like screaming at the customer care representatives!
angry,My boss fired me for no reason,Hi_comma_ my boss my fired me for no reason
angry,my rent increased,I am so upset with how my rent continues to increase!
angry,My cousin crashed my car,He was_comma_ but I am livid with him_comma_ since he destroyed my car.
angry,my neighbor's cat keeps pooping on my balcony,neighbor cat is nasty
angry,The store down the street never has any Corona light in stock,My local deli never has any corona light beers
angry,when my neighbors wouldnt stop their dog from barking and it bit me,I told my neighbor multiple times to stop their dog from barking. They leave it outside the entire day and most of the night!
angry,My husband gets cranky when he gets woken up and takes it out on me.,My husband takes it out on me when he gets woken up and it makes me so mad.
angry,I am piss-off,I am so mad at the republicans.
angry,I just witnessed someone steal from an old woman walking across the street. Boils my blood!,I witnessed a man rob an old woman walking across the street. Boils my friggin' blood!
angry,I am so mad at the republicans.,I am so mad at the republicans.
angry,I got out of work the other day and noticed that someone had slashed one of my tires in the parking lot.  I was taken aback and upset,I got off work the other day and noticed one of my tires had been slashed in the parking lot.  Needless to say_comma_ not the best way to end the work day
angry,Yesterday_comma_ somebody stole my cappuccino at Starbucks. I was livid!,So_comma_ yesterday morning_comma_ some ingrate stole my cappuccino at Starbucks.
angry,I lost the spelling bee when I was in second grade. I was so peeved.,Way back in my elementary school days_comma_ I lost the spelling when I was only in the second grade.
angry,My husband's sister was living with us. She was acting rude_comma_ and we ended up kicking her out.,My husband's sister was living with us. She was acting rude so we had to kick her out.
angry,Some one took away my lawn mover,Someone stole my lawn mower
anxious,I was reversing the car in the roadside. I had bumped into the car which was parked behind. I had to wait for so long to speak to the car owner,i bumped into a car while reversing_comma_ i had to wait long to talk to owner of the other car
anxious,I heard a car outside that sounded like it wrecked yesterday. It sounded  awful.,Did you go outside and see if anyone was hurt?
anxious,I cant wait to relocate again.,I cant wait to relocate and move again. I am so ready.
anxious,in a hurry to go on vacation!,I am so impatient right now... waiting for the clock to hit 5 so I can go on vacation!
anxious,I can't wait for HAlloween. It is my favorite holifay. I love dressing up with the kids.,Halloween can't get here quick enough.
anxious,I went on my first date ever only about a month ago. Even though I knew this girl really well beforehand_comma_ I was still really worried that it would be awkward and that I might mess it up.,I know it seems late_comma_ but I'm 19 and I went on my first date only about one month ago.
anxious,I have a job interview coming up next week. I'm a little nervous about it.,I've got a job interview next week. I'm feeling a little uneasy about it.
anxious,I am stressed by my blood test results that I will receive tomorrow.,I am stressed by my blood test results that I will have tomorrow.
anxious,I had to have some tests run due to an unclear mammogram.  It took days for the results to come back and thankfully they were all clear.,I had to have some extra tests ran a few weeks back due to an unclear mammogram.
anxious,Just injured my ankle. Now I can't work.,Just injured my ankle. Now I can't work
anxious,My daughter was thrown from her horse a few months back.  We took her to the hospital and it took hours to make sure she was ok.  Those were a long few hours.,My daughter was thrown from her horse a few months back.
anxious,Having an existential crisis and realizing I'm going to die and there's no way to know what will happen when I do,I recently had an existential crisis. It was awful
anxious,We made the decision to homeschool our girls.  It's a tremendous responsibility and I still don't think I've got it all together.,We made the decision to homeschool our girls years ago.
anxious,The result of my final college exams was to be published the next day_comma_I could hardly sleep due to expectations,The night WS the longest to me back then_comma_eager to know my score!
anxious,The night before a job interview I have a difficult time sleeping. I get too nervous about meeting them,I have a difficult falling asleep before a job interview
anxious,I was really nervous when starting a new job a few months ago..,I was really nervous when starting a new job a few months ago..
anxious,I am finding it hard to meet the project deadline. And this makes me anxious and stressed throughout the week,I have a presentation to prepare for this week and I am finding it really hard to meet the deadline. I am so stressed
anxious,I have applied for a job 4 months ago and I am having an interview with the company tomorrow. I do not know what i will see there as it is my first interview ever,I am having a job interview tomorrow and it is my first interview ever
anxious,I am so nervous.  I am going to the dentist to have a tooth pulled tomorrow.,I am really nervous.  I have to go tomorrow to get my tooth pulled and I am scared to death.  I hate the dentist!
anxious,I am so nervous about my upcoming surgery. I have never had to have a surgery before. I just hope everything goes right!,I am worried about my surgery next week. I have never had to get surgery before!
anxious,I am really nervous.  I have to take an important exam next week.,I am so nervous.  I have to take a really important exam next week.
anxious,I'm awaiting eagerly to meet my friend. She is coming to my home to meet after 5 years later.,I'm awaiting eagerly to meet my friend. She is coming to my home.
anxious,I once was in a car with my friend who was really high and I was pretty scared. I thought that he would drive really badly but he didn't_comma_ but it was still worrying.,I was once a little scared that I was gonna die since I was in the passenger seat with someone who was very high driving the car. I didn't know a whole lot about drugs at the time.
anxious,My girlfriend sent me a gift and it will get to me in 3 days. I cannot wait to see what she got for me,I am waiting for a gift my girlfriend sent to me from overseas. I just want to see what i got
anxious,I am so stress. Tomorrow_comma_ I will have my final exams.,I am so stress. Tomorrow_comma_ I will have my final exams.
anxious,I am stressed. My wife is expecting a baby. I am happy but at the same time I feel littlle stress by the responsabillities.,I am stressed. My wife is expecting a baby. I am happy but at the same time I feel littlle stresse by the responsibilities.
anxious,I am always cuios about the things i dont know,I am curios to undersand the the i dont know
anxious,I have a test tommorow.,I have a test tomorrow.
anxious,A couple weeks ago_comma_ I was up for selection for a promotion at my job. I have been preparing for the promotion for the past couple of months. The days leading up to the promotion board were very high strung and I was very anxious.,Hello_comma_ my friend. I just received my promotion results back and it turns out I was not selected - which is a colossal bummer.
anxious,The first day of my new job_comma_ I was very anxious. I felt like it was just a completely different world.,I was pretty anxious on my first day of work. It was like a new world I was entering.
anxious,my daughter is going to order a pizza. I am so hungry.,MY daughter is gonna go pick up a pizza for us. I am so hungry
anxious,The kids are going bac to school next week. I can't wait!,IT's almost time for schoo to start back!
anxious,I had an exam to write that I was not well prepared for,I paid for a certification exam and had a terrible accident that kept me bed ridden in the hospital I got out and realized I had just 5 days to my exam
anxious,I was unsure how I was going to argue a case in front of my boss.,I tried really hard to make a good argument but I was scared.
anxious,One time I had to take a trip away from home for three weeks_comma_ it made me very nervous.,I had to take a trip away from home for three weeks. It made me so nervous I couldn't sleep.
anxious,My son will have his 18 months shots soon,my son will have his 18 months shots soon. i'm a little nervous about it. i hate seeing him getting shots
anxious,I haven't heard from my girlfriend in 2 weeks. Wonder what's going on?,I haven't heard from my girlfriend in 2 weeks. Wonder what's going on?
anxious,I had to wait in line for food at the mall but all the people sitting and eating made me nervous.,Last week_comma_ I had to wait in line forever for food at the mall. There was a lot of people around me and it made me very nervous!
anxious,i cant wait to hear if my house sells. i am so nervous,Hey_comma_ I have some good news.
anxious,I was hit by a tornado in the middle of the night and now I can't stand big storms.,I am so super scared of big storms.
anxious,ready for my house to sell,I am so impatient for tuesday.
anxious,I have to take a foreign language class for college_comma_ and I'm not sure how well I'll do,I have to take a foreign language class for college_comma_ and I'm not sure how well I'll do
anxious,I was anxious when I applied for grad schol_comma_ I did not know if I would get in,I was anxious when I applied for grad school_comma_ I did not know if I would get in
anxious,I was anxious when I applied for graduate school,I was anxious when I applied for graduate school
anxious,Waiting to hear what the loan officer says on my home loan application,Waiting to hear what the loan officer says on my home loan application
anxious,I have an important job interview and i am nervous about it.,I have an important job interview and i am nervous about it.
anxious,Really don't want to start my new job in a week. It's at a fast food place and I don't know if I'll be able to keep up with demand.,Really don't want to start my new job in a week. It's at a fast food place and I don't know if I'll be able to keep up with demand
anxious,I am going to look for a job as soon as school starts. Im excited.,I am about to enter the workforce again soon. Hopefully
anxious,Tomorrow I start my new job.,Tomorrow is a fine day for me - I start my new job.
anxious,I am so ready for the first Monday Night Football game.,I am so ready for the first Monday Night Football game.
anxious,I am always anxious. One example at stores sometimes. or maybe about making enough money.,I often feel a lot of anxiety about making enough money and saving up enough money in case anything happens. And many things usually do happen. i almost panic at times with worry
anxious,I have a huge work presentation coming up Friday and I am very nervous.,I have a huge presentation at work this week. I have never done this before and I am not sure if I am prepared yet.
anxious,I have a toothache. It has been getting worse for the past month. I don't want to go to the dentist though. I hate going.,My tooth has been hurting for over a month and keeps getting worse.
anxious,I found a snake in the yard a few days ago.,I found a snake a few days ago while walking in the yard.
anxious,Work has been slow lately_comma_ making me stressed.,5
anxious,I had to go to the doctor recently to get something checked out_comma_ I was definitely nervous about the outcome.,I had to go to the doctor recently to get something checked_comma_ always makes me worried going there.
anxious,I always get nervous when I drive. The possibility of getting into a car accident is nerve wrecking.,I always get nervous when I drive. The possibility of getting into a car accident is nerve wrecking.
anxious,I really hate when I have to wake up early for an appointment. I fear I will sleep in and miss it!,I hate having to wake up early for appointments. My biggest fear is that I will oversleep and miss it
anxious,We submitted our proposal for the new project and hope we get it. It would be such a high profile project that would get us a lot of  new clients if successful.,We submitted our proposal for the new project and hope we get it. It would be such a high profile project that would get us a lot of new clients if successful.
anxious,I have a court date next week and I don't know what's going to happen.,I have a court date next week and I don't know what's going to happen.  I really want custody of my kids.
anxious,I hate storms so much. We are supposed to be getting bad storms tonight. I have a feeling I won't be getting any sleep.,I hate storms so much. We are supposed to be getting bad storms tonight.
anxious,I am worried I won't wake up to my alarm,I am worried I won't wake up to my alarm
anxious,i get anxious when my girlfriend says we need to talk and then it turns out it's nothing big,Hey man. I get really nervous with my girlfriend dude.
anxious,I can't wait to get my paycheck. I'm going shopping.,I get paid in a couple of days. I'm going straight to the mall
anxious,I presented a watch to my mom on her anniversary. She missed it in a month. I was angry on her and scolded her.,I was angry on my mom.
anxious,I am so ready for Halloween this year. Its my favorite holiday,Halloween is my favorite holiday
anxious,I'm really nervous about a test I just took. I hope I passed.,I just took a test and I'm nervous if I passed or not.
anxious,I recently went to the doctor for some tests  He checked to see if I have a disease. I'm very nervous.,I recently went to the doctor to run some tests.
anxious,The other week I was walking a friend's dog as a favour_comma_ but while out with the dog I lost it and could not find it for ages. It had run off into some trees_comma_ I was really getting anxious about it,Luckily it didn't end unhappily_comma_ the dog came back
anxious,im so ready to see what the future holds,I am so impatient and ready overwhelmed all of it!
anxious,I have a dentist's appointment today.  I have always hated going to the dentist_comma_ so much pain.,I am nervous about going to the dentist's office today.
anxious,my wife is going overseas with our baby_comma_ i'm so freaking nervous,my wife is going overseas with our baby and i'm so nervous!!!
anxious,right now i am anxious because I have a trip planned. It's a trip where we are relying on someone else for transportation so I am very insecure about putting that much trust on another person. We are going to santa fe for a wedding.,Hello friend_comma_ I am feeling very nervous!
anxious,I am anxious about moving_comma_ I have lived in this house almost my whole life,I am anxious about moving_comma_ I have lived in this house almost my whole life
anxious,When I was younger scary movie characters used to pop in my head before I would go to sleep.  I would wake up in a cold sweat_comma_ nervous that the ghoul was under my bed or behind my door.,"My first time watching ""The Sixth Sense"" was when I was 10-years-old and I was nervous before going to bed or being in the bathroom with no lights...because I thought the poisoned girl with the puke mouth would pop out somewhere"
anxious,I had to get my foot looked at by the doctor_comma_ always makes me nervous.,I had to get my foot looked at by the doctor_comma_ always makes me nervous going there.
anxious,for christmas to come,I am feeling so impatient this year for christmas since we are in our new home.
anxious,I recently flew for the first time on an airplane. My anxiety was through the roof!,I recently flew for the first time on an airplane!
anxious,When I went back to work_comma_ I felt very uneasy about taking my infant to daycare.  I was so afraid something would happen to him_comma_ I quit my job after three weeks back to stay home with him full time,When I went back to work I felt very uneasy about taking my infant to daycare. I was so upset and worried.
anxious,I have been feeling very apprehensive these days.,I have been feeling very apprehensive these days.
anxious,Tomorrow I have to give a big speech to my colleagues at work. I am very nervous.,I have to give a major speech tomorrow at work early in the morning.
anxious,I have a huge test tomorrow and I am so nervous. I don't feel ready for it.,I have a huge test tomorrow in Physics and I don't feel prepared for it.
anxious,I have to send an email to a company I really want to work for today and I don't want to mess it up.,Sorry to cut that short_comma_ but I have to send an email to a company I really want to work for today and I don't want to mess it up.
anxious,When I was younger_comma_ I had social anxiety. Speeches would give me terrible anxiety.,When I was younger_comma_ I had social anxiety. Speeches would give me terrible anxiety
anxious,I was talking to my aunt on the phone but I felt awkward and nervous because I am not good at talking.,I was on the phone with my aunt. I am so awkward and bad at speaking so I was nervous.
anxious,Tomorrow I have my yearly review. I am nervous about it!,I do not know if I will get a positive or negative review. I do not ever look forward to these things!
anxious,I've a bit nervous. I've got a blind date tomorrow.,I've a bit nervous. I've got a blind date tomorrow.
anxious,I can't wait until my daughter becomes an adult. She think its so easy.,MY daughter this money grows on trees and life is so easy.
anxious,I felt really nervous when I took my driving test,felt really nervous when I took my driving test
anxious,I felt nervous before I rode on an airplane for the first time3=,I felt nervous before I rode on an airplane for the first time
anxious,I submitted a form to receive notifications for my banking app. I don't know why but the waiting got me feeling antsy..,"I submitted a form to receive notifications for my banking app. I don't know why but the waiting got me feeling antsy.."""
anxious,Public speeches always get me. It makes me very nervous and I just can't do them.,Public speeches always get me. It makes me very nervous and I just can't do them.
anxious,School starts in a few days. I am too excited.,School is about to start. Summer is over.
anxious,I've been a bit uneasy about money lately.,I've been somewhat uneasy about money lately.
anxious,I'm so sleepy but have so much work to do.,I'm so sleepy but have so much work to do.
anxious,I haven't seen our cat for days now. I have to find out what happened.,I havent seen my cat for days
anxious,I am nervous because I am having surgery tomorrow,I am nervous because I am having a surgery tomorrow
anxious,My friend said she wanted to talk to me. No idea what it could be about.,My friend said she wanted to talk to me. No idea what it could be about.
anxious,I can't find my phone anywhere. Everything is in it!,I can't find my phone anywhere. Everything is in it!
anxious,I just can't wait until this weekend!  I am going on a trip to the Bahamas for a week!  I can't stop thinking about it!,I just can't wait until this weekend! I am going on a trip to the Bahamas for a week! I can't stop thinking about it!
devastated,when i had to say goodbye to my dad,I still remember the day i had to say goodbye to my dad. :(
devastated,I was devastated when the Falcons blew the Super Bowl.,I can't believe the Falcons blew the Super Bowl. I was there.
devastated,i was devastated when my favorite world cup team was knocked out of the tournament.,Hi! Have you been watching the FIFA World Cup recently?
devastated,When my grandmother passed away I was so sad. I was only 13 years old,When I was younger_comma_ my grandmother passed away_comma_ I was so upset
devastated,My dad accidentally got into rat poison and died.,I meant my DOG got into rat poison and died. It was a truly horrific accident.
devastated,I let my friend borrow my car last year and I got a call later that night that he crashed it and totaled it_comma_ man I was crushed by that experience.,So last year I let my friend borrow my car_comma_ and that night he ended up crashing and totaling it. I was crushed.
devastated,One night_comma_ i hugged my wife and told her i loved her.  I went to work and got a big raise.  I rushed home to tell her.  When i got home_comma_ all of the furniture_comma_ my wife and kids were gone.,One night_comma_ i hugged my wife and told her i loved her
devastated,"I loved watching ""Sons of Anarchy"" and had only got through Season 2...when my friend ruined everything and said they were all gonna die at the end.  I was sad and horrified",I can't believe my friend ruined Sons of Anarchy for me...I was only on season 2 and she told me about how they all die at the end I was sad and horrified
devastated,When my mother passed away randomly_comma_ it really hurt me.,I was in a bad spot when my mom passed away randomly a few years ago
devastated,I remember when I got into a really big fight with my roommate and she kicked me out and I had to move back into my parent's house.,WIsh that did happen to you_comma_ better luck next time.
devastated,My Grandmother passed away and it was really hard.,When my Grandmother passed away_comma_ it was really hard for me.
devastated,I am devasted.,I am very devastated these days.
devastated,When i failed one of my college courses i felt so terrible,I felt destroyed when I failed one of my college courses last year
devastated,I was planning to attend classes this summer. It broke my heart that they want me to pay 1000 out of pocket.,I wanted to attend summer classes but I couldn;t
devastated,I felt so upset because of the damage caused by the hurricane to my town last year,After the hurricane last year my town was really damaged and it caused a lot of problems
devastated,I recall there was a time when great misfortune fell upon me - it actually happened this morning. I stubbed my toe when getting out of the shower and I was absolutely devastated that my toe's feeling were hurt,Have you ever stubbed your toe before? I did this morning when I got out of the shower and it felt like my life flashed before my eyes.
devastated,When I found out my aunt had a heart attack and died alone_comma_ it devastated me. I was not sure what to do with myself afterwards.,I was devastated when my aunt died alone. She had a heart attack and no one was there for her.
devastated,After the house fire we had last year I took me and my family a long time to get back to normal_comma_ it was a very trying time,We had a house fire last year that destroyed everything _comma_ it was very tough on my family
devastated,I just ran out of financial aid for school. I don't know what I'm going to do.,I ran out of funds for college and they want me to get a private loan.
devastated,I was looking to adopt a dog and found one that I loved. By the time I was ready to adopt and get to the rescue shelter_comma_ somehow else had adopted the dog.,I was looking to adopt a dog and found one that I loved. By the time I was ready to adopt and get to the rescue shelter_comma_ somehow else had adopted the dog.
devastated,When my relationship ended it was very hard.,"When my relationship ended it was very hard,4|4|4_5|5|5,
hit:826_conv:1653,2,devastated,When my relationship ended it was very hard.,209,Breaking off a relationship is tough business. How long did it last for? Was it serious?,4|4|4_5|5|5,
hit:826_conv:1653,3,devastated,When my relationship ended it was very hard.,226,We were together for 11 years.,4|4|4_5|5|5,
hit:826_conv:1653,4,devastated,When my relationship ended it was very hard.,209,Wow_comma_ that's brutal. I'm really sorry to hear that. Do you have any plans on looking for any new anytime soon?,4|4|4_5|5|5,
hit:827_conv:1655,1,surprised,A few days ago_comma_ I was coming home from work like any other ordinary day. When I walked in the house_comma_ my wife secretly organized a surprise party!,209,A few days ago_comma_ I was coming home from work like any other ordinary day. When I walked in the house_comma_ my wife secretly organized a surprise party!,5|5|5_5|5|5,
hit:827_conv:1655,2,surprised,A few days ago_comma_ I was coming home from work like any other ordinary day. When I walked in the house_comma_ my wife secretly organized a surprise party!,60,Wow_comma_ how exciting. Did you have fun?,5|5|5_5|5|5,
hit:827_conv:1655,3,surprised,A few days ago_comma_ I was coming home from work like any other ordinary day. When I walked in the house_comma_ my wife secretly organized a surprise party!,209,I had a blast! I was thrown completely off guard. It was nice of her and my friends to throw something together like that.,5|5|5_5|5|5,
hit:827_conv:1655,4,surprised,A few days ago_comma_ I was coming home from work like any other ordinary day. When I walked in the house_comma_ my wife secretly organized a surprise party!,60,Was it your birthday or something special?,5|5|5_5|5|5,
hit:828_conv:1656,1,angry,While driving someone backed up and almost hit me.,226,While driving someone backed up and almost hit me,4|4|4_5|5|5,
hit:828_conv:1656,2,angry,While driving someone backed up and almost hit me.,1,Oh man. That must have been nerve wrecking.,4|4|4_5|5|5,
hit:828_conv:1656,3,angry,While driving someone backed up and almost hit me.,226,they were not paying attention. ,4|4|4_5|5|5,
hit:828_conv:1656,4,angry,While driving someone backed up and almost hit me.,1,were they on the phone,4|4|4_5|5|5,
hit:828_conv:1657,1,nostalgic,Visited my old town_comma_ and it reminded me so much of my childhood.,1,Visited my old town_comma_ and it reminded me so much of my childhood.,5|5|5_4|4|4,
hit:828_conv:1657,2,nostalgic,Visited my old town_comma_ and it reminded me so much of my childhood.,226,That can be so much fun. ,5|5|5_4|4|4,
hit:828_conv:1657,3,nostalgic,Visited my old town_comma_ and it reminded me so much of my childhood.,1,It was a lot of fun actually. Met up with some of my old buddines.,5|5|5_4|4|4,
hit:828_conv:1657,4,nostalgic,Visited my old town_comma_ and it reminded me so much of my childhood.,226,Reconnecting usually makes for a fun time.,5|5|5_4|4|4,
hit:829_conv:1659,1,afraid,Once I was staying at a friends house and a really bad storm came about_comma_ it started to flood! The water started to come inside their house and I was really scared!,241,Once I was staying at a friends house and a really bad storm came about_comma_ it started to flood! The water started to come inside their house and I was really scared!,5|5|5_5|5|5,
hit:829_conv:1659,2,afraid,Once I was staying at a friends house and a really bad storm came about_comma_ it started to flood! The water started to come inside their house and I was really scared!,60,Was it a 1 story house? Was it by a lake or the sea?,5|5|5_5|5|5,
hit:829_conv:1659,3,afraid,Once I was staying at a friends house and a really bad storm came about_comma_ it started to flood! The water started to come inside their house and I was really scared!,241,It was a one story house_comma_ but the nearby drainage system couldn't keep up. We started fishing off the porch the next day!,5|5|5_5|5|5,
hit:829_conv:1659,4,afraid,Once I was staying at a friends house and a really bad storm came about_comma_ it started to flood! The water started to come inside their house and I was really scared!,60,Wow_comma_ thats crazy. Was everything in the house a total loss?,5|5|5_5|5|5,
hit:829_conv:1659,5,afraid,Once I was staying at a friends house and a really bad storm came about_comma_ it started to flood! The water started to come inside their house and I was really scared!,241,No_comma_ luckily it only rose an inch or two more inside the house. They only had to replace their floors and some furniture ,5|5|5_5|5|5,
hit:829_conv:1659,6,afraid,Once I was staying at a friends house and a really bad storm came about_comma_ it started to flood! The water started to come inside their house and I was really scared!,60,That still stinks. That happened once in a house I was renting. Water filled half the 1st floor. ,5|5|5_5|5|5,
hit:829_conv:1659,7,afraid,Once I was staying at a friends house and a really bad storm came about_comma_ it started to flood! The water started to come inside their house and I was really scared!,241,Oh wow_comma_ that's sucks,5|5|5_5|5|5,
hit:829_conv:1659,8,afraid,Once I was staying at a friends house and a really bad storm came about_comma_ it started to flood! The water started to come inside their house and I was really scared!,60,Yea. My current crew is about 35 people but I  need at least 5 more. Hopefully the next batch last longer.,5|5|5_5|5|5,
hit:830_conv:1660,1,guilty,I feel bad because I ate all the chocolate. We were supposed to divise between me_comma_ my brother and my sisters. I can't control when it is about food,7,I feel bad because I ate all the chocolate in the kitchen. We were supposed to divise between me_comma_ my brother and my sisters. I can't control when it is about food,5|5|5_5|5|5,
hit:830_conv:1660,2,guilty,I feel bad because I ate all the chocolate. We were supposed to divise between me_comma_ my brother and my sisters. I can't control when it is about food,209,I feel the same_comma_ man. I always tend to overeat whenever there is good food about. Did you do anything to make it up to them?,5|5|5_5|5|5,
hit:830_conv:1660,3,guilty,I feel bad because I ate all the chocolate. We were supposed to divise between me_comma_ my brother and my sisters. I can't control when it is about food,7,I bought a cake to make them forget about this.,5|5|5_5|5|5,
hit:830_conv:1660,4,guilty,I feel bad because I ate all the chocolate. We were supposed to divise between me_comma_ my brother and my sisters. I can't control when it is about food,209,That is a kind gesture. I'm sure they will forgive you. What kind of cake was it?,5|5|5_5|5|5,
hit:830_conv:1661,1,content,Last night I had the chance to finally lay down in my bed and read a book after a long work week. It felt so good.,209,Last night I had the chance to finally lay down in my bed and read a book after a long work week. It felt so good.,5|5|5_5|5|5,
hit:830_conv:1661,2,content,Last night I had the chance to finally lay down in my bed and read a book after a long work week. It felt so good.,7,It is nice to have some time to care of ourself. What book did you read?,5|5|5_5|5|5,
hit:830_conv:1661,3,content,Last night I had the chance to finally lay down in my bed and read a book after a long work week. It felt so good.,209,I started reading A Game of Thrones"". Figured it was finally time to read it after binge watching the shows."
devastated,I am so upset.  I found out today that I did not get the job.,I am so upset.  I just found out I didn't get the job I wanted.
devastated,When my aunt passed away_comma_ it was just bad. It was the worst thing to happen to me at that point,I was devastated when my aunt passed away. She helped raise me so it was tough
devastated,My neighbor's house burn down. We can't find where the cats went.,My neighbor's house burn down. We can't find where the cats went.
devastated,I was shocked when Lebron left the Cavs again,I was shocked when Lebron left the cavs again!
devastated,I am heartbroken that Lebron left for LA,Lebron needs to stay in Cleveland
devastated,the day i lost my father,I just wont ever forget the way I felt when I lost my father.
devastated,My 23 year old cat is missing. I have had her since I was a little kid. She has been gone for a week.,My cat has been missing for a week. I have looked everywhere.
devastated,My cat is sick_comma_ I don't know what to do.,I just found out my cat is very sick and there's nothing we can do to save him. I've had him for 17 years_comma_ I don't know what to do with myself.
devastated,I lost over $10_comma_000 in an investment.,I lost over $10_comma_000 in an investment.
devastated,When my aunt passed away randomly_comma_ it hurt. It was just so random it killed me,My aunt passing away randomly was bad. It just hurt so bad
devastated,I was sad to see Lebron go to the Lakers,I was sad to see Lebron go to the Lakers
devastated,My grandmother_comma_ who raised me_comma_ just passed away unexpectedly.  I don't know how to process this!,My grandmother_comma_ who raised me_comma_ just passed away unexpectedly. I don't know how to process this!
devastated,Me and my sister were yelling at each other then my brother came up to us. He ended up telling us he found grandma dead on her bed downstairs.,A long time ago i had a argument with my sister.
devastated,Promotion results came out today and I wasn't chosen for the new job.,So_comma_ my promotion results came out at work today. I wasn't very pleased.
devastated,I was devastated to find out my cousin passed away in a tragic car accident.,I was devastated to find out my cousin was killed in a tragic car accident.
devastated,My friend's mom isn't doing too well.,My friend's mom isn't doing too well.
devastated,About four years ago_comma_ my apartment was robbed. I discovered the state of my apartment. Everything turn over_comma_ any object that had some value was taken. I was totaly destroyed.,About four years ago_comma_ my apartment was robbed. I discovered the state of my apartment. Everything turn over_comma_ any object that had some value was taken. I was totaly destroyed.
devastated,My car was broken into.,My car was broken into last night. I lost my laptop_comma_ loose change I had in the cupholders_comma_ my GPS_comma_ and they yanked my radio set out.
devastated,One time I was doing a really important art project for a contest and I had put in 8 hours of work into my piece and then my mom ripped it.,I drew an art piece once and it got torn after I put a lot of work into it.
devastated,My laptop was destroyed when my toddler spilled water on it. I was so upset because I lost all of the baby photos that I had stored on it.,My son spilled water on my laptop. I was so upset_comma_ because I lost all of the photos I had stored on it.
devastated,I just broke up with my boyfriend of 8 years. I am beyond distraught.,I just broke up with my boyfriend of 8 years. I am beyond distraught.
devastated,I applied for a job online. I didn't get approved.,I applied for a job online and I didn't get approved.
devastated,I was devestated when I lost my grandmother_comma_ we were very close,I was devestated when I lost my grandmother_comma_ we were very close
devastated,I was devestated when my grandmother passed away_comma_ i was unsure what to do with myself for a long time after,I was devestated when my grandmother passed away_comma_ i was unsure what to do with myself for a long time after
devastated,My beloved tabby/calico mix cat_comma_ Callie_comma_ was out in our yard sunning and playing. A stray pit bull came into the yard_comma_ caught her and shook her like a rag doll_comma_ and killed her.,We let our tabby/calico mix cat_comma_ Callie_comma_ go outside during the day because she enjoyed being outdoors and also to get away from our other cat who persisted on bullying and tormenting her. One afternoon when she was out I happened to walk outside just in time to see a stray pit bull chase and grab her and shake her around like a rag doll until she died.
devastated,My cat recently died. I had her since I was 5 years old. She was 23. I feel so lost and lonely without her.,My cat died last week. I feel so lost without her.
devastated,I was driving the other day and a little turtle was in the road. I turned around and went back to get him before he got ran over and didn't make it. Ugh. He got hit and smashed that fast before I could get him,Ugh. Saw a little turtle in the middle of the road and he got ran over by the time I turned around and went back.  So sad.
devastated,when my dog died,I was so stressed the other day...
devastated,My house flooded with all the rain!,We have had so much rain the past few weeks_comma_ my house ended up flooding. I lost everything!
devastated,The first time I heard that Steve Irwin had died I couldn't believe it...he was like my childhood hero.  It was such a tragedy_comma_ the guy gave so much to the world,Steve Irwin's death was kind of a shock to me since he was like a childhood hero of mine...that guy gave so much to the world_comma_ it's such a tragedy
devastated,I was so sad when my mom passed away. I did not expect it,I was sad when my mom died. It happened so randomly
devastated,I was so sad when my aunt passed away. It came out of no where,I was sad when my aunt died. It came out of no where
devastated,My cat was run over by my uncle. He din't tell me until a week later.,I had the worst night last night. I found out my uncle hit my cat with his car. It happened two weeks ago and he never told me!
devastated,I bought a very difficult puzzle from my local hobby store_comma_ spent hours on building it only to drop it when I was about to put it in a frame. I was so dumbfounded,I bought a very difficult puzzle from my local hobby store_comma_ spent hours on building it only to drop it when I was about to put it in a frame. I was so dumbfounded
devastated,My brand new car was hit in the parking lot.  The driver took off without leaving a note.,My car was damaged in the parking lot and the other driver took off without leaving me a note.
devastated,I couldn't believe it when a rock bounced off the car in front of me and cracked my windshield. I am so frustrated at the moment.,I couldn't believe it when a rock bounced off the car in front of me and cracked my windshield. I am so frustrated at the moment.
devastated,My friend was diagnosed with throat cancer last year. She didnt live long.,I lost a friend to throat cancer last year.
devastated,Someone spray-painted my car last night_comma_ wrote some curse word. I have no idea why_comma_ since i have no enemies. I don't understand how people can treat others like that.,Someone spray-painted my car last night_comma_ wrote some curse word. I have no idea why_comma_ since i have no enemies. I don't understand how people can treat others like that.
devastated,I dropped my favorite coffee mug that was given to me by my grandmother who passed away.,I recently broke my favorite coffee mug that my grandmother gave me before she passed away.
devastated,I can not believe my friend died last week.,I can not believe my friend died last week.
devastated,My girlfriend broke up with me. I can't believe it_comma_ I'm so hurt.,My girlfriend just broke up with me.
devastated,My car burned down.,There was fire in my garage yesterday!
devastated,I think I have a coyote or wolf running around my area. I think it killed a little beaver that lived near the creek  near my house.,I saw a wolf or coyote in my yard a while back and I think it killed a little beaver that lived in the creek  for years behind my house.
devastated,when my car caught on fire,My car caught on fire! It was crazy and left me feeling unexplainable.
devastated,I lost my friend in a car accident. It has been very sad news.,I lost my friend in a car accident. It has been very sad news.
devastated,I broke my ankle!,I broke my ankle right before my wedding! This is a nightmare!
devastated,When I lost my dad_comma_ it really hurt me. It was just so random,It killed me pretty much when I lost my dad. It was so random and I was not ready for it
devastated,when i found out my dad died,I remember one night I was hanging out with friends_comma_ and got a phone call that the ambulance was at my parents home.
devastated,I lost my wallet at the store yesterday. I go there all the time. I can't believe no one turnes it in.,I lost my wallet at a store that I frequent near my home.
devastated,I yelled at my mom_comma_ because I was sleepy. I feel so bad.,I yelled at my mom_comma_ because I was sleepy. I feel so bad.
devastated,Our fence fell down. It's going to cost so much to get it fixed.,Our fence fell down. It's going to cost so much to get it fixed.
devastated,I tried to get my estranged mom to speak to me_comma_ and she got mad and insulted me.,I tried to reach out to my estranged mom_comma_ but she insulted me and refused to speak to me.
devastated,My dog passed away last month. I am so sad about it.,My dog passed away last month.
devastated,My favorite horse_comma_ Gracie_comma_ died the other day. I've had her since I was a child so it's very hard to take.,My favorite horse_comma_ Gracie_comma_ died the other day
devastated,My pet hamster was eaten by a pit bull.  I can't handle this sadness.,My pet hamster was eaten by a pit bull.
devastated,I was in complete shock to receive the news of the demise of a bosom friend,We had talked on phone a night before
devastated,There's a wild fire let loose in my areas _comma_it gutted several houses _comma_mine inclusive. It was ...,3
devastated,i was crushed when i saw my dog had gotten out,i was crushed when i saw my dog had gotten out
devastated,lost my cat whisker he was the best pet i have ever had,my cat of 13 years was the best thing that ever happened to me_comma_ he is now gone
devastated,My wife and I decided to get a divorce.  I feel absolutely defeated and distraught because of it.,My wife and I decided to get a divorce. I feel absolutely defeated and distraught because of it.
devastated,My son and I went to the beach and had a near death experience.  We almost drowned as we got sucked in to an under tow.,what?
devastated,I have been feeling really sad_comma_ recently lost my 23 year old niece.,Our family has been really sad. We recently lost our 23 year old niece.
devastated,Our family reunion was a disaster this year.,I look forward to our family reunion every year.
devastated,I lost all my money in my bank account due to fraud. I am so broken...,I lost all my money in my bank account due to fraud. I am so broken...
devastated,I saved up my money for a long time to buy my motorcycle. I was able to get it after 4 years of saving. I crashed it last week after only 2 weeks of owning it.,I saved up money for four years to buy my motorcycle.
devastated,i was schocked when i had to go home early,i was schocked when i had to go home early
devastated,I was totaly destroyed when I found that my wife took all the money that was in the bank account and left me.,I was totaly destroyed when I found that my wife took all the money that was in the bank account and left me.
devastated,I was shocked when i wasnt approved for time off the other day,I was shocked when i wasnt approved for time off the other day
devastated,My laptop broke_comma_ and I lost all the information on it.,My laptop broke_comma_ and I lost all the information on it.
devastated,I've owned 3 birds in the past 10 years and my 3rd bird just died last night. I didn't realize how much it would crush me. They were my buddies.,I've owned 3 birds in the past 10 years and my 3rd bird just died last night. I didn't realize how much it would crush me. They were my buddies.
devastated,I found my gold fish floating at the top of the fish tank dead last week.  I am absolutely hurt over it.,Last week I found my gold fish floating at the top of the fish tank dead.
devastated,I am so sad that my uncle died.,I am so sad my uncle died.
devastated,I found out that my favorite tv show got cancelled.  I am so sad it happened.,I found out that my favorite tv show got cancelled.
devastated,I felt so bad when my friend's new puppy passed away. He got really sick and died within a few days.,I felt so sad about my friend's new puppy that died suddenly. The puppy got so sick that it passed away in a few days.
devastated,My dog since childhood died a few days ago. It was heartbreaking_comma_ and it made me very sad,My dog since childhood died a few days ago
devastated,Two weeks ago_comma_ I found my home totally flooded. I felt totally destroyed.,Two weeks ago_comma_ I found my home totally flooded. I felt totally destroyed.
devastated,i was crushed when i wasnt able to leave work the other day,i was crushed when i wasnt able to leave work the other day
devastated,I was devestated when my grandmother passed away_comma_ that was a very sad time for me,I was devestated when my grandmother passed away_comma_ that was a very sad time for me
devastated,i was shocked when i couldnt go to the game i bought tickets for,i was shocked when i couldnt go to the game i bought tickets for
lonely,A few years ago_comma_ my marriage broke up_comma_ and I found myself living alone for the first time in my life. Though I eventually grew accustomed to the solitude_comma_ it took a while to get used to it.,I found myself divorced a few years ago_comma_ and for the first time in my life_comma_ I was living alone.
lonely,No one ever visits me anymore. I am always by myself in this apartment.,I have lived in my apartment for 5 years now.
lonely,I've been taking care of my aging mom for 5 years now and don't really have any friends_comma_ since so much time is used taking care of her.,I've been taking care of my aging mom for 5 years now and don't really have any friends_comma_ since so much time is used taking care of her.
lonely,Just moved here for work_comma_ and I don't know anyone. My coworkers have families of their own.,Just moved here for work_comma_ and I don't know anyone. My coworkers have families of their own.
lonely,I wish I had someone to spend my days with. I feel a alone.,I should really try to get a girlfriend or something. I just need to feel someone.
lonely,I situation in which I felt alone was when my partner left me.,I still my miss my partner_comma_ they left me all alone.
lonely,I was lonely as a teenager_comma_ I had no girlfriend and few friends. I was sad often,I was lonely as a teenager_comma_ I had no girlfriend and few friends. I was sad often
lonely,When I was working for my last company_comma_ I used to travel a lot and frequently used to miss my family and friends,You tend to feel really low when you travel frequently. I believe it's because you miss family & friends
lonely,My family went on vacation and left me all alone.,Last year_comma_ my family went on vacation and left me all alone.
lonely,When i was younger i didn't have many friends. Would just sit at my computer and was afraid to make friends. Was okay at time but just never felt good.,I didn't have any friends when i was younger.
lonely,I wish I had friends.,I wish I had friends.
lonely,I can recall when my mother passed away I was very alone_comma_ literally. At 20 years old and an only child_comma_ you still need your mother. My father wasn't in the picture after she passed either. So I was completely by myself with a 2 year old toddler.  Very sad time.,When I was a young girl_comma_ and mother of a two year old_comma_ my own mom passed away. This was a very sad time for me as I'm an only child and my father wasn't around either.
lonely,I moved an hour away from my sister. We lived really close before that so we spent time together a lot.,My sister and I lived close to each other then I moved an hour away.
lonely,My wife left me and i am so lonely.,My wife left me and i am so lonely.
lonely,I felt lonely when I was in my senior year of college_comma_ studying all of the time and single.,Hey_comma_ I used to fill lonely in college - my senior year. I was studying all of the time and single.
lonely,After my recent break up_comma_ i feel so lonely and desperate. I can't stand it anymore,It is so hard to cope with loneliness. Especially after my break up
lonely,I'm so sad because my family left today on a trip without me and they'll be gone for a week!,My family just left on a trip for a week and I had to stay back to work.
lonely,It will make  year tomorrow since the last time i have a date. It is such a frustrating experience,I need someone to date so badly. I cannot hold it anymore
lonely,I was really annoyed today. I walked outside to get something from my car and a friend was just hanging out in my driveway with some people I didn't even know.,I was really annoyed today.  I walked outside to get something from my car and a friend was just hanging out in my driveway with some people I didn't even know.
lonely,Last year my roommate left and my I didnt know many people at college so it got a bit too bring and quiet,Last year in my first year of college my roommate left so i had little human contact the entire year
lonely,I remember the time when my grandfather died and caused a family feud. It made my life quite alone_comma_ with no one I can relate to because I was young.,I remember the time when my grandfather died and resulted in a family feud. It made my life quite alone.
lonely,I felt sad when all my friends left me,I felt alone when my friends left me
lonely,I got heartbroken when my girlfriend left me and now I am so lonely,Loneliness is very bad_comma_ I miss my partner
lonely,Just moved to a new city_comma_ new work_comma_ and I've got no friends.,Just moved to a new city_comma_ new work_comma_ and I've got no friends.
lonely,I was very lonely when I was in prison.,I was lonely a lot in years past.
lonely,My best friend moved a few states away_comma_ I've never felt so alone.,My best friend from childhood moved for her job. She was my only friend and I'm pretty bummed out about it.
lonely,My husband cheated on me with his high school girlfirnd.,I just found out that my husband has been spending time with his old girlfriend.
lonely,I once couldn't find anyone to go out with_comma_ so I went to the bar alone.,I had to go to the bar alone_comma_ it was very sad.
lonely,My wife went out of town and I was alone for a whole week.,My wife went out of town and I was alone for a whole week.
lonely,When I went to Texas for some office work. I was alone for almost two months. In that period of my life_comma_ I felt a lot lonely. No_comma_ one was there with me_comma_ not even my friends.,Have you ever felt lonely in your life? I felt once_comma_ when I went to Texas.
lonely,When I moved into my house I was living by myself for the first time.,When I moved into my house I was living by myself for the first time
lonely,I had to leave my dog at the vet for a week since I was traveling. It's quite silent and weird,I had to leave my dog at the vet for a week since I've been traveling. It's weird not having him with me
lonely,My roommate went to Paris. I was at the house all alone.,My roommate went to Paris. I was at the house all alone.
lonely,I miss my family. everyday,I really miss my family and friends.
lonely,Before I met my girlfriend and friend group_comma_ I was so lonely all the time,Before I met my girlfriend and friend group_comma_ I was so lonely all the time
lonely,I was lonely before I met my girlfriend and group of good friends,I was lonely before I met my girlfriend and group of good friends
lonely,My wife is off to her mom's_comma_ stuck alone at my home!!,My wife went to her Mom's place. so bored without her
lonely,My girlfriend and I are in a long distance relationship. It's rough sometimes not always having the person you love the most around,My girlfriend and I are in a long distance relationship. It's rough sometimes not always having the person you love the most around
lonely,All of my friends aren't speaking to me and I don't know why.,I don't know why I did but my friends aren't speaking to me and It feels very isolating.
lonely,Once my wife went with her family to the beach and left me at home by myself.,I hate being alone_comma_ but my wife and kids have gone on vacation with her family this summer.
lonely,i feel lost without my dog!,i feel lost without my dog!
lonely,I felt a lone one summer when my friends all went away. It just did not feel right,I felt alone one summer. All of my friends were away it seemed
lonely,At work_comma_ I am often the only employee in my building. Sometimes I get really bored and need to walk to one of the other buildings just so I can say hello to someone.,At work_comma_ I am often the only employee in my building.
lonely,I sometimes feel so alone since Ive been single,I feel so alone now that I'm single.
lonely,My dad just passed away. Even though I haven't lived near him to be able to see him often in a long time_comma_ I really feel his missed presence. It just feels... strange.,My dad just passed away. Even though I haven't lived near him to be able to see him often in a long time_comma_ I really feel his missed presence. It just feels... strange
lonely,I just moved to a new city for work. I do not know anyone that lives here.,I just moved to a new city for work. I do not know anyone that lives here.
lonely,I went hunting with a friend_comma_ but I somehow got separated. I had to spend all night by myself in the woods.,A few years back I got separate from my hunting party. I had to spend the night in the woods by myself.
lonely,I went to the bowling alley yesterday all alone because my friends ditched me.,I went to the bowling alley yesterday all alone - my friends ditched me.
lonely,No one showed up for my birthday. I was so alone.,No one showed up for my birthday party. I was so alone and sad.
lonely,The summer will be over soon and my kids will be back at school. I will miss them,School is about to start back. I think I'm gonna miss having my kids at home
lonely,I am lonely when my bf is away at therapy but its for the best,My partner is away at therapy and getting help staying somewhere else so it's hard but its' for the best
lonely,I just moved to a new city for work recently.  I don't know anybody here and am just stuck by myself at home.,I just moved to a new city for work recently. I don't know anybody here and am just stuck by myself at home.
lonely,I went to the park yesterday all by myself. I felt so lonely.,I went to the park yesterday all by myself_comma_ since my friends ditched me.
lonely,I invited all of my online friends in Fortnite. None of them joined to my surprise.,I invited all of my online friends in Fortnite. None of them joined to my surprise.
lonely,I haven't had a date in 4 years now. My last date was in high school_comma_ I'm so alone...,I haven't had a date in 4 years now. My last date was in high school_comma_ I'm so alone...
lonely,I hate being alone at my house_comma_ it's not fulfilling at all.,I hate being alone at my house_comma_ it's not fulfilling at all.
lonely,My sister used to live in the apartment next door but she moved away. I don't have any friends over here.,MY sister used to live in the apartment next door to me. She was my only friend in the complex.
lonely,I posted a party on social media this morning. Not single soul showed up and I am alone...again,I posted a party on social media this morning. Not single soul showed up and I am alone...again
lonely,Every  Thanksgiving i eat alone.,Every single thanksgiving_comma_ I eat alone.
lonely,I moved far away from the city. I hardly ever see my friends anymore.,I moved away from the city. I never see my friends anymore. It gets lonely out here.
lonely,After my two best friends moved away_comma_ I felt pretty depressed and miss them a lot.,Two of my best friends moved away recently not far apart from one another. Left me feeling a bit empty.
lonely,My husband had to go out of town for work. He will be gone for 2 months. I don't know what I will do.,My husband had to go out of town for work.
lonely,On the weekends_comma_ my kids go away and its just me.,On the weekends_comma_ my kids go away and it is just me.
lonely,The Christmas before my daughter was born it was too late in my pregnancy to travel. My family lives across the country so I spent Christmas alone,My daughter was born in January so the Christmas before she was born I had to spend alone since I was too close to her due date to travel to my family.
lonely,When I think of my life I feel lonely. I live alone with no family.,I have the flat to myself today
lonely,I feel lonely all the time. I live alone and my family is far away.,I often feel lonely.
lonely,As i was sick_comma_ I'm unable to go to my school and I stayed in room. I miss my mom now.,I didn't go to school today.
lonely,I do not have any friends.,Hi_comma_ I do not have any friends in my new city.
lonely,I am home all alone today.  Everyone is gone on vacation including my close friends.,I am all alone as well.  Everyone is gone for their summer vacations.
lonely,I have lived by myself for the past 10 years. It has just been me and my dog_comma_ but now he is gone. I can't get used to it.,I have lived by myself for the past 10 years. It was always just me and my dog.
lonely,About two month ago_comma_ i broke up with my partner of 2 years. I have never felt so sad about myself,I broke up with my partner of 2 years about two month ago. I think loneliness is the worst that could happen to a human being
lonely,I had to be at home by myself for 2 days last week while my husband worked out of town. It was horrible and boring.,I had to be at home by myself for 2 days last week while my husband worked out of town.
lonely,I feel abandon these days.,I feel abandon these days.
lonely,My husband had to go out of town for work recently. I don't have a lot of friends or close family so I had no one to spend time with or talk to and it was sad.,My husband was out of town for work recently_comma_ and it made me bummed out. I had no one to talk to or spend time with.
lonely,My dad didn't invite me to his wedding.,My dad didn't invite me to his wedding_comma_ talk about an all time low.
lonely,Once all my family went to town without me for the whole day. I felt so alone and sad until they got back.,Last week I felt so abandoned when my family went to town all day without me.
lonely,I am very lonely with my man away at treatment but it's necessary.,My partner is away getting treatment and therapy and it's hard.
lonely,My daughter is leaving for college. I don't now what to do.,My daughter is leaving me.
lonely,I was always socially awkward_comma_ i feel so lonely,I'm kind of socially awkward and I don't know how to start conversations in real life. I wish i had more friends
lonely,My friends all went back to college.,My friends all went back to college and now I have no one to hang out with.
lonely,A time I felt lonely was when I joined a video game lobby. There was not a single person in it and I felt alone...,A time I felt lonely was when I joined a video game lobby. There was not a single person in it and I felt alone...
lonely,when my friends went out without me_comma_ and didnt invite me.,My friends went out last night without me_comma_ and didnt even bother to ask me if I wanted to join them.
lonely,I've been single for some time now. It really sucks...,I've been single for some time now. It really sucks...
lonely,I just sit at home all day by myself. I tired of it.,I just sit at home all day alone.
lonely,My dog passed away a week ago. Feels different not having anyone to come home to.,My dog passed away a week ago. Feels different not having anyone to come home to
lonely,Broke up with my girlfriend last week. I don't have anyone to do stuff with anymore.,Broke up with my girlfriend last week. I don't have anyone to do stuff with anymore.
lonely,I was lonely before I met my girlfriend and all my frinds,I was lonely before I met my girlfriend and all my friends
lonely,I feel all alone when nobody is home.,I feel pretty alone when nobody is home.
lonely,I feel abandoned.,I feel so lonely.
lonely,I miss living in the city. Everyone is so far now since I moved.,I miss living in the city.
lonely,I felt alone when my friends were all gone for the summer. I just had no one to hang out with,I felt alone when my friends were gone for the summer. I felt like I had no one to hang with
lonely,My boyfriend left town a couple of days ago and he won't be back for over a week. It is so quiet here and there's nothing to do.,My boyfriend left town a couple days ago and he won't be back for over a week.
lonely,sometimes I feel all alone!,sometimes I feel all alone!
lonely,My kids went on vacation with my parents for the week. I feel so lost and bored without them here.,My kids went on vacation with my parents for the week.
lonely,I live alone and I feel lonely a lot! I don't like living alone most of the time,I live alone and I feel lonely a lot! It has it's perks but a lot of down sides too
lonely,My children are in bed fast asleep_comma_ and no one wants to talk to me. I check my social media accounts and everyone is having fun with their loved ones except me. I am afraid to message someone because I do not want them to know the sad truth of night/life.,My children are both fast asleep and I am the only one up around my neighborhood at this hour.
lonely,I went to the movie theater by myself. I was the only one in the whole theater for the film.,I decided to go to the movies on my own. I saw the latest art film and had the theater all to myself.
lonely,I don't have many friends where I live_comma_ so I feel a bit down.,I am feeling a bit down in the dumps.
lonely,My family went on a vacation without me because I had to study for final exams. I have to stay home by myself which feels a bit like I am living in exile.,My family went on a vacation without me because I had to study for final exams. I have to stay home by myself which feels a bit like I am living in exile.
lonely,My family felt me alone for vacation at home. It was boring being alone.,My family felt me alone for vacation at home. It was boring being alone.
sad,One year during christmas_comma_ i did not get a single gift. It was a rough day for me.,During christmas a few years ago_comma_ I did not get any presents.
sad,I got recently got three rejection letters for 3 different jobs in a matter of a week and a half. That was a painful experience.,People get rejected all the time but it shouldn't be an excuse to let it dissuade you from reaching your goals.
sad,I was in a situation where I missed out on making some money_comma_ that caused me not to be happy.,I had a chance to make some money_comma_ but my phone screwed up
sad,When I realized all the chocolate was gone_comma_ after a long day.,So the other day I had a crazy long day and got home to find all of my chocolate was gone!
sad,I just found out they are not making a sequel to a movie I like.,So they just posted online about how they are not making a sequel to Hot Fuzz.
sad,A few years ago when my grandmother died unexpectedly.,My grandmother passed away unexpectedly a few years ago.
sad,I shouldn't have to cook on my birthday. This is when I miss having a boyfriend.,It makes me sad to be single nowadays.
sad,My mom has arthritis in her neck_comma_ and the pain seems to be traveling down now.,My mom has arthritis in her neck_comma_ and the pain seems to be traveling down now.
sad,My birthday was last weekend_comma_ and no one wished me a Happy Birthday.,My birthday was last weekend_comma_ and no one wished me a Happy Birthday.
sad,when my dog died,I had to put my dog to sleep and it was super stressing! :(
sad,I lost my cat to old age and cried all night about it.,So my cat of 10 years past away last night. I dont know what to do
sad,I lost my wallet and had to get all new cards,So I lost my wallet and had to get a new ID issued to me.
sad,I was sad when my grandma died.,My grandma died. I am so sad.
sad,"I really got close with a girl that I met from Tinder_comma_ to the point where we were ""dating"". Then randomly_comma_ after like 4 days_comma_ she says that she doesn't want to date anymore and then just stops talking to me.",I'm still kinda bummed about this_comma_ but like a month or more back I was really into this girl from Tinder and we started dating too. Unfortunately_comma_ after like 4 or 5 days_comma_ she said she wanted to stop dating and hasn't spoken to me since.
sad,I am trying to sell my house for 89k dollars_comma_ I have been in a bad financial situation_comma_ my nephew knows it_comma_ and now he is trying to buy my house just for 75k_comma_ trying to take advance of my situation,I am trying to sell my house for 89k dollars_comma_ I have been in a bad financial situation_comma_ my nephew knows it_comma_ and now he is trying to buy my house just for 75k_comma_ trying to take advance of my situation
sad,I was sad when my grandmother passed away. I was still a child,My grandmother passed away when I was a child_comma_ it really upset me
sad,I recently had to put my cat to sleep. It was an emotional day.,I recently had to put my cat_comma_ Blackjack_comma_ to sleep.
sad,I was looking forward to spending time with my friend Megan today_comma_ but I had to put it off again because I fell ill this morning.,I made plans to spend time with my friend Megan today_comma_ and unfortunately_comma_ I had to reschedule yet again.
sad,I recently found out my mom was very sick. SHe has stage 4 liver cirrhosis.,I recently found out my mom was very sick.
sad,Recently my refrigerator broke.  I had to throw away all of my food and spend $1400 on a new one.,I was so upset the other day. I came home and my refrigerator was broken.
sad,I cried when my grandma died.,I cried all day when my grandma died.
sad,I cried when the Jonas brothers broke up.,I cried when The Jonas brothers broke up.
sad,My father in law was diagnosed with pancreatic cancer when our daughter was 9 months old.  He passed 9 months later when she was 18 months.,My father in law was diagnosed with pancreatic cancer when our daughter was 9 months old.  She was his first granddaughter.
sad,I cried when my brother passed away.,I cried when my brother died.
sad,1,I use to be the number one tennis player in the state.
sad,I try to forget my ex and move on.  But every day I wake up and see several things she bought me and I feel like a sledghammer hit me in the chest and stomach.,I'm finding it super hard to move on from my last relationship.
sad,My grandmother passed away when I was 30.  She really didn't get to know my girls very much at all.,My grandmother passed away about 10 years ago.  I really miss her_comma_ she pretty much was the only female influence I had growing up.
sad,I miss my dog_comma_ Baby Girl_comma_ poor thing passed away last year after 15 years.,I miss my dog_comma_ Baby Girl_comma_ poor thing passed away last year after 15 years.
sad,I broke my favorite drinking glass.,I knocked my favorite glass off the table and now I have to find a replacement.
sad,Last week I had to put my dog to sleep.  It was so sad.  I had her for 15 years,Last week I had to put my dog to sleep.  It was really sad because I had him for 16 years.
sad,I am so sad.  My husband needs a lung transplant.,I am so sad lately.  My husband needs a lung transplant and he is only 40 years old.
sad,My cat dissapeared after 14 years one day. He never came back.,My first cat disaapeared 2 years ago after 14 years with him
sad,We (family friends) planned a holiday trip to go for the last weekend. I was preparing for that like packing dress and getting ready to it. Unfortunately one of my cousin was unable to come due to his personal reasons. So we just cancelled the trip. I was feeling sad for this trip cancellation.,My holiday trip has cancelled. I was feeling low for it.
sad,I was reading the news and I saw some terrible news about some Christians being persecuted in Nigeria. I heard that 6_comma_000 families had been massacred and it made me feel heartbroken.,I was reading the news the other day and I saw something so sad_comma_ about some Christians being persecuted in Nigeria. I guess something like 6_comma_000 families have been massacred by extremists. It made me feel awful and sick.
sad,Some angry mob came to the mull yesterday,They stole some stuff
sad,A hungry man is an angry man,A man has to be hardworking in order not to be angry
sad,My dog died last week.,My dog passed away last week.
sad,I feel depressed. I might be kicked out of house soon_comma_ live on my own without wife and child.,I feel depressed.
sad,When my dad died randomly a few years ago_comma_ it really made me sad. I was just not ready for it to happen.,When my dad passed away_comma_ it was just really sad. It happened so sudden that I was not prepared.
sad,when i found out that my daughter had a bad reaction to her shot. it was scary,The other day my daughter got her 4th DTAP vaccine and she had a bad reaction to it.
sad,I broke my ankle a few weeks ago and am unable to compete in a run I signed up for.,I was working really hard for a marathon in a few weeks but I ended up breaking my ankle a little bit ago and can't participate. I'm disappointed.
sad,I recently learned that a close friend is getting foreclosed on their home. They were diagnosed with breast cancer 2 years ago and I think it drained the family of their money. I wish I could help but I don't have any money to give them. It is just a terrible situation.,I recently learned that a close friend is getting foreclosed on their home.
sad,Yesterday I saw that bugs had eaten my dandelions in the garden. I had spent so much time watering and taking care of them. I was devastated.,When I went out to my garden yesterday I noticed that bugs had eaten the dandelions in my garden. I was so upset about it that I cried.
sad,I was unable to help my friend who's in need. But I tried my level best to help her to solve the issue. She understand and get the issue solved through our another colleague.,My friend who never say no to me. Such a great companion she is! She asked me for a help. At the time I was out of town_comma_ so I was unable to do a favor
sad,I'm a bit unhappy with Summer being almost over.,I'm a bit unhappy with Summer being almost over.
sad,I just celebrted my first birthday without my grandmother.,This was the first birthday this year I had without my grandma.
sad,I lost my dog a few days ago. It was really sudden.,I lost my dog a few days ago. It was really sudden
sad,I was disheartened to learn the tv show colony wont be coming back,I was disheartened to learn the tv show colony wont be coming back
sad,My best friend just left for Europe. She'll be gone for 4 years.,My best friend just left for Europe. She'll be gone for 4 years
sad,My dog died. She was 20 years old.,My dog died. She was 20 years old.
sad,I forgot about my best friend's birthday last week and I felt like I betrayed him by forgetting about our long friendship.,Last week_comma_ I can't believe I forgot it was my best friend's birthday. I felt like I betrayed our friendship.
sad,My best friend moved away_comma_ I am not happy.,My best friend moved away. I was not happy.
sad,My dog passed away and I cried.,My dog passed away and I cried.
sad,I was upset when the spurs traded away Khawi Leonard,I was upset when the spurs traded away Khawi Leonard
sad,had to leave my long distance girlfriend to go back home_comma_ after I had spent a month of time with her,had to leave my long distance girlfriend to go back home_comma_ after I had spent a month of time with her
sad,I didn't get the promotion I worked so hard for.,I'm super bummed out. I worked really hard for this promotion and I ended up not getting it.
sad,My girlfriend of 10 years broke up with me yesterday.,My girlfriend of 10 years broke up with me yesterday.
sad,My cousin moved to another state. I miss her so much,MY cousin has moved away.
sad,I left my phone on the bus last night as I was coming home_comma_ I am still very upset_comma_,I left my phone on the bus last night as I was coming home_comma_ I am still very upset.
sad,My girlfriend of 3 years broke up with me the day of going to college. I couldn't focus that day and i felt depressed.,So my first day of college my girlfriend decided to break up with me. This is after 3 years of dating.
sad,I ma devastated.,I am devastated.
sad,Yesterday_comma_ I got fired from my job. I was so sad.,Yesterday was an awful day for me...I got fired from my job.
sad,I didn't do well on my job interview.,It's such a bummer that I did badly on the job interview I had today.
sad,All of the good shows are ending. It really ruins tv for me.,Every good show on tv is ending or has already ended.
sad,My dog died last week. It was one of the worst days of my life.,My dog died last week. I've been so depressed without her.
sad,My dog is missing. We have been looking for her for almost a week. He is a three year old rescue dog that we have only had for a few months.,My dog is missing! She has been gone for almost a week.
sad,My grandmother passed away two weeks ago. I used to see her everyday and its been really hard lately.,I cant stop thinking about my grandmother. She passed away recently and it hurts to think about.
sad,I was sad when my grandmother passed away_comma_ that was not a good time in my life,I was sad when my grandmother passed away_comma_ that was not a good time in my life
sad,In school_comma_ people would always bully me.,In school_comma_ the kids would always bully me and call me names
sad,I had 20 dollars sitting in my car and I opened my windows. Next thing you know_comma_ the 20 dollars flew out the window.,I had a 20 dollar bill in my car and I opened my windows. I couldn't find it so I'm thinking it flew out the window...
sad,My dog is getting old and is having trouble walking_comma_ it's tough to see.,My dog is getting old and is having trouble walking_comma_ it's tough to see.
sad,My turtle ran away yesterday. I am so sad.,My turtle that I had for 30 years ran away yesterday.
sad,When my grandmother died i was depressed and sad. I couldn't leave my room for a week because i was so sad.,When my grandmother died i kind of lost it a little. shut myself into my room for a while.
sad,My wife left me last year.,My wife up and left me last year
sad,I am sad tonight.  I am broke until next week.,I am feeling down tonight.  I am broke until next week.
sad,Summer is almost over. I'm not happy about it.,Summer is almost over. I can't take it!
sad,I just preordered Black Ops 4. I can't play until October though,Black Ops 4 comes out in October
sad,A girl I asked out just rejected me. Feels bad man.,A girl I asked out just rejected me. Feels bad man.
sad,It makes me depressed seeing homeless people. I wish I could help them but I am going through tough times too.,It makes me depressed seeing homeless people. I wish I could help them but I am going through tough times too.
sad,My grandmother died several years ago. We just got her house cleaned out and had to sell it. We have so many memories from that farm. I will miss it so much.,We just go through selling my grandmothers house last month.
sad,I was very interested in a girl that lives near me. I can't seem to muster the courage to talk to her so I'm feeling pretty down in the dumps. Hopefully_comma_ one day I can let my mind stop racing and just go for it.,I was very interested in a girl that lives near me. I can't seem to muster the courage to talk to her so I'm feeling pretty down in the dumps. Hopefully_comma_ one day I can let my mind stop racing and just go for it.
sad,I remember being really upset when we had to move away from my very first best friend when I was 10,"I remember being really upset when we had to move away from my very first best friend when I was 10"""
sad,I lost my dog last year_comma_ I cried so hard.,I lost my dog last year_comma_ I cried so hard.
sad,I wish my grandma was still alive.,I wish my grandma was still alive.
sad,I cry every time I think of my grandmother.,I cry every time I think of my grandmother.
sad,I saw a kitten get run over by a car.,I saw a kitten get run over by a car.
sad,I cried all night_comma_ my brother is going back to Iraq.,I cried all night_comma_ my brother is going back to Iraq.
sad,My dog ran away today and I cant find her.,Have you ever had a pet run away?
sad,I studied all week last week in preparation for my midterm_comma_ but when I got the results back_comma_ I was disappointed to see a low mark.,I studied all week last week in preparation for my midterm_comma_ but when I got the results back_comma_ I was disappointed to see a low mark.
sad,I was really broken up when we had to put our family dog to sleep,I was really broken up when we had to put our family dog to sleep
sad,I miss my old job. It was fun.,My old job was the best. I miss it.
sad,I miss being in a relationship sometimes.,I miss having a man at home.
sad,My dog just passed away.  I am so hurt right now.,I can't believe my dog just passed away.
sad,When i first joined college i failed most of my units because i had underestimated how good someone needs to prepare before going for an exam paper,I failed most of my Units in my first year of study in college.
sad,I feel sad when I left home,Leaving home makes me feel unhappy
sad,I lost a dear friend 2 days ago,He struggled  with cancer for 2 years
sad,My 15 year old cat just passed away.  I feel so empty and down in the dumps without him.,My 15 year old cat just passed away. I feel so empty and down in the dumps without him.
sad,I got into an argument with my husband last night.,I hate to let people into my personal life but I got into an argument with my husband last night.  It was aweful.  I felt so small.
sad,My girlfriend dumped me the other day.,Hey my girlfriend of 5 years dumped me last week.
sad,My wife forgot it was my birthday.,Hello_comma_ yesterday was my birthday and my wife completely forgot!
terrified,A recent job interview that I had made me feel very anxious because I felt like I didn't come prepared.,Job interviews always make me sweat bullets_comma_ makes me uncomfortable in general to be looked at under a microscope like that.
terrified,I was home alone. I heard a loud noise come from the kitchen.,The other night I was alone and heard a nose coming from the kitchen... it was creepy.
terrified,I was driving down a road at night and my car died. I sat in a car with not lights for hours.,So last night I was driving down this road and my car died and I had no lights.
terrified,I've lost my job and am behind on my mortgage. It scares me that I could lose my home.,I've lost my job and am behind on my mortgage. It scares me that I could lose my home.
terrified,When i was moving and lost my insurance to my car.,I was in the middle of a long distance move_comma_ and somehow misplaced my drivers registration and car insurance!!!
terrified,I am terrified of ghosts.,I am afraid of ghosts.
terrified,We've had some big rain storms where I live this spring and summer. The creek behind my house got almost in the yard twice already. Very scary.,We have had some big rain storms this spring and summer. The creek behind my house got in my yard twice. Very scary.
terrified,I was very afraid in airplane because of turbulence.,I was very afraid in airplane because of severe turbulence.
terrified,Today going to the dentist I was going to have my first root canal done ever along with three other teeth worked on. I knew I would be numbed but that came with the price of a needle being used. I was very nervous and worried.,I was so nervous going to the dentist today_comma_ I thought I would pass out!
terrified,As a child i was sitting in my parents car and a storm started. I was just playing my gameboy and the car started to shake. A log went right through the car window after a couple of minutes of the storm starting.,So yeah this Log even hit me square in the face and i ran out of the car.
terrified,Lately I have been very upset and worried about my financial situation. The stress has been quite overwhelming.,My finances are not the greatest lately and I've been so worried. I haven't been sleeping due to stressing about this situation.
terrified,It was a time of my life where i liked spooky things. I went into a abandoned house and i decided to spend the night. Well i started hearing noises and voices and i just was so scared i ran out the house.,I went into the old abandoned house went and spent the night.
terrified,I was attacked in the street by someone who stealed my bag. I was so scared that I had a panic attack.,I was attacked in the street by someone who stole my bag. I was so scared that I had a panic attack.
terrified,I was babysitting my 2 year old nephew and he tried to dive off the couch headfirst onto the floor.  I caught him by one leg.,The other day I was babysitting my 2 year old nephew and he tried to do a flip off the couch headfirst onto the floor!
terrified,I recently thought I saw a ghost in my house. It was horrifying to me.,I recently thought I saw a ghost in my house.
terrified,I was afraid during the earthquake.,I was afraid during the earthquake.
terrified,My husband had meningitis and then got bells palsey.  I was very very worried.,A few years back_comma_ my husband was diagnosed with viral meningitis and then while in the hospital he got Bells Palsy.
terrified,I am afraid of heights.,I am afraid of heights.
terrified,I just lost my job_comma_ and I've got too many bills.,I just lost my job_comma_ and I've got too many bills
terrified,When a tornado touched down a few hundred feet from my property_comma_ I was pretty scared,I was really scared when a tornado came down a few hundred feet from my house.
terrified,I heard a noise in my house late last night. It sounded like someone was walking around in the kitchen. I grabbed my mace just in case.,Late last night I swore I heard some footsteps coming from my kitchen. I live alone and was convinced someone was in the house.
terrified,I went for a run in the woods with my headphones in and a deer screamed at me.,I go for a run every morning through these woods by my house and I ran right by a deer without realizing it.
terrified,One night when I was crossing a road_comma_ a car didn't see me and almost hit me! I was so scared.,One night when I was crossing a road_comma_ a car didn't see me and almost hit me! I was so scared.
terrified,I was on a walk with my kids_comma_ and these two dogs who are always running around loose causing trouble came running at us like they wanted to attack. I had to stomp my feet and yell to scare them off.,I was out walking with the kids yesterday and these loose dogs who are always running around the neighborhood came up and ran up to attack us. I was so scared that they were going to bite one of the kids_comma_ I just stomped at them and yelled loudly and luckily they were scared off and left.
terrified,My neighbor's house is haunted_comma_ I have seen ghosts in there.,I refuse to go back into my neighbor's home. The last time I was there I saw ghosts all over that place.
terrified,I am terrified of heights,Heights really scare me and I don't know how to get over it.
terrified,I was terrified when I saw a snake,I was terrified when I saw a snake
terrified,I felt really terrified when I heard a loud scream coming from outside last night.,I hope it turned out that everything was OK
terrified,While i was alone at home_comma_ someone robbed me very late in the night,I got robbed_comma_ while i was alone at home
terrified,I had a bad dream last night.,I had a dream the other night that my daughter got lost at school.
terrified,The night my husband went to jail I was so scared. I didn't know what was going to happen to him or how I would get him out. I needed him to support out family. He had made mistakes_comma_ but was a good man otherwise.,My husband went to jail and I didn't know what was going to happen or how I would get him out.
terrified,I was driving and it began to rain so hard that I could see nothing in front of me.,I was driving and it began to rain so hard that I could see nothing in front of me.
terrified,MY daughter is starting junior high. I am nervous and afraid for her.,My daugher is starting junior high soon.
terrified,last night I saw a ghost in my bedroom.  It scared me to death!,Last night I was getting ready for bed and I saw a ghost in my bedroom.
terrified,I was trying to merge onto the freeway with my girlfriend and a semi was going way too fast and veered me towards the concrete border of the highway and I ran over a rock. The rock itself was pretty big and it hit my oil pan_comma_ the oil pan broke and started spilling oil everywhere. If I had not been calm I would have died,thank you so much_comma_ nothing happened to us thankfully my oil pan was broken though
terrified,The other day I was getting my mail and my neighbors little grandson accidentally let the little devil chihuahua out! I dont think I have ever run so fast in my life! What an adrenaline rush.,The other day I was getting my mail and my neighbors little grandson accidentally let the little devil chihuahua out! I dont think I have ever run so fast in my life!
terrified,I was playing with my toddler and there was this HUGE spider on his play tent. This spider was seriously so big. I called my boyfriend and he told me to spray it with hairspray and use one of his shoes to smash it.,I was playing with my toddler and there was this HUGE spider on his play tent. This spider was seriously so big.
terrified,My department just got shut down.,My department just got shut down.
terrified,When I was six years old_comma_ my mom let me watch IT.,I watched IT when I was only six years old.
terrified,I went to the beach_comma_ I hate the water.,I went to the beach even thou I hate the water.
terrified,Riding a big roller coaster for the first time while having a fear of heights_comma_ I was kind of worried how I would do,Riding a big roller coaster for the first time while having a fear of heights_comma_ I was kind of worried how I would do
terrified,almost having a car crash,I was almost in a nasty car crash earlier
terrified,I was so scared when my dad used to scare me as a kid,I was so scared when my dad used to scare me as a kid
terrified,I heard a storm was coming and I got really scared!,I heard a storm was coming and I got really scared!
terrified,I was scared the first time walking on ice. I did not want to fall in,I was scared the first time walking on ice on the pond. I did not want to fall in
terrified,I was scared when they said a big storm was coming!,I was scared when they said a big storm was coming!
terrified,I used to be terrified when I went to sleep. Thought there was a monster under the bed.,Did you ever believe that there were monsters under your bed?
terrified,I have anxiety so I get terrible panick attacks sometimes.,I have bad panic attacks about death after experiencing so much of it the past year
terrified,I am afraid to airplanes.,I am afraid of airplanes.
terrified,I really do not like ants.,I do not like ants.
terrified,I almost got into an accident yesterday. It was terrifying.,I almost got into a car accident yesterday. Have you ever been in one before?
terrified,I am so afraid of waterbugs. One crawled over my foot at my grandmother house over the weekend.,I am so scared of waterbugs.
terrified,A new episode of Stephen Kings new show comes on tonight. It is scary,Stephen Kings new show has a new episode tonight.
terrified,I have to meet new teachers for my kids today. I get scared doing that sometimes.,Its meet the teacher day at the school. I always get nervous doing this.
terrified,Once when i was going to a hockey game with my brother and dad. My dad got mad at my brother and brake the side of the car window.,Long time ago on my way to my brother hockey game something bad happened.
terrified,I have big fear of dogs. I can't explain why,I have big fear of dogs. I can't explain why
terrified,I need a tooth pulled and I am scared to go to the dentist.  SCARED!@#!@,I need a tooth pulled and I am scared to go to the dentist. SCARED!@#!@
terrified,I think I saw someone die today_comma_ I was so frightened.,I think I saw someone die today_comma_ I was so frightened.
terrified,I was lost in the woods one night outside my house. I hear some strange noises that were really scary sounding.,So i got lost outside of my house in the woods one night.
terrified,I was so scared today! I was taking out the garbage and a huge raccoon jumped out at me from behind the trash can!,I was so scared today! I was taking out the garbage and a huge raccoon jumped out at me from behind the trash can!
terrified,So_comma_ I'm dog-sitting for my neighbor right now while she's out of town_comma_ and one of them isn't acting right. They're not eating_comma_ and they seem all morose. I think I might have to take it to the vet...,So_comma_ I'm dog-sitting for my neighbor right now while she's out of town_comma_ and one of them isn't acting right. They're not eating_comma_ and they seem all morose. I think I might have to take it to the vet...
terrified,I'm gonna watch the new episode of Stephen Kings show tonight with the lights on,Stephen Kings new show is so scary.
terrified,I was terrified when I heard a knock at my door late at night,I was terrified when I heard a knock at my door late at night
terrified,I hate taking the subway_comma_ I am afraid I will get robbed.,I hate taking the subway_comma_ I am afraid I will get robbed.
terrified,When a storm touched down close to my house_comma_ it was scary. I was not sure I was going to make it,I was really scared when a bad storm hit close to my house. I thought we could have died
terrified,I heard someone bumping around the downstairs of my house last night after I had gone to bed and it scared me half to death.,I heard someone bumping around the downstairs of my house last night after I had gone to bed and it scared me half to death.
terrified,I think I didn't pay the cab driver and he told me he need the money so badly. I feel so bad_comma_ what do I do?,I think I didn't pay the cab driver and he told me he need the money so badly. I feel so bad_comma_ what do I do?
terrified,My sister talked me into going on a new wild roller coaster. I hate roller coasters_comma_ but I went anyway. It was as scary as I thought.,My sister talked me into going on a wild new roller coaster. I hate roller coasters!
terrified,A really bad summer storm that wasn't predicted came through_comma_ with large wind gusts and heavy rains and hail around the size of a 50cents piece. I wasn't expecting it to storm_comma_ so I was caught really offguard.,The other night_comma_ the sky got really dark and it started raining really heavy and hailing.
terrified,I'm about to move out of state all by myself. It's quite scary to think about,I'm about to move out of state all by myself. It makes me so nervous
terrified,I was at a drive through safari and an elephant started pushing up on the vehicle we were in. Freakin' scary_comma_ man!,I recently went to a safari where I was riding in a vehicle and one of the elephants got a bit rowdy and pushed up against the truck. I was freaking out!
terrified,I am being in fear lately.,I am being in fear lately
terrified,I saw a scorpion in my house. I trapped it under a bowl_comma_ but when I woke up the next day it was gone_comma_ even though the bowl hadn't moved.,I woke up to go to the bathroom in the middle of the night and saw a scorpion. I covered it with a bowl but when I woke up it was gone from the bowl.
terrified,There was a big storm last night. I was so scared.,There was a big storm last night.
terrified,I walked up on a snake in my yard a few days ago.,I had a scare a few days ago.
terrified,I was terrified when I heard strange noises outside that seemed really close,I was terrified when I heard strange noises outside that seemed really close
terrified,I found a biggest spider in my shower this morning. I never knew I could shriek like that..,I found a biggest spider in my shower this morning. I never knew I could shriek like that..
terrified,I am afraid of death.,I am afraid of death.
terrified,I decided to face my fear of heights. I went bungee jumping. I have never been more scared in my life. I survived_comma_ but would never do it again.,I decided to face my fear of heights.
terrified,I thought I saw a bat in my kitchen last night. I was so scared.,I thought I saw a bat in my kitchen last night
terrified,My street almost flooded very bad up to my garage because of the heavy rain today. I have things in my garage that I wouldnt want to get wet and didnt even think it could flood.,My street almost flooded very bad up to my garage because of the heavy rain today. I have things in my garage that I wouldnt want to get wet and didnt even think it could flood.
terrified,I already have 6 kids_comma_ getting pregnant again is so alarming :(,I already have 6 kids_comma_ getting pregnant again is so alarming :(
terrified,I watched a scary film last night and have been horrified about it all day.,I'm feeling really on edge still.
terrified,I am very uncertain if the fuel will be enough to drive me to the next station before I can buy,I am very uncertain if the fuel will be enough to drive me to the next station before I can buy
terrified,I was afraid to see aguy holding a knife toward me,A guy held a knife toward me
terrified,I have to go to a company presentation and make a speech. I'm so nervous that I might mess it up,In a few days I need to go to a company presentation and make a big speech!
terrified,I watched a scary film last night_comma_ and it still has me super spooked.,I am feeling very spooked at the moment.
terrified,About 15 years ago_comma_ I was a passenger on a flight which had to make an emergency landing. It was the most frightening experience of my life,It's certainly not something I would want to live through again. I try to fly as little as possible these days
terrified,I was working late at a fast food place years ago.  Two robbers came in and held us up at gunpoint.  They pistol whipped the manager and locked us in the walk in.,I was robbed at a fast food place years ago.
terrified,I was forced to give a speech in front of a large and completly full auditorium. I had barley any time to prepare and really had no idea what I was supposed to say.,I was forced into covering for my coworker who was supposed to give a large speech to a packed auditorium. I had no time to prepare for it and really no idea what I was doing. I still had to somehow make my way throught the speech!
terrified,I have been attacked last week by robber with a knife. I am still terrible afraid of getting out alone.,I have been attacked last week by robber with a knife. I am still terrible afraid of getting out alone.
terrified,I heard a loud smashing sound from the kitchen.,Yesterday I heard a loud sound coming from my kitchen
terrified,First rollercoaster,I went on my first rollercoaster ride about a month ago
terrified,I was scared when I went home alone the other day,I was scared when I went home alone the other day
terrified,When our home was broken into_comma_ It was so scary.,Our home was broken into.
terrified,a stray dog chased me when i was a kid_comma_ from then on i have never liked dogs,i do  not like dogs since they chased me when i was a kid and bit mre
terrified,I almost hit a deer driving down the highway a few days ago.,I almost hit a deer driving down the highway a few days ago.
terrified,There was a racoon by the dumpster last night when I was taking out the trash.,Last night I went to take the trash out and I almost died.
terrified,A truck almost ran me off the road the other day.,A truck almost ran me off the road the other day_comma_ thank god the median was there. I never understood the expression life flashing before my eyes_comma_ but after that_comma_ I did.
terrified,I heard a hissing noise outside my door and I swear to god it was a snake. It turned out to my brother playing a prank on me.,I heard a hissing noise outside my door and I swear to god it was a snake. It turned out to my brother playing a prank on me.
furious,I ordered for French fries _comma_bit was served burger_comma_that pissed me off!,I could not tolerate the waiters insensitivity_comma_that's poor service indeed!
furious,My mom took away my game system_comma_ and would not give it back ever again.,When i was younger_comma_ my mother would always take away my PC because I would always play video games on them.
furious,My handyman keeps telling me he's coming by to fix my sink_comma_ but then he doesn't show up. Ugh.,My handyman keeps telling me he's coming by to fix my leaky sink_comma_ but he never shows up when he says he will_comma_ ugh.
furious,i am angry against a friend that suppose to help me.,i am angry against a friend that suppose to help me.
furious,My neighbors left town and the weeds are so high_comma_ I'm afraid snakes might start living over there.,I am afraid my neighbors are causing snakes to come over my way.
furious,missing money from my paycheck_comma_ wrong hours and bonus again!,I am so sick of my job not paying us for the proper amount of hours!
furious,My child lied to me_comma_ and went somewhere he shouldnt have went.,So I found something out the other night that made me extremely upset!
furious,I ordered $20 in Krystals the other day. It was terrible.,Don't you hate when you order food and it is terrible.
furious,I was on maternity leave but still working from home some.  My boss would call and scream at me about things that happened while I wasn't even there.,While I was on maternity leave_comma_ I worked from home a little bit.  I don't think my boss liked it very much though.
furious,I was very sick one day and we had to go to the local ER.  They were so inept and spent much of the time talking about their divorces while I was so nauseous.,I was very sick one day and we had to go to the local ER.
furious,I am furious at Trump.,I am furious at Donald Trump
furious,I spent a long time making cookies and my family ate most of them without asking.,I made some cookies from scratch and left to run an errand. When I came back my family had eaten most of them without asking.
furious,I am so mad! All my boyfriend does is play video games 24/7.,I am so mad!  All my boyfriend does is play video games 24/7!
furious,when someone tell me a lie and i found it_comma_i was at the peak of furious,hi_comma_ my friend_comma_i have a request for you_comma_please don't tell lie to me_comma_if i found you were telling lie to me_comma_it hurts me more and i am furious
furious,Someone tried to take my computer when I wasnt looking the other year_comma_ super annoyed by that.,Someone tried to steal my computer a year ago_comma_ got super angry with them.
furious,It's tough to find good online work. I have bills to pay and it's really eating me up.,Man_comma_ it's not easy finding good online work.
furious,My sister stole money from me once.,I can't believe my sister stole money from me recently.
furious,I get furious when I see politicians argue between themselves.,I get furious when I see politicians argue between themselves
furious,MY ex was supposed to bring by $200 today and he doesn't have even half of that. I'm so mad.,My ex is the worse when it comes to payments.
furious,There was a time when I spilled a bowl of cheerios. I flew into a fit of rage so severe that I passed out for a couple of minutes_comma_ only to wake up_comma_ finding myself in the puddle milk and spilt cheerios.,Have you ever spilled a bowl of cereal? I did today and I was absolutely so mad! I flew into a blinding rage and started flailing about so bad that I nearly killed myself!
furious,My son always unplugs my phone while Im a sleep and lets the battery die. I am sick of it.,I wake up to a dead cell phone every single morning.
furious,Someone hit my car during the night.,Someone hit my car during the night. It made me very angry
furious,My internet is started to act weird and its making me mad.,MY internet used to be awesome now it cuts out several times a day.
furious,One time my brother stole my Nintendo 64. I was so mad at him i went into his room and beat him up.,You ever have a little brother that just took your stuff without asking?
furious,One Christmas when I was thirteen years old_comma_ I did not get the play station that I wanted.,I can no longer stand christmas_comma_ because once when i was thirteen I had been told I would be getting a playstation. Christmas came and I never got it.
furious,I am mad at my friend eric,I am mad at my friend Eric because he lied to me
furious,I am so mad that I have to go back to school.,I am so mad I have to go back to school.
furious,my child lied to me,I am trying to keep my cool but its pretty hard right now.
furious,I was furious when I found out a classmate was being cruel to my daughter,I wasextremele upset when I found out a classmate was being cruel to my daughter
furious,When i found out my roommate hadn't paid rent for 2 months i got really mad. He had wasted all my money for rent on other stuff for himself.,Hey_comma_ so guess what my roommate did 2 months ago with my rent money.
furious,My dog pooped on the carpet yesterday.,My dog took a big_comma_ fat_comma_ juicy poop on the carpet last night.
furious,I was so mad at my coworker.  He left for an extended work deployment and I inherited all his unfinished work.,I was so mad at my coworker. He left for an extended work deployment and I inherited all his unfinished work.
furious,I went to traffic court thinking that my ticket would be thrown out but the judge wouldn't give me any lenience.,I went to traffic court the other day and was promised that I would get off with a warning_comma_ but I ended up with a $300 fine.  I was so mad!
furious,For the third time in two weeks someone at work has stolen my lunch and no one will admit it.,Can you believe that for the third time in the past two weeks my lunch has been stolen at work. I am so heated right now.
furious,When strange men come on my property_comma_ swearing and smoking and leaving their butts.,Someone I live with is mentally disabled and doesn't know how to say no...so sometimes weird men come and talk to him and they swear..and smoke on my property and throw their buts on trash my property and it makes me very angry
furious,MY daughter just stuck a bunch of pictures on the wall after I told her not to.,MY daughter just used tape to stick a bunch of photos on her wall
furious,I do not understand why my credit card company would charge me 39 late fee when i was never late before,just once was i late with my payment and they charged me 39 bucks_comma_ i hate visa
furious,they would not do my lawn properly even with the hefty fees they charge monthy,i should stop paying them_comma_ they do not prepare my lawn right for me
furious,There was someone in the supermarket on SAturday who had their toddler pushing the trolley. It was so busy and they were just geting in the way so I got furious.,Hi_comma_ I got angry in the supermarket on saturday
furious,I was upset at the way the school is functioning this year.,I've been upset at the way my daughters' school has changed this year.
furious,I was furious when my mom was gossipped about.,I felt incredibly angry when my mom..who does everything for everyone and with a nice heart was gossiped about by my aunt until none of the family was nice to her
furious,I was furious when ticketed for a car on my own property.,"Well our police don't show up here for even gunshots or rapes but they are so corrupt they had a ""blight"" squad come ticket our nice car for being parked on my own lawn..that I take care of."
furious,I was very mad when my parents punished my brother was something he did not do. It just made me mad,I was mad when my brother got in trouble for no reason. My parents punished him for the wrong reasons
furious,The doctor kept me waiting today for over an hour.  I was late to work because of him!,I was late to work today because my doctor did not see me until well after an hour after my scheduled appointment time.
furious,Last night I had someone break into the house. I was so mad!,"This morning I woke up to find my 120"" flat screen tv gone."
furious,Someone stole my phone!,Last year_comma_ late at night someone stole my phone.
furious,I loaned some money to my friend at work. Turns out he quit a couple days ago and I won't be getting my money back as I have no way of contacting him..,I loaned some money to my friend at work. Turns out he quit a couple days ago and I won't be getting my money back as I have no way of contacting him..
furious,Someone hit my car while it was parked. They didn't leave there information and ended up parking next to me. Had a big talk with the guy who did it.,Someone hit my car while it was parked the other day. He even parked next to my car.
furious,My son stole $600 from me!,I cannot believe that my own son would steal from me!!!!
furious,I was supposed to be off work 3 hours ago. I'm still here.,I was supposed to be off work 3 hours ago. I'm still here
furious,I was at a retail store and was ignored by the cashier who was checking me out.,I was at a retail store and was ignored by the cashier who was checking me out.
furious,My little sister caught off a chunk of my hair when I was sleeping last night. She did it because I came up with a fun but mean nickname for her the day before. But that was way over the line!,My little sister caught off a chunk of my hair when I was sleeping last night. She did it because I came up with a fun but mean nickname for her the day before. But that was way over the line!
furious,My ipad is locked. My son kept putting in the wrong passcode.,MY son always tries to unlock my ipad while I'm sleep. Now it has to be reset
furious,Someone stole my lawn mower last night.,The ONE time I had my security camera off_comma_ someone stole my lawn mower!
furious,Today I came home to find that my dog ripped all our pillows into shreds! I was so angry that I had to punish my dog.,Today I came home to find that my dog ripped all our pillows into shreds! I was so angry that I had to punish my dog.
furious,I was trying to explain something to someone and they cut me off and would not listen.,I was trying to explain something to someone and they cut me off and would not listen
furious,My mailman is the worst.,I have the worst mailman.
furious,Someone stole my car recently.  I am so upset about it!,Some one took my car recently.
furious,I was so mad when I saw the package I ordered from online was ruined!,I was so mad when I saw my ruined package I ordered.
furious,The people that bring more luggage than expected in the airplane are making me angry.,The people that bring more cabin luggage than expected in the airplane are making me angry.
furious,people keep stealing my parksing space in my neighborhood,i cant even park where i want the neighbors keep stealing my parking spaces
furious,My dog urinated on my work papers,Hi_comma_ my dog urinated on my work documents yesterday.
furious,I'm a pretty level-headed driver.  But my one pet peeve that really irks me--to the point of wanting to throw something at the other driver--is a driver on the right side merging at full speed into the furthest lane possible...with NO SIGNAL,I'm generally a calm driver.  But what really agitates me--to the point of wanting to throw something at the other driver--is someone on the right side merging at full speed onto the main road I'm driving on_comma_ towards the furthest lane possible...with NO SIGNAL
furious,when my car insurance got turned off bc someone forgot to pay it,My wife forgot to pay the car insurance_comma_ and i ended up getting pulled over!
furious,I was on the phone with my bank about some overdraft charges that were charged because of their error.  I am still angry about it.,I was on the phone with my bank about some overdraft charges that were charged because of their error. I am still angry about it.
furious,Someone backed into my truck in the parking lot.,Someone backed into my truck in the parking lot.
furious,when someone treated me badly and talked down to me,My boss talked down to me the other day_comma_ it made me so upset!
furious,We were sold a car with a known bad engine. It made me furious as we can't get a refund.,We just bought a car for cheap as ours was in an accident and the guy seemed so normal but lied and the engine has a ton of issues.
furious,I was so mad when I got detention for something I did not do. The kid who did it had nothing bad happen to him either,I got detention when I did not wrong. I was so furious at the kid who actually did the deed
furious,I was furious when a lady left her child in the car. Yesterday at the gas station.,A lady left her young kid in the car yesterday alone in front of the gas station. I would have video taped it but my mom told me after she left. Anything could've happened..and too boot- we are in the ghetto.
furious,My boyfriend cheated on me with my best friend!,My boyfriend cheated on me with my best friend! Why would he do that??
furious,I was really mad when my friend lost her husband,I was pretty upset when my friend lost her husband.
furious,My daughter dropeed an entire carton of eggs in the kitchen.,My daughter just ruined a carton of eggs.
furious,I am so mad at my cable company!  My internet and TV keeps going out and their technicians are incompetant!,I am so mad at my cable company!  My internet and TV keeps going out and their technicians are incompetent!
furious,I am upset that the Jonas Brothers broke up.,I am upset the Jonas Brothers broke up.
furious,Uber Eats did not even bring my order today! Customer sevice was being weird about a refund,I am so upset.
furious,I wanted to buy the new Nintendo Switch and it was sold out. I was so angry at the store.,I wanted to buy the Nintendo Switch from the store but they were sold out.
furious,I was so upset when my friend lied to me about  something_comma_ I yelled at her.,My friend lied to me and I was so upset I yelled at her.
furious,I stubbed my toe last night and cursed angrily.,I stubbed my toe last night and it really made me  lose my temper.
furious,I was checking out today at the grocery store and one of my items busted. It went everywhere and the cashier was so rude about it.,I was checking out today at the grocery store and one of my items busted. It went everywhere and the cashier was so rude about it
furious,I have to take my car to the shop again. Someone rear ended me and my car needs body work.,This is ridiculous. I have to take my car to the shop again.
furious,someone crashed into my car yesterday.,Someone crashed into my parked car yesterday.
furious,when my boss lied to me,My boss lied to me. Im so upset about it.
furious,when a car almost hit me_comma_ on the interstate.,I swear traffic is the worst in this city. I was almost in a car accident on the interstate going 80 MPH the other ady with my baby in the car.
furious,My wife and I had worked all weekend to clean the house. But in 2 hours_comma_ our 4 children destroyed all of it!,Argh_comma_ I'm so angry about yesterday!
furious,Yesterday someone cut me off while I was driving on the road. They almost hit me. I was quite angry when I saw they were looking at their phone and not the road!,I was driving to the store yesterday when some yahoo cut me off. They almost hit my car.
furious,Just got backed into at the grocery store.  My new car now has damage!,Lady backed into my car the other day and proceeds to tell me she doesn't have insurance.
furious,Recently_comma_ a person cut in front of me in line at the super market.  I was very upset about it.,Recently_comma_ a person cut in front of me in line at the grocery store.
furious,I was behind a guy going 10 miles per hour under the speed limit the other day. But when we got to a light that just turned yellow he floored it leaving me at the red light.,So the other day I was behind a guy on a two lane road that was going 10 miles under the speed limit. We approached a light that turned yellow. He floored it and I got stuck at the red light. So mad.
furious,I was driving in a parking lot and someone stole my parking spot.  I was so angry about it.,I was driving in a parking lot and someone stole my parking spot.
furious,I went to Wendy's and the cashier overcharged me!  I was so upset about it.,I went to Wendy's and the cashier overcharged me.
furious,I order a nice breakfast for me and my kids this morning. They got everything wrong!,I ordered a nice breakfast for me and my kids today.
furious,All my money in my bank got stolen due to fraud and I am so mad...,All my money in my bank got stolen due to fraud and I am so mad...
furious,I can't believe all of the classes I wanted to take are already full!,All of the classes I wanted to take are full
furious,I have knee problems and a coworker don't stop making jokes the way I am walking. He making very angry each time.,I have knee problems and a coworker don't stop making jokes the way I am walking. He making very angry each time.
furious,I sent my daughter shopping for school clothes. She cam back with three thing. I am so mad.,I let my daughter go shopping for school clothes with her friends today
furious,My friends wouldn't go with me to the gym last night. I was so angry that I broke my tv.,My friends wouldn't go with me to the gym last night. I was so mad that I shattered my phone.
furious,My ex was supposed to get our son today so I could take my daughter school shopping. He flaked.,My ex flaked on me again today.
furious,I went to close a bank account today_comma_ and when they got there they said it was overdrawn by an IRS tax lien.  I have never been so angry in my life!,I went to close a bank account today_comma_ and when they got there they said it was overdrawn by an IRS tax lien. I have never been so angry in my life!
furious,The cashier at the grocery store gave me back the wrong amount of change. i didn't notice until I was at home.,The cashier at the grocery store gave me back the wrong amount of change. i didn't notice until I was at home.
grateful,I went to a park and I set on a bench. I didn't notice that my wallet felt. A man came to me from behind giving me back my wallet.,Hi_comma_ I went to a park and I set on a bench. I didn't notice that my wallet felt. A man came to me from behind giving me back my wallet.
grateful,A situation when I felt grateful was when I had a flat tire and my father came to help me with it.  I felt grateful to have family around to be there for me.,One time I had a flat tire and my dad came to help me fix it.
grateful,I was grateful when my mother visited me for my birthday.,It was my birthday and my mother came to surprise me.
grateful,I finally finished my phlebotomy class. It was an hours drive one way_comma_ yuck. But thankfully it's over and I can try to get on at a local Hospital. They are hiring I heard.,I finally finished my Phlebotomy class . It was an hour's drive one way_comma_ but thankfully it's over and a hospital nearby is hiring I heard. Whew!
grateful,I am grateful to be alive.,I almost died last year.
grateful,I got stock from family a long time ago. I just let it sit there. It's risen 10 times since.,I got stock from family a long time ago. I just let it sit there. It's risen 10 times since.
grateful,My kids are the best. They get excited about everything. I think I had some good ones.,I think I have some pretty decent kids. May be too soon to tell though.
grateful,My transmission went out in my car. My dad loaned me $500 to get it fixed.,My transmission went out in my car at the worst possible time. No way could I afford to get it replaced or rebuilt. My dad was able to loan me $500 to get the new transmission_comma_ and my step dad was able to put it in.
grateful,I met with an accident once. Kindhearted passerby saved my life,I have a met with an accident once. one gentlemen saved my life
grateful,When my mom recently offered to help me with a medical bill. I was very stressed out because I had to have surgery and had a high deductible. She really helped me out a lot.,I'm so happy and relieved my mom came to my rescue this week.
grateful,I saw a homeless man sweating in the sun the other day and it made me thankful for what I have.,I saw a homeless man sweating in the sun the other day.
grateful,My mom recently completed radiation and surgery for breast cancer. I'm so thankful she had great doctors.,My mom just completed seven weeks of radiation treatments for breast cancer!
grateful,I was very sick when my first daughter was born.  My sister came and stayed for two weeks to help us out.,I was very sick when our first daughter was born. I developed HELLP syndrome with her and was in the hospital for 7 days.
grateful,My daughter was very seek for 2 weeks_comma_ but she is way better now,My daughter was very seek for 2 weeks_comma_ but she is way better now.I was so worried for a while.
grateful,I receive my blood test result yesterday and I am so grateful that I don't any immune system diseases.,"I receive my blood test result yesterday and I am so grateful that I don't any immune system diseases."""
grateful,I recently got a $1_comma_000 scholarship that I even forgot I applied for last year.,I recently got a $1_comma_000 scholarship that I even forgot I applied for last year.
grateful,Today_comma_ I was in an Uber and we got in an accident. I'm happy that no one was hurt!,During the day today_comma_ I was in an Uber when it crashed. I'm just thankful no one was hurt!
grateful,I am so happy that I passed my college course. There was a 3 point curve that made it possible.,I got lucky and passed my course this semester
grateful,I applied for a credit card and was approved. I felt very grateful for it,Yesterday_comma_ I submitted my application for a credit card with Chase. Thankfully_comma_ I was approved and was really glad
grateful,I recently had to move out of my house. My friend let me and my kids stay with her. I love her so much.,A month ago I had to move out of my house with only 2 weeks notice.
grateful,I think everyday how fortunate I am to have a house_comma_ car_comma_ food_comma_ water and air to breathe. There are so many people in the world who don't even have clean water to drink.,I think everyday how fortunate I am to have a house_comma_ car_comma_ food_comma_ water and air to breathe. There are so many people in the world who don't even have clean water to drink
grateful,I become a great cook noways! I didn't know to cook even a little dish a month before.,I became a great cook. I learnt lot of dishes
grateful,Its good to apprecite people,Its good to appreciate people who have helped u in the past
grateful,My friends set me up a huge surprise party for my birthday.,My friends set me up a huge surprise party for my birthday.
grateful,I was so happy and thankful when my son was born.,When my son was born_comma_ that was the happiest moment in my life.
grateful,Am thankful to my parents for bringing me up,That made us good children
grateful,I got tipped at work yesterday.,I got a tip at work yeserday.
grateful,I need to thank my manager. He groomed me to the next level in the organization,I received a mail yesterday! It was a surprise announcement for me!
grateful,I got pulled over for speeding and got a warning,I got pulled over for speeding today and the cop let me off with a warning.
grateful,I was very grateful when my dad got me my first baseball glove for little league. It was a expensive glove and he did not have to do that,I was very grateful when my dad got me my first glove. It was for baseball and just very glad he got it for me
grateful,My car had a bat hanging out the back_comma_ and I was about to get on the highway. A nice person stopped me and let me know so it wouldn't fly out,So_comma_ I got done with a game and I had a bat that sort of fell loose in the back of my car. It could have been bad since I didn't have the back on it_comma_ but luckily someone stopped me before I got on the highway!
grateful,My husband was in an accident 2 years ago and broke his back. I was trying to take care of him and 4 kids. The church brought us meals every night for 2 weeks after we came home. It was great.,The church bought us meals after my husband broke his back in a car accident.
grateful,I got a promotion last month_comma_ thank god.,I got a promotion last month_comma_ thank god.
grateful,I accidently left my purse in the shopping cart and drove off_comma_ when I returned someone had returned it to the store's lost and found.,I have to shop after work and I can be really spacy_comma_ one time I left my purse in the shopping cart with all my cards and phone in it.
grateful,I had a flat tire while driving on the interstate. A nice man stopped to help me.,I had a flat tire while driving on the interstate. A nice man stopped to help me
grateful,thankful that during a fire i still kept my home,A few weeks ago there was a fire in our electrical panel.
grateful,My car ran out of gas on the side of the road near my house as I was going to work that morning. I called a friend and he came by to give my car some gas despite also having work that day.,One time my car ran out of gas on the side of the road and a friend helped me by getting gas for me.
grateful,I felt grateful when my dad helped me get a new car. He was there with me the whole time,I was grateful when my dad helped me buy a car. He was there the entire time
grateful,I am grateful for my parents_comma_ they help me out with so much,I am grateful for my parents_comma_ they help me out with so much
grateful,I was happy when I found my dog,I was happy when I found my dog
grateful,I feel like these days my life keeps just getting better and better.  I'm a beginning entrepreneur and for the first time paid my full rent with 100% self-employment cash.,My life is pretty awesome.  I'm new to the entrepreneur life and just paid my full rent with 100% self-employed profit.
grateful,I was feeling rather hungry and then my friend gave me some food!,I was getting home from work one day and was feeling hungry. I wasn't able to eat at lunch break at work. When I got to my house a friend of mine was there and had pizza!
grateful,I am incredibly lucky to have a stranger return my new phone when I lost it on the bus.,I am incredibly lucky to have a stranger return my new phone when I lost it on the bus.
grateful,I was thankful when i found my dog!,I was thankful when i found my dog!
grateful,I once was short on rent and my parents gave me a little money to help me out. I am really happy my parents support me at times when they don't have too.,I didn't have enough money to pay my rent last week.
grateful,A kind man from my community brought my dog back when she escaped last week.,My dog escaped my yard last week and got pretty far_comma_ I was worried!
grateful,I am so happy I am an independent woman. It took a while but I'm here.,I love being independent.
grateful,My ride home from school decided to leave early. I ended up having to call my grandma to get him. She was very nice enough to do that for me.,Back in high school i ran the game club. My normal ride made left me early.
grateful,I am so fortunate to have a great mother.,I am so fortunate to have a good mother.
grateful,Last week_comma_ I lost my driver's license while I was out in about. Turns out_comma_ I left it on top of my car. My neighbor returned it and I was so thankful.,So_comma_ last week_comma_ I thought I lost my driver's license...it was a bad day.
grateful,I was on my way to work and got a flat tire. Someone stopped and helped me change it. I was able to make it to work on time.,Last week I got a flat tire on my way to work.
grateful,I am so happy all of my children were born healthy. Everyone isnt so lucky,Im so happy my children were born healthy.
grateful,It's always nice to know that I have such good friends to help me when I feel down. It's truly wonderful to know you have people to turn to,I was having a bad day yesterday_comma_ but my friends were there to help cheer me up. It's nice to know I can rely on people when I need to
grateful,thankful for my family_comma_ thankful to have a roof over my head in these stressful times,I am so thankful for my wife_comma_ and child. I honestly dont know what I would do without them.
grateful,I am so excited about being able to work from home.  No more stuffy office job!,Working from home now gives me the chance to be with my daughter more.
grateful,Im so happy my life is finally coming together.,Everything is falling into place for me.
grateful,I was so happy when my dad got me a truck. It was just a nice surprise,I was happy when my dad got me a truck. It was a nice surprise
grateful,Yesterday_comma_ I lost my favorite pair of underpants. I was quite grateful when my favorite bartender returned them.,So_comma_ went to the bar last night and woke up missing my underpants. I had no idea what happened to them_comma_
grateful,I lost my wallet the other day. My neighbor returned it. I was so thankful.,I got back from grocery shopping yesterday and I noticed that my wallet was missing.
grateful,I get a vacation and raise every single year.,I love every year when I get a vacation and a raise.
grateful,I am grateful that I have a place where I can rescue animals and not have a landlord,I am happy I have a home without a landlord and can do what I want_comma_ like rescue animals.
grateful,I had food_comma_ water_comma_ and a place to sleep today. I am so thankful.,I had food_comma_ water_comma_ and a place to sleep today. I am so thankful.
grateful,So_comma_ my computer monitor just died_comma_ and I was stressing about having to buy another one. But somehow my brother pulled out his toolkit and fixed it. I have no idea how people can be so handy!,So_comma_ my computer monitor just died_comma_ and I was stressing about having to buy another one. But somehow my brother pulled out his toolkit and fixed it. I have no idea how people can be so handy!
grateful,I was glad my dad helped me change a tire once. It let me know what it took going forward,I was glad my dad showed me how to change a tire when I was young. It came in handy down the line
grateful,I don't have a laundry washer or dryer in my apartment. So my mom comes by every week and picks up my smelly clothes. I am very thankful for her.,I don't have a laundry washer or dryer in my apartment. So my mom comes by every week and picks up my smelly clothes. I am very thankful for her.
grateful,My wife just bought me a car for our anniversary_comma_ and I am so glad she did.,My wife just bought me a car for our anniversary_comma_ and I am so happy she did.
grateful,I am so happy that I found decent work this summer,Im so happy I gt to take my kids on two trip this summer since I started working.
grateful,My supervisor praised my work on the project in front of others in our weekly meeting,I felt very special and appreciated when my supervisor praised my work in front of other team members during our weekly meeting
grateful,One time I was speeding_comma_ and another person was too. A cop pulled out behind me and luckily zoomed past me to chase after the other speeder. I felt like someone was looking down on me that day since I didn't get a ticket.,One time I was speeding_comma_ and another person was too. A cop pulled out behind me and luckily zoomed past me to chase after the other speeder. I felt like someone was looking down on me that day since I didn't get a ticket.
grateful,I am honored I get visit China next year.,I am honored I get to visit China next year.
grateful,I am so thankful for my time with my grandma,I am so thankful for my time with my grandma
grateful,Everyday I remind myself of how lucky I am to have a pair of supportive parents.,Everyday I remind myself of how lucky I am to have a pair of supportive parents.
grateful,I am so grateful that I know how to bake bread as it has fed me when I've been poor.,My biggest skill is being able to bake bread.
grateful,Looking back to the useless deadbeat I was back then...I'm really glad I've decided to man up and make something of myself,I sometimes look back at my old_comma_ deadbeat childish self...and am so glad that I decided to man up and start making something of myself sooner than later
grateful,i have great kids and glad they are mines everyday,My kids are pretty awesome
grateful,I was driving on the freeway the other day and there was a car ahead of me that was swerving bad. This really bugs me but I had no where to go on the road other then to slow down and fall back to get away from that car. Luckily after several minutes of this person swerving in and out of their lane a state trooper pulled them over.,I was driving on the freeway the other day and there was a car ahead of me that was swerving bad. This really bugs me but I had no where to go on the road other then to slow down and fall back to get away from that car.
grateful,I am grateful for my life right now_comma_ I have a girlfriend_comma_ a good job_comma_ and a good group of friends,I am grateful for my life right now_comma_ I have a girlfriend_comma_ a good job_comma_ and a good group of friends
grateful,I recently got in trouble for missing a lot of work. My supervisor had a talk with me and has decided to give me another chance to improve.,I recently got in trouble for missing a lot of work. My supervisor had a talk with me and has decided to give me another chance to improve.
grateful,for the meal i just made,I just had the most amazing lunch ever. I am so thankful to have cooking skills.
grateful,A kid I helped pay tuition fees got a job with Google and just bought me a car,The father had no money to pay his fees so I helped him now he bought me a car
grateful,We sold our house a year ago and moved to a new one. We are very thankful for all the help our families provided.,We sold our house a year ago and moved to a new one. We are very thankful for all the help our families provided.
grateful,I'm glad to have my close group of friends to cheer me up. I was dumped a few days ago_comma_ and it really hurt,I was dumped a few days ago after 4 years so I'm glad I have a close group of friends who helped me get through it
grateful,I was sick recently and my mother made me some chicken noodle soup_comma_ so glad I have someone like her around.,I was sick recently and my mother made me some chicken noodle soup_comma_ so glad I have someone like her around.
grateful,I feel so wonderful and blessed to have an amazing girlfriend. She is very understanding_comma_ like one time i was sick and she made me soup from scratch and a tea to help my throat.,I feel so wonderful and blessed to have an amazing girlfriend. She is very understanding_comma_ like one time i was sick and she made me soup from scratch and a tea to help my throat.
grateful,My wife gave me a gift for christmas,I was really happy and appreciative
grateful,I went out to dinner with my mom a couple of days ago and she paid for the meal.,I invited my mom out to dinner the other night_comma_ because we haven't seen other in a while. I was all willing to pay_comma_ since I invited her_comma_ but she stole the check and paid for it instead.
grateful,I am feeling very happy for having a good friend,My friend was very supportive when I was in distress
grateful,My dad knew that I have recently hit a rough patch with my finances and gave me 2 grand.  I can't thank him enough.,My dad knew that I have recently hit a rough patch with my finances and gave me 2 grand. I can't thank him enough.
grateful,I survived cancer and I'm thankful,I survived cancer and I'm thankful
grateful,My husband's grandma visited after we had our third baby and she made us tons of food and also bought us some new kitchen stuff and a rice cooker.,My husband's grandma came to stay with us when we had our third baby and she took great care of us_comma_ made us a lot of food and bought us some new kitchen tools.
grateful,when my health issues resolved,I have had so many health issues this year. It is been crucial to find the silver linings
grateful,I received a full ride scholarship to my dream school. I was so happy.,I received a full ride scholarship to my dream school. I was so happy.
grateful,so glad i can have food on the pot and groceries in the fridge,there was a time i had no food to eat now i'm so glad i can afford food and my pantry is stocked to the brim
grateful,I am very grateful I have electricty! I was reminded yesterday how great it is after my power went out.,I had my power go out yesterday and it reminded me of how grateful I am to have that convenience!
grateful,to be a parent_comma_ to have my daughter.,You know being a parent is so hard_comma_ but I feel so lucky to have my children especially in stressful times...
grateful,I am so thankful for the sun. It gives us sunlight for food_comma_ warmth_comma_ and so much more,I am so thankful for the sun. It gives us sunlight for food_comma_ warmth_comma_ and so much more
grateful,I'm very thankful to my family for always being there for me.,My family is always there for me when I've needed them.
grateful,I am thankful for my dog. Whenever I am lonely_comma_ she comforts me and I feel happy again1,I am thankful for my dog. Whenever I am lonely_comma_ she comforts me and I feel happy again!
grateful,Whenever I see homeless people_comma_ I am so thankful for where I am in life. That could easily have been me_comma_ they just got the bad roll of the die.,Whenever I see homeless people_comma_ I am so thankful for where I am in life. That could easily have been me_comma_ they just got the bad roll of the die.
grateful,I am pretty thankful to live close to my sister,I am pretty thankful to live close to my sister
hopeful,I Felt hopeful when I met my betterhalf for the first time. She gives me hope for my remaining life without saying anything. I feel hopeful after my marriage.,My marriage give me hopefulness about the life. exactly I want to say is may not it's marriage actually it's my wife given me the hope about the life.
hopeful,I cant wait for my house to sell.. its a slow market.,My house feels like its taking forever to sell...but I have a feeling something good is going to come soon!
hopeful,I really want to win the lottery someday_comma_ maybe i will?,So this is going to sound crazy but_comma_ one day I am going to win the lottery.
hopeful,I bought a lottery ticket and was hopeful I would win.,I bought a lottery ticket and have a feeling I will win.
hopeful,I'm trying to sell my house. It's been on the market for a year now_comma_ but I think I found someone who might buy it.  I'm trying to move to another area.,I think I found someone that's interested in my house finally . It's been on the market for over a year now.
hopeful,I think eventuallt the presidency is going to go in a more positive direction,How about our president huh?
hopeful,I just applied for a promotion_comma_ and I should earn at least 10k more.,I just applied for a promotion_comma_ and I should earn at least 10k more.
hopeful,Back in freshman year of college_comma_ I really wanted to room with my brother even though he was not a freshman but a sophomore. I was really rooting for that to happen but instead I got roomed with some random guy.,It was really annoying when I was thinking I would room with my brother back in freshman year of college_comma_ but it didn't work out as planned.
hopeful,When I missed up a hit_comma_ but was told I could redo it to reverse the rejection.,I missed up on something_comma_ but was told I could redo it
hopeful,I am so happy that France is going to the final of the soccer world cup,I am so happy that France is going to the final of the soccer world cup
hopeful,I recently started in vitro treatments in hopes of getting pregnant. I have been trying forever.,I recently started in vitro treatments in hopes of getting pregnant.
hopeful,I recently applied for a job after being out of the workforce for 13 years.  I'm hoping I get it!,I recently applied for a job after being out of the workforce for 13 years!
hopeful,I pray I make the soccer team this season.,I pray I make the soccer team this year.
hopeful,Just got offered a car as a gift. I really needed it.,Just got offered a car as a gift. I really needed it.
hopeful,I've homeschooled my girls and one is graduating next year and the other in 2 years.  I'm ready to get back out in the workforce,I've been at home homeschooling my girls for many years_comma_ but that time is coming to an end very quickly.
hopeful,I was employed as a sales rep in my company _comma_with diligence _comma_I'll someday be a manager,If I work hard In it_comma_I'll achieve it!
hopeful,I need a raise from my job. I am waiting for one in the next review.,I have been working so hard and it seems my payment can no longer take care of my bills
hopeful,I keep playing the lottery but have not won anything over $10. I know one day I am going to hit it big!,I buy a lottery ticket every day but for some reason I have not won more than $10. My luck will soon change!
hopeful,Whenever I see a newborn baby I always think about how I wish their life will be happy and long.,Whenever I see a newborn baby I always think about how I wish their life will be happy and long.
hopeful,My mother is trying to get a good job and we are praying she gets through and they give it to her.,My mother is trying to get a good job and we are praying she gets it.
hopeful,My mother recently applied for a much better job than she has now and we are all crossing our fingers that she gets it. It pays much better and has great benefits as well.,My mother is looking for a better job_comma_ since not only are her two current jobs really bad but we also need more household income.
hopeful,I have faith tha that one day my kids and I will move into a house. I'm tired of this apartment.,I'm ready to live in a house.
hopeful,I feel joyful from my relationship with my partner. The joy radiates from how well we mesh together and always see eye to eye.,I am in a very fulfilling relationship. My partner and I mesh so well together it brings me great joy!
hopeful,My wife has an interview tomorrow. I want her to get it.,Weve been struggling lately_comma_ but my wife finally has an interview tomorrow.
hopeful,I'm glad we finally got some dry weather today.  I need it to stay dry_comma_ sunny and breezy for the whole week!,I want dry_comma_ breezy_comma_ and sunny weather the whole week dang it
hopeful,MY kids are so different from each other. I think they are all going to do great things,I have three kids and they are all into different things.
hopeful,My friend lost her cat on Monday. We called the shelter_comma_ and they say they might have a cat that matches our description.,My friend lost her cat on Monday. We called the shelter_comma_ and they say they might have a cat that matches our description.
hopeful,When I took my son to a baseball recruiting camp to perform in front of college coaches.,My son is a high school baseball player. Last summer we started working on his recruiting process. I'll never forget taking him to his first recruiting camp -- I knew he had talent and was so hopeful that all would go well.
hopeful,There is an award at work that I really wanted my coworker to win,I like to encourage my peers
hopeful,My friend's at the hospital after a pretty bad car accident. We finally got news she's woken up after being asleep for 6 days.,My friend's at the hospital after a pretty bad car accident. We finally got news she's woken up after being asleep for 6 days.
hopeful,I love my wife,MY WIFE IS THE LOVE OF MY LIFE
hopeful,I had confidence the Falcons would win_comma_ man was I wrong.,I thought the Falcons would win_comma_ man was I wrong.
hopeful,I thought just maybe I would of got the promotion.,I thought I may of got the promotion_comma_ but I didn't.
hopeful,I was hoping to get a new pet this year!,I was hoping to get a new pet this year!
hopeful,If my plans work out_comma_ Ill be moving to France in the winter.,If my plans work out_comma_ I'll be moving to France in the winter.
hopeful,that i will find love,I am in a good mood today. I think I might have found someone special.
hopeful,When i finished my final exams one semester i knew i did well in all my classes. For once i felt like i didn't have to panic about what the final grade would become.,Hello buddy! So you know when you've just ace'd all the final exams and you can just enjoy your time off with out worrying?
hopeful,I have spent 3 years in my current position_comma_ done all the necessary on job training and I am looking forward to being promoted,I passed all my professional exams and got the company it's biggest clients_comma_ don't you think I deserve promotion?
hopeful,when i found out my mom had cancer,Im feeling very positive in a deep way today about my moms diagnosis.
hopeful,I hope my dog returns home!,I hope my dog returns home!
hopeful,I started my new job today. I am hoping for a raise soon.,I began my new job today! I'm hoping I do really well there.
hopeful,My online friend appiled to come to America. We're waiting for some good news.,My online friend appiled to come to America. We're waiting for some good news.
hopeful,I am hopeful that I will succeed in the future with business. Lots of things make me think this.,I am feeling very positive about finally succeeding in busines.
hopeful,I started taking a new body building supplement and I've been feeling stronger_comma_ so I'm hopeful that it works well.,I've just started taking a new body building supplement and it's working wonders so far.
hopeful,I started my new job yesterday. Hoping for a promotion soon.,I started a new job yesterday. I hope I perform well at it.
hopeful,I am hopeful I will get a better paying job soon_comma_ I could really use the money,I am hopeful I will get a better paying job soon_comma_ I could really use the money
hopeful,I think this semester is going to go well. I am prepared.,I am excited about my next semester at school.
hopeful,Yesterday_comma_ I gave an important presentation to my colleagues. It went really well. I am very much optimistic about the results.,yesterday I gave an important presentation to my colleagues.
hopeful,I pray that I will beat my disease.,I pray that I will beat my disease.
hopeful,I got a new job. There's so much debt I want to clear off.,I got a new job. There's so much debt I want to clear off
hopeful,I hope that my family comes home safe.,Time passes on for us anyhow_comma_ and now my kids are in 5th and 8th grade.
hopeful,I bought 5 lottery tickets today. I am positive for the future because I think I will win.,I bought 5 lottery tickets today. I am positive for the future because I think I will win
hopeful,I'm trying to look forward to the new school year for my children.,My children have started a new year at school.
hopeful,My wife is at the doctor's_comma_ and I think we might be getting good news about a new addition to our little family.,My wife is at the doctor's_comma_ and I think we might be getting good news about a new addition to our little family.
hopeful,I took my finals exam last week. I am optimistic about the results but we shall see.,I took my finals exam last week. I am optimistic about the results but we shall see.
hopeful,My mother is sick in the hospital. I am optimistic she will make it through,My mother is sick in the hospital. I am optimistic she will make it through
hopeful,Tomorrow I am making my first ever mayonnaise lasagna. I hope it is a hit at the company potluck.,So_comma_ I found this new recipe for mayonnaise lasagna. I'm making it tomorrow for all my fellow workers in the Nike sweatshop.
hopeful,I used to be pretty buff a couple years back. That gives me inspiration that I can get back to that shape again.,I used to be pretty buff a couple years back. That gives me inspiration that I can get back to that shape again.
hopeful,I missed the payment for my utility bill but I'm optimistic about the situation. Hopefully they don't cut my electr,I missed the payment for my utility bill but I'm optimistic about the situation. Hopefully they don't cut my electr
hopeful,I am wishing the Yankees will win the World Series.,I am wishing the Yankees will win the World Series.
hopeful,I have my credit card application approved with American Express. I hope now I can buy a new smartphone,Last week_comma_ I had my credit card application approved with American Express. I now can think of getting a new smartphone
hopeful,I wish that everyone would get along.,I wish everyone would get along.
hopeful,I did an interview yesterday. I presented myself in a better way also the interviewer appreciated me. I just waiting for the results now.,Am waiting for my interview results which I did yesterday.
hopeful,I am hopeful that I find a new job very soon.,I'm looking for a new job.
hopeful,I going to see a doctor to know my blood test results and I hope that I don't have anything serious.,I going to see a doctor to know my blood test results and I hope that I don't have anything serious.
hopeful,I remember this time two years ago when I was expecting my youngest child we didn't know whether she would be a boy or girl. I was so excited when they told me the results were a girl.,I remember this time two years ago when I was expecting my youngest child we didn't know whether she would be a boy or a girl. I was so excited when they told me the results were a girl.
hopeful,I have this vacation planned this weekend and I just am crossing my fingers that we will have a good time and everything will go smoothly,I have this vacation planned for this weekend but I am worried
hopeful,I surly was surprised when I found out I won a contest_comma_ it made me excited_comma_ as I didnt know what the prize was. It was a simple mailing that had a key inside_comma_ the company who sent it was a local and new lumber company. All I had to do was bring the key down to the cmpany and see which prize it unlocked,I received a wonderful surprise one day
hopeful,I am hopeful that my new degree will land me a better job,I am hopeful that my new degree will land me a better job
hopeful,I am hopeful that my new degree will help me get a better paying job,I am hopeful that my new degree will help me get a better paying job
hopeful,Got my fingers crossed on getting my EP out on iTunes by mid-September,I'm looking to get my EP out on iTunes by mid-September...I'm sure people will like it_comma_ fingers crossed hoping I get some good exposure
hopeful,My brother moved to California a few days ago. I want him to do well there_comma_ and I want him to make lots of friends,My brother moved to California a few days ago. It was stressful for him_comma_ but he's always been good at thinking things through
hopeful,It is my wish to not live from paycheck to paycheck,It is my wish to not live from paycheck to paycheck
hopeful,I'm anxious to see if I get this home loan I applied for.  I have been waiting forever!,Have you heard anything from the bank?
hopeful,I have done everything I can to stop my girlfriend from eating junking food. I am looking forward to her trimming down,I have done everything I can to stop my girlfriend from eating junking food. I am looking forward to her trimming down
hopeful,I've recently opened up my own business and I'm hoping that it'll be successful!,I just started my own business_comma_ here's to hoping it goes well!
hopeful,I got an interview for a nannying job. It is full-time for two twin babies.,I just got a job interview!
hopeful,I did not have enough money to pay rent but I had some freelance work that I could do and I was confident I'd make the money in time.,I did not have enough money for rent_comma_ but I had some freelance work that I could do and I was confident I could make the money in time.
hopeful,I  had severe allergy in couples of month. I tried a new diet and it was helpful in relieving my allergy. I felt happy.,hi there?
hopeful,I am hopeful everyday of my life.,I am a very optimistic person. Everyday I wake up expecting the best!
hopeful,when i was waiting to hear back from the bank for my preapproval to buy a home,I really think I am going to get the preapproval from the bank for my new home purchase...
hopeful,I am looking forward to seeing my daughters growing up in the future.,I can't wait to see how my daughters turn out as adults.
hopeful,I haven't had a date in a long time_comma_ but I know I will still get married one day.,I have been single for quite some time now_comma_ but I know its not over for me
hopeful,I need to get a job with real benefits soon_comma_ I'm very optimistic for the future.,I need to get a job with real benefits soon_comma_ I'm very optimistic for the future.
hopeful,that my friend will do okay driving,My friend just got her license_comma_ and we live in a busy city but I think shes going to be okay driving.
hopeful,I hope I will be able to afford a vacation during Christmas break for my kids,I hope I will be able to afford a vacation during Christmas break for my kids
hopeful,A lot of people voted in my community. I think there is going to be a change soon.,I saw a lot of people voting today. I voted early.
hopeful,"Have to go to the doctor tomorrow to see if I have strep throat. I hate when they have to swab the back of your mouth to ""make sure"" that it's strep so they can treat you. Really hoping to avoid that this time around.","Have to go to the doctor tomorrow to see if I have strep throat. I hate when they have to swab the back of your mouth to ""make sure"" that it's strep so they can treat you. Really hoping to avoid that this time around."
hopeful,It's birthday soon. I want to be a better person.,It's birthday soon. I want to be a better person.
hopeful,My son left 2 weeks ago for AIT for the Army. I am very optimistic that he will pass and have a great career in the military,My son just left for the Army. He is going to have an amazing career.
hopeful,My little boy is testing to see if he can get into a prestigious private school. Really hope he gets into it before the school year starts! If he does_comma_ they say kids from these schools are set and will easily get into a good college.,My little boy is testing to see if he can get into a prestigious private school. Really hope he gets into it before the school year starts! If he does_comma_ they say kids from these schools are set and will easily get into a good college
hopeful,I am beginning my new job tomorrow. I am quite nervous,I am starting my new job tomorrow. I've never been so nervous in my life.
hopeful,I was planning on giving birth without any pain medication. I wasn't sure if I'd be able to do it but I was optimistic.,I was going to have a baby and I wanted to do it without medication. i was not sure if I'd be strong enough but I was optimistic stil
hopeful,I had a date yesterday with a girl i met in our college campus. I think it went very good as i was expecting,I met a girl in college and we had a date yesterday. It went very good and I am very positive about out future relationship
hopeful,I pray American will be great again.,I pray America will be great again.
hopeful,I was following a sad news story about a missing child but remaining optimistic that they would find the baby.,I was following this sad story about a missing kid just trying to be optimistic that they'd find them.
hopeful,I am going to have back surgery next month.  I have faith it will be successful.,I am going to have back surgery next month.
hopeful,I did an interview,I was told to wait for a call
hopeful,Weekend coming up,Hey!  The weekend is coming up :D
hopeful,I just applid for a new job that pays better and is more stable than my current job. I think I have a great chance at getting it!,I applied for a new job yesterday. It seems like a great fit for me! It pays so much better and is so much more stable than my current job. I think I have a great chance at getting it!
faithful,There were times where I was being seduced by a coworker of mine.  I remained committed to my wife and did not cheat.  It was a good decision.,There were times where I was being seduced by a coworker of mine as a married man.
faithful,My friend's boyfriend got into an accident 5 years ago. She's still with him.,My friend's boyfriend got into an accident 5 years ago. She's still with him.
faithful,I have always been faithful to my girlfriend of almost 3 years_comma_ which I am proud of,I have always been faithful to my girlfriend_comma_ I am proud of that in a way
faithful,I have a long term girlfriend. I have never or will never cheat on her,I have a girlfriend_comma_ and I will never cheat on her
faithful,My husband is an over the road truck driver and we have to spend a lot of time apart. Despite this_comma_ we always make the best effort to comfort each other and sow how much we love one another.,My husband is an over the road truck driver and I dont get to see him a lot.
faithful,I am faithful to my wife_comma_ but it's thought,I am faithful to my wife_comma_ but it's thought.
faithful,Once_comma_ I had the chance to betray a friend that has always been truthful and honest to me. I didn't take the chance and stayed faithful to that friendship.,I recently had the chance to betray a friend of mine_comma_ but instead I stayed faithful.
faithful,I don't understand couples that cheat on each other. I literally have no desire to cheat.,It is so crazy to me. My best friend and her husband have an open marriage and I just cannot fathom having another partner other than my husband.
faithful,I love being sincere with people,Sincererity is key to frendship
faithful,I was dealing with someone hacking my email. I got really angry and felt compelled to lash out and say terrible things to the hacker. Instead my faith compelled me to remain as calm as possible and it ended up that I was able to get back my account.,I was getting my email hacked and wanted to lose my temper and send the hacker insulting_comma_ threatening emails. I felt compelled instead_comma_ by my faith_comma_ to remain patient. I ended up getting my email back in the end!
faithful,I've always been loyal to my wife.,I've always been faithful as a husband_comma_ I pride myself on that.
faithful,Last week I saw this big pizza in the breakroom and I chose to stick to my diet.,Hello_comma_ last week I walked into a breakroom and I saw a big pizza laying there for anyone to grab up_comma_ however I chose not to take a slice and remain faithful to my diet.
faithful,My husband used to be a drug addict. During that time he cheated on me many time. No matter what he did though I always stayed true to him.,I was cheated on at one time_comma_ but I stayed true to him and myself . We worked through it and are good now.
faithful,I get hit on by a lot of girls_comma_ but I'm happy with the one I got.,I get hit on by a lot of girls_comma_ but I'm happy with the one I got.
faithful,I wanted to go to mcdonalds but i know that i am a wendy's guy _comma_ so i decided against it even though i was starving,i would rather starve than eat mcdonalds
faithful,Stressful events are going on but I trust that things will work themselves out.,Everything seems to be going wrong_comma_ one thing after the other. I feel like I could break down but I have to trust that everything will work out the way it's supposed to.
faithful,A man tried to pick me up at a work event the other night. I have a boyfriend so I didn't accept his advances,So this guy tried to hit on me at a work event I was attending. I have a boyfriend so of course I turned him down.
faithful,I am loyal to my wife.,I am loyal to my wife.
faithful,I stayed with my last partner through many trials and tribulations,Man_comma_ my last partner put me through the ringer. There were so many trials and tribulations
faithful,I am faithful to my girlfriend all the time_comma_ I wish that was not so rare,I am faithful to my girlfriend all the time_comma_ I wish that was not so rare
faithful,My girlfriend is working in another country for 2 years. I'm afraid of the people she'll meet_comma_ but I trust her.,My girlfriend is working in another country for 2 years. I'm afraid of the people she'll meet_comma_ but I trust her.
faithful,I'm going to be away from my girlfriend for a year_comma_ but she should know that she can trust me.,I'm going to be away from my girlfriend for a year_comma_ but she should know that she can trust me.
faithful,I got a new job_comma_ but I'm going to finish this last project with my current job before leaving.,I got a new job_comma_ but I'm going to finish this last project with my current job before leaving.
faithful,I have never cheated on my wife.,I have never cheated on my wife.
faithful,I have had lots of problems with my girlfriend but we have worked through them and have remained true to each other.,Hi friend. I have had a lot of problems with my girlfriend
faithful,knew things were going to be alright for me when I dropped out of college. My dad was there for me a lot,My dad was there for me when I dropped out of college. I knew things would be okay because of him
faithful,I've been with my wife for over 10 years and have never been tempted to cheat. I can't understand why people do such things.,I've been with my wife for over 10 years and have always been dedicated to her. I can't understand why some people cheat.
faithful,My son failed his final exam in Math the other day. But_comma_ I do have faith that he will turn it around next semester.,My son failed his final exam yesterday. I was so upset with him!
faithful,No matter what_comma_ I have never cheated on my boyfriend.,I have never cheated on my boyfriend
faithful,I always buy my kids clothes from the same place.,I have always bought my kids clothes from the same store_comma_ Childrens Place.
faithful,I am sticking by my partner even though he has done a lot because no one else has. While he is in therapy. It's hard.,I am sticking by my partner even though he has done a lot because no one else has. While he is in therapy. It's hard. I don't know if he will get better but I guess it's worth a shot since no one else has ever helped him or been a good influence.
faithful,I have old dogs and I will do whatever it takes to make sure they are happy and well taken care of. I owe it to them.,I have older animals and I will do whatever is needed to ensure they are healthy. I work so they can have a good life
faithful,i was faithful on my diet,I didnt cheat on my diet even tho I was tempted at a party yesterday...
faithful,I asked my friend to buy stuff for a party_comma_ I knew he'd come through though.,I asked my friend to buy stuff for a party_comma_ I knew he'd come through though.
faithful,There's a new hotel that's been headhunting me to work for them_comma_ but I think I'll stay at the one I'm at now. They've been good to me.,There's a new hotel that's been headhunting me to work for them_comma_ but I think I'll stay at the one I'm at now. They've been good to me.
faithful,I have always  been faithful to my girlfiend of almost 3 years,I have always been faithful to my girlfiend of almost 3 years
faithful,3,my girlfriend annoys me sometimes_comma_ but I still love her anyway
faithful,I was going through a hard time in life_comma_ and I prayed and it made me feel better.,I was going through a hard time but praying helped me to feel strong enough to get through it.
faithful,Some one owed me some money,I thought he would not pay back after a long time
faithful,When I had to pass my classes to graduate,I just had to pass all of my classes to graduate.
faithful,You know... I have never cheated on my husband in 20 years.,You know... I have never cheated on my husband_comma_ or anyone else for that matter.
faithful,I have been a loyal custoer to my phone carrier for years. They always give me free things.,I love my wireless service.
faithful,I will never give up on my family,I will never give up on my family
faithful,There was a time my mom and dad didn't see each other for 4 years because of school.,There was a time my mom and dad didn't see each other for 4 years because of school.
faithful,I went to my school reunion alone _comma_ my husband couldnt make it. I saw a lot of old boyfriends there.,I went to my school reunion alone _comma_ my husband couldnt make it. I saw a lot of old boyfriends there.
faithful,I am in a long disance relationship,I am in a long disance relationship
faithful,the best friend I have had for he last 10 years will always be my best friend,the best friend I have had for he last 10 years will always be my best friend
faithful,I have faith in Trump.,I have faith in Trump.He will be a great president.
faithful,I always watch the news at 7pm.,I always watch the news at 7pm
faithful,One of my friends wanted me to leave out my other good friend and not tell her about our beach trip we were planning.  I told her that I wouldn't go unless we could all go together because I just don't leave people out.,One of my friends wanted me to leave out my other good friend and not tell her about our beach trip we were planning. I told her that I wouldn't go unless we could all go together because I just don't leave people out.
faithful,A girl hit on me at an event_comma_ but I've got a girlfriend. Not interested.,A girl hit on me at an event_comma_ but I've got a girlfriend. Not interested.
faithful,While a lot of my coworkers quit to go to a competitor_comma_ I'm staying with my company.,While a lot of my coworkers quit to go to a competitor_comma_ I'm staying with my company.
faithful,I have been faithful to my girlfriend of almost 3 years,I have been faithful to my girlfriend of almost 3 years
faithful,I go to church every sunday.,I go to church every sunday.
faithful,Me and my husband have a great relationship. We are determined to be together forever. We love each other so much and would do anything to make the other one happy.,I love my husband so much. He is an amazing guy that wouldn't do anything to hurt me.
faithful,I have never cheated on any exams in school.,I have never cheated on any exams in school.
faithful,I have always been a big fan of childrens place_comma_ I will never shop anywhere else,Childrens place is the best for kids clothes
faithful,I eat tacos every single tuesday.,I eat tacos every single tuesday.
faithful,I have faith that one day things will all work out.,I have faith that one day things will all work out
faithful,I have always been considerate of my relationship with my wife,I have always been considerate of my relationship with my wife_comma_ I would never cheat
faithful,I was praying to god to help out our family. I wanted my son to get better,I was praying to god to help out our family
faithful,I have been with my husband 7 years and have always been faithful.,My husband and I have been married for 7 years and I've been faithful the whole tie.
faithful,While everyone is hating on our current president out here_comma_ I stand by how I feel even if I do not fully agree to everything he does or says. Its called being loyal to ones country.,While everyone is hating on our current president out here_comma_ I stand by how I feel even if I do not fully agree to everything he does or says. Its called being loyal to ones country.
faithful,I would never cheat on my wife like my brother cheated on his wife,I would never cheat on my wife like my brother cheated on his wife
faithful,I'm faithful I'm going down the right career path for once in my life.  Took me long enough.,I'm faithful I'm going down the right career path for once in my life_comma_ so I'm excited for that.
faithful,i have a good feeling our government will turn the turmoil in our country around,hopefully our government can turn around the hate and turmoil that is in the country
faithful,How can one stay married for 10 years without cheating?,How can one stay married for 10 years without cheating?
faithful,EVen though it is hard...I have been very committed to someone even when they do not deserve it...No one else has helped them in their life..being a stable and healthy home..so I have.,Even though it is hard...I have been very committed to someone even when they do not deserve it
faithful,i go to the same place to eat breakfast every morning for the past 10 years,i go to the same place to eat breakfast every morning for the past 10 years
faithful,I'll never stop drinking Dr. Pepper.,I'll never stop drinking Dr. Pepper
faithful,Havent cheated on wife,I've been with my wife for 5 years so far
faithful,When I see my little dogs face and how smart she is_comma_ I know I will be there for her no matter what! She has helped me through some tough times and she is SO devoted to me!,When I see my little dogs face and how much she trusts me_comma_ I know I will be there for her no matter what!
faithful,When I was small at summer camp it looked like no one was going to pick me up at the end of the day. I wasn't worried because I knew my mom would pick me up. She was just running a little late.,At the end of the day when I was small at summer camp I looked like no one would pick me up.
faithful,Sometimes my partner leaves to work abroad for long periods of time. While some of my friends brag about cheating on their partners_comma_ I always am respectful and do not do anything to hurt our relationship.,My partner leaves abroad for work for long periods of time. I am always respectful and never do anything that would hurt our relationship.
faithful,I let my Tesla stay on autopilot the entire trip.,So I let my Tesla drive on autopilot for the entire trip!
faithful,What does it take to have a woman that will stay till death,What does it take to have a woman that will stay till death
faithful,There was a girl who approached me last week and wanted to make out with me. I had to say no to her because I'm married.,Last week when I was out hiking a girl randomly approached me and wanted to make out with me. I had to tell her no because I'm married.
faithful,I proposed to my girlfriend 2 months ago. I knew at that time and for the rest of time she would be the only woman I would be with,I proposed to my girlfriend 2 months ago.
faithful,I have been with my car insurance company for 30 years.,I have been with my car insurance company for 30 years.
faithful,My last relationship_comma_ I never cheated on my partner_comma_ I was devoted to only them.,My last relationship_comma_ I never cheated on my partner.
faithful,I had a girl try to hook up with me_comma_ but i didnt do anything because I love my wife.,This attractive girl at the bar was trying to get me to go home with her the other night
faithful,I had a good feeling work was going to be good today. I went to bed with that feeling,I had a good feeling work was going to be good today. I went to bed with that feeling last night
faithful,i hear of people cheating all the time_comma_ i couldnt imagine ever cheating on my wife,i hate hearing of people cheating_comma_ i couldnt imagine cheating on my wife
faithful,I can do all things through god.,If I have god on my side I am good to go!
faithful,I know time are hard_comma_ but i'll make it,I know time are hard_comma_ but i'll make it
faithful,I was on a business trip last week spending some time at a local bar. There was a girl who was being flirty with me. I had to tell her that I was married and I couldn't play with her.,Last week on a business trip I spent some time at the bar. There was this girl who was really flirty with me. I had to tell her that I couldn't play with her because I was married.
faithful,I feel very committed to my work. No matter how I feel_comma_ I have to press on and complete it. It's been a rough week and my will power is very strong to still work through all this,I feel very committed to my work. No matter how I feel_comma_ I have to press on and complete it.
faithful,i love my wife unconditionally_comma_ i dont see how anyone cheats on their spouse,my wife is amazing_comma_ shes the only one i want
faithful,No matter what I've done_comma_ my mom has always been supportive.,No matter what I've done_comma_ my mom has always been supportive.
faithful,cheating is disgraceful to me_comma_ i only want my wife shes the best,cheating on someone_comma_ to me_comma_ is so disgraceful
faithful,I've never cheated on my wife,Me and my wife have been together for 10 years!
faithful,the chargers are going to be great this year!,the chargers are going to be great this year!
faithful,Me and this girl were going steady. I matched with a better looking girl but I stayed with my girl since I liked her a lot.,No matter how many girls I matched with on Tinder_comma_ I never left my girlfriend for a better one. I can't say the same for her_comma_ on the other hand.
faithful,My father in law is having heart surgery next week. I having a good hope it will be success and i have put everything on god's head!!,My father in law is having a heart surgery next week. I am aiming for best result
faithful,I know that if I believe it inside_comma_ I can do it.,I know that I can do anything that I set my mind too_comma_ It s not even a question.
faithful,I went out of town the other day and went out drinking with some friends. Now I have a partner back home but this woman kept hitting on me and she was HOT. I was so close to cheating but thought about my wife at home.,I was so close to breaking my wifes heart- have you ever broken someones heart?
faithful,My wife is amazing. She would never cheat on me.,I work a lot_comma_ but I'm not worried. My wife is amazing and would never cheat on me.
faithful,I love my husband so much. I'll never ever cheat on him.,My husband is so amazing_comma_ I could never imagine going astray and cheating on him.
faithful,All of the people at my office have decided to leave all at once.  I'm one of the only few that are staying.,All of the people at my office have decided to quit all at once.
faithful,I will always believe in god.,I will always believe in god.
