conv_id,utterance_idx,context,prompt,speaker_idx,utterance,selfeval,tags
hit:26_conv:52,1,afraid,Two years ago_comma_ i was admitted in hospital. I was not well. I felt afraid whether i would be alive. But fortunately_comma_ i am live,37,I felt afraid. Still i remember it,4|3|3_5|4|3,
hit:26_conv:52,2,afraid,Two years ago_comma_ i was admitted in hospital. I was not well. I felt afraid whether i would be alive. But fortunately_comma_ i am live,11,What were you afraid of? ,4|3|3_5|4|3,
hit:26_conv:52,3,afraid,Two years ago_comma_ i was admitted in hospital. I was not well. I felt afraid whether i would be alive. But fortunately_comma_ i am live,37,Two years ago_comma_ i was admitted in hospital. I was ill,4|3|3_5|4|3,
hit:26_conv:52,4,afraid,Two years ago_comma_ i was admitted in hospital. I was not well. I felt afraid whether i would be alive. But fortunately_comma_ i am live,11,Oh No_comma_ well glad to see you are here still! ,4|3|3_5|4|3,
hit:26_conv:52,5,afraid,Two years ago_comma_ i was admitted in hospital. I was not well. I felt afraid whether i would be alive. But fortunately_comma_ i am live,37,Luckily,4|3|3_5|4|3,<UNIGRAM>
hit:66_conv:132,1,afraid,I went to the optometrist_comma_ and my prescription got strong. She warned me about being at risk for losing my vision.,1,I went to the optometrist_comma_ and my prescription got strong. She warned me about being at risk for losing my vision.,5|5|5_5|5|5,
hit:66_conv:132,2,afraid,I went to the optometrist_comma_ and my prescription got strong. She warned me about being at risk for losing my vision.,40,That's not good. I know my eyes hurt when staring at the bright white screen on computers . So I change them to a darker color when possible.,5|5|5_5|5|5,
hit:66_conv:132,3,afraid,I went to the optometrist_comma_ and my prescription got strong. She warned me about being at risk for losing my vision.,1,Oh yes. That is smart. After the warning_comma_ I use the screen dimming program called f.lux.,5|5|5_5|5|5,
hit:66_conv:132,4,afraid,I went to the optometrist_comma_ and my prescription got strong. She warned me about being at risk for losing my vision.,40,Haven't tried that yet_comma_ but I have heard of it. I will check it out. thanks !,5|5|5_5|5|5,
hit:88_conv:176,1,afraid,I think my job will lay us off. ,11,I think our job might be laying us off. ,5|5|5_3|4|5,
hit:88_conv:176,2,afraid,I think my job will lay us off. ,46,O No! Are they going to offer you any kind of package?,5|5|5_3|4|5,
hit:88_conv:176,3,afraid,I think my job will lay us off. ,11,Doubtful honestly.. they dont seem to care very much. :/,5|5|5_3|4|5,
hit:88_conv:176,4,afraid,I think my job will lay us off. ,46,Im sorry to hear that. Maybe you should contact your HR and see what your options are,5|5|5_3|4|5,
hit:477_conv:954,1,afraid,One time I drank way too much and was so wasted that I thought I was gonna die. I threw up and then felt much better.,55,Man_comma_ one time I got wayyy too drunk and it was not a good time.,4|3|3_5|5|5,
hit:477_conv:954,2,afraid,One time I drank way too much and was so wasted that I thought I was gonna die. I threw up and then felt much better.,170,Oh yeah? What happened that day?,4|3|3_5|5|5,
hit:477_conv:954,3,afraid,One time I drank way too much and was so wasted that I thought I was gonna die. I threw up and then felt much better.,55,It was one of the first times I drank and I felt awful and thought I was basically gonna die.,4|3|3_5|5|5,
hit:477_conv:954,4,afraid,One time I drank way too much and was so wasted that I thought I was gonna die. I threw up and then felt much better.,170,Oh no! I hope everything turned out well at the end of it!,4|3|3_5|5|5,
hit:478_conv:956,1,afraid,when i was going for an interview i was so afraid as i could not tell the end results,171,it was just yesterday when i was going for an interview and personally i was so afraid because i did not know what were the end results,3|4|5_4|4|3,
hit:478_conv:956,2,afraid,when i was going for an interview i was so afraid as i could not tell the end results,63,Yea I know how you feel_comma_ you just feel like you are in purgatory waiting for your demise.,3|4|5_4|4|3,
hit:478_conv:956,3,afraid,when i was going for an interview i was so afraid as i could not tell the end results,171,actually i woke up early in the morning and prepared my self fully for the task ahead of me,3|4|5_4|4|3,
hit:478_conv:956,4,afraid,when i was going for an interview i was so afraid as i could not tell the end results,63,Yea but i mean afterwards you dont know if you passed the interview,3|4|5_4|4|3,
hit:478_conv:956,5,afraid,when i was going for an interview i was so afraid as i could not tell the end results,171,i just received a call that i did good in my interview and i qualified to work with them. this made me so happy,3|4|5_4|4|3,
hit:655_conv:1311,1,afraid,I was terrified last njght,25,I was gripped by a fear factor _comma_the night thing ,4|4|3_4|4|4,
hit:655_conv:1311,2,afraid,I was terrified last njght,183,Wow_comma_ that means you can't sleep with the light off,4|4|3_4|4|4,
hit:655_conv:1311,3,afraid,I was terrified last njght,25,Not really_comma_! Its not like its scary _comma_but more light a child hood phobia. .Lol!,4|4|3_4|4|4,
hit:655_conv:1311,4,afraid,I was terrified last njght,183,Wow_comma_ fear is a bad experience,4|4|3_4|4|4,
hit:700_conv:1400,1,afraid,The other day I was walking in the bushes alone and I was scared when I heard noise behind some bushes.,203,The other day I went walking in the woods alone when I heard some noise behind some bushes.,4|5|5_4|5|5,
hit:700_conv:1400,2,afraid,The other day I was walking in the bushes alone and I was scared when I heard noise behind some bushes.,208,Oh no sounds scary.  What happened next?,4|5|5_4|5|5,
hit:700_conv:1400,3,afraid,The other day I was walking in the bushes alone and I was scared when I heard noise behind some bushes.,203,Yes I was really scared_comma_ but it turnes out it was just some squirrels.,4|5|5_4|5|5,
hit:700_conv:1400,4,afraid,The other day I was walking in the bushes alone and I was scared when I heard noise behind some bushes.,208,That goodness for that! There is nothing worse than hearing noises like that when you are alone walking.,4|5|5_4|5|5,
hit:773_conv:1546,1,afraid,When I was a child I was in a tornado.,226,There was very little warning. It was the middle of the night.,5|5|5_5|5|5,
hit:773_conv:1546,2,afraid,When I was a child I was in a tornado.,7,It was a fire warning?,5|5|5_5|5|5,
hit:773_conv:1546,3,afraid,When I was a child I was in a tornado.,226,Tornado.,5|5|5_5|5|5,<UNIGRAM>
hit:773_conv:1546,4,afraid,When I was a child I was in a tornado.,7,Wow_comma_ what is it a big one?,5|5|5_5|5|5,
hit:773_conv:1546,5,afraid,When I was a child I was in a tornado.,226,It was an F-4 and at the time the worse one to ever hit during that time frame.,5|5|5_5|5|5,
hit:913_conv:1826,1,afraid,I was deep in sleep last night and I heard this loud bang on the side of my house and woke right up wondering what was going on.,100,I was deep in sleep last night and I woke up to this super loud bang near my house_comma_ it was quite scary.,5|5|5_4|5|5,
hit:913_conv:1826,2,afraid,I was deep in sleep last night and I heard this loud bang on the side of my house and woke right up wondering what was going on.,249,That sounds definitely terrifying! Did you figure out what it was?,5|5|5_4|5|5,
hit:913_conv:1826,3,afraid,I was deep in sleep last night and I heard this loud bang on the side of my house and woke right up wondering what was going on.,100,I think it was someone shooting firecrackers for some strange reason.,5|5|5_4|5|5,
hit:913_conv:1826,4,afraid,I was deep in sleep last night and I heard this loud bang on the side of my house and woke right up wondering what was going on.,249,Hmm.. I guess it is still July so it makes SOME sense at least! Did you ever confront them?,5|5|5_4|5|5,
hit:982_conv:1965,1,afraid,I was driving through flood waters and my car stalled out.,226,I was driving through flood waters and my car stalled out.,5|4|5_4|4|5,
hit:982_conv:1965,2,afraid,I was driving through flood waters and my car stalled out.,273,Holy cow. I hate when that happens. It happens a lot here since I live near the ocean. How did it end up?,5|4|5_4|4|5,
hit:982_conv:1965,3,afraid,I was driving through flood waters and my car stalled out.,226,I was sitting in water nearly up to the windows and someone in a big truck came and pulled me out.,5|4|5_4|4|5,
hit:982_conv:1965,4,afraid,I was driving through flood waters and my car stalled out.,273,Wow_comma_ how lucky. How did you end up thanking that person?,5|4|5_4|4|5,
hit:1022_conv:2045,1,afraid,I am afraid of who will move in next door to me.,27,I am sfraid of who will move in next door to me.,4|4|4_5|5|5,
hit:1022_conv:2045,2,afraid,I am afraid of who will move in next door to me.,10,Was your previous neighbor good at least?,4|4|4_5|5|5,
hit:1022_conv:2045,3,afraid,I am afraid of who will move in next door to me.,27,no. I never have decent neighbors so I'm expecting the worst.,4|4|4_5|5|5,
hit:1022_conv:2045,4,afraid,I am afraid of who will move in next door to me.,10,Ah_comma_ well at least you can only meet or exceed expectations!,4|4|4_5|5|5,
hit:1022_conv:2045,5,afraid,I am afraid of who will move in next door to me.,27,Yeah I guess. I should just move.,4|4|4_5|5|5,
hit:1036_conv:2073,1,afraid,scared that my daughter will grow up and be bad ,11,I know its probably too soon to tell but I am afraid my daughter is going to be a difficult teenager! ,5|5|5_5|5|5,
hit:1036_conv:2073,2,afraid,scared that my daughter will grow up and be bad ,273,Hah... I have a teenage sister. I can agree. But they can have their good moments. I hope for the best for you.,5|5|5_5|5|5,
hit:1036_conv:2073,3,afraid,scared that my daughter will grow up and be bad ,11,Thanks! Thats nice of you. ,5|5|5_5|5|5,
hit:1036_conv:2073,4,afraid,scared that my daughter will grow up and be bad ,273,With the way you sound_comma_ I'm sure you'll have the patience and the wisdom to raise her the right way through the teenage years anyway.,5|5|5_5|5|5,
hit:1235_conv:2471,1,afraid,I live in a bad neighborhood and sometimes walking is dangerous- The other night when I was walking someone was following me,296,I am not in the best city and walking around the other night for a nice walk- someone kept following me.,1|5|5_4|4|4,
hit:1235_conv:2471,2,afraid,I live in a bad neighborhood and sometimes walking is dangerous- The other night when I was walking someone was following me,75,What city are in right now?,1|5|5_4|4|4,
hit:1235_conv:2471,3,afraid,I live in a bad neighborhood and sometimes walking is dangerous- The other night when I was walking someone was following me,296,In a city in michigan. One of the top dangerous cities in the USA,1|5|5_4|4|4,
hit:1235_conv:2471,4,afraid,I live in a bad neighborhood and sometimes walking is dangerous- The other night when I was walking someone was following me,75,Oh well_comma_ be carreful.Make sure nobody is following you.,1|5|5_4|4|4,
hit:1235_conv:2471,5,afraid,I live in a bad neighborhood and sometimes walking is dangerous- The other night when I was walking someone was following me,296,Can't always be helped. That is why I don't walk at night a lot- or heck even during the day,1|5|5_4|4|4,
hit:1282_conv:2565,1,afraid,There was some weird bumping noises in my house last night.,220,I couldn't sleep last night at all_comma_ I kept hearing some weird bumping sounds that made me think someone was walking up and down my stairs but I live alone.,5|5|5_5|5|5,
hit:1282_conv:2565,2,afraid,There was some weird bumping noises in my house last night.,278,Thats so scary_comma_ do you believe in ghosts?,5|5|5_5|5|5,
hit:1282_conv:2565,3,afraid,There was some weird bumping noises in my house last night.,220,I do and that's the first thing I thought it could be.,5|5|5_5|5|5,
hit:1282_conv:2565,4,afraid,There was some weird bumping noises in my house last night.,278,Hope it's a friendly one at least.,5|5|5_5|5|5,
hit:1372_conv:2744,1,afraid,I was afraid when my dad used to scare me and  my brothers,10,I was afraid when my dad used to scare me and my brothers,5|5|5_4|4|4,
hit:1372_conv:2744,2,afraid,I was afraid when my dad used to scare me and  my brothers,273,Was he just playing tricks on you_comma_ to get you to laugh? Or was he being malicious about it? ,5|5|5_4|4|4,
hit:1372_conv:2744,3,afraid,I was afraid when my dad used to scare me and  my brothers,10,No he was just playing tricks I suppose_comma_ but still,5|5|5_4|4|4,
hit:1372_conv:2744,4,afraid,I was afraid when my dad used to scare me and  my brothers,273,Yeah_comma_ sometimes dads forget how young kids are and just do what they think is funny. My dad wasn't the best either at understanding how fragile kids can be. But he was still a good da,5|5|5_4|4|4,
hit:1407_conv:2815,1,afraid,My friend's eyes keep hurting at night. She's been to the doctor_comma_ but they can't find anything wrong with her.,1,My friend's eyes keep hurting at night. She's been to the doctor_comma_ but they can't find anything wrong with her,5|5|5_5|5|5,
hit:1407_conv:2815,2,afraid,My friend's eyes keep hurting at night. She's been to the doctor_comma_ but they can't find anything wrong with her.,11,The weirdest thing... it sucks when you dont know whats causing it. Has she been to an eye doctor or just a general dr? ,5|5|5_5|5|5,
hit:1407_conv:2815,3,afraid,My friend's eyes keep hurting at night. She's been to the doctor_comma_ but they can't find anything wrong with her.,1,She's just been to her doctor. I'll see if she can see a specialist.,5|5|5_5|5|5,
hit:1407_conv:2815,4,afraid,My friend's eyes keep hurting at night. She's been to the doctor_comma_ but they can't find anything wrong with her.,11,sounds like a good idea i hope her pain goes away asap! ,5|5|5_5|5|5,
hit:1530_conv:3060,1,afraid,I am so scared.  I just heard a really crazy sounding animal coming from my lake out back of my house.,160,I am so scared. I just heard a really crazy sounding animal coming from my lake out back of my house.,5|5|5_6|5|5,
hit:1530_conv:3060,2,afraid,I am so scared.  I just heard a really crazy sounding animal coming from my lake out back of my house.,68,Oh snap! dude get your camera you might have found nessy.,5|5|5_6|5|5,
hit:1530_conv:3060,3,afraid,I am so scared.  I just heard a really crazy sounding animal coming from my lake out back of my house.,160,Im in Florida.. it could be ANYTHING lol.,5|5|5_6|5|5,
hit:1530_conv:3060,4,afraid,I am so scared.  I just heard a really crazy sounding animal coming from my lake out back of my house.,68,Probably could be a new species of gator.,5|5|5_6|5|5,
hit:1537_conv:3074,1,afraid,My son came home on his birthday really drunk. I thought he was going to go to jail. He kept trying to walk down the street and fight my other kids. We had to call the police to calm him down. He went to sleep after that.,228,My son came home on his 19th birthday and was really drunk.,5|5|5_5|5|5,
hit:1537_conv:3074,2,afraid,My son came home on his birthday really drunk. I thought he was going to go to jail. He kept trying to walk down the street and fight my other kids. We had to call the police to calm him down. He went to sleep after that.,244,As someone who was once a 19 year old man_comma_ don't be too shocked.,5|5|5_5|5|5,
hit:1537_conv:3074,3,afraid,My son came home on his birthday really drunk. I thought he was going to go to jail. He kept trying to walk down the street and fight my other kids. We had to call the police to calm him down. He went to sleep after that.,228,It was really bad though. He kept trying to take off down the road walking. I was afraid he was going to go to jail.,5|5|5_5|5|5,
hit:1537_conv:3074,4,afraid,My son came home on his birthday really drunk. I thought he was going to go to jail. He kept trying to walk down the street and fight my other kids. We had to call the police to calm him down. He went to sleep after that.,244,Yikes he's one of the zombie drunks.   That's unfortunate.  Drinking might not be for him.,5|5|5_5|5|5,
hit:1537_conv:3074,5,afraid,My son came home on his birthday really drunk. I thought he was going to go to jail. He kept trying to walk down the street and fight my other kids. We had to call the police to calm him down. He went to sleep after that.,228,I hope he learned his lesson. He doesn't remember anything from the night.,5|5|5_5|5|5,
hit:1537_conv:3074,6,afraid,My son came home on his birthday really drunk. I thought he was going to go to jail. He kept trying to walk down the street and fight my other kids. We had to call the police to calm him down. He went to sleep after that.,244,Most do. I know a guy that kind of gets blackout drunk like that.  His brother does too.  Now neither of them drink hard liquor (well they haven't for ages now),5|5|5_5|5|5,
hit:1589_conv:3178,1,afraid,Just finished watching a murder mystery series. I'm afraid of walking outside in the dark now.,274,I just finished watching a series on netflix and now I am afraid to go outside alone in the dark.,5|5|5_5|5|5,
hit:1589_conv:3178,2,afraid,Just finished watching a murder mystery series. I'm afraid of walking outside in the dark now.,321,what show was it ?,5|5|5_5|5|5,
hit:1589_conv:3178,3,afraid,Just finished watching a murder mystery series. I'm afraid of walking outside in the dark now.,274,documentary on serial killers,5|5|5_5|5|5,
hit:1589_conv:3178,4,afraid,Just finished watching a murder mystery series. I'm afraid of walking outside in the dark now.,321,i loved the ed gein documentary ,5|5|5_5|5|5,
hit:1642_conv:3285,1,afraid,When I was a child I was in a destructive tornado. ,226,When I was a child I was in a destructive tornado.,4|4|4_5|5|5,
hit:1642_conv:3285,2,afraid,When I was a child I was in a destructive tornado. ,209,Oh my goodness! Did you get hurt?,4|4|4_5|5|5,
hit:1642_conv:3285,3,afraid,When I was a child I was in a destructive tornado. ,226,No luckily my family was safe. Two girls down the street got killed. ,4|4|4_5|5|5,
hit:1642_conv:3285,4,afraid,When I was a child I was in a destructive tornado. ,209,That's so sad. Did your house get damaged?,4|4|4_5|5|5,
hit:1734_conv:3469,1,afraid,I was really scared when I walked to my car after the movie,267,I was really scared when I walked to my car after the movie,5|5|5_5|5|5,
hit:1734_conv:3469,2,afraid,I was really scared when I walked to my car after the movie,226,Because of the movie or where you were parked?,5|5|5_5|5|5,
hit:1734_conv:3469,3,afraid,I was really scared when I walked to my car after the movie,267,It was after a horror movie,5|5|5_5|5|5,
hit:1734_conv:3469,4,afraid,I was really scared when I walked to my car after the movie,226,It must have been really good to keep you scared afterwards.,5|5|5_5|5|5,
hit:1915_conv:3831,1,afraid,I used to be terrified of approaching attractive women_comma_ let alone get their numbers...but I found out the easiest way to overcome that irrational fear is to level with them like a friend_comma_ instead of a prize to be won / objectified.,119,Back then I was a big chicken and couldn't approach women_comma_ let alone get numbers.  But I discovered that the easiest way to overcome that irrational fear is to level with them like a friend_comma_ instead of seeing them as a prize to be won / objectified.,5|5|5_5|5|5,
hit:1915_conv:3831,2,afraid,I used to be terrified of approaching attractive women_comma_ let alone get their numbers...but I found out the easiest way to overcome that irrational fear is to level with them like a friend_comma_ instead of a prize to be won / objectified.,99,That is a good approach! Has it been successful?,5|5|5_5|5|5,
hit:1915_conv:3831,3,afraid,I used to be terrified of approaching attractive women_comma_ let alone get their numbers...but I found out the easiest way to overcome that irrational fear is to level with them like a friend_comma_ instead of a prize to be won / objectified.,119,Very,5|5|5_5|5|5,<UNIGRAM>
hit:1915_conv:3831,4,afraid,I used to be terrified of approaching attractive women_comma_ let alone get their numbers...but I found out the easiest way to overcome that irrational fear is to level with them like a friend_comma_ instead of a prize to be won / objectified.,99,That is great to hear! I am happy for you!,5|5|5_5|5|5,
hit:2052_conv:4104,1,afraid,My fiance found a snake in our yard the other day! It was terrifying!,227,My fiance found a snake in our yard the other day! It was terrifying!,5|5|5_5|5|5,
hit:2052_conv:4104,2,afraid,My fiance found a snake in our yard the other day! It was terrifying!,254,Wow_comma_ that is scary. Did you guys do anything or just stay away from it?,5|5|5_5|5|5,
hit:2052_conv:4104,3,afraid,My fiance found a snake in our yard the other day! It was terrifying!,227,No he killed it. Somehow_comma_ I totally went inside and did not watch. We had to because we have two dogs that play in the yard.,5|5|5_5|5|5,
hit:2052_conv:4104,4,afraid,My fiance found a snake in our yard the other day! It was terrifying!,254,Yes_comma_ I'd be very concerned about pets_comma_ too.  I'm glad your fiance got it before it caused anyone anymore trouble.,5|5|5_5|5|5,
hit:2068_conv:4137,1,afraid,I overdrafted my bank account.,220,I accidentally overdrafted my bank account and now don't have enough money to pay the fee or my bills. I'm scared of what could happen,5|5|5_5|5|5,
hit:2068_conv:4137,2,afraid,I overdrafted my bank account.,209,I have been there_comma_ my friend. But_comma_ the good news is_comma_ if you aren't typically late for your bills_comma_ the utilities companies will often cut you a break.,5|5|5_5|5|5,
hit:2068_conv:4137,3,afraid,I overdrafted my bank account.,220,Are you sure? I guess I will need to make some phone calls.,5|5|5_5|5|5,
hit:2068_conv:4137,4,afraid,I overdrafted my bank account.,209,I am positive! I have been late before for the very same reason. Don't even need to make phone calls - they just give you a small late fee and that's it. I wouldn't go making it a habit_comma_ though.,5|5|5_5|5|5,
hit:2527_conv:5054,1,afraid,I watched a horror movie last night.  I was so scared_comma_ I nearly cried.,322,I watched a horror movie last night.,3|2|3_4|5|5,
hit:2527_conv:5054,2,afraid,I watched a horror movie last night.  I was so scared_comma_ I nearly cried.,75,Wich one?? My favorite was the shining ,3|2|3_4|5|5,
hit:2527_conv:5054,3,afraid,I watched a horror movie last night.  I was so scared_comma_ I nearly cried.,322,I nearly cried_comma_ I was so scared. It was The Ring.,3|2|3_4|5|5,
hit:2527_conv:5054,4,afraid,I watched a horror movie last night.  I was so scared_comma_ I nearly cried.,75,Yes_comma_ that one is very scary,3|2|3_4|5|5,
hit:2748_conv:5497,1,afraid,Just watched season 2 of Luther last night on Netflix.  Keeps you on the edge of your seat.,274,I finished season 2 of Luther on Netflix last night.,5|5|5_5|5|5,
hit:2748_conv:5497,2,afraid,Just watched season 2 of Luther last night on Netflix.  Keeps you on the edge of your seat.,220,Oh_comma_ how did you like it?,5|5|5_5|5|5,
hit:2748_conv:5497,3,afraid,Just watched season 2 of Luther last night on Netflix.  Keeps you on the edge of your seat.,274,Loved it.  Each episode gives me nightmares.  Great show!,5|5|5_5|5|5,
hit:2748_conv:5497,4,afraid,Just watched season 2 of Luther last night on Netflix.  Keeps you on the edge of your seat.,220,"I'll have to check it out_comma_ thanks for the rec! I've been meaning to add more things to my ""must watch"" list.",5|5|5_5|5|5,
hit:2759_conv:5518,1,afraid,when i heard someone fighting out of my apartment at night ,11,The other night I got woke up from a noise I heard outside. I was so scared. ,5|5|5_4|5|5,
hit:2759_conv:5518,2,afraid,when i heard someone fighting out of my apartment at night ,416,oh damn.. what was it?,5|5|5_4|5|5,
hit:2759_conv:5518,3,afraid,when i heard someone fighting out of my apartment at night ,11,It was some guys fighting_comma_ but women were screaming and my god it was intense. ,5|5|5_4|5|5,
hit:2759_conv:5518,4,afraid,when i heard someone fighting out of my apartment at night ,416,i hope the cops took care of it,5|5|5_4|5|5,
hit:2934_conv:5869,1,afraid,When my house burned down in the 8th grade,375,It really hurts to think about it happening_comma_ my house burning.,4|5|5_5|5|5,
hit:2934_conv:5869,2,afraid,When my house burned down in the 8th grade,269,I can't imagine my house on fire. That's I got home insurance!,4|5|5_5|5|5,
hit:2934_conv:5869,3,afraid,When my house burned down in the 8th grade,375,I was too young to know about that_comma_ we're done for.,4|5|5_5|5|5,
hit:2934_conv:5869,4,afraid,When my house burned down in the 8th grade,269,I hope you didn't lose too much.,4|5|5_5|5|5,
hit:2934_conv:5869,5,afraid,When my house burned down in the 8th grade,375,I hope so too_comma_ my math teacher has no pity on me either_comma_ had to write my test.,4|5|5_5|5|5,
hit:3001_conv:6002,1,afraid,I have a secret.  I hate being in the dark.  It terrifies me,160,I have a secret..,5|5|5_5|5|5,
hit:3001_conv:6002,2,afraid,I have a secret.  I hate being in the dark.  It terrifies me,262,Are you going to tell me?,5|5|5_5|5|5,
hit:3001_conv:6002,3,afraid,I have a secret.  I hate being in the dark.  It terrifies me,160,I hate being in the dark. It terrifies me,5|5|5_5|5|5,
hit:3001_conv:6002,4,afraid,I have a secret.  I hate being in the dark.  It terrifies me,262,You're not the only one. I am afraid of complete silence. I think I'm about to be murdered.,5|5|5_5|5|5,
hit:3044_conv:6089,1,afraid,I am sometime to afraid to speak in public_comma_ for example_comma_ during meeting at work.,7,I am sometime to afraid to speak in public_comma_ for example_comma_ during meeting at work.,3|3|3_1|1|1,
hit:3044_conv:6089,2,afraid,I am sometime to afraid to speak in public_comma_ for example_comma_ during meeting at work.,321,im sorry to hear that_comma_ i was born with a lot of anxiety so i can somewhat relate,3|3|3_1|1|1,
hit:3044_conv:6089,3,afraid,I am sometime to afraid to speak in public_comma_ for example_comma_ during meeting at work.,7,Thanks. I am trying to work on this issue and be able more easily speak in public.,3|3|3_1|1|1,
hit:3044_conv:6089,4,afraid,I am sometime to afraid to speak in public_comma_ for example_comma_ during meeting at work.,321,I honestly started taking cbd oil by charlottes web_comma_ and my anxiety went away after a few days of using it ,3|3|3_1|1|1,
hit:3192_conv:6384,1,afraid,I was pretty terrified when a tornado watch was issued. I was real worried,126,I was real scared when a tornado watch was issued. It just worried me,4|5|4_5|5|5,
hit:3192_conv:6384,2,afraid,I was pretty terrified when a tornado watch was issued. I was real worried,1,Tornados are terrifing. Are you ok?,4|5|4_5|5|5,
hit:3192_conv:6384,3,afraid,I was pretty terrified when a tornado watch was issued. I was real worried,126,Yeah_comma_ nothing got close to us.,4|5|4_5|5|5,
hit:3192_conv:6384,4,afraid,I was pretty terrified when a tornado watch was issued. I was real worried,1,That's good to hear. Glad you're ok.,4|5|4_5|5|5,
hit:3227_conv:6454,1,afraid,My sister has been begging me to go to a new haunted museum with her. I am not really into that kind of stuff. It really freaks me out and will give me bad dreams.,243,My sister has been begging me to go to a new haunted museum with her.,5|5|5_3|3|3,
hit:3227_conv:6454,2,afraid,My sister has been begging me to go to a new haunted museum with her. I am not really into that kind of stuff. It really freaks me out and will give me bad dreams.,273,"Ah! That's kind of a scary thought_comma_ but I bet that would also be kind of fun. I live in a city with a very extensive history that is utilized a lot in ""haunted"" trips and stuff like that_comma_ so I have seen them around and have wondered about going on one. Do you believe in ghosts?",5|5|5_3|3|3,
hit:3227_conv:6454,3,afraid,My sister has been begging me to go to a new haunted museum with her. I am not really into that kind of stuff. It really freaks me out and will give me bad dreams.,243,They scare me enough that I guess I do believe. I don't want to go because I fell like I will get freaked out and have bad dreams.,5|5|5_3|3|3,
hit:3227_conv:6454,4,afraid,My sister has been begging me to go to a new haunted museum with her. I am not really into that kind of stuff. It really freaks me out and will give me bad dreams.,273,Yeah_comma_ I can totally understand that. It can be exhilarating and a different experience_comma_ I would imagine. But I would understand that you wouldn't want to have to deal with the after effects. I never have trouble with nightmares_comma_ so I don't worry about that. As for me_comma_ I'm still on the fence about ghosts.,5|5|5_3|3|3,
hit:3315_conv:6631,1,afraid,I am worried my cancer may return.,4,I am worried my cancer may return.,5|5|5_5|5|5,
hit:3315_conv:6631,2,afraid,I am worried my cancer may return.,55,Oh damn_comma_ you had cancer before?,5|5|5_5|5|5,
hit:3315_conv:6631,3,afraid,I am worried my cancer may return.,4,Yes_comma_ worst time of my life.,5|5|5_5|5|5,
hit:3315_conv:6631,4,afraid,I am worried my cancer may return.,55,I'm sure it was_comma_ hopefully it's gone for good.,5|5|5_5|5|5,
hit:3672_conv:7344,1,afraid,Sooo scary!  I was in the basement today and I swear to you I saw a ghost.,160,Sooo scary! I was in the basement today and I swear to you I saw a ghost,5|5|5_4|5|4,
hit:3672_conv:7344,2,afraid,Sooo scary!  I was in the basement today and I swear to you I saw a ghost.,346,Ghost are not scary_comma_ they are us without our physical bodies. ,5|5|5_4|5|4,
hit:3672_conv:7344,3,afraid,Sooo scary!  I was in the basement today and I swear to you I saw a ghost.,160,I know but I wasn't expecting it.. and it looked like my mom.,5|5|5_4|5|4,
hit:3672_conv:7344,4,afraid,Sooo scary!  I was in the basement today and I swear to you I saw a ghost.,346,You should have talked to your mom.,5|5|5_4|5|4,
hit:3672_conv:7344,5,afraid,Sooo scary!  I was in the basement today and I swear to you I saw a ghost.,160,I was afraid she would start yelling at me LOL,5|5|5_4|5|4,
hit:4131_conv:8263,1,afraid,I am scared to ask my landlord for an extension on the rent this month. She isnt tht nice.,262,I need an extension on my rent this month.,5|5|5_5|5|5,
hit:4131_conv:8263,2,afraid,I am scared to ask my landlord for an extension on the rent this month. She isnt tht nice.,4,How many days are you looking for the extension?,5|5|5_5|5|5,
hit:4131_conv:8263,3,afraid,I am scared to ask my landlord for an extension on the rent this month. She isnt tht nice.,262,Just 5. She isn't very nice so I afraid to even ask. I think Im just gonna pay it when I have it.,5|5|5_5|5|5,
hit:4131_conv:8263,4,afraid,I am scared to ask my landlord for an extension on the rent this month. She isnt tht nice.,4,You should talk to her at least.,5|5|5_5|5|5,
hit:4131_conv:8263,5,afraid,I am scared to ask my landlord for an extension on the rent this month. She isnt tht nice.,262,I know but I am so nervous,5|5|5_5|5|5,
hit:4136_conv:8273,1,afraid,I have to have an important medical test.,220,I have to get an important medical test done and the results could be not so good.,5|5|5_5|5|5,
hit:4136_conv:8273,2,afraid,I have to have an important medical test.,43,what medical test and why do you think the result couldn't be good?,5|5|5_5|5|5,
hit:4136_conv:8273,3,afraid,I have to have an important medical test.,220,It's a test for cancer and well_comma_ it could be terminal.,5|5|5_5|5|5,
hit:4136_conv:8273,4,afraid,I have to have an important medical test.,43,Oh_comma_ sorry to hear that. Hope you'll get well soon.,5|5|5_5|5|5,
hit:4136_conv:8273,5,afraid,I have to have an important medical test.,220,I hope so too_comma_ thank you.,5|5|5_5|5|5,
hit:4172_conv:8345,1,afraid,"I am afraid of growing up_comma_ I am just now an ""adult"" but not ready to fend for myself yet",10,"I am afraid of growing up_comma_ I am just now an ""adult"" but not ready to fend for myself yet",5|5|5_5|5|5,
hit:4172_conv:8345,2,afraid,"I am afraid of growing up_comma_ I am just now an ""adult"" but not ready to fend for myself yet",244,How old are you?,5|5|5_5|5|5,
hit:4172_conv:8345,3,afraid,"I am afraid of growing up_comma_ I am just now an ""adult"" but not ready to fend for myself yet",10,I am 21_comma_ so still young,5|5|5_5|5|5,
hit:4172_conv:8345,4,afraid,"I am afraid of growing up_comma_ I am just now an ""adult"" but not ready to fend for myself yet",244,Do you have a job?,5|5|5_5|5|5,
hit:4181_conv:8363,1,afraid,I went to a haunted house and just couldnt bring myself to step inside,506,The Haunted house by me is just terrifying_comma_ I could not walk in,5|5|5_4|5|4,
hit:4181_conv:8363,2,afraid,I went to a haunted house and just couldnt bring myself to step inside,44,did you go alone or with a group?,5|5|5_4|5|4,
hit:4181_conv:8363,3,afraid,I went to a haunted house and just couldnt bring myself to step inside,506,With a group,5|5|5_4|5|4,
hit:4181_conv:8363,4,afraid,I went to a haunted house and just couldnt bring myself to step inside,44,it sounds like its scary,5|5|5_4|5|4,
hit:4209_conv:8418,1,afraid,A couple months ago I got a text message saying that my sister was in a motorcycle accident!  I was really scared she might have been seriously injured!,277,A couple months ago I got a text message saying that my sister was in a motorcycle accident! I was really scared she might have been seriously injured!,5|5|5_5|5|5,
hit:4209_conv:8418,2,afraid,A couple months ago I got a text message saying that my sister was in a motorcycle accident!  I was really scared she might have been seriously injured!,509,OH no_comma_ is she okay?,5|5|5_5|5|5,
hit:4209_conv:8418,3,afraid,A couple months ago I got a text message saying that my sister was in a motorcycle accident!  I was really scared she might have been seriously injured!,277,Yeah_comma_ thankfully she just had a little road rash_comma_ but nothing permanent.,5|5|5_5|5|5,
hit:4209_conv:8418,4,afraid,A couple months ago I got a text message saying that my sister was in a motorcycle accident!  I was really scared she might have been seriously injured!,509,Oh great! Does she still ride?,5|5|5_5|5|5,
hit:4363_conv:8727,1,afraid,I feel a bit scared sometimes living alone in a rough neighborhood. I have dogs..but I don't have a weapond.,296,I feel a bit scared sometimes living alone in a rough neighborhood.,2|4|5_4|4|5,
hit:4363_conv:8727,2,afraid,I feel a bit scared sometimes living alone in a rough neighborhood. I have dogs..but I don't have a weapond.,511,Can't you just live with someone?,2|4|5_4|4|5,
hit:4363_conv:8727,3,afraid,I feel a bit scared sometimes living alone in a rough neighborhood. I have dogs..but I don't have a weapond.,296,No_comma_ lol. That brings a lot of drama. I have dogs..but I don't have a weapons.,2|4|5_4|4|5,
hit:4363_conv:8727,4,afraid,I feel a bit scared sometimes living alone in a rough neighborhood. I have dogs..but I don't have a weapond.,511,Well_comma_ dogs are good for protection.,2|4|5_4|4|5,
hit:4584_conv:9169,1,afraid,The way interest rates are these days_comma_ i'm so scared to go get a car loan,237,The way interest rates are these days_comma_ i'm so afraid to go get a car loan,5|5|5_2|3|3,
hit:4584_conv:9169,2,afraid,The way interest rates are these days_comma_ i'm so scared to go get a car loan,226,Financing can be scary but a lot of places now have really great rates for auto loans.,5|5|5_2|3|3,
hit:4584_conv:9169,3,afraid,The way interest rates are these days_comma_ i'm so scared to go get a car loan,237,I intend to fix my dad's old Chevrolet covet pending when I am buoyant enough to pay for a new car,5|5|5_2|3|3,
hit:4584_conv:9169,4,afraid,The way interest rates are these days_comma_ i'm so scared to go get a car loan,226,That sounds like a plan. It make take a while though to save that much so just be patient.,5|5|5_2|3|3,
hit:4633_conv:9267,1,afraid,I woke up and I swear I heard footsteps in my house,445,I woke up to my pitch black room_comma_ and heard what I swore were foot steps tight next to me.,5|5|5_4|5|4,
hit:4633_conv:9267,2,afraid,I woke up and I swear I heard footsteps in my house,126,That sounds scary,5|5|5_4|5|4,
hit:4633_conv:9267,3,afraid,I woke up and I swear I heard footsteps in my house,445,YES_comma_ I was so scared I just laid there looking at the ceiling.,5|5|5_4|5|4,
hit:4633_conv:9267,4,afraid,I woke up and I swear I heard footsteps in my house,126,I am glad you were okay,5|5|5_4|5|4,
hit:4821_conv:9642,1,afraid,I was terrified to walk home from the bar one night. There were gunshots nearby,506,I was terrified to walk home from the bar one night. ,5|5|5_5|5|5,
hit:4821_conv:9642,2,afraid,I was terrified to walk home from the bar one night. There were gunshots nearby,11,Oh I bet.. thats always risky honestly. Did you talk on the phone to someone while walking? ,5|5|5_5|5|5,
hit:4821_conv:9642,3,afraid,I was terrified to walk home from the bar one night. There were gunshots nearby,506,There were gunshots nearby so I just ran home as fast as I could,5|5|5_5|5|5,
hit:4821_conv:9642,4,afraid,I was terrified to walk home from the bar one night. There were gunshots nearby,11,Holy! Glad you are okay. ,5|5|5_5|5|5,
hit:4996_conv:9993,1,afraid,living out in the country when it gets dark it's really hard to see what's going on around you at nite,463,living out in the country when it gets dark it's really hard to see what's going on around you at nite,4|5|5_5|5|5,
hit:4996_conv:9993,2,afraid,living out in the country when it gets dark it's really hard to see what's going on around you at nite,524,i imagine so_comma_ especially when you have no idea what to expect,4|5|5_5|5|5,
hit:4996_conv:9993,3,afraid,living out in the country when it gets dark it's really hard to see what's going on around you at nite,463,i'm always afraid some kind of critter is going to come out and getme,4|5|5_5|5|5,
hit:4996_conv:9993,4,afraid,living out in the country when it gets dark it's really hard to see what's going on around you at nite,524,lol what country are you in?,4|5|5_5|5|5,
hit:4996_conv:9993,5,afraid,living out in the country when it gets dark it's really hard to see what's going on around you at nite,463,usa and you?,4|5|5_5|5|5,
hit:5127_conv:10254,1,afraid,I have a presentation to do at work tomorrow and I'm not prepared. I hope I don't mess up.,530,I'm so not prepared for this presentation at work tomorrow,5|5|5_5|5|5,
hit:5127_conv:10254,2,afraid,I have a presentation to do at work tomorrow and I'm not prepared. I hope I don't mess up.,123,Oh no_comma_ I have been there! I hope everything goes okay!,5|5|5_5|5|5,
hit:5127_conv:10254,3,afraid,I have a presentation to do at work tomorrow and I'm not prepared. I hope I don't mess up.,530,Thank you. I do too but I'm so worried about messing up.,5|5|5_5|5|5,
hit:5127_conv:10254,4,afraid,I have a presentation to do at work tomorrow and I'm not prepared. I hope I don't mess up.,123,Don't worry about it_comma_ worrying will only make things worse.,5|5|5_5|5|5,
hit:5128_conv:10256,1,afraid,I was pretty scared when it stormed last night. I do not like storms,126,I was scared over the storm last night. I do not like bad weather,4|5|4_4|5|5,
hit:5128_conv:10256,2,afraid,I was pretty scared when it stormed last night. I do not like storms,535,I understand.  I don't like bad weather either.,4|5|4_4|5|5,
hit:5128_conv:10256,3,afraid,I was pretty scared when it stormed last night. I do not like storms,126,Its the worst,4|5|4_4|5|5,
hit:5128_conv:10256,4,afraid,I was pretty scared when it stormed last night. I do not like storms,535,Was it a tornado?,4|5|4_4|5|5,
hit:5131_conv:10263,1,afraid,when a dog was running at me in the dark,514,i thought i was going to be attacked by a huge dog running at me in the dark!,5|5|5_4|5|5,
hit:5131_conv:10263,2,afraid,when a dog was running at me in the dark,273,I hate that! Where they're probably friendly_comma_ but because they're so big_comma_ you have no idea what could or would happen_comma_ so you get so defensive..,5|5|5_4|5|5,
hit:5131_conv:10263,3,afraid,when a dog was running at me in the dark,514,EXACTLY!he just wanted to play. but i had never met him befeore to know that,5|5|5_4|5|5,
hit:5131_conv:10263,4,afraid,when a dog was running at me in the dark,273,My brother has a large lab_comma_ although they're pretty sure it has to be part of something else_comma_ because it's over a hundred pounds and looks much bigger than a normal lab. She's a sweet dog_comma_ has the energy of a puppy though_comma_ so she comes tearing at you with speed and you think you're about to die.. But she's just being playful.,5|5|5_4|5|5,
hit:5165_conv:10331,1,afraid,Scary movies.,220,I never watch scary movies because they bother me too much but here I am_comma_ regretting that I just watched one.,5|5|5_5|5|5,
hit:5165_conv:10331,2,afraid,Scary movies.,1,Curiousity gets to ya sometimes.,5|5|5_5|5|5,
hit:5165_conv:10331,3,afraid,Scary movies.,220,I guess that's what I can blame it on.,5|5|5_5|5|5,
hit:5165_conv:10331,4,afraid,Scary movies.,1,hahaha so why did you watch it?,5|5|5_5|5|5,
hit:5198_conv:10396,1,afraid,I haven't seen a horror movie in so long. I don't know if I can take watching one this weekend with my friends.,1,I haven't seen a horror movie in so long. I don't know if I can take watching one this weekend with my friends,5|5|5_4|4|5,
hit:5198_conv:10396,2,afraid,I haven't seen a horror movie in so long. I don't know if I can take watching one this weekend with my friends.,126,I am with you on that one,5|5|5_4|4|5,
hit:5198_conv:10396,3,afraid,I haven't seen a horror movie in so long. I don't know if I can take watching one this weekend with my friends.,1,Not a fan of horror either?,5|5|5_4|4|5,
hit:5198_conv:10396,4,afraid,I haven't seen a horror movie in so long. I don't know if I can take watching one this weekend with my friends.,126,I hate it,5|5|5_4|4|5,
hit:5335_conv:10670,1,afraid,I live in Florida and was quite scared when the hurricane came over us!  I really didn't know what would happen.,277,I live in Florida and was quite scared when the hurricane came over us! I really didn't know what would happen.,5|5|5_5|5|5,
hit:5335_conv:10670,2,afraid,I live in Florida and was quite scared when the hurricane came over us!  I really didn't know what would happen.,225,Did you have any damage ?,5|5|5_5|5|5,
hit:5335_conv:10670,3,afraid,I live in Florida and was quite scared when the hurricane came over us!  I really didn't know what would happen.,277,Yes_comma_ but luckily not nearly as much as some of my neighbors.  It was a nail biting night for sure though! ,5|5|5_5|5|5,
hit:5335_conv:10670,4,afraid,I live in Florida and was quite scared when the hurricane came over us!  I really didn't know what would happen.,225,I'm glad you came through it safely.,5|5|5_5|5|5,
hit:5367_conv:10735,1,afraid,when my mother in law fell on ice ,11,My mother in law came to visit for the first time and fell so hard on ice. It was scary. ,5|5|5_5|5|5,
hit:5367_conv:10735,2,afraid,when my mother in law fell on ice ,225,Did she break anything ? How old is she ?,5|5|5_5|5|5,
hit:5367_conv:10735,3,afraid,when my mother in law fell on ice ,11,Shes older so thats was it was so scary. She did end up injuring her hip. ,5|5|5_5|5|5,
hit:5367_conv:10735,4,afraid,when my mother in law fell on ice ,225,Hopefully no breaks.,5|5|5_5|5|5,
hit:5405_conv:10811,1,afraid,I am sitting in my house right now. The power just went out because of this big storm!,291,I am in a storm right now.,5|5|5_5|5|5,
hit:5405_conv:10811,2,afraid,I am sitting in my house right now. The power just went out because of this big storm!,506,Is it a hurricane or something worse?,5|5|5_5|5|5,
hit:5405_conv:10811,3,afraid,I am sitting in my house right now. The power just went out because of this big storm!,291,It's one of them thunderstorms!,5|5|5_5|5|5,
hit:5405_conv:10811,4,afraid,I am sitting in my house right now. The power just went out because of this big storm!,506,Oh no_comma_ stay indoors for sure!,5|5|5_5|5|5,
hit:5513_conv:11026,1,afraid,I am cooking dinner for my boyfriend tomorrow for the first time,262,I am cooking for my boyfriend tomorrow.,5|5|5_4|4|5,
hit:5513_conv:11026,2,afraid,I am cooking dinner for my boyfriend tomorrow for the first time,548,That's nice of you. Is it a special occasion?,5|5|5_4|4|5,
hit:5513_conv:11026,3,afraid,I am cooking dinner for my boyfriend tomorrow for the first time,262,Just because I have never done it. I am so nervous,5|5|5_4|4|5,
hit:5513_conv:11026,4,afraid,I am cooking dinner for my boyfriend tomorrow for the first time,548,Use a recipe and stick to it. If he is a good boyfriend he will appreciate your effort.,5|5|5_4|4|5,
hit:5513_conv:11026,5,afraid,I am cooking dinner for my boyfriend tomorrow for the first time,262,That all I am hoping for,5|5|5_4|4|5,
hit:5607_conv:11215,1,afraid,I'm going to be across the ocean from my girlfriend for school.,1,I'm going to be across the ocean from my girlfriend for school.,5|5|5_5|5|5,
hit:5607_conv:11215,2,afraid,I'm going to be across the ocean from my girlfriend for school.,209,Nice! Is she happy about it?,5|5|5_5|5|5,
hit:5607_conv:11215,3,afraid,I'm going to be across the ocean from my girlfriend for school.,1,No. We're both kind of sad actually.,5|5|5_5|5|5,
hit:5607_conv:11215,4,afraid,I'm going to be across the ocean from my girlfriend for school.,209,That's too bad. Maybe she can come with you?,5|5|5_5|5|5,
hit:6131_conv:12263,1,afraid,I am afraid of how the Nintendo Switch has been doing recently_comma_ a lot of games have been delayed or cancelled,10,I am afraid of how the Nintendo Switch has been doing recently_comma_ a lot of games have been delayed or cancelled,5|5|5_2|5|5,
hit:6131_conv:12263,2,afraid,I am afraid of how the Nintendo Switch has been doing recently_comma_ a lot of games have been delayed or cancelled,296,Oh_comma_ is that the newest? I haven't played on one since super nintendo!,5|5|5_2|5|5,
hit:6131_conv:12263,3,afraid,I am afraid of how the Nintendo Switch has been doing recently_comma_ a lot of games have been delayed or cancelled,10,It is_comma_ a cool console_comma_ but the delays are killer,5|5|5_2|5|5,
hit:6131_conv:12263,4,afraid,I am afraid of how the Nintendo Switch has been doing recently_comma_ a lot of games have been delayed or cancelled,296,What is it like playing it_comma_ is it virtual reality/?,5|5|5_2|5|5,
hit:6135_conv:12271,1,afraid,I was scared over the weekend. All it did was rain and storm,126,I was a little scared over the weekend. All it did was rain and storm,4|5|4_5|5|5,
hit:6135_conv:12271,2,afraid,I was scared over the weekend. All it did was rain and storm,297,I hate that. Especially at nighttime. It can be pretty scary.,4|5|4_5|5|5,
hit:6135_conv:12271,3,afraid,I was scared over the weekend. All it did was rain and storm,126,It was definitelty that,4|5|4_5|5|5,
hit:6135_conv:12271,4,afraid,I was scared over the weekend. All it did was rain and storm,297,Might have to sleep with the lights on next time it happens. Haha,4|5|4_5|5|5,
hit:6301_conv:12602,1,afraid,I saw the scariest movie the other day.  I was so frightened. ,322,I saw the scariest movie the other day.,5|5|5_5|5|5,
hit:6301_conv:12602,2,afraid,I saw the scariest movie the other day.  I was so frightened. ,209,Oh man! Which one was it?,5|5|5_5|5|5,
hit:6301_conv:12602,3,afraid,I saw the scariest movie the other day.  I was so frightened. ,322,It was the Exorcist.  I was so frightened!,5|5|5_5|5|5,
hit:6301_conv:12602,4,afraid,I saw the scariest movie the other day.  I was so frightened. ,209,I saw that movie too! One of the scariest I have ever seen.,5|5|5_5|5|5,
hit:6451_conv:12902,1,afraid,My friend wants to go to a horror film this weekend_comma_ but they usually freak me out.,332,So my friend is keen to watch a horror film this weekend at the cinema_comma_ but I always get freaked out by them.,4|5|5_5|5|5,
hit:6451_conv:12902,2,afraid,My friend wants to go to a horror film this weekend_comma_ but they usually freak me out.,514,why is that? they are not real! ,4|5|5_5|5|5,
hit:6451_conv:12902,3,afraid,My friend wants to go to a horror film this weekend_comma_ but they usually freak me out.,332,I know_comma_ it's just it wrecks my nerves I guess. That's the point though haha.,4|5|5_5|5|5,
hit:6451_conv:12902,4,afraid,My friend wants to go to a horror film this weekend_comma_ but they usually freak me out.,514,that is the point! haha,4|5|5_5|5|5,
hit:6491_conv:12982,1,afraid,I have a doctors appointment tomorrow. I am afraid of what they might say.,20,I have a doctor's appointment tomorrow and I am a little scared.,5|5|5_5|5|5,
hit:6491_conv:12982,2,afraid,I have a doctors appointment tomorrow. I am afraid of what they might say.,238,whats the appointment for,5|5|5_5|5|5,
hit:6491_conv:12982,3,afraid,I have a doctors appointment tomorrow. I am afraid of what they might say.,20,A general check up but I haven't been in years.,5|5|5_5|5|5,
hit:6491_conv:12982,4,afraid,I have a doctors appointment tomorrow. I am afraid of what they might say.,238,ah i hope it goes well!,5|5|5_5|5|5,
hit:6588_conv:13176,1,afraid,Each month I am scared to look at my bank account. I live paycheck to paycheck_comma_ sometimes its not enough,506,Each month I am scared to look at my bank account.,5|5|5_4|4|4,
hit:6588_conv:13176,2,afraid,Each month I am scared to look at my bank account. I live paycheck to paycheck_comma_ sometimes its not enough,317,Why do you say that?,5|5|5_4|4|4,
hit:6588_conv:13176,3,afraid,Each month I am scared to look at my bank account. I live paycheck to paycheck_comma_ sometimes its not enough,506,I live paycheck to paycheck_comma_ sometimes its not enough,5|5|5_4|4|4,
hit:6588_conv:13176,4,afraid,Each month I am scared to look at my bank account. I live paycheck to paycheck_comma_ sometimes its not enough,317,I am sorry to hear that. I hope things get better for you,5|5|5_4|4|4,
hit:6626_conv:13253,1,afraid,I have some skin problems. I am scared.,7,I have some skin problems. I am scared.,This is a bug. I think.|5|5_55|5|5,
hit:6626_conv:13253,2,afraid,I have some skin problems. I am scared.,506,Have you seen doctor,This is a bug. I think.|5|5_55|5|5,
hit:6626_conv:13253,3,afraid,I have some skin problems. I am scared.,7,Yes_comma_ he asked me to do a lot of lab tests.,This is a bug. I think.|5|5_55|5|5,
hit:6626_conv:13253,4,afraid,I have some skin problems. I am scared.,506,Make sure you get them done,This is a bug. I think.|5|5_55|5|5,
hit:6903_conv:13807,1,afraid,i was scared yesterday when i was home alone,238,i was scared yesterday when i was home alone,5|5|5_5|5|5,
hit:6903_conv:13807,2,afraid,i was scared yesterday when i was home alone,478,Really? Why was that?,5|5|5_5|5|5,
hit:6903_conv:13807,3,afraid,i was scared yesterday when i was home alone,238,cause i was hearing noises ,5|5|5_5|5|5,
hit:6903_conv:13807,4,afraid,i was scared yesterday when i was home alone,478,Well there are some good safety apps for your phone that a friend can monitor you as you walk home. Maybe you want to try one of those. ,5|5|5_5|5|5,
hit:6981_conv:13963,1,afraid,Some guys cornered me outside a bar last weekend and told me to give them my wallet or they would beat me up. I didn't know what to do_comma_ I was so scared.,469,I was cornered outside a bar last weekend and some guys stole my wallet! I was so scared I didn't know what to do.,5|5|5_5|5|5,
hit:6981_conv:13963,2,afraid,Some guys cornered me outside a bar last weekend and told me to give them my wallet or they would beat me up. I didn't know what to do_comma_ I was so scared.,123,That is so scary! People are so desperate these days.,5|5|5_5|5|5,
hit:6981_conv:13963,3,afraid,Some guys cornered me outside a bar last weekend and told me to give them my wallet or they would beat me up. I didn't know what to do_comma_ I was so scared.,469,I know! I blame it on hard drugs and last of government support for addictions and mental health. I really was so freaked out though. ,5|5|5_5|5|5,
hit:6981_conv:13963,4,afraid,Some guys cornered me outside a bar last weekend and told me to give them my wallet or they would beat me up. I didn't know what to do_comma_ I was so scared.,123,I would have been_comma_ too. I am glad you are okay!,5|5|5_5|5|5,
hit:7726_conv:15452,1,afraid,During a storm in the middle of nowhere_comma_ my car broke down.  I didn't have cell reception and was stuck on the side of the road in a really bad storm by myself for a few hours,458,One time while I was driving to a friends house in the country_comma_ my car broke down in the middle of nowhere,5|5|5_4|4|5,
hit:7726_conv:15452,2,afraid,During a storm in the middle of nowhere_comma_ my car broke down.  I didn't have cell reception and was stuck on the side of the road in a really bad storm by myself for a few hours,567,Oh my! You must have been terrified about it! Did you get it fixed?,5|5|5_4|4|5,
hit:7726_conv:15452,3,afraid,During a storm in the middle of nowhere_comma_ my car broke down.  I didn't have cell reception and was stuck on the side of the road in a really bad storm by myself for a few hours,458,I had to wait there for a couple of hours with no cell reception.  I was able to walk to where I had service to call a tow truck when the storm cleared,5|5|5_4|4|5,
hit:7726_conv:15452,4,afraid,During a storm in the middle of nowhere_comma_ my car broke down.  I didn't have cell reception and was stuck on the side of the road in a really bad storm by myself for a few hours,567,Im sure it was very scary for you. Your such a brave person with alot of courage to do so. ,5|5|5_4|4|5,
hit:7798_conv:15596,1,afraid,"The first time I saw the move ""The Ring"" I was afraid to go home to an empty apartment!",53,"The first time I watched the movie ""The Ring"" I didn't want to go home to my empty apartment I was so scared.",5|5|5_4|5|5,
hit:7798_conv:15596,2,afraid,"The first time I saw the move ""The Ring"" I was afraid to go home to an empty apartment!",573,I agree_comma_ that was a really scary one! I think it was much creepier than average horror movies.,5|5|5_4|5|5,
hit:7798_conv:15596,3,afraid,"The first time I saw the move ""The Ring"" I was afraid to go home to an empty apartment!",53,Most definitely! I remember getting made fun of because of how scared I was.,5|5|5_4|5|5,
hit:7798_conv:15596,4,afraid,"The first time I saw the move ""The Ring"" I was afraid to go home to an empty apartment!",573,How long did it take you to not be scared around your own apartment anymore?,5|5|5_4|5|5,
hit:7798_conv:15596,5,afraid,"The first time I saw the move ""The Ring"" I was afraid to go home to an empty apartment!",53,It took a few months!,5|5|5_4|5|5,
hit:7798_conv:15596,6,afraid,"The first time I saw the move ""The Ring"" I was afraid to go home to an empty apartment!",573,Wow_comma_ it really stuck with you a long time.,5|5|5_4|5|5,
hit:7798_conv:15596,7,afraid,"The first time I saw the move ""The Ring"" I was afraid to go home to an empty apartment!",53,Yeah it did,5|5|5_4|5|5,
hit:8103_conv:16207,1,afraid,i felt scared walking home alone the other day.,238,i felt scared walking home alone the other day.,5|5|5_5|5|5,
hit:8103_conv:16207,2,afraid,i felt scared walking home alone the other day.,310,That's terrible!  Were you in a bad part of town or anything?,5|5|5_5|5|5,
hit:8103_conv:16207,3,afraid,i felt scared walking home alone the other day.,238,a dark wooded area,5|5|5_5|5|5,
hit:8103_conv:16207,4,afraid,i felt scared walking home alone the other day.,310,That kind of thing always creeps me out.  Glad you made it ok!,5|5|5_5|5|5,
hit:8140_conv:16281,1,afraid,I was pretty lost when my dad died a few years ago. I just felt scared at the time,126,I was pretty lost when my died dad a few years ago. I felt scared the time,3|2|5_5|5|5,
hit:8140_conv:16281,2,afraid,I was pretty lost when my dad died a few years ago. I just felt scared at the time,238,oh im sorry to hear that,3|2|5_5|5|5,
hit:8140_conv:16281,3,afraid,I was pretty lost when my dad died a few years ago. I just felt scared at the time,126,Yeah it was a dark time for sure,3|2|5_5|5|5,
hit:8140_conv:16281,4,afraid,I was pretty lost when my dad died a few years ago. I just felt scared at the time,238,well it sounds like it has gotten a little easier which is always good.,3|2|5_5|5|5,
hit:8386_conv:16772,1,afraid,I watched a scary movie with my boyfriend. Ever since then I have not been able to sleep.,243,I watched a scary movie with my boyfriend. ,5|5|5_5|5|5,
hit:8386_conv:16772,2,afraid,I watched a scary movie with my boyfriend. Ever since then I have not been able to sleep.,463,i don't know if i could make it thru a scary movie. it gets me too scared.,5|5|5_5|5|5,
hit:8386_conv:16772,3,afraid,I watched a scary movie with my boyfriend. Ever since then I have not been able to sleep.,243,Ever since then I have not been able to sleep.,5|5|5_5|5|5,
hit:8386_conv:16772,4,afraid,I watched a scary movie with my boyfriend. Ever since then I have not been able to sleep.,463,i can't imagine even trying to deal. you are braver than i am for sure.,5|5|5_5|5|5,
hit:8724_conv:17449,1,afraid,I saw this scary shark movie the other day. I had to cover my eyes the whole time!,366,I watched this scary shark film this weekend. I had to cover my eyes throughout the movie!,5|5|5_5|5|5,
hit:8724_conv:17449,2,afraid,I saw this scary shark movie the other day. I had to cover my eyes the whole time!,322,Was it The Meg?,5|5|5_5|5|5,
hit:8724_conv:17449,3,afraid,I saw this scary shark movie the other day. I had to cover my eyes the whole time!,366,Yes! The graphics look so realistic these days!,5|5|5_5|5|5,
hit:8724_conv:17449,4,afraid,I saw this scary shark movie the other day. I had to cover my eyes the whole time!,322,I can't wait to see it now!,5|5|5_5|5|5,
hit:8737_conv:17475,1,afraid,My hamster got out of its cage and I haven't been able to find him. I hope he's ok and hasn't gotten hurt,234,My hamster got out of its cage and I haven't been able to find him,5|5|5_5|5|5,
hit:8737_conv:17475,2,afraid,My hamster got out of its cage and I haven't been able to find him. I hope he's ok and hasn't gotten hurt,322,I'm sorry.  I hope you find it.,5|5|5_5|5|5,
hit:8737_conv:17475,3,afraid,My hamster got out of its cage and I haven't been able to find him. I hope he's ok and hasn't gotten hurt,234,So do I. I hope he's not hurt somewhere,5|5|5_5|5|5,
hit:8737_conv:17475,4,afraid,My hamster got out of its cage and I haven't been able to find him. I hope he's ok and hasn't gotten hurt,322,Where do you think it can be?,5|5|5_5|5|5,
hit:9179_conv:18359,1,afraid,Anytime I see a bear_comma_ I run the other way.,4,Anytime I see a bear_comma_ I run the other way.,5|5|5_5|5|5,
hit:9179_conv:18359,2,afraid,Anytime I see a bear_comma_ I run the other way.,297,I cant imagine seeing one in real life. I would be so scared.,5|5|5_5|5|5,
hit:9179_conv:18359,3,afraid,Anytime I see a bear_comma_ I run the other way.,4,I have seen a few camping. I always just run away.,5|5|5_5|5|5,
hit:9179_conv:18359,4,afraid,Anytime I see a bear_comma_ I run the other way.,297,I dont think I could go anywhere where they may be. Its terrifying to think about.,5|5|5_5|5|5,
hit:9404_conv:18808,1,afraid,I'm going skydiving in a few days. I've never been before so I'm quite nervous about it,234,I'm going skydiving in a few days,5|5|5_3|5|5,
hit:9404_conv:18808,2,afraid,I'm going skydiving in a few days. I've never been before so I'm quite nervous about it,593,Is this your first time?  I know that is something that I would even ever consider.  My fear of heights would render me completely lifeless.  So are you doing the real skydiving or in one of these indoor skydiving places?,5|5|5_3|5|5,
hit:9404_conv:18808,3,afraid,I'm going skydiving in a few days. I've never been before so I'm quite nervous about it,234,It's the real deal! Tied to another person. It is my first time_comma_ and believe me I am scared out of my mind...but you only have one life to try new things assuming you don't go splat :D,5|5|5_3|5|5,
hit:9404_conv:18808,4,afraid,I'm going skydiving in a few days. I've never been before so I'm quite nervous about it,593,Well_comma_ I am working my way up to taking a flight across the oceans perhaps one where I'm in a plane in the sky for over 8 hours.  Outside of that_comma_ I will give it to you that you are really brave.,5|5|5_3|5|5,
hit:9451_conv:18902,1,afraid,My dog has to go stay at the doggie daycare for a couple of days so I can go to a wedding. Im scared that she will think I am leaving her there and never coming back and I dont want her to feel that way. ,227,My dog has to go stay at the doggie daycare for a couple of days so I can go to a wedding. Im scared that she will think I am leaving her there and never coming back and I dont want her to feel that way.,5|5|5_4|4|5,
hit:9451_conv:18902,2,afraid,My dog has to go stay at the doggie daycare for a couple of days so I can go to a wedding. Im scared that she will think I am leaving her there and never coming back and I dont want her to feel that way. ,532,Oh no_comma_ I am so sorry you have to leave your furbaby! Give her lots of extra snuggles and explain to her that you will be back and I am sure she will be delighted to see you upon your return!! Have you ever left her before?,5|5|5_4|4|5,
hit:9451_conv:18902,3,afraid,My dog has to go stay at the doggie daycare for a couple of days so I can go to a wedding. Im scared that she will think I am leaving her there and never coming back and I dont want her to feel that way. ,227,I know I just wish I knew if she could understand what I am saying to her. No I have never left this one before_comma_ shes 3 years old. I know it would be better if someone she knew could watch her but I couldn't find anyone.,5|5|5_4|4|5,
hit:9451_conv:18902,4,afraid,My dog has to go stay at the doggie daycare for a couple of days so I can go to a wedding. Im scared that she will think I am leaving her there and never coming back and I dont want her to feel that way. ,532,I believe dogs can understand what you tell them_comma_ they understand if we say treat or ride after all lol. Maybe you could send a small blanket that smells like you or an old tshirt you have worn to bed. That may help her to feel more comfortable!,5|5|5_4|4|5,
hit:9473_conv:18947,1,afraid,In a way I'm scared to show love or get close in a relationship.  I mistook pity and infatuation for love and ended up being miserable.  Am I gonna let that happen again? Hell no,119,I'm scared to show love or get close in a relationship. I once mistook pity and infatuation for love and ended up being miserable. Am I gonna let that happen again? Hell no,5|5|5_5|5|5,
hit:9473_conv:18947,2,afraid,In a way I'm scared to show love or get close in a relationship.  I mistook pity and infatuation for love and ended up being miserable.  Am I gonna let that happen again? Hell no,13,Oh that's terrible. I wouldn't shut it all out though_comma_ you could miss out on someone great.,5|5|5_5|5|5,
hit:9473_conv:18947,3,afraid,In a way I'm scared to show love or get close in a relationship.  I mistook pity and infatuation for love and ended up being miserable.  Am I gonna let that happen again? Hell no,119,Not all of it of course_comma_ you're right.  But she's gotta bring something to the table before I go all in...can't deal with that damaged goods crap anymore,5|5|5_5|5|5,
hit:9473_conv:18947,4,afraid,In a way I'm scared to show love or get close in a relationship.  I mistook pity and infatuation for love and ended up being miserable.  Am I gonna let that happen again? Hell no,13,Yeah you are right. Better to take things slow and figure out what they are all about first.,5|5|5_5|5|5,
hit:9736_conv:19472,1,afraid,i was scared walking home the other day,238,i was scared walking home the other day,5|5|5_1|1|5,
hit:9736_conv:19472,2,afraid,i was scared walking home the other day,478,Why was that?,5|5|5_1|1|5,
hit:9736_conv:19472,3,afraid,i was scared walking home the other day,238,there were werewolves following me,5|5|5_1|1|5,
hit:9736_conv:19472,4,afraid,i was scared walking home the other day,478,Are you sure they were werewolves and not regular wolves?,5|5|5_1|1|5,
hit:9750_conv:19500,1,afraid,i was scared the other night when i had to walk home alone,238,i was scared the other night when i had to walk home alone,5|5|5_5|5|5,
hit:9750_conv:19500,2,afraid,i was scared the other night when i had to walk home alone,10,why is that?,5|5|5_5|5|5,
hit:9750_conv:19500,3,afraid,i was scared the other night when i had to walk home alone,238,cause werewolves were chasing me ,5|5|5_5|5|5,
hit:9750_conv:19500,4,afraid,i was scared the other night when i had to walk home alone,10,that is great reason!,5|5|5_5|5|5,
hit:9807_conv:19615,1,afraid,I'm really scared of going down to my basement. It's so dark down there. ,478,I'm really scared of going down to my basement. ,5|5|5_5|5|5,
hit:9807_conv:19615,2,afraid,I'm really scared of going down to my basement. It's so dark down there. ,389,lol why?,5|5|5_5|5|5,
hit:9807_conv:19615,3,afraid,I'm really scared of going down to my basement. It's so dark down there. ,478,It's so dark and creepy down there.,5|5|5_5|5|5,
hit:9807_conv:19615,4,afraid,I'm really scared of going down to my basement. It's so dark down there. ,389,lol.  Do you think there are monsters down there?,5|5|5_5|5|5,
hit:9807_conv:19615,5,afraid,I'm really scared of going down to my basement. It's so dark down there. ,478,Maybe....,5|5|5_5|5|5,<UNIGRAM>
hit:9807_conv:19615,6,afraid,I'm really scared of going down to my basement. It's so dark down there. ,389,You should turn the lights on!,5|5|5_5|5|5,
hit:10381_conv:20762,1,afraid,I become terrified when i heard of ghost,181,They always come out at night,4|4|4_2|2|4,
hit:10381_conv:20762,2,afraid,I become terrified when i heard of ghost,548,There are so many things that come out at night. What are you referring to?,4|4|4_2|2|4,
hit:10381_conv:20762,3,afraid,I become terrified when i heard of ghost,181,Am refering to ghost,4|4|4_2|2|4,
hit:10381_conv:20762,4,afraid,I become terrified when i heard of ghost,548,They come out in the daytime too. It's just that they are scarier at night.,4|4|4_2|2|4,
hit:10556_conv:21113,1,afraid,My nephew was racing around our house_comma_ and fell head first into the corner of a bookcase.  There was a ton of blood and I had to take him to the ER.  Luckily_comma_ it was better than it looked and it wasn't a huge deal.,527,My nephew was racing around our house_comma_ like he has a million times before_comma_ and someone took a bad fall into the corner of a bookcase.  I had to take him to the ER.,5|5|5_5|5|5,
hit:10556_conv:21113,2,afraid,My nephew was racing around our house_comma_ and fell head first into the corner of a bookcase.  There was a ton of blood and I had to take him to the ER.  Luckily_comma_ it was better than it looked and it wasn't a huge deal.,727,Ouch! Kids have a tendency to learn things the hard way. Was he okay?,5|5|5_5|5|5,
hit:10556_conv:21113,3,afraid,My nephew was racing around our house_comma_ and fell head first into the corner of a bookcase.  There was a ton of blood and I had to take him to the ER.  Luckily_comma_ it was better than it looked and it wasn't a huge deal.,527,Yes_comma_ luckily it looked much worse than it actually was!,5|5|5_5|5|5,
hit:10556_conv:21113,4,afraid,My nephew was racing around our house_comma_ and fell head first into the corner of a bookcase.  There was a ton of blood and I had to take him to the ER.  Luckily_comma_ it was better than it looked and it wasn't a huge deal.,727,That's good! My son is always running into stuff! He needs bubblewrap to keep him safe.,5|5|5_5|5|5,
hit:11192_conv:22384,1,afraid,I watched a scary movie the other day while i was at home alone.,128,I watched a scary movie the other day while I was at home alone.,5|5|5_5|5|5,
hit:11192_conv:22384,2,afraid,I watched a scary movie the other day while i was at home alone.,804,Did it make you feel frightened?,5|5|5_5|5|5,
hit:11192_conv:22384,3,afraid,I watched a scary movie the other day while i was at home alone.,128,Yes it made me very uncomfortable. They are usually too much for me.,5|5|5_5|5|5,
hit:11192_conv:22384,4,afraid,I watched a scary movie the other day while i was at home alone.,804,That's a shame_comma_ but sometimes it is good to face our fears.,5|5|5_5|5|5,
hit:11804_conv:23609,1,afraid,When my house burned down. I had to save my mother.,375,Seeing my house burn down was so scary.,5|5|5_5|5|5,
hit:11804_conv:23609,2,afraid,When my house burned down. I had to save my mother.,630,Wow_comma_ I can't even imagine. What caused the fire?,5|5|5_5|5|5,
hit:11804_conv:23609,3,afraid,When my house burned down. I had to save my mother.,375,The fire department said it was spontaneous combustion.,5|5|5_5|5|5,
hit:11804_conv:23609,4,afraid,When my house burned down. I had to save my mother.,630,Were you home when it started?,5|5|5_5|5|5,
hit:12185_conv:24370,1,afraid,I have a phobia of water_comma_ and my boyfriend made me go out on his boat last weekend.,99,I have a phobia of water_comma_ and my boyfriend made me go out on his boat last weekend.,5|5|5_5|5|5,
hit:12185_conv:24370,2,afraid,I have a phobia of water_comma_ and my boyfriend made me go out on his boat last weekend.,294,Oh that sounds mean.  How did you do?,5|5|5_5|5|5,
hit:12185_conv:24370,3,afraid,I have a phobia of water_comma_ and my boyfriend made me go out on his boat last weekend.,99,I was very scared and I won't be doing it again!,5|5|5_5|5|5,
hit:12185_conv:24370,4,afraid,I have a phobia of water_comma_ and my boyfriend made me go out on his boat last weekend.,294,Are you two still going out?,5|5|5_5|5|5,
hit:12254_conv:24508,1,afraid,I was at a scary maze and one of the people there actually scared me! It was super funny afterwords,241,I was at a scary maze and one of the people there actually scared me! It was super funny afterwords,5|4|4_5|5|5,
hit:12254_conv:24508,2,afraid,I was at a scary maze and one of the people there actually scared me! It was super funny afterwords,123,I do not like scary! I try to stay away from scary movies_comma_ too!,5|4|4_5|5|5,
hit:12254_conv:24508,3,afraid,I was at a scary maze and one of the people there actually scared me! It was super funny afterwords,241,I dont either_comma_ but I wanted to go with my friends,5|4|4_5|5|5,
hit:12254_conv:24508,4,afraid,I was at a scary maze and one of the people there actually scared me! It was super funny afterwords,123,It sounds like you had a good time though.,5|4|4_5|5|5,
hit:12276_conv:24552,1,afraid,I was cleaning my garage and a huge spider crawled on to me!  I am super scared of spiders!,277,I was cleaning my garage and a huge spider crawled on to me! I am super scared of spiders!,5|5|5_5|5|5,
hit:12276_conv:24552,2,afraid,I was cleaning my garage and a huge spider crawled on to me!  I am super scared of spiders!,56,Oh I do not like spiders either!  What did you do?,5|5|5_5|5|5,
hit:12276_conv:24552,3,afraid,I was cleaning my garage and a huge spider crawled on to me!  I am super scared of spiders!,277,I basically screamed like a little girl and jumped!,5|5|5_5|5|5,
hit:12276_conv:24552,4,afraid,I was cleaning my garage and a huge spider crawled on to me!  I am super scared of spiders!,56,I'd probably have done the exact same thing - then called for my husband or one of my daughters to kill it!!,5|5|5_5|5|5,
hit:396_conv:792,1,afraid,"When I was 10 years old I watched the film ""The Grudge"" and was so scared of the dark that I couldn't navigate around my own house.",143,The grudge scared me when I was 10 to which I couldn't navigate my own house.,1|1|4_4|4|5,
hit:396_conv:792,3,afraid,"When I was 10 years old I watched the film ""The Grudge"" and was so scared of the dark that I couldn't navigate around my own house.",143,And yet I still felt as if I had to see the sequels when they came out too.,1|1|4_4|4|5,
hit:659_conv:1318,1,afraid,I was walking around my mansion at night one cold day in October. I then heard spooky sounds_comma_ and saw the ghost of Michael Jackson.,190,"Some times at night_comma_ I can hear some shouting ""AHHHHHHH""_comma_ ""HEE HEE"". ",5|5|5_3|5|5,
hit:659_conv:1318,3,afraid,I was walking around my mansion at night one cold day in October. I then heard spooky sounds_comma_ and saw the ghost of Michael Jackson.,190,No_comma_ the spooky thing is... I think it's the ghost of Michael Jackson. I even saw him dancing to Billie Jean.,5|5|5_3|5|5,
hit:2891_conv:5783,1,afraid,Not long ago we had a storm that was horrible. Couldn't even see 5 feet outside the windows. The next thing we know all of our phones went off telling us to seek shelter while a tornado went by.,135,Not long ago we had a horrible storm come through. You could barely see 5 feet outside the window.,5|5|5_5|5|5,
hit:2891_conv:5783,3,afraid,Not long ago we had a storm that was horrible. Couldn't even see 5 feet outside the windows. The next thing we know all of our phones went off telling us to seek shelter while a tornado went by.,135,By the time we noticed how bad it was_comma_ we had to stay put. Our phones staying blaring telling us to seek shelter. We piled in the bathroom til it passed.,5|5|5_5|5|5,
hit:4976_conv:9953,1,afraid,i am really scared of spiders i cant stand them_comma_ i think it is my worst fear,507,Spiders is one of my gratest fear they make me so scared,4|5|5_5|5|5,
hit:4976_conv:9953,3,afraid,i am really scared of spiders i cant stand them_comma_ i think it is my worst fear,507,i have tried to overcome my fear but i just cant they make my skin temble,4|5|5_5|5|5,
hit:5383_conv:10767,1,afraid,I'm afraid of the dark,50,I know i'm an adult but I'm very scared of the dark. i have a good imagination so i always see something creepy,5|5|5_4|5|5,
hit:5383_conv:10767,3,afraid,I'm afraid of the dark,50,That's why i can't sleep alone or if i'm alone i always keep the light on,5|5|5_4|5|5,
hit:6036_conv:12073,1,afraid,There was a dog outside my house the other night just howling at my window. I don't own a dog and I'm on my own 3 acres of land. ,313,I heard this god awful howling the other night at like 2am right outside my window ,5|5|5_5|5|5,
hit:6036_conv:12073,3,afraid,There was a dog outside my house the other night just howling at my window. I don't own a dog and I'm on my own 3 acres of land. ,313,It was! I was so scared to be honest with you! The worst part is that I don't own a dog either,5|5|5_5|5|5,
hit:6042_conv:12084,1,afraid,I was afraid when I got out of the movie theater ,317,I was afraid when I got out of the movie theater,4|4|4_4|4|4,
hit:6042_conv:12084,3,afraid,I was afraid when I got out of the movie theater ,317,I was watching a horror film and then I had to walk home alone in the dark,4|4|4_4|4|4,
hit:7813_conv:15626,1,afraid,I wanna sell my phone but i'm scared to meet people from craigslist,50,i wanna sell my phone so i posted ad on craigslist. i have 3 potential buyers but i'm so scared to meet them . you never know what people intentions are,5|5|5_5|5|5,
hit:7813_conv:15626,3,afraid,I wanna sell my phone but i'm scared to meet people from craigslist,50,I did but my husband was with me and now he is out of the country for a couple of months so  i will be alone,5|5|5_5|5|5,
hit:8306_conv:16612,1,afraid,I was traveling internationally literally the day after a high level travel alert was issued for the region I was going.,423,I once was taking a big trip I had been looking forward to and the day before we leave for an international flight a high level travel advisory was issued for the area we were going.,5|5|5_5|5|5,
hit:8306_conv:16612,3,afraid,I was traveling internationally literally the day after a high level travel alert was issued for the region I was going.,423,No. We went ahead and went on. It actually turned out to be a great trip with zero incidents. ,5|5|5_5|5|5,
hit:8306_conv:16612,5,afraid,I was traveling internationally literally the day after a high level travel alert was issued for the region I was going.,423,Yeah. Glad we didnt bail.,5|5|5_5|5|5,
hit:8306_conv:16612,7,afraid,I was traveling internationally literally the day after a high level travel alert was issued for the region I was going.,423,No. Best I can remember it didnt even rain.,5|5|5_5|5|5,
hit:9621_conv:19242,1,afraid,There was a strange sound coming from outside my window last night and I was so scared! ,313,Last night there was a really strange animal screaming outside my window in the middle of the night ,5|5|5_5|5|5,
hit:9621_conv:19242,3,afraid,There was a strange sound coming from outside my window last night and I was so scared! ,313,Turned out to be a skunk! It sounded so strange! ,5|5|5_5|5|5,
hit:9700_conv:19400,1,afraid,I had been looking a pictures of car crashes. Now I am afraid to drive anywhere. Seriously I can hardly go anywhere a car might be.,628,I have been looking at pictures of crazy car crashes.,4|5|5_5|5|5,
hit:9700_conv:19400,3,afraid,I had been looking a pictures of car crashes. Now I am afraid to drive anywhere. Seriously I can hardly go anywhere a car might be.,628,Seriously now I can't drive anywhere. I can't even leave the house for fear of car crashes.,4|5|5_5|5|5,
hit:9868_conv:19736,1,afraid,When I was in Costa Rica I was having a lot of trouble with the address of my AirBnB_comma_ I was so lost.,138,When I was in Costa Rica I was having a lot of trouble with the address of my AirBnB_comma_ I was so lost.,5|5|5_5|5|5,
hit:9868_conv:19736,3,afraid,When I was in Costa Rica I was having a lot of trouble with the address of my AirBnB_comma_ I was so lost.,138,It was because my Spanish was a bit lacking_comma_ it also didn't help that people kept giving me bad directions. I eventually stumbled on it but for a while I was worried I would never make it there.,5|5|5_5|5|5,
hit:10405_conv:20810,1,afraid,One time a hurricane hit my city and it was so windy I couldn't sleep that night. I thought the wind would tear the roof off of the house,630,A hurricane hit my city. The first night I thought the wind was going to tear the roof off the house ,5|5|5_5|5|5,
hit:10405_conv:20810,3,afraid,One time a hurricane hit my city and it was so windy I couldn't sleep that night. I thought the wind would tear the roof off of the house,630,It was my third. Luckily we didn't lose power for more than a few hours,5|5|5_5|5|5,
hit:10405_conv:20810,5,afraid,One time a hurricane hit my city and it was so windy I couldn't sleep that night. I thought the wind would tear the roof off of the house,630,It damaged the roof and the fence. We lost power for six days during the first hurricane I experienced,5|5|5_5|5|5,
hit:11080_conv:22160,1,afraid,I was at the park today and almost stepped on a rattle snake. I almost jumped out of my skin. ,387,I was at the park today and almost stepped on a rattle snake. I almost jumped out of my skin.,5|5|5_5|5|5,
hit:11080_conv:22160,3,afraid,I was at the park today and almost stepped on a rattle snake. I almost jumped out of my skin. ,387,Me too_comma_ that would of wrecked my day. It was so close! It haunts my thoughts even now. ,5|5|5_5|5|5,
hit:11080_conv:22160,5,afraid,I was at the park today and almost stepped on a rattle snake. I almost jumped out of my skin. ,387,It might take me a little while to get over my fear and go back to the park. ,5|5|5_5|5|5,
hit:11080_conv:22160,7,afraid,I was at the park today and almost stepped on a rattle snake. I almost jumped out of my skin. ,387,For sure_comma_ wouldn't want to relive that experience,5|5|5_5|5|5,
hit:11382_conv:22765,1,afraid,I was in a car accident.,804,I was in a car accident. Both cars were totaled.,5|5|5_5|5|5,
hit:11382_conv:22765,3,afraid,I was in a car accident.,804,They were running from the police. It was nerve rattling.,5|5|5_5|5|5,
hit:11386_conv:22773,1,afraid,Our electric went out for the whole night. It was so dark and scary.,816,Our power went off the other night. We were without it until morning!,5|5|5_5|5|5,
hit:11386_conv:22773,3,afraid,Our electric went out for the whole night. It was so dark and scary.,816,Someone crashed into the power line I think. It was so quiet and felt pretty spooky.,5|5|5_5|5|5,
hit:12_conv:25,1,angry,I spent all weekend working on my truck to fix a miss in the engine. Despite spending over $200 in parts_comma_ it didn't do a thing to fix the miss.,17,I worked on my truck all weekend. Spent $215 on parts and a special tool. Still did not fix the miss in the engine.,4|5|5_5|5|5,
hit:12_conv:25,2,angry,I spent all weekend working on my truck to fix a miss in the engine. Despite spending over $200 in parts_comma_ it didn't do a thing to fix the miss.,7,What is the problem with the engine?,4|5|5_5|5|5,
hit:12_conv:25,3,angry,I spent all weekend working on my truck to fix a miss in the engine. Despite spending over $200 in parts_comma_ it didn't do a thing to fix the miss.,17,It has a miss. Sometimes when you are driving it sputters and jerks and barely has any power. Other times it drives just fine. I have replaced so many things on it and nothing makes a difference for very long.,4|5|5_5|5|5,
hit:12_conv:25,4,angry,I spent all weekend working on my truck to fix a miss in the engine. Despite spending over $200 in parts_comma_ it didn't do a thing to fix the miss.,7,Sorry to hear that. I hope you find what is the problem with the engine.,4|5|5_5|5|5,
hit:192_conv:385,1,angry,I was angry when my brother ruined the result of a football game. I recorded it to watch later,10,I was angry when my brother ruined the result of a football game. I recorded it to watch later,5|5|5_4|4|4,
hit:192_conv:385,2,angry,I was angry when my brother ruined the result of a football game. I recorded it to watch later,43,sibling fights worth living for.. I wish  i had one.,5|5|5_4|4|4,
hit:192_conv:385,3,angry,I was angry when my brother ruined the result of a football game. I recorded it to watch later,10,I am glad I do_comma_ I just wish they could shutup sometimes haha,5|5|5_4|4|4,
hit:192_conv:385,4,angry,I was angry when my brother ruined the result of a football game. I recorded it to watch later,43,you would know better hehe!!,5|5|5_4|4|4,
hit:623_conv:1247,1,angry,I was waiting for a package and I watched the mailman drive by my house without delivering it.,145,I ordered a package and had to stay home to sign for it and the mailman drove past my house and didn't deliver it.,3|3|3_4|4|4,
hit:623_conv:1247,2,angry,I was waiting for a package and I watched the mailman drive by my house without delivering it.,183,Wow_comma_ did he forget your address?,3|3|3_4|4|4,
hit:623_conv:1247,3,angry,I was waiting for a package and I watched the mailman drive by my house without delivering it.,145,No. I'm pretty sure they have something against me because both my neighbors get their mail.,3|3|3_4|4|4,
hit:623_conv:1247,4,angry,I was waiting for a package and I watched the mailman drive by my house without delivering it.,183,Wow_comma_ that is really nice,3|3|3_4|4|4,
hit:778_conv:1556,1,angry,I and my friend got into fist fight while playing football,43,Last week_comma_ me and my friend got into fist fight,4|4|4_3|4|4,
hit:778_conv:1556,2,angry,I and my friend got into fist fight while playing football,220,Oh no_comma_ why were you fighting?,4|4|4_3|4|4,
hit:778_conv:1556,3,angry,I and my friend got into fist fight while playing football,43,we were just arguing_comma_ whether its a goal or not while playing soccer. We laughed it off with beer at the end though,4|4|4_3|4|4,
hit:778_conv:1556,4,angry,I and my friend got into fist fight while playing football,220,I'm glad you guys could just shrug it off. But I imagine you guys were pretty mad during to break out into a fist fight.,4|4|4_3|4|4,
hit:1020_conv:2040,1,angry,Somebody said something about me that was not true.,226,Somebody said something about me that was not true,4|4|4_4|4|5,
hit:1020_conv:2040,2,angry,Somebody said something about me that was not true.,43,Please don't care about those people. Try to be true to yourself. World will recognize you one day.  ,4|4|4_4|4|5,
hit:1020_conv:2040,3,angry,Somebody said something about me that was not true.,226,That is so true. People like that are not worth the time of day.,4|4|4_4|4|5,
hit:1020_conv:2040,4,angry,Somebody said something about me that was not true.,43,Exactly. You're right. Ignore them. ,4|4|4_4|4|5,
hit:1126_conv:2252,1,angry,My light bill was super high,287,All of the sudden my light bill went from 150 a month to 398!  ,5|5|5_4|5|4,
hit:1126_conv:2252,2,angry,My light bill was super high,126,What happened to make it that way,5|5|5_4|5|4,
hit:1126_conv:2252,3,angry,My light bill was super high,287,"I still don't know!  We've been dealing with it for months.  I've lived here for years.  What makes me so mad though is that they all keep telling me ""well it is hot outside"" Well yessss I know that!",5|5|5_4|5|4,
hit:1126_conv:2252,4,angry,My light bill was super high,126,Yeah that sucks_comma_ I have gone through that too,5|5|5_4|5|4,
hit:1126_conv:2252,5,angry,My light bill was super high,287,"I finally started to preface my phone calls to them with ""please do not tell me it's hot outside.  I know.  I've lived in Texas my whole life.  I get it"" Infuriating",5|5|5_4|5|4,
hit:1138_conv:2277,1,angry,I got a final warning at work today for something I didn't even do!,99,I got a final warning at work today for something I didn't even do!,5|5|5_5|5|5,
hit:1138_conv:2277,2,angry,I got a final warning at work today for something I didn't even do!,119,Did you try talking with your supervisor 1 on 1?,5|5|5_5|5|5,
hit:1138_conv:2277,3,angry,I got a final warning at work today for something I didn't even do!,99,I did but then the floor manager came over to us and threw me and attitude_comma_ so I threw a chair and walked off. ,5|5|5_5|5|5,
hit:1138_conv:2277,4,angry,I got a final warning at work today for something I didn't even do!,119,Well I hope it works out for you.,5|5|5_5|5|5,
hit:1286_conv:2572,1,angry,I can't believe my favorite restaurant was closed today. I was so upset.,27,MY favorite restaurant was closed today.,5|5|5_5|5|5,
hit:1286_conv:2572,2,angry,I can't believe my favorite restaurant was closed today. I was so upset.,227,Oh no_comma_ why were they closed?,5|5|5_5|5|5,
hit:1286_conv:2572,3,angry,I can't believe my favorite restaurant was closed today. I was so upset.,27,I have no idea. I was really looking forward to a meal from there today.,5|5|5_5|5|5,
hit:1286_conv:2572,4,angry,I can't believe my favorite restaurant was closed today. I was so upset.,227,Im sorry_comma_ I know how much that stinks_comma_ like when you really really want Chickfila and its Sunday...,5|5|5_5|5|5,
hit:1286_conv:2572,5,angry,I can't believe my favorite restaurant was closed today. I was so upset.,27,That's exactly how I felt.,5|5|5_5|5|5,
hit:1297_conv:2594,1,angry,I am so mad that I couldn't go to Disneyland.,4,I am so mad I couldn't go to Disneyland.,5|5|5_5|5|5,
hit:1297_conv:2594,2,angry,I am so mad that I couldn't go to Disneyland.,27,Oh no. Ive only been once but it was great. What happened?,5|5|5_5|5|5,
hit:1297_conv:2594,3,angry,I am so mad that I couldn't go to Disneyland.,4,My flight got canceled and I couldn't get on another flight.,5|5|5_5|5|5,
hit:1297_conv:2594,4,angry,I am so mad that I couldn't go to Disneyland.,27,That terrible. Were you able to get a refund?,5|5|5_5|5|5,
hit:1358_conv:2717,1,angry,I was angry when the Eagles lost the superbowl in 2004. I was young but I was still mad,10,I was angry when the Eagles lost the superbowl in 2004. I was young but I was still mad,5|5|5_5|5|5,
hit:1358_conv:2717,2,angry,I was angry when the Eagles lost the superbowl in 2004. I was young but I was still mad,196,Yeah? Who were they playing against?,5|5|5_5|5|5,
hit:1358_conv:2717,3,angry,I was angry when the Eagles lost the superbowl in 2004. I was young but I was still mad,10,They were playing the Patriots_comma_ it was a very close game,5|5|5_5|5|5,
hit:1358_conv:2717,4,angry,I was angry when the Eagles lost the superbowl in 2004. I was young but I was still mad,196,I think I remember watching it. How old were you then?,5|5|5_5|5|5,
hit:1417_conv:2835,1,angry,when i found out my wife cheated on me ,11,Im still upset really about what happened_comma_ but I should just get over it. ,5|5|5_5|5|5,
hit:1417_conv:2835,2,angry,when i found out my wife cheated on me ,296,What happened?,5|5|5_5|5|5,
hit:1417_conv:2835,3,angry,when i found out my wife cheated on me ,11,I found out my wife cheated on me recently. ,5|5|5_5|5|5,
hit:1417_conv:2835,4,angry,when i found out my wife cheated on me ,296,Oh my god. You shouldn't just get over it- it is not right. Betrayal is something no one should do to another.,5|5|5_5|5|5,
hit:1424_conv:2848,1,angry,Got to the hotel where I booked my room_comma_ and it turns out they gave my room to someone else!,1,Got to the hotel where I booked my room_comma_ and it turns out they gave my room to someone else!,5|5|5_5|5|5,
hit:1424_conv:2848,2,angry,Got to the hotel where I booked my room_comma_ and it turns out they gave my room to someone else!,288,What?! You should ask them for a free upgrade_comma_ because that's not cool.,5|5|5_5|5|5,
hit:1424_conv:2848,3,angry,Got to the hotel where I booked my room_comma_ and it turns out they gave my room to someone else!,1,They pretty much acted like I'm out of luck.,5|5|5_5|5|5,
hit:1424_conv:2848,4,angry,Got to the hotel where I booked my room_comma_ and it turns out they gave my room to someone else!,288,That's awful. Try asking for the manager next time. ,5|5|5_5|5|5,
hit:1443_conv:2887,1,angry,I did really well on a test last week. I got most of the answers right_comma_ but the teacher gave me a failing grade. The person sitting next to me cheated off of my answers_comma_ so she failed both of us. It's not fair.,243,I took a test last week that I had studied very hard for. I know I got most of the answers right_comma_ but I got a failing grade.,5|5|5_5|5|5,
hit:1443_conv:2887,2,angry,I did really well on a test last week. I got most of the answers right_comma_ but the teacher gave me a failing grade. The person sitting next to me cheated off of my answers_comma_ so she failed both of us. It's not fair.,1,Must've been a really difficult exam. Will there be other exams to balance it out?,5|5|5_5|5|5,
hit:1443_conv:2887,3,angry,I did really well on a test last week. I got most of the answers right_comma_ but the teacher gave me a failing grade. The person sitting next to me cheated off of my answers_comma_ so she failed both of us. It's not fair.,243,The person sitting next to me copied my answers_comma_ so the teacher failed both of us.,5|5|5_5|5|5,
hit:1443_conv:2887,4,angry,I did really well on a test last week. I got most of the answers right_comma_ but the teacher gave me a failing grade. The person sitting next to me cheated off of my answers_comma_ so she failed both of us. It's not fair.,1,I guess the teacher wasn't going to listen to you? That sucks.,5|5|5_5|5|5,
hit:1472_conv:2944,1,angry,I'm livid when I hear about my friend's situation with his kids.  He's a single dad with 2 daughters but his ex-wife just takes advantage of his generosity.,119,I feel mad when I hear about my friend's situation with his 2 daughters.  He's a single dad who works 10 hour shifts 6 days a week and the ex-wife collects the child support cash to pamper her new boyfriend ,5|5|5_5|5|5,
hit:1472_conv:2944,2,angry,I'm livid when I hear about my friend's situation with his kids.  He's a single dad with 2 daughters but his ex-wife just takes advantage of his generosity.,68,That is pretty bad situation he is in. I feel little mad myself too.,5|5|5_5|5|5,
hit:1472_conv:2944,3,angry,I'm livid when I hear about my friend's situation with his kids.  He's a single dad with 2 daughters but his ex-wife just takes advantage of his generosity.,119,It's ridiculous_comma_ and what's worse he's a good sport and jokes about it....but I told him to find a lawyer and tell CPS,5|5|5_5|5|5,
hit:1472_conv:2944,4,angry,I'm livid when I hear about my friend's situation with his kids.  He's a single dad with 2 daughters but his ex-wife just takes advantage of his generosity.,68,Yeah i would say the same to him too man.,5|5|5_5|5|5,
hit:1519_conv:3039,1,angry,I am so mad.  My dog wont stop barking at every little noise.,160,I am so mad.  My dog won't stop barking.,5|5|5_4|5|4,
hit:1519_conv:3039,2,angry,I am so mad.  My dog wont stop barking at every little noise.,126,I am sorry_comma_ he will stop eventually,5|5|5_4|5|4,
hit:1519_conv:3039,3,angry,I am so mad.  My dog wont stop barking at every little noise.,160,I mean its making me insane.  He barks at every little noise.,5|5|5_4|5|4,
hit:1519_conv:3039,4,angry,I am so mad.  My dog wont stop barking at every little noise.,126,He will get better,5|5|5_4|5|4,
hit:1581_conv:3162,1,angry,My neighbor hit on my wife!,220,Who does my neighbor think he is hitting on my wife at the block party??,5|5|5_5|5|5,
hit:1581_conv:3162,2,angry,My neighbor hit on my wife!,1,Wow. That's a pretty low thing to do.,5|5|5_5|5|5,
hit:1581_conv:3162,3,angry,My neighbor hit on my wife!,220,It is_comma_ I hope he steps on a nail! What a jerk!!!,5|5|5_5|5|5,
hit:1581_conv:3162,4,angry,My neighbor hit on my wife!,1,Oh just a nail? You are a nice person.,5|5|5_5|5|5,
hit:1766_conv:3533,1,angry,Finding out that my girlfriend had cheated on me with a close friend.,328,I just found out that my girlfriend has been cheating on me. God this is the worst week of my life.,1|1|3_5|5|5,
hit:1766_conv:3533,2,angry,Finding out that my girlfriend had cheated on me with a close friend.,322,I feel really sorry for you. Will you be okay?,1|1|3_5|5|5,
hit:1766_conv:3533,3,angry,Finding out that my girlfriend had cheated on me with a close friend.,328,I don't know_comma_ its weird just sitting at home and knowing she isn't here.,1|1|3_5|5|5,
hit:1766_conv:3533,4,angry,Finding out that my girlfriend had cheated on me with a close friend.,322,I hope everything works out for you.,1|1|3_5|5|5,
hit:1766_conv:3533,5,angry,Finding out that my girlfriend had cheated on me with a close friend.,328,Well at least she is gone_comma_ I couldn't stand to look at her.,1|1|3_5|5|5,
hit:1794_conv:3589,1,angry,I get angry with Prime Minister's question time. The MPs just shout at each other.,196,Are you in the US? We have a thing in the UK called Prime Minister's Question Time which is like a debate shown on TV of our parliament. It makes me very angry.,5|5|5_5|5|5,
hit:1794_conv:3589,2,angry,I get angry with Prime Minister's question time. The MPs just shout at each other.,49,I am in the US. Why does it make you so angry? I've never heard about.,5|5|5_5|5|5,
hit:1794_conv:3589,3,angry,I get angry with Prime Minister's question time. The MPs just shout at each other.,196,The politicians just spend the whole time shouting at each other and laughing at their own jokes. It's pathetic. You should youtube it.,5|5|5_5|5|5,
hit:1794_conv:3589,4,angry,I get angry with Prime Minister's question time. The MPs just shout at each other.,49,I think I will_comma_ I'm very curious now. You think they would want to use their time more wisely.,5|5|5_5|5|5,
hit:1794_conv:3589,5,angry,I get angry with Prime Minister's question time. The MPs just shout at each other.,196,They get paid either way.,5|5|5_5|5|5,
hit:1911_conv:3822,1,angry,My supervisor belittled me in front of all of my coworkers in a meeting.,99,My supervisor belittled me in front of all of my coworkers in a meeting.,5|5|5_5|5|5,
hit:1911_conv:3822,2,angry,My supervisor belittled me in front of all of my coworkers in a meeting.,347,That is absolutely horrible! Was this recent?,5|5|5_5|5|5,
hit:1911_conv:3822,3,angry,My supervisor belittled me in front of all of my coworkers in a meeting.,99,Yes it was. I was furious and hurt. Leaders should not do that to their employees.,5|5|5_5|5|5,
hit:1911_conv:3822,4,angry,My supervisor belittled me in front of all of my coworkers in a meeting.,347,I agree. You should bring that up to HR. ,5|5|5_5|5|5,
hit:2078_conv:4157,1,angry,I had a huge conflict with my parents about moving to another country and I was simply enraged to have them trying to control my life.,77,I had a huge conflict with my parents about moving to another country and I was simply enraged to have them trying to control my life.,5|5|5_5|5|5,
hit:2078_conv:4157,2,angry,I had a huge conflict with my parents about moving to another country and I was simply enraged to have them trying to control my life.,209,That's a bummer. What happened once you moved there?,5|5|5_5|5|5,
hit:2078_conv:4157,3,angry,I had a huge conflict with my parents about moving to another country and I was simply enraged to have them trying to control my life.,77,It was an awesome experience and after I came back to the US I felt so fulfilled and my perspective on everything has changed. ,5|5|5_5|5|5,
hit:2078_conv:4157,4,angry,I had a huge conflict with my parents about moving to another country and I was simply enraged to have them trying to control my life.,209,It's good to hear that your experience was fulfilling. I hope I can have a similar once someday.,5|5|5_5|5|5,
hit:2135_conv:4271,1,angry,I was at the store and I noticed someone cut in front of someone else in line.,152,I was at the store_comma_ and I saw someone cut in front of someone else in line which made me really upset.,5|5|5_5|5|4,
hit:2135_conv:4271,2,angry,I was at the store and I noticed someone cut in front of someone else in line.,265,Dang. That is annoying,5|5|5_5|5|4,
hit:2135_conv:4271,3,angry,I was at the store and I noticed someone cut in front of someone else in line.,152,Yeah it made me kind of ticked off frankly_comma_ but I didn't say anything.,5|5|5_5|5|4,
hit:2135_conv:4271,4,angry,I was at the store and I noticed someone cut in front of someone else in line.,265,You must have informed them abou this,5|5|5_5|5|4,
hit:2308_conv:4616,1,angry,My son is being bullied in school and no one is doing anything about it.,220,My son is being bullied in school day after day. I've gone in and had so many meetings with the principal but it keeps happening. I. Am. Fed. Up.,4|5|4_5|5|5,
hit:2308_conv:4616,2,angry,My son is being bullied in school and no one is doing anything about it.,262,I hate bullying. You should talk to the kiids parents.,4|5|4_5|5|5,
hit:2308_conv:4616,3,angry,My son is being bullied in school and no one is doing anything about it.,220,They have been in the meetings with us and say it isn't their kids fault.,4|5|4_5|5|5,
hit:2308_conv:4616,4,angry,My son is being bullied in school and no one is doing anything about it.,262,Beat the kids up. That's what I would do.,4|5|4_5|5|5,
hit:2408_conv:4817,1,angry,Someone in my family snuck $20 out of my wallet without asking me. It had to be one of them_comma_ because it's been here on the counter all day_comma_ and I know I definitely had two $20 bills in there. No one will own up to it... ,273,Someone in my family snuck $20 out of my wallet without asking me. It had to be one of them_comma_ because it's been here on the counter all day_comma_ and I know I definitely had two $20 bills in there. No one will own up to it...,4|4|4_5|5|5,
hit:2408_conv:4817,2,angry,Someone in my family snuck $20 out of my wallet without asking me. It had to be one of them_comma_ because it's been here on the counter all day_comma_ and I know I definitely had two $20 bills in there. No one will own up to it... ,60,That's sad. If you can't trust your family how can you trust. Are you going to say something?,4|4|4_5|5|5,
hit:2408_conv:4817,3,angry,Someone in my family snuck $20 out of my wallet without asking me. It had to be one of them_comma_ because it's been here on the counter all day_comma_ and I know I definitely had two $20 bills in there. No one will own up to it... ,273,I don't know. Maybe not. It hasn't really happened before_comma_ so I'm not too beat up about it. But I'm a struggling college student_comma_ so every bit counts. It was probably my teenage sister. I'd rather not create a lot of loud drama.,4|4|4_5|5|5,
hit:2408_conv:4817,4,angry,Someone in my family snuck $20 out of my wallet without asking me. It had to be one of them_comma_ because it's been here on the counter all day_comma_ and I know I definitely had two $20 bills in there. No one will own up to it... ,60,I don't know. If you let it go it could happen again and again.,4|4|4_5|5|5,
hit:2413_conv:4827,1,angry,I am mad at the democrats.,75,I am mad at the democrats.,5|4|4_5|5|5,
hit:2413_conv:4827,2,angry,I am mad at the democrats.,60,Haha_comma_ why?,5|4|4_5|5|5,
hit:2413_conv:4827,3,angry,I am mad at the democrats.,75,The country needs a border wall with Mexico and the dims keep blocking the resolution,5|4|4_5|5|5,
hit:2413_conv:4827,4,angry,I am mad at the democrats.,60,I disagree with both Democrats and Republicans.,5|4|4_5|5|5,
hit:2667_conv:5334,1,angry,Someone cut me off in traffic this morning.,63,someone cut me off in traffic this morning.,5|5|5_5|4|5,
hit:2667_conv:5334,2,angry,Someone cut me off in traffic this morning.,59,Oh my_comma_ I hate when that happens. It makes me so angry.,5|5|5_5|4|5,
hit:2667_conv:5334,3,angry,Someone cut me off in traffic this morning.,63,yea i got so frustrated.,5|5|5_5|4|5,
hit:2667_conv:5334,4,angry,Someone cut me off in traffic this morning.,59,I would be too_comma_ some people shouldnt be driving. ,5|5|5_5|4|5,
hit:2692_conv:5385,1,angry,My workers did not perform the task to satisfactory standard.,59,Hi_comma_ the workers at my firm have not been performing their tasks to the required standard.,5|5|5_5|5|5,<HI>
hit:2692_conv:5385,2,angry,My workers did not perform the task to satisfactory standard.,217,That sounds horrible. Are you trying to motivate them?,5|5|5_5|5|5,
hit:2692_conv:5385,3,angry,My workers did not perform the task to satisfactory standard.,59,Yes but it is making me livid that they are not listening to my instructions!,5|5|5_5|5|5,
hit:2692_conv:5385,4,angry,My workers did not perform the task to satisfactory standard.,217,I can understand the feeling. I always feel ignored.,5|5|5_5|5|5,
hit:2783_conv:5566,1,angry,I was mad when I didnt get paid my entire check,238,I was mad when I didnt get paid my entire check,5|5|5_5|5|5,
hit:2783_conv:5566,2,angry,I was mad when I didnt get paid my entire check,262,I would be mad too. What happened?,5|5|5_5|5|5,
hit:2783_conv:5566,3,angry,I was mad when I didnt get paid my entire check,238,a payroll error,5|5|5_5|5|5,
hit:2783_conv:5566,4,angry,I was mad when I didnt get paid my entire check,262,How long before you get what is owed to you?,5|5|5_5|5|5,
hit:3135_conv:6270,1,angry,I can't believe my daughter left the freezer open.  The popsicles melted.,27,my daughter left our freezer open for hours today.,5|5|5_5|5|5,
hit:3135_conv:6270,2,angry,I can't believe my daughter left the freezer open.  The popsicles melted.,243,Uh oh! Was everything ruined?,5|5|5_5|5|5,
hit:3135_conv:6270,3,angry,I can't believe my daughter left the freezer open.  The popsicles melted.,27,We only had popsicles in there. But I wanted those popsicles lol,5|5|5_5|5|5,
hit:3135_conv:6270,4,angry,I can't believe my daughter left the freezer open.  The popsicles melted.,243,Oh how disappointing. ,5|5|5_5|5|5,
hit:3135_conv:6270,5,angry,I can't believe my daughter left the freezer open.  The popsicles melted.,27,I know,5|5|5_5|5|5,
hit:3377_conv:6755,1,angry,I went on a date with this girl and she told me the date went well. After that_comma_ she then ghosted me which made me quite mad and upset.,55,I got quite upset when I was talking to the last girl I went on a date with.,5|5|5_5|5|5,
hit:3377_conv:6755,2,angry,I went on a date with this girl and she told me the date went well. After that_comma_ she then ghosted me which made me quite mad and upset.,234,Oh no_comma_ did she say something really upsetting?,5|5|5_5|5|5,
hit:3377_conv:6755,3,angry,I went on a date with this girl and she told me the date went well. After that_comma_ she then ghosted me which made me quite mad and upset.,55,The exact opposite. She ghosted me right after despite saying the date was good.,5|5|5_5|5|5,
hit:3377_conv:6755,4,angry,I went on a date with this girl and she told me the date went well. After that_comma_ she then ghosted me which made me quite mad and upset.,234,Oh that's the worst...I wish people would just say what they want to say,5|5|5_5|5|5,
hit:3455_conv:6911,1,angry,it upset me when i couldnt leave work on time,238,it upset me when i couldnt leave work on time,5|5|5_4|5|5,
hit:3455_conv:6911,2,angry,it upset me when i couldnt leave work on time,416,Aww_comma_ did you miss your plans?,5|5|5_4|5|5,
hit:3455_conv:6911,3,angry,it upset me when i couldnt leave work on time,238,yea.. had to cancel,5|5|5_4|5|5,
hit:3455_conv:6911,4,angry,it upset me when i couldnt leave work on time,416,Sorry to hear that my friend.. hopefully it works out better next time,5|5|5_4|5|5,
hit:3643_conv:7287,1,angry,Before my birthday_comma_ my boyfriend tried to get me to pick menu items that everyone could eat--including him. This meant I picked place that served only chicken because it's the only meat my boyfriend can have due to his digestive/health issue. Of course_comma_ I got anxious and upset because the place I picked was serving healthy food--my preference--but the serving sizes were missing and I couldn't tell what ingredients were in what; this lead to us arguing.,465,My boyfriend and I got into an argument a few days before my birthday party about catering options.,1|3|5_5|5|5,
hit:3643_conv:7287,2,angry,Before my birthday_comma_ my boyfriend tried to get me to pick menu items that everyone could eat--including him. This meant I picked place that served only chicken because it's the only meat my boyfriend can have due to his digestive/health issue. Of course_comma_ I got anxious and upset because the place I picked was serving healthy food--my preference--but the serving sizes were missing and I couldn't tell what ingredients were in what; this lead to us arguing.,234,Oh? Big fight or one of those little fights?,1|3|5_5|5|5,
hit:3643_conv:7287,3,angry,Before my birthday_comma_ my boyfriend tried to get me to pick menu items that everyone could eat--including him. This meant I picked place that served only chicken because it's the only meat my boyfriend can have due to his digestive/health issue. Of course_comma_ I got anxious and upset because the place I picked was serving healthy food--my preference--but the serving sizes were missing and I couldn't tell what ingredients were in what; this lead to us arguing.,465,Big fight. These kinds of things--picking out foods--make me very frustrated because I have ADHD/Aspergers. ,1|3|5_5|5|5,
hit:3643_conv:7287,4,angry,Before my birthday_comma_ my boyfriend tried to get me to pick menu items that everyone could eat--including him. This meant I picked place that served only chicken because it's the only meat my boyfriend can have due to his digestive/health issue. Of course_comma_ I got anxious and upset because the place I picked was serving healthy food--my preference--but the serving sizes were missing and I couldn't tell what ingredients were in what; this lead to us arguing.,234,Ah_comma_ I see. Well I hope it at least got worked out for you guys,1|3|5_5|5|5,
hit:3643_conv:7287,5,angry,Before my birthday_comma_ my boyfriend tried to get me to pick menu items that everyone could eat--including him. This meant I picked place that served only chicken because it's the only meat my boyfriend can have due to his digestive/health issue. Of course_comma_ I got anxious and upset because the place I picked was serving healthy food--my preference--but the serving sizes were missing and I couldn't tell what ingredients were in what; this lead to us arguing.,465,It did. I just wish I had handled it better and that he could have been more patient. ,1|3|5_5|5|5,
hit:3655_conv:7311,1,angry,I was driving in my car and some person pulled out in front of me. Then they honked on the horn like I made a mistake.,291,I almost had a crash today!,5|5|5_3|5|5,
hit:3655_conv:7311,2,angry,I was driving in my car and some person pulled out in front of me. Then they honked on the horn like I made a mistake.,463,oh no. that can be nerve wracking. are you alright?,5|5|5_3|5|5,
hit:3655_conv:7311,3,angry,I was driving in my car and some person pulled out in front of me. Then they honked on the horn like I made a mistake.,291,Yes_comma_ I am just a little upset right now.,5|5|5_3|5|5,
hit:3655_conv:7311,4,angry,I was driving in my car and some person pulled out in front of me. Then they honked on the horn like I made a mistake.,463,that's happened to me before and it really shakes you. at least you are alright which is the important part.,5|5|5_3|5|5,
hit:3675_conv:7350,1,angry,I am so not happy with my mother for not telling me who my father is,237,I am angry  with my mother for not telling me who my father is,5|5|5_5|5|5,
hit:3675_conv:7350,2,angry,I am so not happy with my mother for not telling me who my father is,291,Did you find out who your father is yet?,5|5|5_5|5|5,
hit:3675_conv:7350,3,angry,I am so not happy with my mother for not telling me who my father is,237,Yes I knew from my mother's best friend,5|5|5_5|5|5,
hit:3675_conv:7350,4,angry,I am so not happy with my mother for not telling me who my father is,291,Did you dad and the other lady have a thing?,5|5|5_5|5|5,
hit:3757_conv:7514,1,angry,Was let go from my job after 11 years.  Coincidentally it was almost immediately after I told them I was pregnant with my 2nd child.,56,It's been awhile now_comma_ but I vividly remember being let go from my job where I'd worked (and sweated and bled) for 11 years.  They claimed it was due to downsizing.,5|5|5_5|5|5,
hit:3757_conv:7514,2,angry,Was let go from my job after 11 years.  Coincidentally it was almost immediately after I told them I was pregnant with my 2nd child.,459,That's really hard!  I'm sure that was disappointing after putting in so many years.  Sorry.,5|5|5_5|5|5,
hit:3757_conv:7514,3,angry,Was let go from my job after 11 years.  Coincidentally it was almost immediately after I told them I was pregnant with my 2nd child.,56,It was_comma_ but honestly it was the best thing for my family.  I had just told them that I was pregnant with my 2nd child and I truly think they did not want to share me with the family I was creating.,5|5|5_5|5|5,
hit:3757_conv:7514,4,angry,Was let go from my job after 11 years.  Coincidentally it was almost immediately after I told them I was pregnant with my 2nd child.,459,Wow.  Well_comma_ if that was the culture and climate of that workplace_comma_ you are definitely better off not working for them.  Very sad.,5|5|5_5|5|5,
hit:3851_conv:7703,1,angry,I took my daughter shopping for school clothes and she didn't like anything in any store. We bought nothing,27,I took my 13 year old shopping for schoo clothes today.,5|5|5_5|5|5,
hit:3851_conv:7703,2,angry,I took my daughter shopping for school clothes and she didn't like anything in any store. We bought nothing,445,Did they grow out of last years?,5|5|5_5|5|5,
hit:3851_conv:7703,3,angry,I took my daughter shopping for school clothes and she didn't like anything in any store. We bought nothing,27,Yes_comma_ but she didn't like anything in the store. We didn't even buy anything I was so upset.,5|5|5_5|5|5,
hit:3851_conv:7703,4,angry,I took my daughter shopping for school clothes and she didn't like anything in any store. We bought nothing,445,oh my lord.  Kids_comma_  they can never make up their mind.,5|5|5_5|5|5,
hit:3851_conv:7703,5,angry,I took my daughter shopping for school clothes and she didn't like anything in any store. We bought nothing,27,Four hours for nothing.,5|5|5_5|5|5,
hit:3949_conv:7898,1,angry,I can't believe my landlord has fixed my stove yet,27,I can't believe my landloard still hasnt fixed my stove,5|5|5_5|5|5,
hit:3949_conv:7898,2,angry,I can't believe my landlord has fixed my stove yet,462,Ugh. That's the worst. Have you called him/her? ,5|5|5_5|5|5,
hit:3949_conv:7898,3,angry,I can't believe my landlord has fixed my stove yet,27,Yes. It has been a week. We couldnt male our homemade pizzas like we do every saturday.,5|5|5_5|5|5,
hit:3949_conv:7898,4,angry,I can't believe my landlord has fixed my stove yet,462,That's so frustrating. Ask for a break on the rent next month!,5|5|5_5|5|5,
hit:3949_conv:7898,5,angry,I can't believe my landlord has fixed my stove yet,27,That sounds like a plan,5|5|5_5|5|5,
hit:4025_conv:8051,1,angry,A part for my computer that I've been putting off buying went up 10% right before I finally ordered it.,286,I've been putting off buying a computer part that I needed and just noticed it went up 10%! I'm pretty mad at myself.,5|5|5_5|5|5,
hit:4025_conv:8051,2,angry,A part for my computer that I've been putting off buying went up 10% right before I finally ordered it.,397,Oh no! I hate when that happens... hopefully your computers holds on a little longer for it to go back down,5|5|5_5|5|5,
hit:4025_conv:8051,3,angry,A part for my computer that I've been putting off buying went up 10% right before I finally ordered it.,286,I hope so too! I might have to just end up buying it. My hard drive is getting pretty old and running slow.,5|5|5_5|5|5,
hit:4025_conv:8051,4,angry,A part for my computer that I've been putting off buying went up 10% right before I finally ordered it.,397,Well good luck! I know how frustrating that can be,5|5|5_5|5|5,
hit:4050_conv:8100,1,angry,I was fired from one of my jobs because of something a coworker did and I was blamed for.,489,The situation was very unfair and I was treated as if I didn't matter after working there for over 5 years,5|5|5_5|5|5,
hit:4050_conv:8100,2,angry,I was fired from one of my jobs because of something a coworker did and I was blamed for.,397,Wow im sorry to hear that. It sucks when something goes wrong at a job you've been there long,5|5|5_5|5|5,
hit:4050_conv:8100,3,angry,I was fired from one of my jobs because of something a coworker did and I was blamed for.,489,I know.  I worked my tail off for that company.  After I was fired they called me a week later to tell me they realized it wasn't my fault but I had already found a new job and told them to take a hike.,5|5|5_5|5|5,
hit:4050_conv:8100,4,angry,I was fired from one of my jobs because of something a coworker did and I was blamed for.,397,I'm glad you found a job quick! That must have felt a little good to tell them at least,5|5|5_5|5|5,
hit:4134_conv:8269,1,angry,I wanted to take friday off but_comma_ I'm unable too.,244,I wanted to take friday off but_comma_ I'm unable too.,5|5|5_5|5|5,
hit:4134_conv:8269,2,angry,I wanted to take friday off but_comma_ I'm unable too.,262,Did you already make plans?,5|5|5_5|5|5,
hit:4134_conv:8269,3,angry,I wanted to take friday off but_comma_ I'm unable too.,244,yes,5|5|5_5|5|5,<UNIGRAM>
hit:4134_conv:8269,4,angry,I wanted to take friday off but_comma_ I'm unable too.,262,So what are you going to do? Reschedule?,5|5|5_5|5|5,
hit:4134_conv:8269,5,angry,I wanted to take friday off but_comma_ I'm unable too.,244,Yeah_comma_ i'm going to have to reschedule.,5|5|5_5|5|5,
hit:4134_conv:8269,6,angry,I wanted to take friday off but_comma_ I'm unable too.,262,What were your plans?,5|5|5_5|5|5,
hit:4134_conv:8269,7,angry,I wanted to take friday off but_comma_ I'm unable too.,244,Fishing,5|5|5_5|5|5,<UNIGRAM>
hit:4134_conv:8269,8,angry,I wanted to take friday off but_comma_ I'm unable too.,262,Weel you're not missing a concert you can go fishing another day.,5|5|5_5|5|5,
hit:4237_conv:8475,1,angry,My manager keep lying to me. He is trying to advantage of me.,7,My manager keep lying to me. He is trying to advantage of me.,5|5|5_5|5|5,
hit:4237_conv:8475,2,angry,My manager keep lying to me. He is trying to advantage of me.,160,Do you want to yell at him and call him a liar?,5|5|5_5|5|5,
hit:4237_conv:8475,3,angry,My manager keep lying to me. He is trying to advantage of me.,7,I want to do both but I can't if I want to keep my job.,5|5|5_5|5|5,
hit:4237_conv:8475,4,angry,My manager keep lying to me. He is trying to advantage of me.,160,One time i secretly called my boss's wife and outted him for an affair he was having with one of my coworkers.. lol he never knew..,5|5|5_5|5|5,
hit:4242_conv:8484,1,angry,My car was involved in a hit and run! Good thing it was just parked on the street but I'm annoyed I have to pay the bill.,295,So the other day while parked on the street someone hit my car and drove away!,2|4|4_5|5|5,
hit:4242_conv:8484,2,angry,My car was involved in a hit and run! Good thing it was just parked on the street but I'm annoyed I have to pay the bill.,322,Oh no_comma_ that's messed up!,2|4|4_5|5|5,
hit:4242_conv:8484,3,angry,My car was involved in a hit and run! Good thing it was just parked on the street but I'm annoyed I have to pay the bill.,295,I know I'm annoyed I have to pay the bill.,2|4|4_5|5|5,
hit:4242_conv:8484,4,angry,My car was involved in a hit and run! Good thing it was just parked on the street but I'm annoyed I have to pay the bill.,322,Hopefully your insurance will help out.,2|4|4_5|5|5,
hit:4242_conv:8484,5,angry,My car was involved in a hit and run! Good thing it was just parked on the street but I'm annoyed I have to pay the bill.,295,I'm not too hopeful about it!,2|4|4_5|5|5,
hit:4350_conv:8700,1,angry,My neighbors woke me us this weekend with their lawnmower at 5am. I went outside to ask him to stop but he just ignored me. ,469,My neighbor woke me up this weekend mowing his lawn at 5am. ,5|5|5_5|5|5,
hit:4350_conv:8700,2,angry,My neighbors woke me us this weekend with their lawnmower at 5am. I went outside to ask him to stop but he just ignored me. ,496,That sounds really frustrating! Who mows their lawn that early holy cow!,5|5|5_5|5|5,
hit:4350_conv:8700,3,angry,My neighbors woke me us this weekend with their lawnmower at 5am. I went outside to ask him to stop but he just ignored me. ,469,I have no idea. I was pissed because I went to ask him to stop and he just ignored me.,5|5|5_5|5|5,
hit:4350_conv:8700,4,angry,My neighbors woke me us this weekend with their lawnmower at 5am. I went outside to ask him to stop but he just ignored me. ,496,Wow I would be mad to. ,5|5|5_5|5|5,
hit:4354_conv:8708,1,angry,I lost my credit card and someone charged 500 dollars on it.  I am so upset it happened.,322,I lost my credit card and someone charged 500 dollars on it.,5|5|5_5|5|5,
hit:4354_conv:8708,2,angry,I lost my credit card and someone charged 500 dollars on it.  I am so upset it happened.,438,Oh boy.  That's no good.  Did the credit card company alert you or did they miss it too?,5|5|5_5|5|5,
hit:4354_conv:8708,3,angry,I lost my credit card and someone charged 500 dollars on it.  I am so upset it happened.,322,They missed it.  I am so upset that it happened.,5|5|5_5|5|5,
hit:4354_conv:8708,4,angry,I lost my credit card and someone charged 500 dollars on it.  I am so upset it happened.,438,I bet.  I can't believe they didn't alert you.  Were they able to take care of it for you and suspend the charges and the account?,5|5|5_5|5|5,
hit:4637_conv:9275,1,angry,I was mad when my boss yelled at me. I guess I was late,126,I was late to work and my boss yelled at me. It made me mad,4|3|3_5|5|5,
hit:4637_conv:9275,2,angry,I was mad when my boss yelled at me. I guess I was late,340,Why were you late getting to work?,4|3|3_5|5|5,
hit:4637_conv:9275,3,angry,I was mad when my boss yelled at me. I guess I was late,126,I had car trouble,4|3|3_5|5|5,
hit:4637_conv:9275,4,angry,I was mad when my boss yelled at me. I guess I was late,340,Your boss should really understand things like that happen and not yell at you.,4|3|3_5|5|5,
hit:4752_conv:9505,1,angry,I broke my coffee maker and now i can't make coffee,52,I broke my coffee maker today and i'm so mad because i can't make coffee. I can't survive the morning without coffee,5|5|5_5|5|5,
hit:4752_conv:9505,2,angry,I broke my coffee maker and now i can't make coffee,225,Anyplace near you where you can get a cup?,5|5|5_5|5|5,
hit:4752_conv:9505,3,angry,I broke my coffee maker and now i can't make coffee,52,yes i think i will stop by wawa_comma_ i just love to make my own coffee,5|5|5_5|5|5,
hit:4752_conv:9505,4,angry,I broke my coffee maker and now i can't make coffee,225,ok_comma_ that will do you I think at least for todayl.,5|5|5_5|5|5,
hit:4783_conv:9566,1,angry,I found out my group of friends went to the beach last weekend and did not invite me for some reason. I don't really know why though?,227,I found out my group of friends went to the beach last weekend and did not invite me for some reason. I don't really know why though?,5|5|5_4|4|4,
hit:4783_conv:9566,2,angry,I found out my group of friends went to the beach last weekend and did not invite me for some reason. I don't really know why though?,317,That was rude. Did you confront them?,5|5|5_4|4|4,
hit:4783_conv:9566,3,angry,I found out my group of friends went to the beach last weekend and did not invite me for some reason. I don't really know why though?,227,I dont know how to_comma_ Im not really a confrontational person. What do you suggest?,5|5|5_4|4|4,
hit:4783_conv:9566,4,angry,I found out my group of friends went to the beach last weekend and did not invite me for some reason. I don't really know why though?,317,I suggest you just ask them why they didn't invite you straight up. No need to sugarcoat the main topic,5|5|5_4|4|4,
hit:4892_conv:9785,1,angry,Someone stole my phone yesterday! I can't stand people at my job!,99,Someone at work stole my phone yesterday! ,5|5|5_5|5|5,
hit:4892_conv:9785,2,angry,Someone stole my phone yesterday! I can't stand people at my job!,417,What!! That's awful oh my my goodness that's really pathetic ,5|5|5_5|5|5,
hit:4892_conv:9785,3,angry,Someone stole my phone yesterday! I can't stand people at my job!,99,I know_comma_ right? I can't stand the people there!,5|5|5_5|5|5,
hit:4892_conv:9785,4,angry,Someone stole my phone yesterday! I can't stand people at my job!,417,Exactly how can you go there not being able to trust your coworkers ,5|5|5_5|5|5,
hit:5206_conv:10413,1,angry,Facebook trolls,220,I don't get why people feel the need to be Facebook trolls and leave nasty comments?,5|5|5_5|5|5,
hit:5206_conv:10413,2,angry,Facebook trolls,1,Pretty much they have problems in their own lives.,5|5|5_5|5|5,
hit:5206_conv:10413,3,angry,Facebook trolls,220,You really think so?,5|5|5_5|5|5,
hit:5206_conv:10413,4,angry,Facebook trolls,1,Yep. If people were truely happy_comma_ they wouldn't have time to troll others.,5|5|5_5|5|5,
hit:5238_conv:10476,1,angry,i was mad when i couldnt leave work on time,238,i was mad when i couldnt leave work on time,5|5|5_5|5|5,
hit:5238_conv:10476,2,angry,i was mad when i couldnt leave work on time,514,i would have been to. what happened?,5|5|5_5|5|5,
hit:5238_conv:10476,3,angry,i was mad when i couldnt leave work on time,238,they said we had too much work left,5|5|5_5|5|5,
hit:5238_conv:10476,4,angry,i was mad when i couldnt leave work on time,514,oh_comma_ well that happens,5|5|5_5|5|5,
hit:5537_conv:11075,1,angry,I am mad I got passed over for a position at work_comma_ I thought I was qualified for it too_comma_ but no contact,10,I am glad it did not make you depressed!,5|5|5_5|5|5,
hit:5537_conv:11075,2,angry,I am mad I got passed over for a position at work_comma_ I thought I was qualified for it too_comma_ but no contact,123,Me too.,5|5|5_5|5|5,
hit:5537_conv:11075,3,angry,I am mad I got passed over for a position at work_comma_ I thought I was qualified for it too_comma_ but no contact,10,I am mad I got passed over for a position at work_comma_ I thought I was qualified for it too_comma_ but no contact,5|5|5_5|5|5,
hit:5537_conv:11075,4,angry,I am mad I got passed over for a position at work_comma_ I thought I was qualified for it too_comma_ but no contact,123,I am sorry to hear that_comma_ I have been there before.,5|5|5_5|5|5,
hit:5555_conv:11111,1,angry,I bought a used car for my son recently. I found out the odometer had been rolled back.,104,I'm so mad. I bought a used car for my son and found out later the odometer had been rolled back.,5|5|5_5|5|5,
hit:5555_conv:11111,2,angry,I bought a used car for my son recently. I found out the odometer had been rolled back.,10,Wow_comma_ that is sleazy_comma_ what did you do?,5|5|5_5|5|5,
hit:5555_conv:11111,3,angry,I bought a used car for my son recently. I found out the odometer had been rolled back.,104,Well_comma_ I've contacted the police_comma_ the DMV and their bond company but I'm not getting anywhere. I don't know how people like that can sleep at night.,5|5|5_5|5|5,
hit:5555_conv:11111,4,angry,I bought a used car for my son recently. I found out the odometer had been rolled back.,10,I do not know_comma_ how did you discover that was the case?,5|5|5_5|5|5,
hit:5603_conv:11207,1,angry,My armadillo bit me today. Never felt so irked!,209,My armadillo bit me today. Never felt so irked!,5|5|5_5|5|5,
hit:5603_conv:11207,2,angry,My armadillo bit me today. Never felt so irked!,332,Oh wow. I wonder what that kind of bite feels like. Did it hurt?,5|5|5_5|5|5,
hit:5603_conv:11207,3,angry,My armadillo bit me today. Never felt so irked!,209,Naw_comma_ he's just a little thing. I was just a bit annoyed because I don't want it to be a habit.,5|5|5_5|5|5,
hit:5603_conv:11207,4,angry,My armadillo bit me today. Never felt so irked!,332,Right_comma_ have to train them not to I suppose_comma_ if at all possible.,5|5|5_5|5|5,
hit:5643_conv:11286,1,angry,i was upset when i saw someone had put a dent in my door,238,i was upset when i saw someone had put a dent in my door,5|5|5_5|5|5,
hit:5643_conv:11286,2,angry,i was upset when i saw someone had put a dent in my door,27,Your car door?,5|5|5_5|5|5,
hit:5643_conv:11286,3,angry,i was upset when i saw someone had put a dent in my door,238,yep,5|5|5_5|5|5,<UNIGRAM>
hit:5643_conv:11286,4,angry,i was upset when i saw someone had put a dent in my door,27,Was it parked at home? That sucks,5|5|5_5|5|5,
hit:5657_conv:11314,1,angry,I was driving home at night and the car heading towards me would not turn off their brights! Damn near made me miss the curve coming up.,286,On the way home tonight the car coming towards me would not turn off their bights and made me almost miss the curve coming up!,5|5|5_5|5|5,
hit:5657_conv:11314,2,angry,I was driving home at night and the car heading towards me would not turn off their brights! Damn near made me miss the curve coming up.,332,Oh no that's so dangerous. Are you okay?,5|5|5_5|5|5,
hit:5657_conv:11314,3,angry,I was driving home at night and the car heading towards me would not turn off their brights! Damn near made me miss the curve coming up.,286,I'm fine. Just really mad!,5|5|5_5|5|5,
hit:5657_conv:11314,4,angry,I was driving home at night and the car heading towards me would not turn off their brights! Damn near made me miss the curve coming up.,332,Yes_comma_ I would be too. That was so irresponsible of them!,5|5|5_5|5|5,
hit:5685_conv:11371,1,angry,These kids keep riding their bikes through my lawn! They've killed every one of my flowers!,530,The kids next door keep riding my bikes through my yard. I asked them to stop but they just laughed at me.,5|5|5_5|5|5,
hit:5685_conv:11371,2,angry,These kids keep riding their bikes through my lawn! They've killed every one of my flowers!,262,Where are their parents?,5|5|5_5|5|5,
hit:5685_conv:11371,3,angry,These kids keep riding their bikes through my lawn! They've killed every one of my flowers!,530,Who knows_comma_ they're never watching them. I tried to be nice but they're killing all my flowers_comma_,5|5|5_5|5|5,
hit:5685_conv:11371,4,angry,These kids keep riding their bikes through my lawn! They've killed every one of my flowers!,262,Call the police. I would. ,5|5|5_5|5|5,
hit:5704_conv:11408,1,angry,I thought I would get some good sleep tonigh. Nope. My toddlers are refusing to go to bed.,262,Tonight was the night I was gonna get some rest.,5|5|5_5|5|5,
hit:5704_conv:11408,2,angry,I thought I would get some good sleep tonigh. Nope. My toddlers are refusing to go to bed.,445,is there still a chance to get any??,5|5|5_5|5|5,
hit:5704_conv:11408,3,angry,I thought I would get some good sleep tonigh. Nope. My toddlers are refusing to go to bed.,262,Not much. My kids are refusing to sleep. I am at my wits end,5|5|5_5|5|5,
hit:5704_conv:11408,4,angry,I thought I would get some good sleep tonigh. Nope. My toddlers are refusing to go to bed.,445,oh my gosh_comma_  kids refuse to sleep_comma_ i feel like i kind of do that as an adult too though,5|5|5_5|5|5,
hit:5704_conv:11408,5,angry,I thought I would get some good sleep tonigh. Nope. My toddlers are refusing to go to bed.,262,As an adult I want to sleep tonight,5|5|5_5|5|5,
hit:5738_conv:11476,1,angry,I am so mad that I got a speeding ticket.,4,I am so mad that I got a speeding ticket.,5|5|5_5|5|5,
hit:5738_conv:11476,2,angry,I am so mad that I got a speeding ticket.,196,Oh no! How fast were you going?,5|5|5_5|5|5,
hit:5738_conv:11476,3,angry,I am so mad that I got a speeding ticket.,4,I was driving 60 in a 55. Only 5 miles over.,5|5|5_5|5|5,
hit:5738_conv:11476,4,angry,I am so mad that I got a speeding ticket.,196,Harsh. How much is the fine?,5|5|5_5|5|5,
hit:5933_conv:11867,1,angry,My kids were arguing with each other a lot yesterday.  It was so frustrating and I got angry with them.,468,My kids have been home with me the past couple of weeks (we're doing minimal summer camp)_comma_ and they've been driving each other crazy this week. Yesterday they argued so many times that I got pretty frustrated and angry.  It was a tough day.,5|5|5_5|5|5,
hit:5933_conv:11867,2,angry,My kids were arguing with each other a lot yesterday.  It was so frustrating and I got angry with them.,297,That would take such toll one me. Just make sure they have enough to keep them occupied maybe.,5|5|5_5|5|5,
hit:5933_conv:11867,3,angry,My kids were arguing with each other a lot yesterday.  It was so frustrating and I got angry with them.,468,Yes_comma_ it's been rough.  I have a ton of work to do for my day job (working from home mostly this summer)_comma_ and other stressful things going on_comma_ so I'm not doing a great job of keeping them entertained.  ,5|5|5_5|5|5,
hit:5933_conv:11867,4,angry,My kids were arguing with each other a lot yesterday.  It was so frustrating and I got angry with them.,297,Might have to bring them to the park and tire them out. School should starting up soon.,5|5|5_5|5|5,
hit:5943_conv:11887,1,angry,I would not tolerate such attitude from a surbodinate,25,gave her a task she did not fulfil ,4|2|4_5|5|5,
hit:5943_conv:11887,2,angry,I would not tolerate such attitude from a surbodinate,220,What?,4|2|4_5|5|5,<UNIGRAM>
hit:5943_conv:11887,3,angry,I would not tolerate such attitude from a surbodinate,25,i gave a subordinate a project but she blatanatly declined,4|2|4_5|5|5,
hit:5943_conv:11887,4,angry,I would not tolerate such attitude from a surbodinate,220,Maybe she has too much on her plate?,4|2|4_5|5|5,
hit:6099_conv:12198,1,angry,I am getting frustrated with my job recently_comma_ they are overworking us,10,I am getting frustrated with my job recently_comma_ they are overworking us,5|5|5_4|4|5,
hit:6099_conv:12198,2,angry,I am getting frustrated with my job recently_comma_ they are overworking us,126,What kind of work is it,5|5|5_4|4|5,
hit:6099_conv:12198,3,angry,I am getting frustrated with my job recently_comma_ they are overworking us,10,it is phone support_comma_ so not fun at all,5|5|5_4|4|5,
hit:6099_conv:12198,4,angry,I am getting frustrated with my job recently_comma_ they are overworking us,126,That does not sound fun at all,5|5|5_4|4|5,
hit:6290_conv:12580,1,angry,it makes me very unhappy when i let someone out in traffic and they dont acknowledge me,524,it makes me angry when i let someone out in traffic without being acknowleded,5|5|5_5|5|5,
hit:6290_conv:12580,2,angry,it makes me very unhappy when i let someone out in traffic and they dont acknowledge me,4,Do you honk your horn at them?,5|5|5_5|5|5,
hit:6290_conv:12580,3,angry,it makes me very unhappy when i let someone out in traffic and they dont acknowledge me,524,generally i do_comma_ gotta be careful with all the crazies out there though,5|5|5_5|5|5,
hit:6290_conv:12580,4,angry,it makes me very unhappy when i let someone out in traffic and they dont acknowledge me,4,That is true. It is always better to be safe than sorry.,5|5|5_5|5|5,
hit:6466_conv:12932,1,angry,People let their kids run aroud in supermarkets at teh weekend,196,I get ridiculously angry when people fail to control their children in busy places,5|5|5_5|5|5,
hit:6466_conv:12932,2,angry,People let their kids run aroud in supermarkets at teh weekend,514,oh man!! tell me about it. that is the thing i hate the most also!,5|5|5_5|5|5,
hit:6466_conv:12932,3,angry,People let their kids run aroud in supermarkets at teh weekend,196,Especially in supermarkets or busy shops. I want to shout a them.,5|5|5_5|5|5,
hit:6466_conv:12932,4,angry,People let their kids run aroud in supermarkets at teh weekend,514,i dont blame you.i also feel like telling them something. but i hold my tongue,5|5|5_5|5|5,
hit:6508_conv:13017,1,angry,i was pissed when i saw a dent in my door,238,i was pissed when i saw a dent in my door,5|5|5_1|3|5,
hit:6508_conv:13017,2,angry,i was pissed when i saw a dent in my door,59,sounds like a pain! Do you know who did it?,5|5|5_1|3|5,
hit:6508_conv:13017,3,angry,i was pissed when i saw a dent in my door,238,nope,5|5|5_1|3|5,<UNIGRAM>
hit:6508_conv:13017,4,angry,i was pissed when i saw a dent in my door,59,Hm_comma_ I hope its not too costly to fixed!,5|5|5_1|3|5,
hit:6624_conv:13249,1,angry,i saw a man kicking his dog the otherday,271,saw a man kicking his dog because it was peeing on a car tire,5|5|5_5|5|5,
hit:6624_conv:13249,2,angry,i saw a man kicking his dog the otherday,27,That is horrible,5|5|5_5|5|5,
hit:6624_conv:13249,3,angry,i saw a man kicking his dog the otherday,271,i wanted to say something but it happened so quick and the dude was jacked so i let it go,5|5|5_5|5|5,
hit:6624_conv:13249,4,angry,i saw a man kicking his dog the otherday,27,It was just a tire he couldve let it go.,5|5|5_5|5|5,
hit:6634_conv:13269,1,angry,when my neighbor hit my car ,11,My neighbor was drunk the other night coming home_comma_ and hit my car! ,5|5|5_5|5|5,
hit:6634_conv:13269,2,angry,when my neighbor hit my car ,506,Oh no_comma_ did you file a police report?,5|5|5_5|5|5,
hit:6634_conv:13269,3,angry,when my neighbor hit my car ,11,No I didnt_comma_ but I reached out to their insurance and hes going to be paying for it. ,5|5|5_5|5|5,
hit:6634_conv:13269,4,angry,when my neighbor hit my car ,506,That is good_comma_ glad it will get taken care of,5|5|5_5|5|5,
hit:6713_conv:13427,1,angry,I was so upset that my daughter borrowed my headphones. She never brings anything back,262,I was so upset when my daughter left with my earbuds,5|5|5_4|5|5,
hit:6713_conv:13427,2,angry,I was so upset that my daughter borrowed my headphones. She never brings anything back,318,I'm guessing she didnt ask to use them?  Has she taken them in the past?,5|5|5_4|5|5,
hit:6713_conv:13427,3,angry,I was so upset that my daughter borrowed my headphones. She never brings anything back,262,she isnt very good at bringing things back,5|5|5_4|5|5,
hit:6713_conv:13427,4,angry,I was so upset that my daughter borrowed my headphones. She never brings anything back,318,That would be very frustrating. Hopefully she will learn to replace things as she gets older!,5|5|5_4|5|5,
hit:6713_conv:13427,5,angry,I was so upset that my daughter borrowed my headphones. She never brings anything back,262,hopefully,5|5|5_4|5|5,<UNIGRAM>
hit:6951_conv:13903,1,angry,i was mad when i couldnt leave work on time,238,i was mad when i couldnt leave work on time,5|5|5_5|5|5,
hit:6951_conv:13903,2,angry,i was mad when i couldnt leave work on time,1,Was there too much work?,5|5|5_5|5|5,
hit:6951_conv:13903,3,angry,i was mad when i couldnt leave work on time,238,the work just kept piling up as the day went on,5|5|5_5|5|5,
hit:6951_conv:13903,4,angry,i was mad when i couldnt leave work on time,1,Did you get any help?,5|5|5_5|5|5,
hit:6965_conv:13930,1,angry,I spilled soda on my laptop.,1,I spilled soda on my laptop.,5|5|5_5|5|5,
hit:6965_conv:13930,2,angry,I spilled soda on my laptop.,389,oh no!!! Did you put it in rice? ,5|5|5_5|5|5,
hit:6965_conv:13930,3,angry,I spilled soda on my laptop.,1,Oh I can put a whole laptop in rice?,5|5|5_5|5|5,
hit:6965_conv:13930,4,angry,I spilled soda on my laptop.,389,Sure!  Then cook the rice later!,5|5|5_5|5|5,
hit:7031_conv:14062,1,angry,My mother in law cannot mind her own business.  She always tries to bend my husband's ear to her way of thinking we should do things.,56,My mother in law cannot mind her own business.,5|5|5_5|5|5,
hit:7031_conv:14062,2,angry,My mother in law cannot mind her own business.  She always tries to bend my husband's ear to her way of thinking we should do things.,576,Yikes! You got one of the bad ones. They sure makes things hard. ,5|5|5_5|5|5,
hit:7031_conv:14062,3,angry,My mother in law cannot mind her own business.  She always tries to bend my husband's ear to her way of thinking we should do things.,56,She really does - she is always trying to bend my husbands' ear to her way of thinking we should do things - with our house_comma_ our kids_comma_ etc.. and she never listens when he tells her that's enough.,5|5|5_5|5|5,
hit:7031_conv:14062,4,angry,My mother in law cannot mind her own business.  She always tries to bend my husband's ear to her way of thinking we should do things.,576,Maybe he needs to break away from her a bit. Maybe then she will mind her own business. ,5|5|5_5|5|5,
hit:7160_conv:14320,1,angry,A guy cut me off in traffic today,63,A guy cut me off in traffic today,5|5|5_5|5|5,
hit:7160_conv:14320,2,angry,A guy cut me off in traffic today,196,Arrgg - so annoying. ,5|5|5_5|5|5,
hit:7160_conv:14320,3,angry,A guy cut me off in traffic today,63,I know_comma_ i was so annoyed,5|5|5_5|5|5,
hit:7160_conv:14320,4,angry,A guy cut me off in traffic today,196,Did you shout at him?,5|5|5_5|5|5,
hit:7198_conv:14397,1,angry,My cat vomited on my rug today,63,My cat vomited on my rug today,5|5|5_5|5|5,
hit:7198_conv:14397,2,angry,My cat vomited on my rug today,55,That's annoying,5|5|5_5|5|5,
hit:7198_conv:14397,3,angry,My cat vomited on my rug today,63,yea i know i was quite mad,5|5|5_5|5|5,
hit:7198_conv:14397,4,angry,My cat vomited on my rug today,55,I would be too so that's fair.,5|5|5_5|5|5,
hit:7209_conv:14419,1,angry,I love my girlfriend but she can get me so angry,202,I love my girlfriend but she can get me so angry,4|4|4_5|5|5,
hit:7209_conv:14419,2,angry,I love my girlfriend but she can get me so angry,322,Why does she get you angry?,4|4|4_5|5|5,
hit:7209_conv:14419,3,angry,I love my girlfriend but she can get me so angry,202,She's constantly jealous and I feel stifled ,4|4|4_5|5|5,
hit:7209_conv:14419,4,angry,I love my girlfriend but she can get me so angry,322,I hope things get better you two.,4|4|4_5|5|5,
hit:7224_conv:14449,1,angry,My cat vomited on my shoes,63,My cat vomited on my shoes,5|5|5_5|5|5,
hit:7224_conv:14449,2,angry,My cat vomited on my shoes,59,Eww_comma_ did you get angry with her?,5|5|5_5|5|5,
hit:7224_conv:14449,3,angry,My cat vomited on my shoes,63,yea i was mad and disgusted,5|5|5_5|5|5,
hit:7224_conv:14449,4,angry,My cat vomited on my shoes,59,I hope you didnt abandon her.,5|5|5_5|5|5,
hit:7315_conv:14631,1,angry,I decided to grill a steak tonight for dinner.  I got distracted and it got burned.,274,I decided to treat myself tonight and make grill a huge steak for myself tonight.,5|5|5_5|5|5,
hit:7315_conv:14631,2,angry,I decided to grill a steak tonight for dinner.  I got distracted and it got burned.,478,That sounds really great and delicious! ,5|5|5_5|5|5,
hit:7315_conv:14631,3,angry,I decided to grill a steak tonight for dinner.  I got distracted and it got burned.,274,Yeah it would have been if I hadn't burned it to a crisp and turned it into a black charred piece of leather!,5|5|5_5|5|5,
hit:7315_conv:14631,4,angry,I decided to grill a steak tonight for dinner.  I got distracted and it got burned.,478,Ohhhhhh yeah that's no good. Still that happens to me all the time so I wouldn't worry too much about it. ,5|5|5_5|5|5,
hit:7577_conv:15155,1,angry,I really do not like the new text and drive laws.,4,I really do not like the new text and drive laws.,5|5|5_5|5|5,
hit:7577_conv:15155,2,angry,I really do not like the new text and drive laws.,196,No - did you used to text while driving?,5|5|5_5|5|5,
hit:7577_conv:15155,3,angry,I really do not like the new text and drive laws.,4,Yes_comma_ and I never got into any accidents.,5|5|5_5|5|5,
hit:7577_conv:15155,4,angry,I really do not like the new text and drive laws.,196,But maybe some people aren't as consientous as you and did get into accidents,5|5|5_5|5|5,
hit:8285_conv:16570,1,angry,Dude cut me off in traffic turning left in too a store then had the nerve to beep back at me. By the way there was NO one behind me for a mile. ARG!,296,Dude cut me off in traffic turning left in too a store..had to slam on my brakes.. then had the nerve to beep back at me. ,5|5|5_5|5|5,
hit:8285_conv:16570,2,angry,Dude cut me off in traffic turning left in too a store then had the nerve to beep back at me. By the way there was NO one behind me for a mile. ARG!,243,Oh wow! That sounds scary! I'd be mad!,5|5|5_5|5|5,
hit:8285_conv:16570,3,angry,Dude cut me off in traffic turning left in too a store then had the nerve to beep back at me. By the way there was NO one behind me for a mile. ARG!,296,I know_comma_ I am- They do it here a lot_comma_ you have to be very careful. By the way there was NO one behind me for a mile. ARG!,5|5|5_5|5|5,
hit:8285_conv:16570,4,angry,Dude cut me off in traffic turning left in too a store then had the nerve to beep back at me. By the way there was NO one behind me for a mile. ARG!,243,How annoying! That sucks.,5|5|5_5|5|5,
hit:8506_conv:17012,1,angry,i am pissed that someone put a dent in my car door,238,i am pissed that someone put a dent in my car,5|5|5_5|5|5,
hit:8506_conv:17012,2,angry,i am pissed that someone put a dent in my car door,123,I would be too_comma_ were you in a shopping center?,5|5|5_5|5|5,
hit:8506_conv:17012,3,angry,i am pissed that someone put a dent in my car door,238,i was at walmart shopping for school supplies,5|5|5_5|5|5,
hit:8506_conv:17012,4,angry,i am pissed that someone put a dent in my car door,123,People are so careless.,5|5|5_5|5|5,
hit:8712_conv:17425,1,angry,The fast food guy forgot to give me my correct change in the drive thru. And he refused to give me my receipt! I had to demand to talk with the manager.,366,I went to a fast food drive thru and the cashier refused to give me my correct change or the receipt.,5|5|5_5|5|5,
hit:8712_conv:17425,2,angry,The fast food guy forgot to give me my correct change in the drive thru. And he refused to give me my receipt! I had to demand to talk with the manager.,633,That would make me angry_comma_ and it is impossible to deal with in a drive thru.,5|5|5_5|5|5,
hit:8712_conv:17425,3,angry,The fast food guy forgot to give me my correct change in the drive thru. And he refused to give me my receipt! I had to demand to talk with the manager.,366,I was very upset_comma_ and I wanted to speak with the manager about it. Customer service is so bad these days!,5|5|5_5|5|5,
hit:8712_conv:17425,4,angry,The fast food guy forgot to give me my correct change in the drive thru. And he refused to give me my receipt! I had to demand to talk with the manager.,633,I agree. I really hate driving off only to find out a third of your order is wrong or missing!,5|5|5_5|5|5,
hit:8713_conv:17427,1,angry,When I got through shopping there was a scrape on my car door where someone had banged their door into it. They didn't leave a note and I was enraged.,548,When I got through shopping there was a scrape on my car door where someone had banged their door into it. They didn't leave a note and I was enraged.,4|4|4_5|5|5,
hit:8713_conv:17427,2,angry,When I got through shopping there was a scrape on my car door where someone had banged their door into it. They didn't leave a note and I was enraged.,448,I would be pretty furious as well_comma_ those can be expensive to get removed!,4|4|4_5|5|5,
hit:8713_conv:17427,3,angry,When I got through shopping there was a scrape on my car door where someone had banged their door into it. They didn't leave a note and I was enraged.,548,People just don't seem to have any respect for other peoples property anymore.,4|4|4_5|5|5,
hit:8713_conv:17427,4,angry,When I got through shopping there was a scrape on my car door where someone had banged their door into it. They didn't leave a note and I was enraged.,448,I agree_comma_ some people just don't care about anyone but themselves. It's sad.,4|4|4_5|5|5,
hit:9015_conv:18031,1,angry,I really do not like when I order a hamburger with no ketchup and they still put it on.,4,I really do not like when I order a hamburger with no ketchup and they still put it on.,5|5|5_5|5|5,
hit:9015_conv:18031,2,angry,I really do not like when I order a hamburger with no ketchup and they still put it on.,438,That's the worst. I have that happen all the time but with onions.  Its the only thing they have to do so get it right!,5|5|5_5|5|5,
hit:9015_conv:18031,3,angry,I really do not like when I order a hamburger with no ketchup and they still put it on.,4,I took one bite and thought I was going to be sick.,5|5|5_5|5|5,
hit:9015_conv:18031,4,angry,I really do not like when I order a hamburger with no ketchup and they still put it on.,438,Did you have them get you a new one plus give you your money back for having to taste that nastiness?,5|5|5_5|5|5,
hit:9240_conv:18481,1,angry,My brother keeps calling me and asking me for money. He doesn't even work! He should get a job instead of bugging me all the time.,469,My brother always calls me to ask to borrow money. He doesn't even work_comma_ he's just lazy.,5|5|5_5|5|5,
hit:9240_conv:18481,2,angry,My brother keeps calling me and asking me for money. He doesn't even work! He should get a job instead of bugging me all the time.,209,What a jerk. Why doesn't he get a job at McDonalds?,5|5|5_5|5|5,
hit:9240_conv:18481,3,angry,My brother keeps calling me and asking me for money. He doesn't even work! He should get a job instead of bugging me all the time.,469,Because he's lazy! It pisses me off so much. I can't stand to hear from him anymore.,5|5|5_5|5|5,
hit:9240_conv:18481,4,angry,My brother keeps calling me and asking me for money. He doesn't even work! He should get a job instead of bugging me all the time.,209,I would remove him from your family tree. That will show him.,5|5|5_5|5|5,
hit:9377_conv:18754,1,angry,I really get mad when my taxes are raised.,4,I really get mad when my taxes are raised.,5|5|5_5|5|5,
hit:9377_conv:18754,2,angry,I really get mad when my taxes are raised.,366,Sorry to hear that. It's tough when unexpected things like that happen.,5|5|5_5|5|5,
hit:9377_conv:18754,3,angry,I really get mad when my taxes are raised.,4,Yes and I was told they would be lowered.,5|5|5_5|5|5,
hit:9377_conv:18754,4,angry,I really get mad when my taxes are raised.,366,Man_comma_ the tax system needs a complete overhaul. Hope things work out for you in the future.,5|5|5_5|5|5,
hit:10191_conv:20383,1,angry,My neighbor keeps backing into my mailbox! I've gotten the police involved but they won't do anything about it. He's so nonchalant about it too.,302,So I've been having an issue with my neighbor. It's not super hairy yet but it could be. They constantly back into my mailbox on their way out almost every day.,5|5|5_5|5|5,
hit:10191_conv:20383,2,angry,My neighbor keeps backing into my mailbox! I've gotten the police involved but they won't do anything about it. He's so nonchalant about it too.,687,Oh my gosh! Have they broken it? That would drive me nuts.,5|5|5_5|5|5,
hit:10191_conv:20383,3,angry,My neighbor keeps backing into my mailbox! I've gotten the police involved but they won't do anything about it. He's so nonchalant about it too.,302,It's been knocked down a few times yes. Police have been involved but they don't do anything. My neighbor is so carefree about it too_comma_ it's bonkers!,5|5|5_5|5|5,
hit:10191_conv:20383,4,angry,My neighbor keeps backing into my mailbox! I've gotten the police involved but they won't do anything about it. He's so nonchalant about it too.,687,Have you spoken to them personally? Maybe they should pay for you to move it!,5|5|5_5|5|5,
hit:10191_conv:20383,5,angry,My neighbor keeps backing into my mailbox! I've gotten the police involved but they won't do anything about it. He's so nonchalant about it too.,302,"We've ""chatted"" about it for sure. Like I said_comma_ the guy doesn't really care. Very unnerving.",5|5|5_5|5|5,
hit:10191_conv:20383,6,angry,My neighbor keeps backing into my mailbox! I've gotten the police involved but they won't do anything about it. He's so nonchalant about it too.,687,Wow. I'm so sorry. Maybe you could put concrete around it so it damages their car? lol,5|5|5_5|5|5,
hit:10191_conv:20383,7,angry,My neighbor keeps backing into my mailbox! I've gotten the police involved but they won't do anything about it. He's so nonchalant about it too.,302,Ahaha that sounds tempting_comma_ but I try to take the high road on this one because it's already driving me up a wall.,5|5|5_5|5|5,
hit:10767_conv:21534,1,angry,I got into a fight with my wife lately and we were so mad with each other. ,77,I got into a fight with my wife lately and we were so mad with each other. ,5|5|5_5|5|5,
hit:10767_conv:21534,2,angry,I got into a fight with my wife lately and we were so mad with each other. ,158,At least you have a wife. Probably would if it weren't for fights over dumb things.,5|5|5_5|5|5,
hit:10767_conv:21534,3,angry,I got into a fight with my wife lately and we were so mad with each other. ,77,Well we don't ever really fight over dumb things. And we also fight rarely. we are over the worst fights lol.,5|5|5_5|5|5,
hit:10767_conv:21534,4,angry,I got into a fight with my wife lately and we were so mad with each other. ,158,I hope you are right.,5|5|5_5|5|5,
hit:10895_conv:21791,1,angry,I got a dog from the pound laxst week . And they said all of its shots were included in the initial payment. Come to find out I had to pay $40 extra on top of the $50 I initialy paid and I was furious.,650,Have you ever been overcharged for something you weree told was only one set price?,4|4|4_3|5|5,
hit:10895_conv:21791,2,angry,I got a dog from the pound laxst week . And they said all of its shots were included in the initial payment. Come to find out I had to pay $40 extra on top of the $50 I initialy paid and I was furious.,614,yes_comma_ my internet provider is notorious for that,4|4|4_3|5|5,
hit:10895_conv:21791,3,angry,I got a dog from the pound laxst week . And they said all of its shots were included in the initial payment. Come to find out I had to pay $40 extra on top of the $50 I initialy paid and I was furious.,650,Yea well I bought a dog from the dog pound and they over charged me by $50 and I was really upside by it.,4|4|4_3|5|5,
hit:10895_conv:21791,4,angry,I got a dog from the pound laxst week . And they said all of its shots were included in the initial payment. Come to find out I had to pay $40 extra on top of the $50 I initialy paid and I was furious.,614,oh wow_comma_ did they justify the overcharge? i'd dispute it,4|4|4_3|5|5,
hit:10992_conv:21984,1,angry,My dishwasher leaked and we had to have our whole kitchen and living redone due to the damages.,349,My dishwasher leaked and it damaged the floors and kitchen cupboards.,5|5|5_5|5|5,
hit:10992_conv:21984,2,angry,My dishwasher leaked and we had to have our whole kitchen and living redone due to the damages.,305,Man_comma_ that really stinks.  Did insurance pay to repair your floor and cupboards?,5|5|5_5|5|5,
hit:10992_conv:21984,3,angry,My dishwasher leaked and we had to have our whole kitchen and living redone due to the damages.,349,Thankfully it was covered by insurance_comma_ but it still got me upset to have to get our whole kitchen and living room redone.,5|5|5_5|5|5,
hit:10992_conv:21984,4,angry,My dishwasher leaked and we had to have our whole kitchen and living redone due to the damages.,305,When will your house be put back together?,5|5|5_5|5|5,
hit:11022_conv:22044,1,angry,My son got brought home by the police last week for spray painting an abandoned building. I was furious with him!,410,My son got brought home by the police last week for spray painting an abandoned building. I was furious with him!,5|5|5_5|5|5,
hit:11022_conv:22044,2,angry,My son got brought home by the police last week for spray painting an abandoned building. I was furious with him!,670,You must've been really disappointed in him. Did you talk to him and find out why he did it?,5|5|5_5|5|5,
hit:11022_conv:22044,3,angry,My son got brought home by the police last week for spray painting an abandoned building. I was furious with him!,410,He was with a bunch of friends and everyone was doing it. He's grounded!,5|5|5_5|5|5,
hit:11022_conv:22044,4,angry,My son got brought home by the police last week for spray painting an abandoned building. I was furious with him!,670,He better be! Sounds like he's in the wrong crowd. Hopefully_comma_ he finds new friends soon.,5|5|5_5|5|5,
hit:11022_conv:22044,5,angry,My son got brought home by the police last week for spray painting an abandoned building. I was furious with him!,410,Yes_comma_ that was my recommendation. ,5|5|5_5|5|5,
hit:11814_conv:23628,1,angry,I was mad to see my best friend start dating my ex girlfriend.,748,"I can't believe my 'ex"" best friend"". he sarted dating my ex girl friend.",5|5|5_5|5|5,
hit:11814_conv:23628,2,angry,I was mad to see my best friend start dating my ex girlfriend.,389,Yuck!  I hate when friends do that!,5|5|5_5|5|5,
hit:11814_conv:23628,3,angry,I was mad to see my best friend start dating my ex girlfriend.,748,I have never experienced something like this before. I can't help but feel rage.,5|5|5_5|5|5,
hit:11814_conv:23628,4,angry,I was mad to see my best friend start dating my ex girlfriend.,389,Yeah I don't blame you.  Time to find some new friends!,5|5|5_5|5|5,
hit:12037_conv:24075,1,angry,My brother accused me of taking his money but i would never do that!,46,Im so sick of my brother. he accused me of taking his money today,4|3|4_5|5|5,
hit:12037_conv:24075,2,angry,My brother accused me of taking his money but i would never do that!,653,That is not cool at all. Why would he say that? Maybe he misplaced it.,4|3|4_5|5|5,
hit:12037_conv:24075,3,angry,My brother accused me of taking his money but i would never do that!,46,He probably lost it! I would never take anything for anyone!,4|3|4_5|5|5,
hit:12037_conv:24075,4,angry,My brother accused me of taking his money but i would never do that!,653,That must have made you feel angry. I am sorry that happened to you but please forgive him.,4|3|4_5|5|5,
hit:319_conv:638,1,angry,I had a friend's boyfriend make a pass at me when I went to visit my friend. He actually kissed me_comma_ and this made me very upset. I couldn't believe the nerve!,45,I went to visit a friend one day and her boyfriend made a pass at me. He actually suddenly kissed me_comma_ as I was waiting for my friend to return. I couldn't believe his nerve!,5|5|5_5|5|5,
hit:319_conv:638,3,angry,I had a friend's boyfriend make a pass at me when I went to visit my friend. He actually kissed me_comma_ and this made me very upset. I couldn't believe the nerve!,45,I quietly pushed him away_comma_ as I didn't want my friend to hear. I was so shocked and upset_comma_ since he knew I wouldn't want to make a scene and took advantage.,5|5|5_5|5|5,
hit:2170_conv:4340,1,angry,I was walking my dogs and a guy had his dog off leash_comma_ and it ran up and freaked out both of mine.,310,I was walking my dogs the other day and a guy came out with his dog off leash.  The dog ran up and freaked out both my dogs.,5|5|5_5|5|5,
hit:2170_conv:4340,3,angry,I was walking my dogs and a guy had his dog off leash_comma_ and it ran up and freaked out both of mine.,310,Yeah_comma_ I was really worried.  My bigger dog got really protective of the smaller one_comma_ but thankfully they didn't actually get into a fight.,5|5|5_5|5|5,
hit:3474_conv:6949,1,angry,I was so pissed off when i found out that my girlfriend kissed my best friend,416,i was so furious when i found out that my best friend and girl friend had made out,5|5|5_5|5|5,
hit:3474_conv:6949,3,angry,I was so pissed off when i found out that my girlfriend kissed my best friend,416,I have not confronted them. I am still thinking over it.,5|5|5_5|5|5,
hit:4731_conv:9463,1,angry,I was angry when my son destroyed my car,317,I was angry when my son destroyed my car,1|1|1_5|5|5,
hit:4731_conv:9463,3,angry,I was angry when my son destroyed my car,317,no not salvagable. i had to buy a new one. ,1|1|1_5|5|5,
hit:4731_conv:9463,5,angry,I was angry when my son destroyed my car,317,its okay. gave me an opportunity for a new adventure,1|1|1_5|5|5,
hit:4991_conv:9983,1,angry,I was so upset the day I found out my mother had cancer. We were at the theater getting ready to watch movie when I got the phone call. I felt heartbroken.,49,When I got the phone call that my mom had cancer I was so upset.,5|5|5_5|5|5,
hit:4991_conv:9983,3,angry,I was so upset the day I found out my mother had cancer. We were at the theater getting ready to watch movie when I got the phone call. I felt heartbroken.,49,It's hard watching one of your parents get sick. We were at the movie theater when I found out and I had to leave.,5|5|5_5|5|5,
hit:6078_conv:12156,1,angry,My parents always argue and it pisses me off!,466,My parents always argue and it pisses me off!,5|4|4_5|5|5,
hit:6078_conv:12156,3,angry,My parents always argue and it pisses me off!,466,I have but they rarely listen. They act like children and it can get frustrating. What can you do?,5|4|4_5|5|5,
hit:6146_conv:12292,1,angry,I've been so upset lately_comma_ the house has been a mess and my husband hasn't been helping clean.,481,I've had a rough week! The house has been a mess from my dogs and toddler. My husband hasn't been helping out much_comma_ its fustrating!,4|4|4_5|5|5,
hit:6146_conv:12292,3,angry,I've been so upset lately_comma_ the house has been a mess and my husband hasn't been helping clean.,481,I'm not sure! He has been busy with work but also has been going out with friends a lot :(,4|4|4_5|5|5,
hit:6636_conv:13272,1,angry,I was woken - again - at 3:45am by my elephantine upstairs neighbor_comma_ who was apparently getting ready for work. I uttered a few choice words_comma_ I can tell you!,343,So what happens in the middle of the night? I got woken_comma_ again_comma_ by my upstairs neighbor thumping around. Does she have to be so rude?!,5|5|5_5|5|5,
hit:6636_conv:13272,3,angry,I was woken - again - at 3:45am by my elephantine upstairs neighbor_comma_ who was apparently getting ready for work. I uttered a few choice words_comma_ I can tell you!,343,No_comma_ they don't. Well_comma_ this time I've had enough. I've told management I want into another apartment and explained exactly why!,5|5|5_5|5|5,
hit:6636_conv:13272,5,angry,I was woken - again - at 3:45am by my elephantine upstairs neighbor_comma_ who was apparently getting ready for work. I uttered a few choice words_comma_ I can tell you!,343,Not really_comma_ but the alternative is to go slowly mad. These blessed individuals stomp around day and night_comma_ screeching into their cellphones - they're horrible.,5|5|5_5|5|5,
hit:7085_conv:14171,1,angry,A coworker mad me very mad one day. She slammed a large order of work on my desk and basically demanded that I do it! She has no right to do that.,45,One of my coworkers really ticked me off one day. She decided she would delegate some work to me by slamming on my desk and demanding I do it. She had some nerve!,4|5|5_5|5|5,
hit:7085_conv:14171,3,angry,A coworker mad me very mad one day. She slammed a large order of work on my desk and basically demanded that I do it! She has no right to do that.,45,Yes_comma_ she doesn't have the right to do that. I have been that many years longer than her_comma_ and it was her work! I let her know it too.,4|5|5_5|5|5,
hit:8881_conv:17762,1,angry,it makes me really angry when the neighboors door poops on my yard and she does not pick it up,507,i hate when my neighboors dog poops on my yard and she does nothing_comma_ i dont care if he poops if she picks it up,5|5|5_5|5|5,
hit:8881_conv:17762,3,angry,it makes me really angry when the neighboors door poops on my yard and she does not pick it up,507,hahaha i mean he does not do it often but it is not a bad idea,5|5|5_5|5|5,
hit:9559_conv:19118,1,angry,i hate when my kids leave their clothes all over the floor_comma_ i punish their video games but they still manage to leave their clothes on the floor,507,i really hate when my kids leave their dirty clothes on the floor,5|5|5_5|5|5,
hit:9559_conv:19118,3,angry,i hate when my kids leave their clothes all over the floor_comma_ i punish their video games but they still manage to leave their clothes on the floor,507,yeah they even have a bin specially for that,5|5|5_5|5|5,
hit:11320_conv:22640,1,angry,My daughter was running through the house like usual the other day. She tripped on my laptop cord and pulled it off the table and the screen cracked. I was upset. ,290,So_comma_ i may be in the market for a new laptop or a repair at least_comma_ thanks to a little mishap.,5|5|5_5|5|5,
hit:11320_conv:22640,3,angry,My daughter was running through the house like usual the other day. She tripped on my laptop cord and pulled it off the table and the screen cracked. I was upset. ,290,My daughter tripped on the cord and it smashed on the ground_comma_ not sure if it can be saved. I was pretty angry.,5|5|5_5|5|5,
hit:46_conv:92,1,anxious,Today is my birthday. I can't wait to see who calls me. Or my gifts.,27,Today is my birthday! I am 34!,https://worker.mturk.com/tasks5|5|5_5|5|5,
hit:46_conv:92,2,anxious,Today is my birthday. I can't wait to see who calls me. Or my gifts.,11,Happy Birthday!!!! What are you going to do for it? ,https://worker.mturk.com/tasks5|5|5_5|5|5,
hit:46_conv:92,3,anxious,Today is my birthday. I can't wait to see who calls me. Or my gifts.,27,Nothing today since its Thursday_comma_ hopefully I can bar hop this weekend. Waiting for gifts today.,https://worker.mturk.com/tasks5|5|5_5|5|5,
hit:46_conv:92,4,anxious,Today is my birthday. I can't wait to see who calls me. Or my gifts.,11,I hope you get lots and lots! ,https://worker.mturk.com/tasks5|5|5_5|5|5,
hit:46_conv:92,5,anxious,Today is my birthday. I can't wait to see who calls me. Or my gifts.,27,me too. I love goodies.,https://worker.mturk.com/tasks5|5|5_5|5|5,
hit:120_conv:241,1,anxious,I'm doing a drink a paint session this weekend. I can't wait. It's goin to be fun!,27,My friend is having a drink and paint party for her birthday tomorrow.,5|5|5_5|5|5,
hit:120_conv:241,2,anxious,I'm doing a drink a paint session this weekend. I can't wait. It's goin to be fun!,11,I bet you are excited... are you bringing anything over with you? ,5|5|5_5|5|5,
hit:120_conv:241,3,anxious,I'm doing a drink a paint session this weekend. I can't wait. It's goin to be fun!,27,A bottle of moscato. She likes that.,5|5|5_5|5|5,
hit:120_conv:241,4,anxious,I'm doing a drink a paint session this weekend. I can't wait. It's goin to be fun!,11,Sounds yummy! Thats a good choice. Have a great time. ,5|5|5_5|5|5,
hit:120_conv:241,5,anxious,I'm doing a drink a paint session this weekend. I can't wait. It's goin to be fun!,27,We will.,5|5|5_5|5|5,
hit:273_conv:546,1,anxious,Yesterday at the doctors I had to get a shot.  The worse part was the anticipation while waiting for what seemed like forever for them to come in and give it to me.  It was emotionally draining.,116,Yesterday I went to the doctor  and had to get a shot.,4|5|5_5|5|5,
hit:273_conv:546,2,anxious,Yesterday at the doctors I had to get a shot.  The worse part was the anticipation while waiting for what seemed like forever for them to come in and give it to me.  It was emotionally draining.,7,What is your health issue?,4|5|5_5|5|5,
hit:273_conv:546,3,anxious,Yesterday at the doctors I had to get a shot.  The worse part was the anticipation while waiting for what seemed like forever for them to come in and give it to me.  It was emotionally draining.,116,I am having shoulder pain from an injury 7-8 years ago.  He decided I should have a cortisone shot.,4|5|5_5|5|5,
hit:273_conv:546,4,anxious,Yesterday at the doctors I had to get a shot.  The worse part was the anticipation while waiting for what seemed like forever for them to come in and give it to me.  It was emotionally draining.,7,Sorry to hear that. I have same issues with my knees.,4|5|5_5|5|5,
hit:646_conv:1293,1,anxious,I always feel anxious in a crowded room,202,I always feel nervous in a crowd.,5|4|5_5|5|5,
hit:646_conv:1293,2,anxious,I always feel anxious in a crowded room,198,That's not good. Do you find yourself in that situation frequently?,5|4|5_5|5|5,
hit:646_conv:1293,3,anxious,I always feel anxious in a crowded room,202,I try to avoid it at all cost.,5|4|5_5|5|5,
hit:646_conv:1293,4,anxious,I always feel anxious in a crowded room,198,I suppose that works. Sorry you feel that way.,5|4|5_5|5|5,
hit:665_conv:1331,1,anxious,I just watched the testimony of Peter Strzok before congress today. It was quite a show_comma_ to see his behaviors unraveling_comma_ almost as a sociopath or psychopath would do.,187,I just watched the testimony before Congress today. It was quite a show. ,3|5|5_5|5|5,
hit:665_conv:1331,2,anxious,I just watched the testimony of Peter Strzok before congress today. It was quite a show_comma_ to see his behaviors unraveling_comma_ almost as a sociopath or psychopath would do.,158,Cool_comma_ whose testimony?,3|5|5_5|5|5,
hit:665_conv:1331,3,anxious,I just watched the testimony of Peter Strzok before congress today. It was quite a show_comma_ to see his behaviors unraveling_comma_ almost as a sociopath or psychopath would do.,187,Peter Strozy's. He was really acting like a sociopath or psychopath. There's even a new MEME in reference to Clockwork Orange just now about him being hashtagged in #StrzokworkOrange,3|5|5_5|5|5,
hit:665_conv:1331,4,anxious,I just watched the testimony of Peter Strzok before congress today. It was quite a show_comma_ to see his behaviors unraveling_comma_ almost as a sociopath or psychopath would do.,158,Are they still going on about the election?,3|5|5_5|5|5,<POLITICAL>
hit:665_conv:1331,5,anxious,I just watched the testimony of Peter Strzok before congress today. It was quite a show_comma_ to see his behaviors unraveling_comma_ almost as a sociopath or psychopath would do.,187,Yes_comma_ but the targeted interests were more into Weiner's pedophile laptop and his lies ,3|5|5_5|5|5,
hit:873_conv:1747,1,anxious,I can't wait for school to start back. A litlle quieter in the house.,27,It's almost time for school again. I am so excited.,5|5|5_5|5|5,
hit:873_conv:1747,2,anxious,I can't wait for school to start back. A litlle quieter in the house.,11,Awesome. Are you going to s chool or your children? ,5|5|5_5|5|5,
hit:873_conv:1747,3,anxious,I can't wait for school to start back. A litlle quieter in the house.,27,Both. I take classes online so I need them out of the house again lol,5|5|5_5|5|5,
hit:873_conv:1747,4,anxious,I can't wait for school to start back. A litlle quieter in the house.,11,Right i work from home so i feel you ,5|5|5_5|5|5,
hit:873_conv:1747,5,anxious,I can't wait for school to start back. A litlle quieter in the house.,27,They love school too so it works for all of us.,5|5|5_5|5|5,
hit:886_conv:1773,1,anxious,I feel very nervous during interviews,247,I'm really scared of going in for interviews_comma_ I always get too nervous and clam up,5|5|5_5|5|5,
hit:886_conv:1773,2,anxious,I feel very nervous during interviews,227,Oh I totally hear you there. You cant just like be yourself_comma_ and not that being yourself is bad or anything,5|5|5_5|5|5,
hit:886_conv:1773,3,anxious,I feel very nervous during interviews,247,Yeah_comma_ trying to impress someone in such a short time_comma_ I just can't represent myself very well I guess,5|5|5_5|5|5,
hit:886_conv:1773,4,anxious,I feel very nervous during interviews,227,Yeah me either. Once people get to know me its fine but usually people dont like me when they first meet me. idk!,5|5|5_5|5|5,
hit:947_conv:1895,1,anxious,coped pulled me over for going 90 in a 65 and i thought i was going to lose my license and maybe get arrested.,256,got pulled over last night for going 25mph over the speed limit.,5|5|5_5|5|5,
hit:947_conv:1895,2,anxious,coped pulled me over for going 90 in a 65 and i thought i was going to lose my license and maybe get arrested.,267,That is a bummer.  On the bright side you probably won't do that again!,5|5|5_5|5|5,
hit:947_conv:1895,3,anxious,coped pulled me over for going 90 in a 65 and i thought i was going to lose my license and maybe get arrested.,256,that's for sure was so nervous i would lose my license.  But he lowered it down to 5 mph now all i have to do is pay a fine.,5|5|5_5|5|5,
hit:947_conv:1895,4,anxious,coped pulled me over for going 90 in a 65 and i thought i was going to lose my license and maybe get arrested.,267,That is awesome!  It is nice to know people can be fair!,5|5|5_5|5|5,
hit:1043_conv:2087,1,anxious,My dog got into some grapes the other day when my toddler had hid them in a toy and the dog found them. I know grapes are not good for dogs! It made me so nervous!,227,My dog got into some grapes the other day when my toddler had hid them in a toy and the dog found them. I know grapes are not good for dogs! It made me so nervous!,5|5|5_54|5|5,
hit:1043_conv:2087,2,anxious,My dog got into some grapes the other day when my toddler had hid them in a toy and the dog found them. I know grapes are not good for dogs! It made me so nervous!,11,My anxiety would have been having anxiety - so I feel you... hows the dog doing today? ,5|5|5_54|5|5,
hit:1043_conv:2087,3,anxious,My dog got into some grapes the other day when my toddler had hid them in a toy and the dog found them. I know grapes are not good for dogs! It made me so nervous!,227,She's okay_comma_ I think she will be fine_comma_ I just dont know how many grapes is too much! Shes eaten an entire package of oreos before so I dont know :(,5|5|5_54|5|5,
hit:1043_conv:2087,4,anxious,My dog got into some grapes the other day when my toddler had hid them in a toy and the dog found them. I know grapes are not good for dogs! It made me so nervous!,11,Awh.. if shes okay today she will be fine! ,5|5|5_54|5|5,
hit:1162_conv:2325,1,anxious,to get hired at a new job ,11,I really really really hope i get this job ,I have clicked the 'End Chat' button thank you!|5|5_5|5|5,
hit:1162_conv:2325,2,anxious,to get hired at a new job ,277,What job?  Don't be discouraged if you don't get it though!  Keep trying!,I have clicked the 'End Chat' button thank you!|5|5_5|5|5,
hit:1162_conv:2325,3,anxious,to get hired at a new job ,11,I really really really hope i get this job ,I have clicked the 'End Chat' button thank you!|5|5_5|5|5,
hit:1162_conv:2325,4,anxious,to get hired at a new job ,277,Everything happens for a reason.  When one door closes_comma_ another one opens!,I have clicked the 'End Chat' button thank you!|5|5_5|5|5,
hit:1162_conv:2325,5,anxious,to get hired at a new job ,11,I wont! I am in it to win it! Its a sale position ,I have clicked the 'End Chat' button thank you!|5|5_5|5|5,
hit:1164_conv:2329,1,anxious,I was worried when my dad was in the hospital. It just made me nervous,126,I was scared when my dad was in the hospital. It just made me worry,4|5|4_5|5|5,
hit:1164_conv:2329,2,anxious,I was worried when my dad was in the hospital. It just made me nervous,27,What happened?,4|5|4_5|5|5,
hit:1164_conv:2329,3,anxious,I was worried when my dad was in the hospital. It just made me nervous,126,He got a stomach rash that got worse,4|5|4_5|5|5,
hit:1164_conv:2329,4,anxious,I was worried when my dad was in the hospital. It just made me nervous,27,Is he okay now?,4|5|4_5|5|5,
hit:1232_conv:2465,1,anxious,I cant wait for school to start. I am so excited,27,School is about to start. I can't wait,5|5|5_5|5|5,
hit:1232_conv:2465,2,anxious,I cant wait for school to start. I am so excited,300,Are you attending post secondary?,5|5|5_5|5|5,
hit:1232_conv:2465,3,anxious,I cant wait for school to start. I am so excited,27,Im in college. My kids are goin back too,5|5|5_5|5|5,
hit:1232_conv:2465,4,anxious,I cant wait for school to start. I am so excited,300,That's awesome! What are you and your kids taking?,5|5|5_5|5|5,
hit:1232_conv:2465,5,anxious,I cant wait for school to start. I am so excited,27,Im studying criinal justice. They are just in elementary,5|5|5_5|5|5,
hit:1344_conv:2689,1,anxious,I entered my name in a raffle at church. I cant wait to see who wins.,27,There is a raffle at my church on Sunday.,5|5|5_5|5|5,
hit:1344_conv:2689,2,anxious,I entered my name in a raffle at church. I cant wait to see who wins.,4,What can you win?,5|5|5_5|5|5,
hit:1344_conv:2689,3,anxious,I entered my name in a raffle at church. I cant wait to see who wins.,27,Its for a 75 inch Samsung TV. I want it so bad.,5|5|5_5|5|5,
hit:1344_conv:2689,4,anxious,I entered my name in a raffle at church. I cant wait to see who wins.,4,How much is a ticket?,5|5|5_5|5|5,
hit:1344_conv:2689,5,anxious,I entered my name in a raffle at church. I cant wait to see who wins.,27,They were $10. I bought 10,5|5|5_5|5|5,
hit:1379_conv:2759,1,anxious,Back when I was in school_comma_ i studied really well for an important exam. But_comma_ still I was so much worried about my test test results.,261,I think small things make me worried,5|5|5_5|5|5,
hit:1379_conv:2759,2,anxious,Back when I was in school_comma_ i studied really well for an important exam. But_comma_ still I was so much worried about my test test results.,10,Small things like what?,5|5|5_5|5|5,
hit:1379_conv:2759,3,anxious,Back when I was in school_comma_ i studied really well for an important exam. But_comma_ still I was so much worried about my test test results.,261,Back in school_comma_ I studied a lot for an important exam. But_comma_ still I was very much worried about my test results.,5|5|5_5|5|5,
hit:1379_conv:2759,4,anxious,Back when I was in school_comma_ i studied really well for an important exam. But_comma_ still I was so much worried about my test test results.,10,Ah_comma_ well for some people_comma_ that is a very big thing!,5|5|5_5|5|5,
hit:1469_conv:2939,1,anxious,"I think it's funny how I got the lead role for ""The Selfish Giant"" in my elementary school play....I was the shyest kid in my class and was really nervous at first...but I nailed it twice and had parents and teachers crying when my character died_comma_ it was hilariously cool",119,"Back in elementary school I got the lead role in a play_comma_ ""The Selfish Giant"" based off Oscar Wilde's short novel...I was really nervous and timid at first...but knocked em dead 2 nights in a row_comma_ had parents and teachers crying and applauding it was pretty hilarious",5|5|5_5|5|5,
hit:1469_conv:2939,2,anxious,"I think it's funny how I got the lead role for ""The Selfish Giant"" in my elementary school play....I was the shyest kid in my class and was really nervous at first...but I nailed it twice and had parents and teachers crying when my character died_comma_ it was hilariously cool",11,Some things like that you wont ever forget thats pretty rad ,5|5|5_5|5|5,
hit:1469_conv:2939,3,anxious,"I think it's funny how I got the lead role for ""The Selfish Giant"" in my elementary school play....I was the shyest kid in my class and was really nervous at first...but I nailed it twice and had parents and teachers crying when my character died_comma_ it was hilariously cool",119,Yeah you're right about that,5|5|5_5|5|5,
hit:1469_conv:2939,4,anxious,"I think it's funny how I got the lead role for ""The Selfish Giant"" in my elementary school play....I was the shyest kid in my class and was really nervous at first...but I nailed it twice and had parents and teachers crying when my character died_comma_ it was hilariously cool",11,you should do it again just for the heck of it ,5|5|5_5|5|5,
hit:1538_conv:3076,1,anxious,I had to get something checked out at the doctor recently_comma_ always makes me nervous.,100,I had to get something checked out at the doctor recently_comma_ always makes me nervous.,4|5|5_5|5|5,
hit:1538_conv:3076,2,anxious,I had to get something checked out at the doctor recently_comma_ always makes me nervous.,220,What was it?,4|5|5_5|5|5,
hit:1538_conv:3076,3,anxious,I had to get something checked out at the doctor recently_comma_ always makes me nervous.,100,It was something that looked like an infection on my foot_comma_ but it actually wasn't.,4|5|5_5|5|5,
hit:1538_conv:3076,4,anxious,I had to get something checked out at the doctor recently_comma_ always makes me nervous.,220,So everything is okay then? That's good news!,4|5|5_5|5|5,
hit:1594_conv:3188,1,anxious,I just took an English teacher certification test.  I can't wait for the results to come back.,274,I am hoping to become an English teacher but I am waiting on test results to come back.,5|5|5_5|5|5,
hit:1594_conv:3188,2,anxious,I just took an English teacher certification test.  I can't wait for the results to come back.,269,I bet you are very eager to find out_comma_ good luck!,5|5|5_5|5|5,
hit:1594_conv:3188,3,anxious,I just took an English teacher certification test.  I can't wait for the results to come back.,274,Thank you.  I am very eager and anxious to see how well I did.,5|5|5_5|5|5,
hit:1594_conv:3188,4,anxious,I just took an English teacher certification test.  I can't wait for the results to come back.,269,Was the test hard?,5|5|5_5|5|5,
hit:1642_conv:3284,1,anxious,I have a math test tomorrow. My stomach won't stop churning.,209,I have a math test tomorrow and it is the biggest one of the semester.,5|5|5_4|4|4,
hit:1642_conv:3284,2,anxious,I have a math test tomorrow. My stomach won't stop churning.,226,wow. I hope you have studied hard so you will do well. ,5|5|5_4|4|4,
hit:1642_conv:3284,3,anxious,I have a math test tomorrow. My stomach won't stop churning.,209,I've been studying all night. It's going to be a real doozy. I am quite nervous!,5|5|5_4|4|4,
hit:1642_conv:3284,4,anxious,I have a math test tomorrow. My stomach won't stop churning.,226,Well as long as you have studied hard you should do well. Just relax knowing you have prepared yourself. ,5|5|5_4|4|4,
hit:1699_conv:3399,1,anxious,I am so ready for September.,4,I am so ready for September.,5|5|5_5|4|5,
hit:1699_conv:3399,2,anxious,I am so ready for September.,248,Oh yeah me too man_comma_ you like the fall?,5|5|5_5|4|5,
hit:1699_conv:3399,3,anxious,I am so ready for September.,4,I love the fall_comma_ my favorite season.,5|5|5_5|4|5,
hit:1699_conv:3399,4,anxious,I am so ready for September.,248,Yeah me too it's very comfortable. What else do you think about it?,5|5|5_5|4|5,
hit:1775_conv:3551,1,anxious,I feel anxious as I am unemployed. I need to find a job soon.,196,I need to find a new job soon,5|5|5_5|5|5,
hit:1775_conv:3551,2,anxious,I feel anxious as I am unemployed. I need to find a job soon.,334,What kind of job do you want?,5|5|5_5|5|5,
hit:1775_conv:3551,3,anxious,I feel anxious as I am unemployed. I need to find a job soon.,196,a high paying one!,5|5|5_5|5|5,
hit:1775_conv:3551,4,anxious,I feel anxious as I am unemployed. I need to find a job soon.,334,Accounting jobs are usually high paying j.,5|5|5_5|5|5,
hit:1833_conv:3666,1,anxious,tonight... i really am bc my house is under contract ,11,Im so on the edge of my seat. My house went under contract yesterday_comma_ and today I find out the closing date.   ,5|5|5_4|4|5,
hit:1833_conv:3666,2,anxious,tonight... i really am bc my house is under contract ,271,wow i closed 2 weeks ago,5|5|5_4|4|5,
hit:1833_conv:3666,3,anxious,tonight... i really am bc my house is under contract ,11,amazing! great feeling right? god i cant wait. ,5|5|5_4|4|5,
hit:1833_conv:3666,4,anxious,tonight... i really am bc my house is under contract ,271,it truly is,5|5|5_4|4|5,
hit:2037_conv:4075,1,anxious,I am feeling fear these days.,75,I am feeling an intense fear these days.,4|4|4_5|5|5,
hit:2037_conv:4075,2,anxious,I am feeling fear these days.,210,first way to overcome it is to figure out the reason for the fear,4|4|4_5|5|5,
hit:2037_conv:4075,3,anxious,I am feeling fear these days.,75,I know the reason. I found a mole on my back and I am afraid it's cancer,4|4|4_5|5|5,
hit:2037_conv:4075,4,anxious,I am feeling fear these days.,210,I think you have to go for a check up first before you can conclude. It might be a harmless mole,4|4|4_5|5|5,
hit:2123_conv:4246,1,anxious,I have been posted to the middle east for work_comma_ i'm a little bit edgy about what the place will be like ,237,I have been posted to the middle east for work_comma_ i'm a little bit edgy about what the place will be like,5|5|5_3|4|4,
hit:2123_conv:4246,2,anxious,I have been posted to the middle east for work_comma_ i'm a little bit edgy about what the place will be like ,375,I've heard it's quite dangerous_comma_ are you scared?,5|5|5_3|4|4,
hit:2123_conv:4246,3,anxious,I have been posted to the middle east for work_comma_ i'm a little bit edgy about what the place will be like ,237,Yes kind of because I will be away from my family for 6 month in a place where they have different belief system about everything,5|5|5_3|4|4,
hit:2123_conv:4246,4,anxious,I have been posted to the middle east for work_comma_ i'm a little bit edgy about what the place will be like ,375,I bet it's going to be hard to fit in culturally_comma_ are you religious?,5|5|5_3|4|4,
hit:2160_conv:4321,1,anxious, I was super anxious when my power went out yesterday and I had no phone service! I had to go walking to get wifi.,296,Well my power went out yesterday before my shower and before I had washed my clothes. So I had to run up to the fast food place- walk- and try to contact my mom. It made me a bit embarassed going outside in dirty clothes with wet hair.,5|5|5_4|3|3,
hit:2160_conv:4321,2,anxious, I was super anxious when my power went out yesterday and I had no phone service! I had to go walking to get wifi.,126,I am sure no one noticed,5|5|5_4|3|3,
hit:2160_conv:4321,3,anxious, I was super anxious when my power went out yesterday and I had no phone service! I had to go walking to get wifi.,296,Oh they did_comma_lol. I noticed in the least. I was covered in mud by the end of it too as the water people nicked the electric and they have mud everywhere from digging. I have a lot of anxiety so I don't like going out much anyway.,5|5|5_4|3|3,
hit:2160_conv:4321,4,anxious, I was super anxious when my power went out yesterday and I had no phone service! I had to go walking to get wifi.,126,I do get that way too sometimes,5|5|5_4|3|3,
hit:2649_conv:5298,1,anxious,I have an exam tomorrow.,59,Hi_comma_ I have a very important exam tomorrow.,4|3|5_5|5|5,<HI>
hit:2649_conv:5298,2,anxious,I have an exam tomorrow.,55,Oh wow_comma_ what subject is it on?,4|3|5_5|5|5,
hit:2649_conv:5298,3,anxious,I have an exam tomorrow.,59,For math. I cant help but feel something bad is going to happen,4|3|5_5|5|5,
hit:2649_conv:5298,4,anxious,I have an exam tomorrow.,55,Well I hope you do good either way.,4|3|5_5|5|5,
hit:3003_conv:6006,1,anxious,I can't wait for date nigiht this week. I bought my hubb an apple watch.,262,I can't wait for date night,5|5|5_5|5|5,
hit:3003_conv:6006,2,anxious,I can't wait for date nigiht this week. I bought my hubb an apple watch.,267,That sounds awesome!  What are you going to do?,5|5|5_5|5|5,
hit:3003_conv:6006,3,anxious,I can't wait for date nigiht this week. I bought my hubb an apple watch.,262,We are going to a fancy restaurant. I bought y husband an apple watch,5|5|5_5|5|5,
hit:3003_conv:6006,4,anxious,I can't wait for date nigiht this week. I bought my hubb an apple watch.,267,That is sweet!,5|5|5_5|5|5,
hit:3003_conv:6006,5,anxious,I can't wait for date nigiht this week. I bought my hubb an apple watch.,262,He is going to love it. ,5|5|5_5|5|5,
hit:3047_conv:6094,1,anxious,I am ready for my wedding.,4,I am ready for my wedding.,5|5|5_5|5|5,
hit:3047_conv:6094,2,anxious,I am ready for my wedding.,277,That is awesome!  Congratulations!  So_comma_ you are prepared for everything that is about to happen?,5|5|5_5|5|5,
hit:3047_conv:6094,3,anxious,I am ready for my wedding.,4,Yes_comma_ I have been working on it every day.,5|5|5_5|5|5,
hit:3047_conv:6094,4,anxious,I am ready for my wedding.,277,It sure sounds like you have done everything you can to make the day special!,5|5|5_5|5|5,
hit:3204_conv:6409,1,anxious,I came home and my outside window to my cat room was broken. It makes me feel scared as I am in a bad neighborhood and would like to know what happened when I wasn't home?,296,I came home and my outside window to my cat room was broken. ,3|4|4_5|5|5,
hit:3204_conv:6409,2,anxious,I came home and my outside window to my cat room was broken. It makes me feel scared as I am in a bad neighborhood and would like to know what happened when I wasn't home?,262,Cat room? I've never heard of such a thing.,3|4|4_5|5|5,
hit:3204_conv:6409,3,anxious,I came home and my outside window to my cat room was broken. It makes me feel scared as I am in a bad neighborhood and would like to know what happened when I wasn't home?,296,A room for my cats! It makes me feel scared as I am in a bad neighborhood and would like to know what happened when I wasn't home?,3|4|4_5|5|5,
hit:3204_conv:6409,4,anxious,I came home and my outside window to my cat room was broken. It makes me feel scared as I am in a bad neighborhood and would like to know what happened when I wasn't home?,262,Did any of the cats get out?,3|4|4_5|5|5,
hit:3204_conv:6409,5,anxious,I came home and my outside window to my cat room was broken. It makes me feel scared as I am in a bad neighborhood and would like to know what happened when I wasn't home?,296,No. They had a screen in front of it- the window opens out- It's old- but I don't understand who broke it? And who was in my yard? ,3|4|4_5|5|5,
hit:3204_conv:6409,6,anxious,I came home and my outside window to my cat room was broken. It makes me feel scared as I am in a bad neighborhood and would like to know what happened when I wasn't home?,262,Maybe you should get cameras,3|4|4_5|5|5,
hit:3381_conv:6763,1,anxious,I have a big presentation tomorrow_comma_ and I'm not sure if I'm prepared enough. I think I need more time to refine my notes,234,I have a big presentation tomorrow_comma_ and I'm not sure if I'm prepared enough,3|3|4_5|5|5,
hit:3381_conv:6763,2,anxious,I have a big presentation tomorrow_comma_ and I'm not sure if I'm prepared enough. I think I need more time to refine my notes,326,What kind of problems?,3|3|4_5|5|5,
hit:3381_conv:6763,3,anxious,I have a big presentation tomorrow_comma_ and I'm not sure if I'm prepared enough. I think I need more time to refine my notes,234,Well_comma_ I haven't practiced enough and I need to refine my notes I think,3|3|4_5|5|5,
hit:3381_conv:6763,4,anxious,I have a big presentation tomorrow_comma_ and I'm not sure if I'm prepared enough. I think I need more time to refine my notes,326,Do you have enough time for it?,3|3|4_5|5|5,
hit:3536_conv:7073,1,anxious,My credit score has fallen by some 50 points in the last month. My debts are accumulating.,155,My credit score has seen a 50 point decrease in the last month. I think this is a result of my debt accumulation,4|5|5_5|5|5,
hit:3536_conv:7073,2,anxious,My credit score has fallen by some 50 points in the last month. My debts are accumulating.,274,Ouch.  Debt ration does play a big factor in the scoring.,4|5|5_5|5|5,
hit:3536_conv:7073,3,anxious,My credit score has fallen by some 50 points in the last month. My debts are accumulating.,155,Indeed. I think i need to be more careful with my spending and careful plan everything in detail,4|5|5_5|5|5,
hit:3536_conv:7073,4,anxious,My credit score has fallen by some 50 points in the last month. My debts are accumulating.,274,(*ratio)  I watch my score like a hawk.,4|5|5_5|5|5,
hit:3664_conv:7328,1,anxious,When I first registered for university after having been out of school for 4 years. I wasn't sure if I was still going to be able to do the work.,375,It was such a relief that I knew the work they were doing in school.,3|4|5_5|5|5,
hit:3664_conv:7328,2,anxious,When I first registered for university after having been out of school for 4 years. I wasn't sure if I was still going to be able to do the work.,343,What type of work are they doing at school?,3|4|5_5|5|5,
hit:3664_conv:7328,3,anxious,When I first registered for university after having been out of school for 4 years. I wasn't sure if I was still going to be able to do the work.,375,It was calculus and i hadn't done it in 2 years.,3|4|5_5|5|5,
hit:3664_conv:7328,4,anxious,When I first registered for university after having been out of school for 4 years. I wasn't sure if I was still going to be able to do the work.,343,Ah_comma_ I see. Well_comma_ it's been a lot longer since I did calculus. Good on you_comma_ remembering that stuff!,3|4|5_5|5|5,
hit:3722_conv:7444,1,anxious,Every time I walk across a major street I am afraid I am going to be hit. I use the crosswalk and look both ways but I keep thinking someone will not stop. I wish I didn't worry so much.,139,When I cross a major street I am always worry about getting hit by a car. I try to be careful and only cross at the crosswalk but I am still nervous.,5|5|5_5|4|5,
hit:3722_conv:7444,2,anxious,Every time I walk across a major street I am afraid I am going to be hit. I use the crosswalk and look both ways but I keep thinking someone will not stop. I wish I didn't worry so much.,466,Those are good preventative measures. I assume that you always look both ways as well?,5|5|5_5|4|5,
hit:3722_conv:7444,3,anxious,Every time I walk across a major street I am afraid I am going to be hit. I use the crosswalk and look both ways but I keep thinking someone will not stop. I wish I didn't worry so much.,139,Yes I look both ways and never use my cell phone in the intersection. Sometimes I wish I wasn't soch a worry-wort.,5|5|5_5|4|5,
hit:3722_conv:7444,4,anxious,Every time I walk across a major street I am afraid I am going to be hit. I use the crosswalk and look both ways but I keep thinking someone will not stop. I wish I didn't worry so much.,466,There are worse things to be worried about. Good job on you for taking safety seriously!,5|5|5_5|4|5,
hit:3746_conv:7493,1,anxious,I am so prepared for this storm coming up. But I didn't buy any fun stuff..,291,I have a new storm shelter and food. But I didn't get anything to play with for the storm.,5|5|5_5|5|5,
hit:3746_conv:7493,2,anxious,I am so prepared for this storm coming up. But I didn't buy any fun stuff..,139,You need something to pass the time or you will go crazy with boredom. How about some books or cards?,5|5|5_5|5|5,
hit:3746_conv:7493,3,anxious,I am so prepared for this storm coming up. But I didn't buy any fun stuff..,291,Yes that is a great one. I will put your ideas onto my list. I will be better prepared for the next storm!,5|5|5_5|5|5,
hit:3746_conv:7493,4,anxious,I am so prepared for this storm coming up. But I didn't buy any fun stuff..,139,If you have someone with you cards are great. Good luck in your next storm!,5|5|5_5|5|5,
hit:3746_conv:7493,5,anxious,I am so prepared for this storm coming up. But I didn't buy any fun stuff..,291,Thank you!,5|5|5_5|5|5,
hit:3791_conv:7582,1,anxious,I woke up yesterday and forgot I had a midterm exam later that same day. I had to quickly cram because I was worried that I wouldn't remember the material for the test.,470,Hey_comma_ yesterday I forgot I had a test and spent the entire day worrying about it while trying to study. ,5|5|5_5|5|5,
hit:3791_conv:7582,2,anxious,I woke up yesterday and forgot I had a midterm exam later that same day. I had to quickly cram because I was worried that I wouldn't remember the material for the test.,53,Oh no! How did you end up doingf?,5|5|5_5|5|5,
hit:3791_conv:7582,3,anxious,I woke up yesterday and forgot I had a midterm exam later that same day. I had to quickly cram because I was worried that I wouldn't remember the material for the test.,470,I'm not too sure to be honest_comma_ I reviewed as much as I could_comma_ but I'm still worried about the results. ,5|5|5_5|5|5,
hit:3791_conv:7582,4,anxious,I woke up yesterday and forgot I had a midterm exam later that same day. I had to quickly cram because I was worried that I wouldn't remember the material for the test.,53,What subject was the test in?,5|5|5_5|5|5,
hit:3791_conv:7582,5,anxious,I woke up yesterday and forgot I had a midterm exam later that same day. I had to quickly cram because I was worried that I wouldn't remember the material for the test.,470,It was over linear algebra_comma_ which I've been having some trouble in.,5|5|5_5|5|5,
hit:3791_conv:7582,6,anxious,I woke up yesterday and forgot I had a midterm exam later that same day. I had to quickly cram because I was worried that I wouldn't remember the material for the test.,53,I am terrible at math,5|5|5_5|5|5,
hit:4363_conv:8726,1,anxious,The next day was Christmas and I couldn't wait to open my presents. I couldn't sleep at all that night.,511,One night I couldn't sleep at all.,4|4|5_2|4|5,
hit:4363_conv:8726,2,anxious,The next day was Christmas and I couldn't wait to open my presents. I couldn't sleep at all that night.,296,Oh no! I hope you didn't have to go anywhere the next day? Did you try anything to help?,4|4|5_2|4|5,
hit:4363_conv:8726,3,anxious,The next day was Christmas and I couldn't wait to open my presents. I couldn't sleep at all that night.,511,Well_comma_ I definitely didn't have to go anywhere because the next day was Christmas!,4|4|5_2|4|5,
hit:4363_conv:8726,4,anxious,The next day was Christmas and I couldn't wait to open my presents. I couldn't sleep at all that night.,296,Oh_comma_ well that's a bonus! No one needs sleep on christmas lol,4|4|5_2|4|5,
hit:4438_conv:8876,1,anxious,I didn't know whether I was supposed to wear my uniform to a high-school band event_comma_ so I just didn't go_comma_ even though I was one of the best players.,515,One time in high-school band_comma_ I didn't know whether or not I was supposed to wear my uniform to an important event.,3|4|5_5|5|5,
hit:4438_conv:8876,2,anxious,I didn't know whether I was supposed to wear my uniform to a high-school band event_comma_ so I just didn't go_comma_ even though I was one of the best players.,389,Uh oh!  What happened?  Did you end up wearing it?,3|4|5_5|5|5,
hit:4438_conv:8876,3,anxious,I didn't know whether I was supposed to wear my uniform to a high-school band event_comma_ so I just didn't go_comma_ even though I was one of the best players.,515,I just didn't go_comma_ even though I was one of the best players.,3|4|5_5|5|5,
hit:4438_conv:8876,4,anxious,I didn't know whether I was supposed to wear my uniform to a high-school band event_comma_ so I just didn't go_comma_ even though I was one of the best players.,389,I bet your audience missed out!,3|4|5_5|5|5,
hit:4459_conv:8918,1,anxious,I am waiting on some test results. I went to the doctor last week.,366,I've been a bit worried waiting for some test results from the doctor.,5|5|5_5|5|5,
hit:4459_conv:8918,2,anxious,I am waiting on some test results. I went to the doctor last week.,445,what kind of results? are you okay?,5|5|5_5|5|5,
hit:4459_conv:8918,3,anxious,I am waiting on some test results. I went to the doctor last week.,366,I got some blood work done_comma_ and they are testing my insulin levels.,5|5|5_5|5|5,
hit:4459_conv:8918,4,anxious,I am waiting on some test results. I went to the doctor last week.,445,im sure youre in tip top shape.,5|5|5_5|5|5,
hit:4459_conv:8918,5,anxious,I am waiting on some test results. I went to the doctor last week.,366,Hopefully everything turns out okay_comma_ thanks!,5|5|5_5|5|5,
hit:4648_conv:9296,1,anxious,when i was getting ready to move and take a drive across the usa,11,I was so nervous and ready to start my move. It was such a long drive. ,3|5|5_4|5|4,
hit:4648_conv:9296,2,anxious,when i was getting ready to move and take a drive across the usa,126,Did you get it done,3|5|5_4|5|4,
hit:4648_conv:9296,3,anxious,when i was getting ready to move and take a drive across the usa,11,Surprisingly yes_comma_ cant believe I did it. I left everything behind and only brought what I could fit inside my car. ,3|5|5_4|5|4,
hit:4648_conv:9296,4,anxious,when i was getting ready to move and take a drive across the usa,126,Thats a good start,3|5|5_4|5|4,
hit:4697_conv:9395,4,anxious,I found out my sister was finally able to get pregnant last week.,11,Ughhh its so hard to keep good secrets tho honestly! ,5|5|5_5|5|5,
hit:4697_conv:9395,5,anxious,I found out my sister was finally able to get pregnant last week.,244,ha_comma_ My mom is especially bad at keeping screts of that type. ,5|5|5_5|5|5,
hit:4965_conv:9930,1,anxious,I am so worried about my dog. He doesn't want to move around very much any more.,139,I am worried my dog's health is failing. He doesn't move around that much any more and looks at me with sad eyes.,5|5|5_4|4|4,
hit:4965_conv:9930,2,anxious,I am so worried about my dog. He doesn't want to move around very much any more.,317,I am sorry to hear that! I hope your dog gets better,5|5|5_4|4|4,
hit:4965_conv:9930,3,anxious,I am so worried about my dog. He doesn't want to move around very much any more.,139,Me too. Maybe he is not feeling well. I will take him to the vet to get checked out.,5|5|5_4|4|4,
hit:4965_conv:9930,4,anxious,I am so worried about my dog. He doesn't want to move around very much any more.,317,Thats good! I will be praying for you and him,5|5|5_4|4|4,
hit:5196_conv:10393,1,anxious,I was nervous driving this evening. There was so much traffi,126,I was nervous driving this evening. The traffic was so bad,1|1|1_1|2|2,
hit:5196_conv:10393,2,anxious,I was nervous driving this evening. There was so much traffi,273,Seems like a silly thing to be nervous about_comma_ unless you're a terrible driver.,1|1|1_1|2|2,
hit:5196_conv:10393,3,anxious,I was nervous driving this evening. There was so much traffi,126,Its not silly at all actually,1|1|1_1|2|2,
hit:5196_conv:10393,4,anxious,I was nervous driving this evening. There was so much traffi,273,Well_comma_ to each their own. They have driving classes if you ever feel like you need them.,1|1|1_1|2|2,
hit:5201_conv:10403,1,anxious,Girlfriend found a lump in her throat. She has no idea what it could be. Has a doctor's appointment tomorrow. Not sure how forward I am looking to finding out the results_comma_ but I guess it's better than leaving it up to my imagination.,273,Girlfriend found a lump in her throat. She has no idea what it could be. Has a doctor's appointment tomorrow. Not sure how forward I am looking to finding out the results_comma_ but I guess it's better than leaving it up to my imagination,5|5|5_5|5|5,
hit:5201_conv:10403,2,anxious,Girlfriend found a lump in her throat. She has no idea what it could be. Has a doctor's appointment tomorrow. Not sure how forward I am looking to finding out the results_comma_ but I guess it's better than leaving it up to my imagination.,296,Very true! Maybe a gioter and she needs more minerals_comma_ thats what it is a lot.,5|5|5_5|5|5,
hit:5201_conv:10403,3,anxious,Girlfriend found a lump in her throat. She has no idea what it could be. Has a doctor's appointment tomorrow. Not sure how forward I am looking to finding out the results_comma_ but I guess it's better than leaving it up to my imagination.,273,She's had other health issues in the past_comma_ so maybe they're related. Either way_comma_ she's a worrier_comma_ so now she's non-stop pacing and looking stuff up online. It's all I can do to help her even get a few hours of sleep.,5|5|5_5|5|5,
hit:5201_conv:10403,4,anxious,Girlfriend found a lump in her throat. She has no idea what it could be. Has a doctor's appointment tomorrow. Not sure how forward I am looking to finding out the results_comma_ but I guess it's better than leaving it up to my imagination.,296,yes! Research is a life saver_comma_ never just rely on doctors..they almost killed me and many I know. I hope it's not too bad!,5|5|5_5|5|5,
hit:5366_conv:10732,1,anxious,everytime i order something  i really want it makes my anxiety go through the roof,321,I remember ordering tattoo machines _comma_ then was given the the date of delivery it was going to take 5 weeks that put my anxiety through the roof,5|5|5_5|5|5,
hit:5366_conv:10732,2,anxious,everytime i order something  i really want it makes my anxiety go through the roof,538,Being helpless when waiting for things is the worst feeling. There's nothing you can do but you need to do something!,5|5|5_5|5|5,
hit:5366_conv:10732,3,anxious,everytime i order something  i really want it makes my anxiety go through the roof,321,thank you _comma_ long story short the machine did not even work an found out it came from korea,5|5|5_5|5|5,
hit:5366_conv:10732,4,anxious,everytime i order something  i really want it makes my anxiety go through the roof,538,yikes_comma_ that sucks. Hopefully you found one that worked eventually.,5|5|5_5|5|5,
hit:5436_conv:10873,1,anxious,I am almost done with law school. I cannot wait to graduate and start working.,243,I am almost done with law school.,5|5|5_5|5|5,
hit:5436_conv:10873,2,anxious,I am almost done with law school. I cannot wait to graduate and start working.,469,That's awesome_comma_ congrats! Do you have a job lined up for when you finish?,5|5|5_5|5|5,
hit:5436_conv:10873,3,anxious,I am almost done with law school. I cannot wait to graduate and start working.,243,Not yet_comma_ but I can't wait to graduate and start working.,5|5|5_5|5|5,
hit:5436_conv:10873,4,anxious,I am almost done with law school. I cannot wait to graduate and start working.,469,Yes_comma_ it will be nice to have a good pay cheque coming in.,5|5|5_5|5|5,
hit:5438_conv:10876,1,anxious,I'm going on a date tonight.  I'm pretty nervous,244,I'm going on a date tonight. I'm pretty nervous,5|5|5_5|5|5,
hit:5438_conv:10876,2,anxious,I'm going on a date tonight.  I'm pretty nervous,277,That's great!  Don't be too nervous!  Your date is most likely just as nervous as you are!,5|5|5_5|5|5,
hit:5438_conv:10876,3,anxious,I'm going on a date tonight.  I'm pretty nervous,244,Yeah probably. I'm sure I'll be fine.,5|5|5_5|5|5,
hit:5438_conv:10876,4,anxious,I'm going on a date tonight.  I'm pretty nervous,277,Just try to have a fun time and let what happens_comma_ happen!,5|5|5_5|5|5,
hit:5438_conv:10876,5,anxious,I'm going on a date tonight.  I'm pretty nervous,244,I think I will.,5|5|5_5|5|5,
hit:5538_conv:11076,1,anxious,I can't wait to see the meg. It looks really good,27,Have you seen previews for the meg?,5|5|5_5|5|5,
hit:5538_conv:11076,2,anxious,I can't wait to see the meg. It looks really good,225,I think so_comma_ that's the giant shark movie_comma_ right ?,5|5|5_5|5|5,
hit:5538_conv:11076,3,anxious,I can't wait to see the meg. It looks really good,27,yep! I can't wait to go and see it,5|5|5_5|5|5,
hit:5538_conv:11076,4,anxious,I can't wait to see the meg. It looks really good,225,I've never been much for sea stuff for some reason.,5|5|5_5|5|5,
hit:5538_conv:11076,5,anxious,I can't wait to see the meg. It looks really good,27,really? does it bore you?,5|5|5_5|5|5,
hit:5538_conv:11076,6,anxious,I can't wait to see the meg. It looks really good,225,no_comma_ it's just not my thing. I like sci fi and horror...just not sea stuff,5|5|5_5|5|5,
hit:5538_conv:11076,7,anxious,I can't wait to see the meg. It looks really good,27,looks like it might be a bit scary too,5|5|5_5|5|5,
hit:5565_conv:11130,1,anxious,Ive been waiting for months for Madden to come out. Finally this friday i will be able to get it.,524,The new madden finally comes out friday!,5|5|5_5|5|5,
hit:5565_conv:11130,2,anxious,Ive been waiting for months for Madden to come out. Finally this friday i will be able to get it.,209,Hey_comma_ I'm looking forward to it too! Can't wait to crush my co-workers.,5|5|5_5|5|5,
hit:5565_conv:11130,3,anxious,Ive been waiting for months for Madden to come out. Finally this friday i will be able to get it.,524,word_comma_ what system do you play on? ,5|5|5_5|5|5,
hit:5565_conv:11130,4,anxious,Ive been waiting for months for Madden to come out. Finally this friday i will be able to get it.,209,I play on the PS4. It's the only way to play Madden.,5|5|5_5|5|5,
hit:5565_conv:11130,5,anxious,Ive been waiting for months for Madden to come out. Finally this friday i will be able to get it.,524,i agree! slimreaper22292 add me,5|5|5_5|5|5,
hit:5612_conv:11225,1,anxious,I am feeling uncomfortable in my body today. I am not sure why...but ever since my body changed so much in pregnancy..and I am having to work so hard to get it back to normal..somedays I am just uncomfortable and don't want to wear anything and I don't want to go out.,296,I am feeling uncomfortable in my body today.,3|5|5_5|5|5,
hit:5612_conv:11225,2,anxious,I am feeling uncomfortable in my body today. I am not sure why...but ever since my body changed so much in pregnancy..and I am having to work so hard to get it back to normal..somedays I am just uncomfortable and don't want to wear anything and I don't want to go out.,1,Oh no. What's going on?,3|5|5_5|5|5,
hit:5612_conv:11225,3,anxious,I am feeling uncomfortable in my body today. I am not sure why...but ever since my body changed so much in pregnancy..and I am having to work so hard to get it back to normal..somedays I am just uncomfortable and don't want to wear anything and I don't want to go out.,296,I am not sure why...but ever since my body changed so much in pregnancy..and I am having to work so hard to get it back to normal..somedays I am just uncomfortable and don't want to wear anything and I don't want to go out,3|5|5_5|5|5,
hit:5612_conv:11225,4,anxious,I am feeling uncomfortable in my body today. I am not sure why...but ever since my body changed so much in pregnancy..and I am having to work so hard to get it back to normal..somedays I am just uncomfortable and don't want to wear anything and I don't want to go out.,1,I'm sorry to hear that. Are you thinking about changing your diet and exercise routine?,3|5|5_5|5|5,
hit:5612_conv:11225,5,anxious,I am feeling uncomfortable in my body today. I am not sure why...but ever since my body changed so much in pregnancy..and I am having to work so hard to get it back to normal..somedays I am just uncomfortable and don't want to wear anything and I don't want to go out.,296,I have! It is just something different after you get pregnant..and I was very sick and had a lot of health issues..I have lost most of the weight- It just changes you and your body for some of us-,3|5|5_5|5|5,
hit:5661_conv:11322,1,anxious,I am worried about my cat. She is acting kind of strange. I hope she doesn't have an illness.,139,I am worried my cat is not feeling well. She doesn't move around much. I hope she doesn't have any health problems.,5|5|5_5|5|5,
hit:5661_conv:11322,2,anxious,I am worried about my cat. She is acting kind of strange. I hope she doesn't have an illness.,530,Oh no! I hope she's ok. Have you taken her to the vet?,5|5|5_5|5|5,
hit:5661_conv:11322,3,anxious,I am worried about my cat. She is acting kind of strange. I hope she doesn't have an illness.,139,I will take her tomorrow. I am hoping that she feels better soon.,5|5|5_5|5|5,
hit:5661_conv:11322,4,anxious,I am worried about my cat. She is acting kind of strange. I hope she doesn't have an illness.,530,I hope she does too. Maybe spend extra time loving on her tonight she she'll feel better.,5|5|5_5|5|5,
hit:5864_conv:11729,1,anxious,I just took an HIV test because I'm worried about my partner's fiedelity. I'm really nervous about the results.,217,I don't think my partner's been faithful to me lately. So I just took an HIV test. Waiting for the results has me so worried.,5|5|4_5|4|5,
hit:5864_conv:11729,2,anxious,I just took an HIV test because I'm worried about my partner's fiedelity. I'm really nervous about the results.,554,I can imagine that would be a painful waiting period. Why do you belive she is unfaithful?,5|5|4_5|4|5,
hit:5864_conv:11729,3,anxious,I just took an HIV test because I'm worried about my partner's fiedelity. I'm really nervous about the results.,217,Well she seemed really close to another guy at a party we were at last weekend. And I see her get flirty with some other guys around campus too.,5|5|4_5|4|5,
hit:5864_conv:11729,4,anxious,I just took an HIV test because I'm worried about my partner's fiedelity. I'm really nervous about the results.,554,I can see the why you would feel that way. I would be worried too.,5|5|4_5|4|5,
hit:5864_conv:11729,5,anxious,I just took an HIV test because I'm worried about my partner's fiedelity. I'm really nervous about the results.,217,I hope the tests come up negative. I'm probably going to break up with her too.,5|5|4_5|4|5,
hit:5864_conv:11729,6,anxious,I just took an HIV test because I'm worried about my partner's fiedelity. I'm really nervous about the results.,554,The good news is the chances of actually getting HIV is relatively low. You should not have to worry about it.,5|5|4_5|4|5,
hit:5864_conv:11729,7,anxious,I just took an HIV test because I'm worried about my partner's fiedelity. I'm really nervous about the results.,217,That's true. I know that logically. But the fear just wells up in my stomach.,5|5|4_5|4|5,
hit:5864_conv:11729,8,anxious,I just took an HIV test because I'm worried about my partner's fiedelity. I'm really nervous about the results.,554,I can imagine it would. You dont need that stress in your life.,5|5|4_5|4|5,
hit:5994_conv:11989,1,anxious,There's a bad storm coming in tonight. I'm nervous about the damage it might do.,422,I'm getting pretty nervous about this bad storm headed for the city tonight.,5|5|5_5|5|5,
hit:5994_conv:11989,2,anxious,There's a bad storm coming in tonight. I'm nervous about the damage it might do.,506,Can you go to a shelter?,5|5|5_5|5|5,
hit:5994_conv:11989,3,anxious,There's a bad storm coming in tonight. I'm nervous about the damage it might do.,422,We have a basement_comma_ so I'll go there. I'm just worried it's going to do damage to our house. We have big trees in our yard.,5|5|5_5|5|5,
hit:5994_conv:11989,4,anxious,There's a bad storm coming in tonight. I'm nervous about the damage it might do.,506,Stay away from the windows just in case.,5|5|5_5|5|5,
hit:6084_conv:12168,1,anxious,I was pretty nervous today going to the gym. There were a lot of people there,126,I was nervous going to the gym today. There were a lot of people there,4|5|4_5|5|5,
hit:6084_conv:12168,2,anxious,I was pretty nervous today going to the gym. There were a lot of people there,277,Try not to be.  Focus on yourself and your goals.  Use their judgmental looks to push you workout to the max!,4|5|4_5|5|5,
hit:6084_conv:12168,3,anxious,I was pretty nervous today going to the gym. There were a lot of people there,126,That is great advice,4|5|4_5|5|5,
hit:6084_conv:12168,4,anxious,I was pretty nervous today going to the gym. There were a lot of people there,277,I hope it helps!,4|5|4_5|5|5,
hit:6275_conv:12551,1,anxious,i cant wait to see if i got the promotion at work,238,i cant wait to see if i got teh promotion at work,5|5|5_5|5|5,
hit:6275_conv:12551,2,anxious,i cant wait to see if i got the promotion at work,27,I hope you do. IS there a big pay raise,5|5|5_5|5|5,
hit:6275_conv:12551,3,anxious,i cant wait to see if i got the promotion at work,238,8%!,5|5|5_5|5|5,<UNIGRAM> <NUMERAL>
hit:6275_conv:12551,4,anxious,i cant wait to see if i got the promotion at work,27,I don't know if that's good or not lol,5|5|5_5|5|5,
hit:6478_conv:12957,1,anxious,I have an interview tomorrow.,59,I have an interview tomorrow and I just keep thinking I will perform badly in it.,5|5|5_5|5|5,
hit:6478_conv:12957,2,anxious,I have an interview tomorrow.,196,I'm sure you'll be fine. Sell yourself.,5|5|5_5|5|5,
hit:6478_conv:12957,3,anxious,I have an interview tomorrow.,59,Thanks. Ill try my best. Maybe I will do some yoga do help relieve this anxiety!,5|5|5_5|5|5,
hit:6478_conv:12957,4,anxious,I have an interview tomorrow.,196,I'm sure that will help. I have confidence in you.,5|5|5_5|5|5,
hit:6543_conv:13086,1,anxious,I am expecting a friend that I haven't seen in years to come over tomorrow. I'm a bit nervous about seeing him and how much may have changed since the last time.,217,I'm expecting a friend who I haven't seen in years to come over tomorrow. I'm a bit nervous about seeing him as I'm not really sure how much may have changed since the last time I saw him.,5|5|5_5|5|5,
hit:6543_conv:13086,2,anxious,I am expecting a friend that I haven't seen in years to come over tomorrow. I'm a bit nervous about seeing him and how much may have changed since the last time.,104,It's exciting that you will be able to reconnect with an old friend. I understand that you're nervous_comma_ though!,5|5|5_5|5|5,
hit:6543_conv:13086,3,anxious,I am expecting a friend that I haven't seen in years to come over tomorrow. I'm a bit nervous about seeing him and how much may have changed since the last time.,217,Yeah I think so. I usually get nervous before social situations so I guess I'm used to feeling this way anyway.,5|5|5_5|5|5,
hit:6543_conv:13086,4,anxious,I am expecting a friend that I haven't seen in years to come over tomorrow. I'm a bit nervous about seeing him and how much may have changed since the last time.,104,I'm sure once you see each other and get to chatting it will be like no time has passed! Have fun!,5|5|5_5|5|5,
hit:6789_conv:13579,1,anxious,I'm going on a flight next week and I haven't been on a plane before. It makes me quite nervous and scared,234,I'm going on a flight next week and I haven't been on a plane before,5|5|5_5|5|5,
hit:6789_conv:13579,2,anxious,I'm going on a flight next week and I haven't been on a plane before. It makes me quite nervous and scared,45,Well_comma_ I'm sure you are super nervous! Of course_comma_ I have no doubt all will be well and a new experience for you!,5|5|5_5|5|5,
hit:6789_conv:13579,3,anxious,I'm going on a flight next week and I haven't been on a plane before. It makes me quite nervous and scared,234,You're right it makes me quite nervous and scared_comma_ but I'm going to try and get through it!,5|5|5_5|5|5,
hit:6789_conv:13579,4,anxious,I'm going on a flight next week and I haven't been on a plane before. It makes me quite nervous and scared,45,Yes_comma_ and worse case_comma_ perhaps you can carry something on board to help relax your nerves_comma_ just in case. There's always alcohol too!,5|5|5_5|5|5,
hit:6803_conv:13606,1,anxious,I hope my real estate lady comes by Monday. She said she's busy,40,I hope my real estate lady comes by Monday. She said she was busy and to call her Monday morning,5|5|5_5|5|5,
hit:6803_conv:13606,2,anxious,I hope my real estate lady comes by Monday. She said she's busy,575,They are very busy but if she made an appointment with you then she should be there on Monday.,5|5|5_5|5|5,
hit:6803_conv:13606,3,anxious,I hope my real estate lady comes by Monday. She said she's busy,40,I hope so. I need to sell my house fast. I have super evil neighbors.,5|5|5_5|5|5,
hit:6803_conv:13606,4,anxious,I hope my real estate lady comes by Monday. She said she's busy,575,Oh no_comma_ you are leaving the neighbors to terrorize some unsuspecting people. That is funny.,5|5|5_5|5|5,
hit:6803_conv:13606,5,anxious,I hope my real estate lady comes by Monday. She said she's busy,40,actually the exact opposite. These people are trying to set me up  for revenge and one is a cop,5|5|5_5|5|5,
hit:6803_conv:13606,6,anxious,I hope my real estate lady comes by Monday. She said she's busy,575,Omg..You should get out fast as you can then. Everyone can't be trusted.,5|5|5_5|5|5,
hit:6803_conv:13606,7,anxious,I hope my real estate lady comes by Monday. She said she's busy,40,I read what you said wrong. Sorry_comma_ They would be afraid of a man_comma_ I'm a woman_comma_ single and a target,5|5|5_5|5|5,
hit:6822_conv:13644,1,anxious,I was so ready for the black ops 4 beta today,27,I was so excited for the COD beta today.,5|5|5_5|5|5,
hit:6822_conv:13644,2,anxious,I was so ready for the black ops 4 beta today,262,Call of duty?,5|5|5_5|5|5,
hit:6822_conv:13644,3,anxious,I was so ready for the black ops 4 beta today,27,Yeah. Do you play?,5|5|5_5|5|5,
hit:6822_conv:13644,4,anxious,I was so ready for the black ops 4 beta today,262,I used to play,5|5|5_5|5|5,
hit:6822_conv:13644,5,anxious,I was so ready for the black ops 4 beta today,27,Well the game doesnt come out until october.,5|5|5_5|5|5,
hit:6822_conv:13644,6,anxious,I was so ready for the black ops 4 beta today,262,I might check it out. Get back in the game.,5|5|5_5|5|5,
hit:6861_conv:13722,1,anxious,Going to see mma fights,389,Really looking forward to tomorrow night!,5|5|5_5|5|5,
hit:6861_conv:13722,2,anxious,Going to see mma fights,297,Really? What you got going on?,5|5|5_5|5|5,
hit:6861_conv:13722,3,anxious,Going to see mma fights,389,Going to an MMA show.  Taking my nephew too!,5|5|5_5|5|5,
hit:6861_conv:13722,4,anxious,Going to see mma fights,297,That will be so much mush. He is going to have a great time.,5|5|5_5|5|5,
hit:6861_conv:13722,5,anxious,Going to see mma fights,389,Yeah I can't wait!!,5|5|5_5|5|5,
hit:6940_conv:13880,1,anxious,im excited to go to a concert on sunday_comma_ it should be awesome,524,im going to a concert on sunday and i cant wait!,5|5|5_5|5|5,
hit:6940_conv:13880,2,anxious,im excited to go to a concert on sunday_comma_ it should be awesome,321,what artist is gonna be there_comma_ now i am intrigued ,5|5|5_5|5|5,
hit:6940_conv:13880,3,anxious,im excited to go to a concert on sunday_comma_ it should be awesome,524,breaking ben and 5 finger death punch,5|5|5_5|5|5,
hit:6940_conv:13880,4,anxious,im excited to go to a concert on sunday_comma_ it should be awesome,321,ooooh nice _comma_ i would be so pumped too see them _comma_ enjoy,5|5|5_5|5|5,
hit:6945_conv:13890,1,anxious,i am going to a concert on sunday_comma_ i cant wait,524,sunday i am going to a concert and i cant wait,5|5|5_5|5|5,
hit:6945_conv:13890,2,anxious,i am going to a concert on sunday_comma_ i cant wait,481,So exciting_comma_ which concert?,5|5|5_5|5|5,
hit:6945_conv:13890,3,anxious,i am going to a concert on sunday_comma_ i cant wait,524,5 finger death punch and breaking ben,5|5|5_5|5|5,
hit:6945_conv:13890,4,anxious,i am going to a concert on sunday_comma_ i cant wait,481,Nice! I don't know either band well but sounds exciting!,5|5|5_5|5|5,
hit:7114_conv:14228,1,anxious,I had no idea if I was gonna do well on my midterm. It made me so worried.,55,I was so worried before I did my calculus midterm.,5|5|5_4|4|5,
hit:7114_conv:14228,2,anxious,I had no idea if I was gonna do well on my midterm. It made me so worried.,548,Did you not study for it?,5|5|5_4|4|5,
hit:7114_conv:14228,3,anxious,I had no idea if I was gonna do well on my midterm. It made me so worried.,55,Not a lot_comma_ it made me feel so bad.,5|5|5_4|4|5,
hit:7114_conv:14228,4,anxious,I had no idea if I was gonna do well on my midterm. It made me so worried.,548,Hopefully you learned a lesson from this experience. If you want to do well you need to be prepared.,5|5|5_4|4|5,
hit:7137_conv:14274,1,anxious,There was a wasp in my rom when I woke up thsi morning,196,When I woke up this morning there was a wasp in my bedroom,5|5|5_5|5|5,
hit:7137_conv:14274,2,anxious,There was a wasp in my rom when I woke up thsi morning,516,Oh_comma_ I would've freaked out,5|5|5_5|5|5,
hit:7137_conv:14274,3,anxious,There was a wasp in my rom when I woke up thsi morning,196,I did! I ran out my room. I think I'll sleep on the sofa from now on.,5|5|5_5|5|5,
hit:7137_conv:14274,4,anxious,There was a wasp in my rom when I woke up thsi morning,516,Sounds like a safer option_comma_ any idea on how it got in?,5|5|5_5|5|5,
hit:7137_conv:14274,5,anxious,There was a wasp in my rom when I woke up thsi morning,196,I sleep with the windows open_comma_ but it's the first wasp I've seen all summer,5|5|5_5|5|5,
hit:7137_conv:14274,6,anxious,There was a wasp in my rom when I woke up thsi morning,516,Perhaps it would be wise to close them at night,5|5|5_5|5|5,
hit:7137_conv:14274,7,anxious,There was a wasp in my rom when I woke up thsi morning,196,Yeah -but it gets so hot.,5|5|5_5|5|5,
hit:7137_conv:14274,8,anxious,There was a wasp in my rom when I woke up thsi morning,516,Perhaps then put something so they cannot get in,5|5|5_5|5|5,
hit:7181_conv:14363,1,anxious,I have a test due on Monday and I feel that I wont pass_comma_ even though I know all of the lessons,516,I have a test due on Monday_comma_ and I'm sure I wont pass,3|2|1_5|5|5,
hit:7181_conv:14363,2,anxious,I have a test due on Monday and I feel that I wont pass_comma_ even though I know all of the lessons,196,Maybe you've still got time to do some prep.,3|2|1_5|5|5,
hit:7181_conv:14363,3,anxious,I have a test due on Monday and I feel that I wont pass_comma_ even though I know all of the lessons,516,I know everything we covered in our lessons_comma_ but I feel that it is still not enough,3|2|1_5|5|5,
hit:7181_conv:14363,4,anxious,I have a test due on Monday and I feel that I wont pass_comma_ even though I know all of the lessons,196,Is tehre anyone you could ask to help you prepare?,3|2|1_5|5|5,
hit:7181_conv:14363,5,anxious,I have a test due on Monday and I feel that I wont pass_comma_ even though I know all of the lessons,516,I asked my sister_comma_ but she doesn't has the times,3|2|1_5|5|5,
hit:7248_conv:14496,1,anxious,I am meeting my blind date today.,59,I am meeting my blind date today for the first time.,5|5|5_5|5|5,
hit:7248_conv:14496,2,anxious,I am meeting my blind date today.,322,Are you excited for it?,5|5|5_5|5|5,
hit:7248_conv:14496,3,anxious,I am meeting my blind date today.,59,Yes but also anxious at the the same because I have no idea what they look like!,5|5|5_5|5|5,
hit:7248_conv:14496,4,anxious,I am meeting my blind date today.,322,I hope they are attractive.,5|5|5_5|5|5,
hit:7437_conv:14874,1,anxious,I can't wait for summer to be over. I want the heat to be over.,27,I am so ready for summer to be over,5|5|5_5|5|5,
hit:7437_conv:14874,2,anxious,I can't wait for summer to be over. I want the heat to be over.,481,Me too! This heat in Texas is killing me.,5|5|5_5|5|5,
hit:7437_conv:14874,3,anxious,I can't wait for summer to be over. I want the heat to be over.,27,The tennessee heat is probably the same,5|5|5_5|5|5,
hit:7437_conv:14874,4,anxious,I can't wait for summer to be over. I want the heat to be over.,481,Yes_comma_ I have family in Nashville and they said it's been hot!,5|5|5_5|5|5,
hit:7437_conv:14874,5,anxious,I can't wait for summer to be over. I want the heat to be over.,27,I would love some snow right now lol,5|5|5_5|5|5,
hit:8209_conv:16419,1,anxious,I was expecting a person to show up at my meeting. They are not very nice!,291,I have a business meeting today.,5|5|5_5|5|5,
hit:8209_conv:16419,2,anxious,I was expecting a person to show up at my meeting. They are not very nice!,286,Are you excited about it?,5|5|5_5|5|5,
hit:8209_conv:16419,3,anxious,I was expecting a person to show up at my meeting. They are not very nice!,291,No_comma_ I am nervous because there is a mean person that will be there!,5|5|5_5|5|5,
hit:8209_conv:16419,4,anxious,I was expecting a person to show up at my meeting. They are not very nice!,286,Maybe you should confront them about it.,5|5|5_5|5|5,
hit:8209_conv:16419,5,anxious,I was expecting a person to show up at my meeting. They are not very nice!,291,I'm gonna!,5|5|5_5|5|5,
hit:8209_conv:16419,6,anxious,I was expecting a person to show up at my meeting. They are not very nice!,286,Heck yeah. Tackle the issue head on! Maybe it'll workout and they'll try to be nicer.,5|5|5_5|5|5,
hit:8209_conv:16419,7,anxious,I was expecting a person to show up at my meeting. They are not very nice!,291,You should be a counselor_comma_ thank you!,5|5|5_5|5|5,
hit:8209_conv:16419,8,anxious,I was expecting a person to show up at my meeting. They are not very nice!,286,Aw_comma_ thanks. I hope it all works out for you. Have a great day!,5|5|5_5|5|5,
hit:8268_conv:16536,1,anxious,I have to go to jury duty later this week. I am pretty nervous about it,126,I have to go to jury duty later this week. I am real nervous about it,5|4|5_4|5|5,
hit:8268_conv:16536,2,anxious,I have to go to jury duty later this week. I am pretty nervous about it,438,I bet you'll do great.  I would be nervous too.  Hopefully it won't be anything too serious and more cut and dry decision.  Have you gone before?,5|4|5_4|5|5,
hit:8268_conv:16536,3,anxious,I have to go to jury duty later this week. I am pretty nervous about it,126,I have gone way back in the day_comma_ I honestly don't remember what happened,5|4|5_4|5|5,
hit:8268_conv:16536,4,anxious,I have to go to jury duty later this week. I am pretty nervous about it,438,i have never been before since I was either very ill or had babies/kids.  Good luck and don't stress too much. You'll be great!,5|4|5_4|5|5,
hit:8489_conv:16978,1,anxious,I think I'm losing my hearing almost entirely in my left ear and now in my right.  No one knows what's going on. ,438,I think I'm losing my hearing almost entirely in my left ear and now in my right. No one knows what's going on. ,4|5|5_5|5|5,
hit:8489_conv:16978,2,anxious,I think I'm losing my hearing almost entirely in my left ear and now in my right.  No one knows what's going on. ,238,have you gone to the doctor?,4|5|5_5|5|5,
hit:8489_conv:16978,3,anxious,I think I'm losing my hearing almost entirely in my left ear and now in my right.  No one knows what's going on. ,438,Yes_comma_ I went to an ENT and then a Specialist.  They don't know the reason why.  Not very reassuring and I'm stressed.,4|5|5_5|5|5,
hit:8489_conv:16978,4,anxious,I think I'm losing my hearing almost entirely in my left ear and now in my right.  No one knows what's going on. ,238,that sucks. i hope it turns out well for you,4|5|5_5|5|5,
hit:8687_conv:17374,1,anxious,I'm not really sure if I am going to be able to find a gift for my wife's birthday.,294,I'm not really sure if I am going to be able to find a gift for my wife's birthday.,5|5|5_5|5|5,
hit:8687_conv:17374,2,anxious,I'm not really sure if I am going to be able to find a gift for my wife's birthday.,630,Why not?,5|5|5_5|5|5,
hit:8687_conv:17374,3,anxious,I'm not really sure if I am going to be able to find a gift for my wife's birthday.,294,I had ordered it about 6 month's ago because it was a custom made gift_comma_ but the company called me and told me that it broke in the final step.  I was supposed to get it tomorrow and there is no way that I will get it on time.  I just don't know what to do now.,5|5|5_5|5|5,
hit:8687_conv:17374,4,anxious,I'm not really sure if I am going to be able to find a gift for my wife's birthday.,630,Oh no_comma_ that's awful. Maybe you can find something else to give her for her birthday but tell her you have another present that will arrive a little later. ,5|5|5_5|5|5,
hit:8687_conv:17374,5,anxious,I'm not really sure if I am going to be able to find a gift for my wife's birthday.,294,I may have to push it till Christmas.,5|5|5_5|5|5,
hit:8690_conv:17380,1,anxious,I'm getting anxious thinking about moving in 2 weeks_comma_ I hope I like the city I'm moving to!,448,I'm getting anxious thinking about moving in 2 weeks_comma_ I hope I like the city I'm moving to!,5|5|5_5|5|5,
hit:8690_conv:17380,2,anxious,I'm getting anxious thinking about moving in 2 weeks_comma_ I hope I like the city I'm moving to!,633,That would be nerve racking_comma_ but also fun I think.,5|5|5_5|5|5,
hit:8690_conv:17380,3,anxious,I'm getting anxious thinking about moving in 2 weeks_comma_ I hope I like the city I'm moving to!,448,Yeah_comma_ exactly_comma_ I'm nervous but at the same time I like the idea of a change!,5|5|5_5|5|5,
hit:8690_conv:17380,4,anxious,I'm getting anxious thinking about moving in 2 weeks_comma_ I hope I like the city I'm moving to!,633,Do you have a job lined up already?,5|5|5_5|5|5,
hit:8690_conv:17380,5,anxious,I'm getting anxious thinking about moving in 2 weeks_comma_ I hope I like the city I'm moving to!,448,Yes_comma_ that is the prime reason we are moving so that's another positive.,5|5|5_5|5|5,
hit:8690_conv:17380,6,anxious,I'm getting anxious thinking about moving in 2 weeks_comma_ I hope I like the city I'm moving to!,633,Well you are ahead of the game_comma_ more so than most people.,5|5|5_5|5|5,
hit:8906_conv:17813,1,anxious,I went to the store and had to buy presents for my family. I really didn't know what to buy.,291,I hate having to buy presents for other people.,5|5|5_5|5|5,
hit:8906_conv:17813,2,anxious,I went to the store and had to buy presents for my family. I really didn't know what to buy.,536,Oh. Do you have to buy a lot of presents or do you just not know what to buy?,5|5|5_5|5|5,
hit:8906_conv:17813,3,anxious,I went to the store and had to buy presents for my family. I really didn't know what to buy.,291,I just don't know what I should buy. It makes me nervous.,5|5|5_5|5|5,
hit:8906_conv:17813,4,anxious,I went to the store and had to buy presents for my family. I really didn't know what to buy.,536,I understand. You know there are websites were you can answer a few questions about the person you are buy a gift for and then it makes gift recommendations for that person.,5|5|5_5|5|5,
hit:8906_conv:17813,5,anxious,I went to the store and had to buy presents for my family. I really didn't know what to buy.,291,Cool I didn't know that!,5|5|5_5|5|5,
hit:8906_conv:17813,6,anxious,I went to the store and had to buy presents for my family. I really didn't know what to buy.,536,Yeah_comma_ I have tried it a few times. It suggests some pretty cool things too.,5|5|5_5|5|5,
hit:9017_conv:18034,1,anxious,I had been waiting on the results of a test of my blood pressure. Thankfully it was fine but it made me nervous waiting.,639,I have been waiting on some health result tests. It was making me very nervous.,5|5|5_5|5|5,
hit:9017_conv:18034,2,anxious,I had been waiting on the results of a test of my blood pressure. Thankfully it was fine but it made me nervous waiting.,119,I hope they come back with the desired result.  Good luck,5|5|5_5|5|5,
hit:9017_conv:18034,3,anxious,I had been waiting on the results of a test of my blood pressure. Thankfully it was fine but it made me nervous waiting.,639,They came back okay but when i was waiting for it_comma_ it was pretty nerve wracking.,5|5|5_5|5|5,
hit:9017_conv:18034,4,anxious,I had been waiting on the results of a test of my blood pressure. Thankfully it was fine but it made me nervous waiting.,119,Nice do you mind sharing what it was...my mom had a cyst in her ovaries but it ended up being benign,5|5|5_5|5|5,
hit:9017_conv:18034,5,anxious,I had been waiting on the results of a test of my blood pressure. Thankfully it was fine but it made me nervous waiting.,639,It is a little hard to explain but whether the hypertension in my head was resolving. I had too much spinal fluid in my brain for a while and was working on resolving that wihtout need for really heavy medication.,5|5|5_5|5|5,
hit:9024_conv:18048,1,anxious,Tomorrow I have to give a presentation at work and I just found out that the Vice President of the company is going to be there.,438,Tomorrow I have to give a presentation at work and I just found out that the Vice President of the company is going to be there.,4|5|5_5|5|5,<POLITICAL>
hit:9024_conv:18048,2,anxious,Tomorrow I have to give a presentation at work and I just found out that the Vice President of the company is going to be there.,525,Oh boy I hope you get some sleep tonight!,4|5|5_5|5|5,
hit:9024_conv:18048,3,anxious,Tomorrow I have to give a presentation at work and I just found out that the Vice President of the company is going to be there.,438,It'll be hard now that I know that_comma_ but I'm going to try.  At least it'll push me to do my most impressive work.  I hope.  Its intimidating so I'm trying not to think ab out it too much.,4|5|5_5|5|5,
hit:9024_conv:18048,4,anxious,Tomorrow I have to give a presentation at work and I just found out that the Vice President of the company is going to be there.,525,you got it bro!,4|5|5_5|5|5,
hit:9030_conv:18061,1,anxious,Sometimes I'm nervous who I'm going to talk to next.  I'm nervous because if it's someone who can't hold a conversation I get the feeling of wanting to strangle them on the other side of the computer.  And I'm really not that kind of guy,119,Sometimes I'm nervous to play this game.  Because if it's someone who can't hold a conversation I get the feeling of wanting to strangle them on the other side of the computer. And I'm really not that kind of guy,5|5|5_3|3|3,
hit:9030_conv:18061,2,anxious,Sometimes I'm nervous who I'm going to talk to next.  I'm nervous because if it's someone who can't hold a conversation I get the feeling of wanting to strangle them on the other side of the computer.  And I'm really not that kind of guy,7,I undersand. Do you want to strangle me?,5|5|5_3|3|3,
hit:9030_conv:18061,3,anxious,Sometimes I'm nervous who I'm going to talk to next.  I'm nervous because if it's someone who can't hold a conversation I get the feeling of wanting to strangle them on the other side of the computer.  And I'm really not that kind of guy,119,Not yet,5|5|5_3|3|3,
hit:9030_conv:18061,4,anxious,Sometimes I'm nervous who I'm going to talk to next.  I'm nervous because if it's someone who can't hold a conversation I get the feeling of wanting to strangle them on the other side of the computer.  And I'm really not that kind of guy,7,Good.,5|5|5_3|3|3,<UNIGRAM>
hit:9340_conv:18681,1,anxious,waiting for my twins to be born,514,my twins will be born tomorrow morning! i wont be able to sleep tonight,5|5|5_5|5|5,
hit:9340_conv:18681,2,anxious,waiting for my twins to be born,4,Double the fun_comma_ are these your first children?,5|5|5_5|5|5,
hit:9340_conv:18681,3,anxious,waiting for my twins to be born,514,no _comma_luckily they are not..otherwise i think i would be terrified. haha..,5|5|5_5|5|5,
hit:9340_conv:18681,4,anxious,waiting for my twins to be born,4,Congrats_comma_ you should try to sleep some thou.,5|5|5_5|5|5,
hit:9845_conv:19690,1,anxious,I have to go to the dmv on friday. I am nervous about it,126,I have to go to the dmv on friday. I am nervous about it,3|4|4_5|5|5,
hit:9845_conv:19690,2,anxious,I have to go to the dmv on friday. I am nervous about it,326,Why are you nervous?,3|4|4_5|5|5,
hit:9845_conv:19690,3,anxious,I have to go to the dmv on friday. I am nervous about it,126,I hate going to that place,3|4|4_5|5|5,
hit:9845_conv:19690,4,anxious,I have to go to the dmv on friday. I am nervous about it,326,Yes_comma_ the lines are a pain.,3|4|4_5|5|5,
hit:9921_conv:19843,1,anxious,I am worried about my test scores coming back,247,I am worried about my test scores coming back,5|5|5_5|5|5,
hit:9921_conv:19843,2,anxious,I am worried about my test scores coming back,43,Did you perform well?,5|5|5_5|5|5,
hit:9921_conv:19843,3,anxious,I am worried about my test scores coming back,247,I'm not sure yet_comma_ I wasn't fully prepared so I'm worried,5|5|5_5|5|5,
hit:9921_conv:19843,4,anxious,I am worried about my test scores coming back,43,Don't worry. You'll get good score.,5|5|5_5|5|5,
hit:10299_conv:20598,1,anxious,I am feeling anxious about my test tommorrow,631,I am feeling anxious about my test tomorrow ,5|5|5_5|5|5,
hit:10299_conv:20598,2,anxious,I am feeling anxious about my test tommorrow,599,Oh no. Did you study for it?,5|5|5_5|5|5,
hit:10299_conv:20598,3,anxious,I am feeling anxious about my test tommorrow,631,No i completely forgot about it so I have been cramming all night :(,5|5|5_5|5|5,
hit:10299_conv:20598,4,anxious,I am feeling anxious about my test tommorrow,599,I hope it goes better than you expect! Cram all that information into your brain!,5|5|5_5|5|5,
hit:10368_conv:20737,1,anxious,My husband took a 30 hour round trip road trip and will be home soon. He went to get our new puppy. I haven't slept well since he's been gone because I've been worried.,435,I haven't been sleeping well for a few days now because my husband was on a 30 hour road trip to get our new puppy.,5|5|5_5|5|5,
hit:10368_conv:20737,2,anxious,My husband took a 30 hour round trip road trip and will be home soon. He went to get our new puppy. I haven't slept well since he's been gone because I've been worried.,711,Oh wow. I know being away from our loved ones can make it hard to sleep. Have you tried to listen to nature sounds? I have an app on my phone and I play rain sounds to help me sleep. ,5|5|5_5|5|5,
hit:10368_conv:20737,3,anxious,My husband took a 30 hour round trip road trip and will be home soon. He went to get our new puppy. I haven't slept well since he's been gone because I've been worried.,435,That's a great suggestion. Last night I actually did sleep a bit better because I opened the window and was able to listen to outdoor noises like crickets and cicadas. ,5|5|5_5|5|5,
hit:10368_conv:20737,4,anxious,My husband took a 30 hour round trip road trip and will be home soon. He went to get our new puppy. I haven't slept well since he's been gone because I've been worried.,711,I love listening to nature. I live in the country_comma_ and could not imagine being in the city. I lived there for a few months_comma_ but there was too much traffic and noises that kept me up. I moved back to the country. ,5|5|5_5|5|5,
hit:10539_conv:21078,1,anxious,I've going through a spell as of late when I've been pacing back and forth more and more and self doubt has crept in. I'm waiting on an acceptance into a program for video editing.,302,Woof I am having a hard time as of late. I've been waiting on an acceptance into a video production program and it's driving me up the wall.,5|5|5_5|5|5,
hit:10539_conv:21078,2,anxious,I've going through a spell as of late when I've been pacing back and forth more and more and self doubt has crept in. I'm waiting on an acceptance into a program for video editing.,727,Oh_comma_ that must be nerve-wracking! ,5|5|5_5|5|5,
hit:10539_conv:21078,3,anxious,I've going through a spell as of late when I've been pacing back and forth more and more and self doubt has crept in. I'm waiting on an acceptance into a program for video editing.,302,It is. A lot of self doubt has crept into my head as of late and I'm trying to fight it off.,5|5|5_5|5|5,
hit:10539_conv:21078,4,anxious,I've going through a spell as of late when I've been pacing back and forth more and more and self doubt has crept in. I'm waiting on an acceptance into a program for video editing.,727,Patience isn't always a virtue that I am good with either. You should feel confident in your work!,5|5|5_5|5|5,
hit:10539_conv:21078,5,anxious,I've going through a spell as of late when I've been pacing back and forth more and more and self doubt has crept in. I'm waiting on an acceptance into a program for video editing.,302,I am trying. Thanks for the boost!,5|5|5_5|5|5,
hit:10539_conv:21078,6,anxious,I've going through a spell as of late when I've been pacing back and forth more and more and self doubt has crept in. I'm waiting on an acceptance into a program for video editing.,727,Good luck!,5|5|5_5|5|5,
hit:10763_conv:21526,1,anxious,I had an hectic interview _comma_I really don't know what to expect _comma_I'm curious to know what's next,520,"I had an hectic interview _comma_I really don't know what to expect _comma_I'm curious to know what's next"".",4|4|4_5|5|5,
hit:10763_conv:21526,2,anxious,I had an hectic interview _comma_I really don't know what to expect _comma_I'm curious to know what's next,597,What made it hectic?,4|4|4_5|5|5,
hit:10763_conv:21526,3,anxious,I had an hectic interview _comma_I really don't know what to expect _comma_I'm curious to know what's next,520,I mean the rigorous process of the interview weighed heavily on me,4|4|4_5|5|5,
hit:10763_conv:21526,4,anxious,I had an hectic interview _comma_I really don't know what to expect _comma_I'm curious to know what's next,597,oh_comma_ I understand. Was it a long interview?,4|4|4_5|5|5,
hit:11335_conv:22671,1,anxious,I'm hosting thanksgiving for the very first time this year.  Some of my family is driving in from four hours away.  I really hope it goes well.,527,This year will be my very first time hosting Thanksgiving.,4|5|5_5|5|5,
hit:11335_conv:22671,2,anxious,I'm hosting thanksgiving for the very first time this year.  Some of my family is driving in from four hours away.  I really hope it goes well.,743,really_comma_ that is awesome. you will have fun,4|5|5_5|5|5,
hit:11335_conv:22671,3,anxious,I'm hosting thanksgiving for the very first time this year.  Some of my family is driving in from four hours away.  I really hope it goes well.,527,I'm kinda of freaked out.  I really hope it goes well!,4|5|5_5|5|5,
hit:11335_conv:22671,4,anxious,I'm hosting thanksgiving for the very first time this year.  Some of my family is driving in from four hours away.  I really hope it goes well.,743,start planning now,4|5|5_5|5|5,
hit:11724_conv:23448,1,anxious,I've put in alot of work to get a huge job. i will know something shortly,524,I'm hoping that i get an enormous job that i bid on.,5|5|5_5|5|5,
hit:11724_conv:23448,2,anxious,I've put in alot of work to get a huge job. i will know something shortly,748,Good luck! I bet you'll get it_comma_ I have a feeling.,5|5|5_5|5|5,
hit:11724_conv:23448,3,anxious,I've put in alot of work to get a huge job. i will know something shortly,524,I hope so! Thanks for the encouragement,5|5|5_5|5|5,
hit:11724_conv:23448,4,anxious,I've put in alot of work to get a huge job. i will know something shortly,748,No problem! Is it a career oriented job?,5|5|5_5|5|5,
hit:11995_conv:23990,1,anxious,I shot a roll on 35mm film. I was very excited to see the results.,298,I shot a roll on 35mm film. I was very excited to see the results.,4|4|4_5|5|5,
hit:11995_conv:23990,2,anxious,I shot a roll on 35mm film. I was very excited to see the results.,49,That sounds like fun. What were you taking pictures of? I didn't know film existed anymore lol,4|4|4_5|5|5,
hit:11995_conv:23990,3,anxious,I shot a roll on 35mm film. I was very excited to see the results.,298,Its still around. Just expensive to develop. I was testing the negatives so just random shots around my area.,4|4|4_5|5|5,
hit:11995_conv:23990,4,anxious,I shot a roll on 35mm film. I was very excited to see the results.,49,Do you take pictures professionally or just a hobby?,4|4|4_5|5|5,
hit:11995_conv:23990,5,anxious,I shot a roll on 35mm film. I was very excited to see the results.,298,Yeah_comma_ just for fun.,4|4|4_5|5|5,
hit:12179_conv:24359,1,anxious,I am waiting for some blood and other test I have to had last week_comma_ because I was not feeling well.  I hope everything is ok.,203,I am waiting for some blood and other test I have to had last week_comma_ because I was not feeling well.,5|5|5_5|5|5,
hit:12179_conv:24359,2,anxious,I am waiting for some blood and other test I have to had last week_comma_ because I was not feeling well.  I hope everything is ok.,850,Oh no! I hope that you get well soon and that the tests come back okay!,5|5|5_5|5|5,
hit:12179_conv:24359,3,anxious,I am waiting for some blood and other test I have to had last week_comma_ because I was not feeling well.  I hope everything is ok.,203,I am already feeling better_comma_ but I hope everything is fine.,5|5|5_5|5|5,
hit:12179_conv:24359,4,anxious,I am waiting for some blood and other test I have to had last week_comma_ because I was not feeling well.  I hope everything is ok.,850,Me too! I'm not sure what you might be going through but do consider making sure youre eating a good amount of fruits and veggies. Herbs too_comma_ they're all healing and helpful to the body.,5|5|5_5|5|5,
hit:12408_conv:24816,1,anxious,I find myself with being over ran with anxiety that it is hard to concentrate and stay focused,852,Sometimes I feel like I have so much going on that I feel overwhelmed and over ran with anxiety that it makes it hard to stay focused on everything,5|5|5_4|5|5,
hit:12408_conv:24816,2,anxious,I find myself with being over ran with anxiety that it is hard to concentrate and stay focused,485,I totally understand.  Life can sometimes seem overwhelming.  I have learned to stop_comma_ take a deep breath_comma_ and do one thing at a time.,5|5|5_4|5|5,
hit:12408_conv:24816,3,anxious,I find myself with being over ran with anxiety that it is hard to concentrate and stay focused,852,That makes sense. I am going to start trying that more,5|5|5_4|5|5,
hit:12408_conv:24816,4,anxious,I find myself with being over ran with anxiety that it is hard to concentrate and stay focused,485,It's just a way to calm the body and the mind.  It is SO easy to fall into the trap of anxiety.  But falling there doesn't accomplish a thing.  Take a breath_comma_ focus on one small success_comma_ then move to the next.  ,5|5|5_4|5|5,
hit:3528_conv:7056,1,anxious,I was really nervous when my girlfriend asked me to meet her parents. I was so close to running away!,416,I was really nervous when my girl asked me to meet her parents,5|4|5_5|5|5,
hit:3528_conv:7056,3,anxious,I was really nervous when my girlfriend asked me to meet her parents. I was so close to running away!,416,I was really close to running away_comma_ but i somehow managed to pull it off,5|4|5_5|5|5,
hit:3760_conv:7520,1,anxious,I had a tree limb fall on the roof of my house,456,I had a storm come through recently. A massive limb fell on top of my roof and now I have to replace the entire roof of my house,5|5|5_5|5|5,
hit:3760_conv:7520,3,anxious,I had a tree limb fall on the roof of my house,456,It was very bad. The entire roof will definitely have to be replaced.,5|5|5_5|5|5,
hit:3760_conv:7520,5,anxious,I had a tree limb fall on the roof of my house,456,Yes_comma_ insurance will cover it thankfully. I am very lucky.,5|5|5_5|5|5,
hit:4360_conv:8721,1,anxious,My husband usually gets a large bonus each year around this time_comma_ but there's no guarantee. It's hard waiting_comma_ and not knowing!,45,My husband usually gets a substantial bonus this time of the year_comma_ but there's no guarantee. It's difficult waiting_comma_ and not knowing!,3|4|5_5|5|5,
hit:4360_conv:8721,3,anxious,My husband usually gets a large bonus each year around this time_comma_ but there's no guarantee. It's hard waiting_comma_ and not knowing!,45,My husband usually gets a substantial bonus this time of the year_comma_ but there's no guarantee. It's difficult waiting_comma_ and not knowing!,3|4|5_5|5|5,
hit:4360_conv:8721,5,anxious,My husband usually gets a large bonus each year around this time_comma_ but there's no guarantee. It's hard waiting_comma_ and not knowing!,45,He is a welder and iron worker_comma_ so he works very hard all year long and does extensive amounts of travel. He has earned it!,3|4|5_5|5|5,
hit:4441_conv:8883,1,anxious,My girlfriend asked me to meet her parents next week. I am feeling all nervous and sweaty about it.,416,My girlfriend asked me to meet her parents next week,4|4|5_5|5|5,
hit:4441_conv:8883,3,anxious,My girlfriend asked me to meet her parents next week. I am feeling all nervous and sweaty about it.,416,I am not sure to be honest. i am feeling so nervous about it,4|4|5_5|5|5,
hit:5893_conv:11786,1,anxious,Last semester_comma_ I had to give a presentation. My stomach hurt from the nerves.,466,Last semester_comma_ I had to give a class presentation. My stomach was full of butterflies from the nerves.,3|5|5_5|5|5,
hit:5893_conv:11786,3,anxious,Last semester_comma_ I had to give a presentation. My stomach hurt from the nerves.,466,All things considered_comma_ pretty well. I definitely had some anxiety about it though. Presentations are my least favorite thing in the world.,3|5|5_5|5|5,
hit:6442_conv:12884,1,anxious,I recently went on my first international trip by myself. ,188,I recently went on my first international trip by myself.,5|4|4_5|5|5,
hit:6442_conv:12884,3,anxious,I recently went on my first international trip by myself. ,188,To visit my family for about 3 weeks_comma_ I got married a few years ago and my husband and I live pretty far from them now.,5|4|4_5|5|5,
hit:6442_conv:12884,5,anxious,I recently went on my first international trip by myself. ,188,Yes_comma_ just very nerve racking dealing with the international flights and passport checks and security checks. Definitely an experience.,5|4|4_5|5|5,
hit:6596_conv:13192,1,anxious,I was anxious when I went to the theme park,317,I was anxious when I went to the theme park,4|4|4_5|5|5,
hit:6596_conv:13192,3,anxious,I was anxious when I went to the theme park,317,The roller coasters,4|4|4_5|5|5,
hit:8279_conv:16559,1,anxious,don't know how we gonna pay rent,50,i'm so stressed. we are struggling financially and i don't even know how are we going to pay rent this month,5|5|5_4|4|5,
hit:8279_conv:16559,3,anxious,don't know how we gonna pay rent,50,thank you for your support! and to make things worse i broke a ceiling light yesterday and we are renting this apartment so i have to replace it and it's expensive,5|5|5_4|4|5,
hit:8407_conv:16814,1,anxious,I have been working on a big proposal for weeks. Tomorrow_comma_ I have to give the presentation to the client and in-front of my team.,628,Tomorrow is the big day_comma_ I have to deliver my proposal to the client.,4|4|4_4|5|4,
hit:8407_conv:16814,3,anxious,I have been working on a big proposal for weeks. Tomorrow_comma_ I have to give the presentation to the client and in-front of my team.,628,I have been preparing for weeks_comma_ but in the back of my mind I still have doubts.,4|4|4_4|5|4,
hit:8905_conv:17811,1,anxious,I gotta go to this serious interview tomorrow,50,I have this very serious interview tomorrow and I'm so nervous. I know what to say but i'm scared i will forget everything,5|5|5_5|5|5,
hit:8905_conv:17811,3,anxious,I gotta go to this serious interview tomorrow,50,a government position. Can't really say much. :) but I really hope i will get this job_comma_ they pay really good money,5|5|5_5|5|5,
hit:10944_conv:21889,1,anxious,I had to wait a few weeks to get some results back from a test at the doctor's office.,423,Recently had some test run at the doctors office and it took a few weeks to get the results back.,5|5|5_5|5|5,
hit:10944_conv:21889,3,anxious,I had to wait a few weeks to get some results back from a test at the doctor's office.,423,Yes fortunately everything turned out ok. But it was nerve wracking waiting on the answer.,5|5|5_5|5|5,
hit:11419_conv:22839,1,anxious,My eye is itchy and my eyelid is droopy,420,I woke up this morning and my eye is itchy and my right eyelid is drooping,5|5|5_4|3|4,
hit:11419_conv:22839,3,anxious,My eye is itchy and my eyelid is droopy,420,yeah I am going to see what it seems like tomorrow - not sure if something got in it that scratched it or what,5|5|5_4|3|4,
hit:11419_conv:22839,5,anxious,My eye is itchy and my eyelid is droopy,420,Yeah I will if it does not get better quickly,5|5|5_4|3|4,
hit:11958_conv:23917,1,anxious,Last week was the first day of school for my granddaughter. She didn't go to preschool so I was really worried how she would like it and if she would be sad or not. Turns out she loves it and I was worried for nothing,49,Last week my granddaughter started school for the first time. I worried about her the entire day.,5|5|5_5|5|5,
hit:11958_conv:23917,3,anxious,Last week was the first day of school for my granddaughter. She didn't go to preschool so I was really worried how she would like it and if she would be sad or not. Turns out she loves it and I was worried for nothing,49,It turns out she loves and and I was a mess for 8 hours for nothing. ,5|5|5_5|5|5,
hit:129_conv:258,1,devastated,I let my cat out for the evening _comma_ the first time I left her outside at night and she didn't come back. ,40,I let Daisy my cat out the other evening and she didn't come back home.,5|5|5_5|5|5,
hit:129_conv:258,2,devastated,I let my cat out for the evening _comma_ the first time I left her outside at night and she didn't come back. ,27,oh no. How long has she been gone.,5|5|5_5|5|5,
hit:129_conv:258,3,devastated,I let my cat out for the evening _comma_ the first time I left her outside at night and she didn't come back. ,40,two days. I live by a road _comma_ so I'm afraid she'll go in that direction.,5|5|5_5|5|5,
hit:129_conv:258,4,devastated,I let my cat out for the evening _comma_ the first time I left her outside at night and she didn't come back. ,27,I hope not. My friends cat left for two weeks once. she came back hungry_comma_ but she was fine.,5|5|5_5|5|5,
hit:129_conv:258,5,devastated,I let my cat out for the evening _comma_ the first time I left her outside at night and she didn't come back. ,40,I've seen a lot of animals killed on the highways. Its so sad. ,5|5|5_5|5|5,
hit:129_conv:258,6,devastated,I let my cat out for the evening _comma_ the first time I left her outside at night and she didn't come back. ,27,well I hope your cat returns safely.,5|5|5_5|5|5,
hit:129_conv:258,7,devastated,I let my cat out for the evening _comma_ the first time I left her outside at night and she didn't come back. ,40,thanks _comma_ nice chatting with you ,5|5|5_5|5|5,
hit:129_conv:258,8,devastated,I let my cat out for the evening _comma_ the first time I left her outside at night and she didn't come back. ,27,you too,5|5|5_5|5|5,
hit:225_conv:451,1,devastated,My car broke down when I was travelling to work and I missed a very important meeting regarding my promotion. I was devastated.,59,Ever have those days when everything just goes wrong?,5|5|5_3|3|4,
hit:225_conv:451,2,devastated,My car broke down when I was travelling to work and I missed a very important meeting regarding my promotion. I was devastated.,95,Yes_comma_ many. Would you like to tell me about it?,5|5|5_3|3|4,
hit:225_conv:451,3,devastated,My car broke down when I was travelling to work and I missed a very important meeting regarding my promotion. I was devastated.,59,Well if you're curious_comma_ I was on my way to work when my car broke down and I ended up missing a very important meeting about my promotion. I was devastated. ,5|5|5_3|3|4,
hit:225_conv:451,4,devastated,My car broke down when I was travelling to work and I missed a very important meeting regarding my promotion. I was devastated.,95,Surely you were able to explain that this was out of your control.,5|5|5_3|3|4,
hit:269_conv:538,1,devastated,My friend who I grew up with recently died. It was tragic and unexpected,99,My friend who I grew up with recently passed away.,5|5|5_4|4|4,
hit:269_conv:538,2,devastated,My friend who I grew up with recently died. It was tragic and unexpected,111,Sorry to hear that_comma_ what happened? ,5|5|5_4|4|4,
hit:269_conv:538,3,devastated,My friend who I grew up with recently died. It was tragic and unexpected,99,A car accident. It was pretty tragic and terrible.,5|5|5_4|4|4,
hit:269_conv:538,4,devastated,My friend who I grew up with recently died. It was tragic and unexpected,111,That's awful_comma_ people need to be more careful,5|5|5_4|4|4,
hit:284_conv:568,1,devastated,My apartment was robbed..,7,My apartment was robbed. I was totaly devastated by seeing the damages and what was stolen.,5|5|5_4|4|4,
hit:284_conv:568,2,devastated,My apartment was robbed..,103,Wow I am so sorry. That had to be so scary.  Were the cops able to find any evidence?,5|5|5_4|4|4,
hit:284_conv:568,3,devastated,My apartment was robbed..,7,No_comma_ they were totaly useless,5|5|5_4|4|4,
hit:284_conv:568,4,devastated,My apartment was robbed..,103,man I was hoping they would be able to help in some way!  I hope they didn't take anything to personal!,5|5|5_4|4|4,
hit:375_conv:750,1,devastated,My daughters little dog passed away about 4 months ago.  She was only 6 years old_comma_ but had an autoimmune disease and it started attacking her red blood cells.,56,My daughters little dog passed away about 4 months ago_comma_ it really shook all of us.,5|5|5_5|5|5,
hit:375_conv:750,2,devastated,My daughters little dog passed away about 4 months ago.  She was only 6 years old_comma_ but had an autoimmune disease and it started attacking her red blood cells.,96,i am so sorry for you.  I know what a crushing experience the passing of a beloved pet can be.  You must be very sad.,5|5|5_5|5|5,
hit:375_conv:750,3,devastated,My daughters little dog passed away about 4 months ago.  She was only 6 years old_comma_ but had an autoimmune disease and it started attacking her red blood cells.,56,Yes_comma_ she was only 6 years old.  She had an autoimmune disease and it started attacking her red blood cells - there was not much we could do.,5|5|5_5|5|5,
hit:375_conv:750,4,devastated,My daughters little dog passed away about 4 months ago.  She was only 6 years old_comma_ but had an autoimmune disease and it started attacking her red blood cells.,96,That is awful.  An unexpected illness cam really strike like a dagger in the heart.,5|5|5_5|5|5,
hit:965_conv:1931,1,devastated,My father died after an illness and I felt as if I could not go on.,226,My father died after an illness and I felt as if I could not go on,3|4|4_5|5|5,
hit:965_conv:1931,2,devastated,My father died after an illness and I felt as if I could not go on.,4,That is terrible news.,3|4|4_5|5|5,
hit:965_conv:1931,3,devastated,My father died after an illness and I felt as if I could not go on.,226,It was overwhelming.,3|4|4_5|5|5,
hit:965_conv:1931,4,devastated,My father died after an illness and I felt as if I could not go on.,4,How did you do it?,3|4|4_5|5|5,
hit:974_conv:1949,1,devastated,A tree branch broke off the tree in our backyard yesterday during the storm. It hit our roof and I am just lost for words.,269,Yesterday during the storm_comma_ a tree branch fell on our roof and I am lost for words.,I have clicked the 'End Chat' button thank you!|5|5_5|5|5,
hit:974_conv:1949,2,devastated,A tree branch broke off the tree in our backyard yesterday during the storm. It hit our roof and I am just lost for words.,259,Oh no! I'm so sorry!,I have clicked the 'End Chat' button thank you!|5|5_5|5|5,
hit:974_conv:1949,3,devastated,A tree branch broke off the tree in our backyard yesterday during the storm. It hit our roof and I am just lost for words.,269,Yeah_comma_ it didn't look so bad to be honest but I think we have to reshingle our roof.,I have clicked the 'End Chat' button thank you!|5|5_5|5|5,
hit:974_conv:1949,4,devastated,A tree branch broke off the tree in our backyard yesterday during the storm. It hit our roof and I am just lost for words.,259,That is not fun. Hopefully it will not be too hard.,I have clicked the 'End Chat' button thank you!|5|5_5|5|5,
hit:1177_conv:2355,1,devastated,I think I'm goin to be in school forever.,27,I have to pay out of pocket for school now. Its gonna take forever,4|4|4_4|5|5,
hit:1177_conv:2355,2,devastated,I think I'm goin to be in school forever.,126,That is never a good thing to do,4|4|4_4|5|5,
hit:1177_conv:2355,3,devastated,I think I'm goin to be in school forever.,27,I can only take a few classes since I work and have kids. Its really sad,4|4|4_4|5|5,
hit:1177_conv:2355,4,devastated,I think I'm goin to be in school forever.,126,You will get through it,4|4|4_4|5|5,
hit:1177_conv:2355,5,devastated,I think I'm goin to be in school forever.,27,Im not gonna quit. I never do that.,4|4|4_4|5|5,
hit:1405_conv:2810,1,devastated, I just learned that I field my final exam. I was planning on taking the summer off but now I have to take the class over instead.,297,So I had huge plans to go away for the summer but that has changed. I failed one of my final exams and I now have to take the course over this summer. I cant believe I let that happen.,5|5|5_5|5|5,
hit:1405_conv:2810,2,devastated, I just learned that I field my final exam. I was planning on taking the summer off but now I have to take the class over instead.,296,Mistakes happen but it's good you are learning from it. We all make mistakes,5|5|5_5|5|5,
hit:1405_conv:2810,3,devastated, I just learned that I field my final exam. I was planning on taking the summer off but now I have to take the class over instead.,297,The worst part is that my friends are all still going so I will have a very lonely summer.,5|5|5_5|5|5,
hit:1405_conv:2810,4,devastated, I just learned that I field my final exam. I was planning on taking the summer off but now I have to take the class over instead.,296,Maybe it will be just what you need though. Time to really concentrate and learn and grow within yourself as an individual :) Maybe you will have a nice romance too,5|5|5_5|5|5,
hit:1706_conv:3412,1,devastated,I cried for a week when I found out my wife has a miscarriage.,4,I cried for a week when I found out my had a miscarriage.,5|5|5_5|5|5,
hit:1706_conv:3412,2,devastated,I cried for a week when I found out my wife has a miscarriage.,9,That is terrible_comma_ i would cry as well.,5|5|5_5|5|5,
hit:1706_conv:3412,3,devastated,I cried for a week when I found out my wife has a miscarriage.,4,Yea_comma_ I do not know if we will ever have kids now.,5|5|5_5|5|5,
hit:1706_conv:3412,4,devastated,I cried for a week when I found out my wife has a miscarriage.,9,you can always adopt_comma_ thats what we did!,5|5|5_5|5|5,
hit:1789_conv:3578,1,devastated,My car burned down in a fire. ,59,Unfortunately there was a fire in my garage yesterday.,5|5|5_5|5|5,
hit:1789_conv:3578,2,devastated,My car burned down in a fire. ,188,Oh my. How did that happen? I hope no one was hurt,5|5|5_5|5|5,
hit:1789_conv:3578,3,devastated,My car burned down in a fire. ,59,Some electrical short circuit. Thankfully_comma_ no. But my car caught fire,5|5|5_5|5|5,
hit:1789_conv:3578,4,devastated,My car burned down in a fire. ,188,Does your insurance cover fire damage?,5|5|5_5|5|5,
hit:1809_conv:3619,1,devastated,when my daughter broke her tooth ,11,The worst thing happened the other day. ,5|5|5_5|5|3,
hit:1809_conv:3619,2,devastated,when my daughter broke her tooth ,271,tell me more about this,5|5|5_5|5|3,
hit:1809_conv:3619,3,devastated,when my daughter broke her tooth ,11,My daughter fell and chipped her tooth! ,5|5|5_5|5|3,
hit:1809_conv:3619,4,devastated,when my daughter broke her tooth ,271,oh my god ,5|5|5_5|5|3,
hit:1857_conv:3714,1,devastated,I was devestated when my grandmother passed away_comma_ I still am not over that,10,I was devestated when my grandmother passed away_comma_ I still am not over that,5|5|5_5|5|5,
hit:1857_conv:3714,2,devastated,I was devestated when my grandmother passed away_comma_ I still am not over that,40,Sorry to hear that. I have lost all my grandparents so I know the feeling. ,5|5|5_5|5|5,
hit:1857_conv:3714,3,devastated,I was devestated when my grandmother passed away_comma_ I still am not over that,10,Wow that is even worse_comma_ I cannot even fathom that_comma_ I am so sorry,5|5|5_5|5|5,
hit:1857_conv:3714,4,devastated,I was devestated when my grandmother passed away_comma_ I still am not over that,40,Yeah_comma_ it takes a long time to get over .  And it's never easy.,5|5|5_5|5|5,
hit:1972_conv:3944,1,devastated,When my grandmother passed away I destroyed.,356,I was very sad when my grandmother passed away.,5|5|5_5|5|5,
hit:1972_conv:3944,2,devastated,When my grandmother passed away I destroyed.,277,I am so sorry to hear that!  Don't worry.  I know it is hard but every day will get better.,5|5|5_5|5|5,
hit:1972_conv:3944,3,devastated,When my grandmother passed away I destroyed.,356,It does get better_comma_ but it was just so sudden.,5|5|5_5|5|5,
hit:1972_conv:3944,4,devastated,When my grandmother passed away I destroyed.,277,Just be strong.  She is in a better place now.,5|5|5_5|5|5,
hit:1976_conv:3952,1,devastated,I recently suffered a miscarriage. It was the worst thing I've been through.,99,I recently suffered a miscarriage.,5|5|5_5|5|5,
hit:1976_conv:3952,2,devastated,I recently suffered a miscarriage. It was the worst thing I've been through.,237,Omg_comma_ how many months were you pregnant before this happened?,5|5|5_5|5|5,
hit:1976_conv:3952,3,devastated,I recently suffered a miscarriage. It was the worst thing I've been through.,99,6 unfortunately. It was the worst thing I've ever been through.,5|5|5_5|5|5,
hit:1976_conv:3952,4,devastated,I recently suffered a miscarriage. It was the worst thing I've been through.,237,i'm so sorry to hear about this,5|5|5_5|5|5,
hit:2016_conv:4033,1,devastated,I am so sad these days.,75,I am so sad these days because the way president Trumps acts.,4|4|4_5|5|5,<POLITICAL>
hit:2016_conv:4033,2,devastated,I am so sad these days.,286,I would have to agree with you there. I don't trust him at all!,4|4|4_5|5|5,
hit:2016_conv:4033,3,devastated,I am so sad these days.,75,And he can't stop lying all the time.,4|4|4_5|5|5,
hit:2016_conv:4033,4,devastated,I am so sad these days.,286,I agree. I can't understand how his supporters don't see it! I guess they don't WANT to see it!,4|4|4_5|5|5,
hit:2025_conv:4050,1,devastated,My dog I've had since I was a kid died a few days ago. It really hurts to think about,234,My dog I've had since I was a kid died a few days ago. It makes me very sad,1|1|1_5|strongly agree|strongly agree,
hit:2025_conv:4050,2,devastated,My dog I've had since I was a kid died a few days ago. It really hurts to think about,365,oh my god_comma_ it's like a most heartbroken moment of me,1|1|1_5|strongly agree|strongly agree,
hit:2025_conv:4050,3,devastated,My dog I've had since I was a kid died a few days ago. It really hurts to think about,234,It's sad_comma_ but you kind of expect it sometimes and luckily it wasn't sudden so that helped me to prepare,1|1|1_5|strongly agree|strongly agree,
hit:2025_conv:4050,4,devastated,My dog I've had since I was a kid died a few days ago. It really hurts to think about,365,because in that moment is a gift and the last end of hope,1|1|1_5|strongly agree|strongly agree,
hit:2054_conv:4109,1,devastated,My neighbors chopped down a tree in my front yard while I was away from my house. I felt so angry and upset.,209,I came home and I quickly realized that my neighbors chopped down a tree in my front yard while I was away on vacation.,5|5|5_5|5|5,
hit:2054_conv:4109,2,devastated,My neighbors chopped down a tree in my front yard while I was away from my house. I felt so angry and upset.,282,Oh man... that would tick me off.  What did you do?,5|5|5_5|5|5,
hit:2054_conv:4109,3,devastated,My neighbors chopped down a tree in my front yard while I was away from my house. I felt so angry and upset.,209,I haven't done anything yet because I don't exactly know how to confront him. Maybe chop one of his down? In any event_comma_ I am pretty darn upset about it.,5|5|5_5|5|5,
hit:2054_conv:4109,4,devastated,My neighbors chopped down a tree in my front yard while I was away from my house. I felt so angry and upset.,282,I probably would not chop his tree down.  You want to have the moral high ground.  But yes I would confront him,5|5|5_5|5|5,
hit:2106_conv:4213,1,devastated,We had a little chihuahua pup that had an auto-immune disease.  She had a great life for 6 years and then passed away a few months ago due to pancreatitis.,56,My daughter had a little chihuahua pup that we rescued and she had an autoimmune disease.  We had a rough first year_comma_ but then it seemed things were good.,5|5|5_5|5|5,
hit:2106_conv:4213,2,devastated,We had a little chihuahua pup that had an auto-immune disease.  She had a great life for 6 years and then passed away a few months ago due to pancreatitis.,244,So_comma_ the pup is healthy and  situated now?,5|5|5_5|5|5,
hit:2106_conv:4213,3,devastated,We had a little chihuahua pup that had an auto-immune disease.  She had a great life for 6 years and then passed away a few months ago due to pancreatitis.,56,Well_comma_ we made it 6 years and then she got pancreatitis.  She recovered from that but then we noticed her being really sleepy.  Turns out her body had started destroying her red blood cells_comma_ we tried for a few weeks to help her_comma_ but ultimately there was nothing more we could do.  I still think about her daily.,5|5|5_5|5|5,
hit:2106_conv:4213,4,devastated,We had a little chihuahua pup that had an auto-immune disease.  She had a great life for 6 years and then passed away a few months ago due to pancreatitis.,244,I'm sorry to hear that RIP doggo.   I have a rescue that's middle aged now. ,5|5|5_5|5|5,
hit:2141_conv:4282,1,devastated,My ex husband died last year and even though we were divorced I took it very hard because we were very close. ,127,My ex husband passed away last year.,5|5|5_5|5|5,
hit:2141_conv:4282,2,devastated,My ex husband died last year and even though we were divorced I took it very hard because we were very close. ,11,Omg I am so sorry to hear that. :( Are you feeling at peace at all now? ,5|5|5_5|5|5,
hit:2141_conv:4282,3,devastated,My ex husband died last year and even though we were divorced I took it very hard because we were very close. ,127,Yes_comma_ but I really did take it hard. We knew each other for 30 years.,5|5|5_5|5|5,
hit:2141_conv:4282,4,devastated,My ex husband died last year and even though we were divorced I took it very hard because we were very close. ,11,That is a long time so I am sure its been very hard. Im really sorry but I hope soon you can find peace. ,5|5|5_5|5|5,
hit:2293_conv:4587,1,devastated,I was very sad to hear of my friends passing,267,was very sad to hear of my friends passing,5|5|5_5|5|5,
hit:2293_conv:4587,2,devastated,I was very sad to hear of my friends passing,262,I'm sorry for your loss. That sa to hear.,5|5|5_5|5|5,
hit:2293_conv:4587,3,devastated,I was very sad to hear of my friends passing,267,Thank you.  He was a really good man. ,5|5|5_5|5|5,
hit:2293_conv:4587,4,devastated,I was very sad to hear of my friends passing,262,It must be really tough. It will get better.,5|5|5_5|5|5,
hit:2839_conv:5679,1,devastated,I am very sad these days.,75,I am very sad these days.On a deep funk.,5|5|4_4|5|4,
hit:2839_conv:5679,2,devastated,I am very sad these days.,126,I am sorry_comma_ what are you sad about,5|5|4_4|5|4,
hit:2839_conv:5679,3,devastated,I am very sad these days.,75,My grandma died 5 weeks ago. I am still sad.,5|5|4_4|5|4,
hit:2839_conv:5679,4,devastated,I am very sad these days.,126,I have been there. I guess just remember the good times,5|5|4_4|5|4,
hit:2914_conv:5829,1,devastated,MY favorite restaurant is closing this weekend. I am distraught!,27,MY favorite restaurant is closing its doors forever.,5|5|5_4|4|4,
hit:2914_conv:5829,2,devastated,MY favorite restaurant is closing this weekend. I am distraught!,111,What kind of place is it?,5|5|5_4|4|4,
hit:2914_conv:5829,3,devastated,MY favorite restaurant is closing this weekend. I am distraught!,27,Its a tiny soul food restaurant owned by a nice family. ITs sad.,5|5|5_4|4|4,
hit:2914_conv:5829,4,devastated,MY favorite restaurant is closing this weekend. I am distraught!,111,What was your fav dish there?,5|5|5_4|4|4,
hit:2914_conv:5829,5,devastated,MY favorite restaurant is closing this weekend. I am distraught!,27,The peach cobbler was the best I ever had.,5|5|5_4|4|4,
hit:3010_conv:6021,1,devastated, I was in despair that someone ruined everything over nothing. They continue to ruin their life and everyone's around them. Self destruct.,296,I was in despair that someone ruined everything over nothing. They continue to ruin their life and everyone's around them.,5|5|5_5|5|5,
hit:3010_conv:6021,2,devastated, I was in despair that someone ruined everything over nothing. They continue to ruin their life and everyone's around them. Self destruct.,267,That sounds terrible.  What can you do?,5|5|5_5|5|5,
hit:3010_conv:6021,3,devastated, I was in despair that someone ruined everything over nothing. They continue to ruin their life and everyone's around them. Self destruct.,296,Not much. If someone wants to destroy themselves and everything that is ever good_comma_ you just hope they stop. All you can do is put boundaries up and try not to let their crap take you down too.,5|5|5_5|5|5,
hit:3010_conv:6021,4,devastated, I was in despair that someone ruined everything over nothing. They continue to ruin their life and everyone's around them. Self destruct.,267,I definitely agree you need to set up the boundaries.  Make sure you keep that up for the sake of everyone involved.,5|5|5_5|5|5,
hit:3010_conv:6021,5,devastated, I was in despair that someone ruined everything over nothing. They continue to ruin their life and everyone's around them. Self destruct.,296,I am_comma_ don't worry! VERY hard when you have loved someone so_comma_ but I am. They are not staying here anymore. So sad when some just don't care.,5|5|5_5|5|5,
hit:3041_conv:6083,1,devastated,My aunt died.,244,My aunt died.,4|4|4_5|5|5,
hit:3041_conv:6083,2,devastated,My aunt died.,7,I am sorry to hear that. How are you feeling now?,4|4|4_5|5|5,
hit:3041_conv:6083,3,devastated,My aunt died.,244,Pretty crappy at the moment. ,4|4|4_5|5|5,
hit:3041_conv:6083,4,devastated,My aunt died.,7,I understand. It is tough.,4|4|4_5|5|5,
hit:3264_conv:6529,1,devastated,I met a girl on Tinder and we seemed really into each other. We started dating shortly after and then she dumped me like 4 days in.,55,It really sucked_comma_ since a month ago I was dating this girl and she dumped me so early on.,5|5|5_5|5|5,
hit:3264_conv:6529,2,devastated,I met a girl on Tinder and we seemed really into each other. We started dating shortly after and then she dumped me like 4 days in.,322,I'm so sorry.  Are you okay?,5|5|5_5|5|5,
hit:3264_conv:6529,3,devastated,I met a girl on Tinder and we seemed really into each other. We started dating shortly after and then she dumped me like 4 days in.,55,Yeah I'm fine. Just sucks that she basically just dumped me because she found another guy on Tinder.,5|5|5_5|5|5,
hit:3264_conv:6529,4,devastated,I met a girl on Tinder and we seemed really into each other. We started dating shortly after and then she dumped me like 4 days in.,322,Oh goodness_comma_ you will find someone better.,5|5|5_5|5|5,
hit:3835_conv:7670,1,devastated,my brother got sick and passed with no warning,445,When my brother fell ill we had no idea he would go so quick.,5|5|5_5|5|5,
hit:3835_conv:7670,2,devastated,my brother got sick and passed with no warning,138,Oh wow_comma_ I'm sorry. I hope he at least didn't suffer much.,5|5|5_5|5|5,
hit:3835_conv:7670,3,devastated,my brother got sick and passed with no warning,445,I dont think so_comma_ It was a matter of days.,5|5|5_5|5|5,
hit:3835_conv:7670,4,devastated,my brother got sick and passed with no warning,138,I'm sorry for you loss.,5|5|5_5|5|5,
hit:3900_conv:7800,1,devastated,My hamster died when I was a child_comma_  she was my best friend.,445,When my pet died I felt liek I lost my family member_comma_  My best friend.,5|5|5_5|5|5,
hit:3900_conv:7800,2,devastated,My hamster died when I was a child_comma_  she was my best friend.,27,Im sorry to hear that. What happened?,5|5|5_5|5|5,
hit:3900_conv:7800,3,devastated,My hamster died when I was a child_comma_  she was my best friend.,445,I went away on a trip and my mother forgot to feed her.  I was crying so much.,5|5|5_5|5|5,
hit:3900_conv:7800,4,devastated,My hamster died when I was a child_comma_  she was my best friend.,27,Oh no. ,5|5|5_5|5|5,
hit:4352_conv:8705,1,devastated,Recently heard that my father was laid off from his job. He's retirement age anyway_comma_ but I felt bad for him_comma_ as that must have been_comma_ at the very least_comma_ slightly humiliating. He's been a hard worker for 40 years_comma_ and has done well to support the family. But I do worry for him in the short-term.,273,Recently heard that my father was laid off from his job. He's retirement age anyway_comma_ but I felt bad for him_comma_ as that must have been_comma_ at the very least_comma_ slightly humiliating. He's been a hard worker for 40 years_comma_ and has done well to support the family. But I do worry for him in the short-term.,4|5|5_5|5|5,
hit:4352_conv:8705,2,devastated,Recently heard that my father was laid off from his job. He's retirement age anyway_comma_ but I felt bad for him_comma_ as that must have been_comma_ at the very least_comma_ slightly humiliating. He's been a hard worker for 40 years_comma_ and has done well to support the family. But I do worry for him in the short-term.,389,Oh that's awful!  I hope he is going to be okay.  Did they lay him off with severence or anything?,4|5|5_5|5|5,
hit:4352_conv:8705,3,devastated,Recently heard that my father was laid off from his job. He's retirement age anyway_comma_ but I felt bad for him_comma_ as that must have been_comma_ at the very least_comma_ slightly humiliating. He's been a hard worker for 40 years_comma_ and has done well to support the family. But I do worry for him in the short-term.,273,Yeah_comma_ he gets severance. He was a hotel manager_comma_ and I don't think the hotel was doing well_comma_ but I'm not sure that could or would be entirely attributed to his performance. Think they just wanted a change of scenery. I'm partially glad_comma_ since he needs to relax anyway. It will be good for his health ,4|5|5_5|5|5,
hit:4352_conv:8705,4,devastated,Recently heard that my father was laid off from his job. He's retirement age anyway_comma_ but I felt bad for him_comma_ as that must have been_comma_ at the very least_comma_ slightly humiliating. He's been a hard worker for 40 years_comma_ and has done well to support the family. But I do worry for him in the short-term.,389,Yeah.  He will get to spend more time with you all now!  Take the father on a vacation!,4|5|5_5|5|5,
hit:4487_conv:8975,1,devastated,My sister was not paying attention and she let the dog run right past her and out the door. We can not find him and I don't know what to do!,91,My sister let my dog run out the door when she was not paying attention!,5|5|5_5|5|5,
hit:4487_conv:8975,2,devastated,My sister was not paying attention and she let the dog run right past her and out the door. We can not find him and I don't know what to do!,391,Oh damn.. Did your dog come back?,5|5|5_5|5|5,
hit:4487_conv:8975,3,devastated,My sister was not paying attention and she let the dog run right past her and out the door. We can not find him and I don't know what to do!,91,No! And_comma_ I am just lost with out him. I have had him for 8 years!,5|5|5_5|5|5,
hit:4487_conv:8975,4,devastated,My sister was not paying attention and she let the dog run right past her and out the door. We can not find him and I don't know what to do!,391,So sad to hear that.. i am so sorry about that buddy. hope you feel better,5|5|5_5|5|5,
hit:4651_conv:9302,1,devastated,I was devestated when my grandmother passed away_comma_ I was not prepared to deal with that,10,I was devestated when my grandmother passed away_comma_ I was not prepared to deal with that,5|5|5_5|5|5,
hit:4651_conv:9302,2,devastated,I was devestated when my grandmother passed away_comma_ I was not prepared to deal with that,11,We never are prepared for something like that.. how long ago was it? ,5|5|5_5|5|5,
hit:4651_conv:9302,3,devastated,I was devestated when my grandmother passed away_comma_ I was not prepared to deal with that,10,It was about 7 years ago_comma_ but it still stings,5|5|5_5|5|5,
hit:4651_conv:9302,4,devastated,I was devestated when my grandmother passed away_comma_ I was not prepared to deal with that,11,I understand! Its been about the same for me since my parents passed and it doesnt hurt any less.  Im sorry but I can tell you are strong! ,5|5|5_5|5|5,
hit:4663_conv:9326,1,devastated,I made plans for my dream vacation. I had been looking forward to this trip for over two years. I broke my leg and was unable to make the trip.,226,I made plans for my dream vacation. I had been looking forward to this trip for over two years. I broke my leg and was unable to make the trip,4|4|4_5|5|5,
hit:4663_conv:9326,2,devastated,I made plans for my dream vacation. I had been looking forward to this trip for over two years. I broke my leg and was unable to make the trip.,391,So sorry to hear that buddy.. where were you planning to go?,4|4|4_5|5|5,
hit:4663_conv:9326,3,devastated,I made plans for my dream vacation. I had been looking forward to this trip for over two years. I broke my leg and was unable to make the trip.,226,Hawaii. I have wanted to go there for a very long time. Stupid leg.,4|4|4_5|5|5,
hit:4663_conv:9326,4,devastated,I made plans for my dream vacation. I had been looking forward to this trip for over two years. I broke my leg and was unable to make the trip.,391,Yeah_comma_ i can sense how you feel.. It is ok buddy_comma_ you will make it there soon enough,4|4|4_5|5|5,
hit:4988_conv:9977,1,devastated,seeing all those fires in california is terrible,524,all those fires in cali are heartbreaking,5|5|5_5|5|5,
hit:4988_conv:9977,2,devastated,seeing all those fires in california is terrible,53,Yes they are. It's a shame how dry it is.,5|5|5_5|5|5,
hit:4988_conv:9977,3,devastated,seeing all those fires in california is terrible,524,i wish some of our rain would go there_comma_ it has rained the past week and a half,5|5|5_5|5|5,
hit:4988_conv:9977,4,devastated,seeing all those fires in california is terrible,53,Yes that is what it's like in my area too.,5|5|5_5|5|5,
hit:5039_conv:10078,1,devastated,My Grandma just passed away.  Its been a brutally tough time.,438,My Grandma just passed away. Its been a brutally tough time.,5|5|5_4|5|5,
hit:5039_conv:10078,2,devastated,My Grandma just passed away.  Its been a brutally tough time.,463,oh my god i'm so sorry. i've only got one grandparent left and it's tough to even imagine not having her,5|5|5_4|5|5,
hit:5039_conv:10078,3,devastated,My Grandma just passed away.  Its been a brutally tough time.,438,Thank you.  I know_comma_ she was the one I was the closest too.  She died soon after my Grandpa died so its been awful.  It feels surreal. Treasure them while they're here.,5|5|5_4|5|5,
hit:5039_conv:10078,4,devastated,My Grandma just passed away.  Its been a brutally tough time.,463,i do. i'm so sorry you are having such a hard time. may you find peace in her memories.,5|5|5_4|5|5,
hit:5107_conv:10214,1,devastated,I was sad when my cat died. He was so sick,126,I was sad when my cat passed away. He was so sick,4|4|5_5|5|5,
hit:5107_conv:10214,2,devastated,I was sad when my cat died. He was so sick,7,That is sad. Sometime pets are iirreplaceable.,4|4|5_5|5|5,
hit:5107_conv:10214,3,devastated,I was sad when my cat died. He was so sick,126,They really are_comma_ I still miss her,4|4|5_5|5|5,
hit:5107_conv:10214,4,devastated,I was sad when my cat died. He was so sick,7,What was her name?,4|4|5_5|5|5,
hit:5262_conv:10525,1,devastated,My brother got hit with a DUI the other night. His wife said that was the last straw_comma_ as she was tired of his drinking. She kicked him out and now he's living with me. I feel so terrible for everyone involved_comma_ especially because they have two kids.,273,My brother got hit with a DUI the other night. His wife said that was the last straw_comma_ as she was tired of his drinking. She kicked him out and now he's living with me. I feel so terrible for everyone involved_comma_ especially because they have two kids,5|5|5_5|5|5,
hit:5262_conv:10525,2,devastated,My brother got hit with a DUI the other night. His wife said that was the last straw_comma_ as she was tired of his drinking. She kicked him out and now he's living with me. I feel so terrible for everyone involved_comma_ especially because they have two kids.,321,sorry to hear that_comma_ my brother has a drinking problem too_comma_ and has kids_comma_ i love him but at this point we are more focused on the kids _comma_ i tell him if you get locked up who is gonna raise the girls _comma_ of course we are but still they need a father ,5|5|5_5|5|5,
hit:5262_conv:10525,3,devastated,My brother got hit with a DUI the other night. His wife said that was the last straw_comma_ as she was tired of his drinking. She kicked him out and now he's living with me. I feel so terrible for everyone involved_comma_ especially because they have two kids.,273,Yeah_comma_ and you can never turn your back on family_comma_ even if they completely complicate your life.. It's a no-win situation. The kids probably prefer to stay in the original situation_comma_ even though it's not healthy and safe_comma_ because they just don't understand.. just a big head ache. I'll do what I can_comma_ but who knows how much that will be.,5|5|5_5|5|5,
hit:5262_conv:10525,4,devastated,My brother got hit with a DUI the other night. His wife said that was the last straw_comma_ as she was tired of his drinking. She kicked him out and now he's living with me. I feel so terrible for everyone involved_comma_ especially because they have two kids.,321,all you can do is stay positive _comma_ all we can hope is our brothers will one day wake up before its to late ,5|5|5_5|5|5,
hit:5262_conv:10525,5,devastated,My brother got hit with a DUI the other night. His wife said that was the last straw_comma_ as she was tired of his drinking. She kicked him out and now he's living with me. I feel so terrible for everyone involved_comma_ especially because they have two kids.,273,I hear you. You got a good attitude. I wish for the best for you. Thanks!,5|5|5_5|5|5,
hit:5350_conv:10701,1,devastated,MY best friend is leaving her job. We have worked together for ten years,262,MY best friend and I have worked together for ten years.,5|5|5_5|5|5,
hit:5350_conv:10701,2,devastated,MY best friend is leaving her job. We have worked together for ten years,11,Wow thats a long time to work together did yall meet at work? ,5|5|5_5|5|5,
hit:5350_conv:10701,3,devastated,MY best friend is leaving her job. We have worked together for ten years,262,We did. Now she is leaving and moving away,5|5|5_5|5|5,
hit:5350_conv:10701,4,devastated,MY best friend is leaving her job. We have worked together for ten years,11,Thats sad. Im so sorry to hear that! ,5|5|5_5|5|5,
hit:5350_conv:10701,5,devastated,MY best friend is leaving her job. We have worked together for ten years,262,That is going to be a big change. I want to quit and move too lol,5|5|5_5|5|5,
hit:5443_conv:10887,1,devastated,I just lost my job. I've been working there for years and was so close to qualifying for retirement. I can't believe they did this after all these years.,469,I was fired today from my job. I was about to qualify for a good retirement package and they let me go for no reason.,5|5|5_5|5|5,
hit:5443_conv:10887,2,devastated,I just lost my job. I've been working there for years and was so close to qualifying for retirement. I can't believe they did this after all these years.,291,Do you think they just didn't want to pay for your retirement?,5|5|5_5|5|5,
hit:5443_conv:10887,3,devastated,I just lost my job. I've been working there for years and was so close to qualifying for retirement. I can't believe they did this after all these years.,469,Yes it seems like that. I'm going to get a lawyer and see what I can do.,5|5|5_5|5|5,
hit:5443_conv:10887,4,devastated,I just lost my job. I've been working there for years and was so close to qualifying for retirement. I can't believe they did this after all these years.,291,Are you a part of the union?,5|5|5_5|5|5,
hit:5527_conv:11054,1,devastated,I was hurt a lot when I was passed up for a full time position I wanted at my company,10,I was hurt a lot when I was passed up for a full time position I wanted at my company,5|5|5_5|5|5,
hit:5527_conv:11054,2,devastated,I was hurt a lot when I was passed up for a full time position I wanted at my company,27,That's terrible. ,5|5|5_5|5|5,
hit:5527_conv:11054,3,devastated,I was hurt a lot when I was passed up for a full time position I wanted at my company,10,Yeah_comma_ I have been here awhile_comma_ I though I deserved it,5|5|5_5|5|5,
hit:5527_conv:11054,4,devastated,I was hurt a lot when I was passed up for a full time position I wanted at my company,27,Are you going to say anything to your surperiors.,5|5|5_5|5|5,
hit:5681_conv:11363,1,devastated,my favorite Toy from my childhood broke.,445,I had this amazing toy truck as a kid and accidentally broke it,5|5|5_5|5|5,
hit:5681_conv:11363,2,devastated,my favorite Toy from my childhood broke.,262,Did you cry?,5|5|5_5|5|5,
hit:5681_conv:11363,3,devastated,my favorite Toy from my childhood broke.,445,yes I was devistated no other toy could make me happy,5|5|5_5|5|5,
hit:5681_conv:11363,4,devastated,my favorite Toy from my childhood broke.,262,Well it looks like you survived!,5|5|5_5|5|5,
hit:5692_conv:11384,1,devastated,Someone was killed outside of my apartment once. IT was a hard thing to see,262,Someone was killed in front of my apartment once. I didnt know him.,5|5|5_5|5|5,
hit:5692_conv:11384,2,devastated,Someone was killed outside of my apartment once. IT was a hard thing to see,548,You must have been terrified. Did you see it happen?,5|5|5_5|5|5,
hit:5692_conv:11384,3,devastated,Someone was killed outside of my apartment once. IT was a hard thing to see,262,I did not see it. I heard it and saw the aftermath. It was pretty bad. He died in the street.,5|5|5_5|5|5,
hit:5692_conv:11384,4,devastated,Someone was killed outside of my apartment once. IT was a hard thing to see,548,That is so awful. Was he a the victim of a crime or was it some type of accident?,5|5|5_5|5|5,
hit:5692_conv:11384,5,devastated,Someone was killed outside of my apartment once. IT was a hard thing to see,262,IT was a crime. I heard they got the guy though. IT was still sad,5|5|5_5|5|5,
hit:5846_conv:11693,1,devastated,I lost my favorite bracelet a few days ago... I have looked everywhere,397,I lost my favorite bracelet a few days ago... I have looked everywhere,5|5|5_5|5|5,
hit:5846_conv:11693,2,devastated,I lost my favorite bracelet a few days ago... I have looked everywhere,322,I'm sorry_comma_ I hope you find it.,5|5|5_5|5|5,
hit:5846_conv:11693,3,devastated,I lost my favorite bracelet a few days ago... I have looked everywhere,397,Thank you_comma_ the bracelet means a lot to me,5|5|5_5|5|5,
hit:5846_conv:11693,4,devastated,I lost my favorite bracelet a few days ago... I have looked everywhere,322,I think you will be fine.,5|5|5_5|5|5,
hit:5876_conv:11753,1,devastated,My wife is going to divorce me.  I am so sad about it.,322,My wife is going to divorce me.,5|5|5_5|5|5,
hit:5876_conv:11753,2,devastated,My wife is going to divorce me.  I am so sad about it.,7,Why she want to divorce? Did she tell you?,5|5|5_5|5|5,
hit:5876_conv:11753,3,devastated,My wife is going to divorce me.  I am so sad about it.,322,She cheated on me_comma_ I am so sad over it.,5|5|5_5|5|5,
hit:5876_conv:11753,4,devastated,My wife is going to divorce me.  I am so sad about it.,7,That is terrible. How did you find out?,5|5|5_5|5|5,
hit:6145_conv:12291,1,devastated,When my dog died last year_comma_ it killed me. It was so random,126,When my dog died last year I was so sad. It happened randomly,4|5|5_5|5|5,
hit:6145_conv:12291,2,devastated,When my dog died last year_comma_ it killed me. It was so random,514,im sorry to hear that.,4|5|5_5|5|5,
hit:6145_conv:12291,3,devastated,When my dog died last year_comma_ it killed me. It was so random,126,Yeah_comma_ it was not a good time,4|5|5_5|5|5,
hit:6145_conv:12291,4,devastated,When my dog died last year_comma_ it killed me. It was so random,514,i belive it.did you get a new pup?,4|5|5_5|5|5,
hit:6437_conv:12874,1,devastated,When I found out my parents' schemes with the family and it's money,516,I went through something horrible when I discovered that my parents were messing around with the family's money in a bad way,4|5|5_5|5|5,
hit:6437_conv:12874,2,devastated,When I found out my parents' schemes with the family and it's money,340,I am sorry to hear that_comma_ what were they doing with the money?,4|5|5_5|5|5,
hit:6437_conv:12874,3,devastated,When I found out my parents' schemes with the family and it's money,516,Taking funds from the main account and diverting them to some secret ones,4|5|5_5|5|5,
hit:6437_conv:12874,4,devastated,When I found out my parents' schemes with the family and it's money,340,I bet you were very angry with them over this.,4|5|5_5|5|5,
hit:6437_conv:12874,5,devastated,When I found out my parents' schemes with the family and it's money,516,I was heartbroken as it tore my family appart,4|5|5_5|5|5,
hit:6495_conv:12990,1,devastated,I just found out my wife of 10 years has been unfaithful to em.,59, So I just found out my wife of 10 years has been unfaithful to me.,5|5|5_5|5|5,
hit:6495_conv:12990,2,devastated,I just found out my wife of 10 years has been unfaithful to em.,196,Oh no. What happened?,5|5|5_5|5|5,
hit:6495_conv:12990,3,devastated,I just found out my wife of 10 years has been unfaithful to em.,59,I saw her with another man on a date. I am absolutely devastated. ,5|5|5_5|5|5,
hit:6495_conv:12990,4,devastated,I just found out my wife of 10 years has been unfaithful to em.,196,Realy?! What did you do?,5|5|5_5|5|5,
hit:6530_conv:13061,1,devastated,I saw my girlfriend with another man.,59,I saw my girlfriend with another man. I was going to propose to her that day...,5|5|5_5|5|5,
hit:6530_conv:13061,2,devastated,I saw my girlfriend with another man.,217,Oh wow! I'm really sorry to hear that. That must have been shocking. Have you broken up now?,5|5|5_5|5|5,
hit:6530_conv:13061,3,devastated,I saw my girlfriend with another man.,59,Yes I have. I am still so devastated that I have been in bed all day.,5|5|5_5|5|5,
hit:6530_conv:13061,4,devastated,I saw my girlfriend with another man.,217,Oh I can understand the feeling. You should take some time for yourself before you try to do much else.,5|5|5_5|5|5,
hit:6574_conv:13149,1,devastated,I saved up for so long to buy my car. 5 days after I got it_comma_ it was totaled when someone hit it in a parking lot.,243,I saved up for so long to buy my car.,5|5|5_5|5|5,
hit:6574_conv:13149,2,devastated,I saved up for so long to buy my car. 5 days after I got it_comma_ it was totaled when someone hit it in a parking lot.,4,What kind of car did you buy?,5|5|5_5|5|5,
hit:6574_conv:13149,3,devastated,I saved up for so long to buy my car. 5 days after I got it_comma_ it was totaled when someone hit it in a parking lot.,243,It was a mustang_comma_ but 5 days after I got it_comma_ it was totaled when someone hit it in a parking lot,5|5|5_5|5|5,
hit:6574_conv:13149,4,devastated,I saved up for so long to buy my car. 5 days after I got it_comma_ it was totaled when someone hit it in a parking lot.,4,Did you get an insurance check?,5|5|5_5|5|5,
hit:6730_conv:13461,1,devastated,I came home from work.. and opened my mail up.. and you won't believe what I got in the mail.,160,I came home from work.. and opened my mail up.. and you won't believe what I got in the mail.,5|5|5_5|4|5,
hit:6730_conv:13461,2,devastated,I came home from work.. and opened my mail up.. and you won't believe what I got in the mail.,375,What did you get in the mail?,5|5|5_5|4|5,
hit:6730_conv:13461,3,devastated,I came home from work.. and opened my mail up.. and you won't believe what I got in the mail.,160,I got a repo notice for my car.  I am so upset.,5|5|5_5|4|5,
hit:6730_conv:13461,4,devastated,I came home from work.. and opened my mail up.. and you won't believe what I got in the mail.,375,That is awful_comma_ did you miss some payments?,5|5|5_5|4|5,
hit:6730_conv:13461,5,devastated,I came home from work.. and opened my mail up.. and you won't believe what I got in the mail.,160,Yes.. but I had a valid reason.  Cries..,5|5|5_5|4|5,
hit:6730_conv:13461,6,devastated,I came home from work.. and opened my mail up.. and you won't believe what I got in the mail.,375,Whats the reason?,5|5|5_5|4|5,
hit:6730_conv:13461,7,devastated,I came home from work.. and opened my mail up.. and you won't believe what I got in the mail.,160,I couldn't work I was taking care of my sick husband.,5|5|5_5|4|5,
hit:6730_conv:13461,8,devastated,I came home from work.. and opened my mail up.. and you won't believe what I got in the mail.,375,I'm sorry to hear that_comma_ how is he feeling now?,5|5|5_5|4|5,
hit:7067_conv:14134,1,devastated,My uncle died last year,63,My uncle died last year in april,5|5|5_5|5|5,
hit:7067_conv:14134,2,devastated,My uncle died last year,4,That is terrible news. How did he die?,5|5|5_5|5|5,
hit:7067_conv:14134,3,devastated,My uncle died last year,63,heart attack is was a very sad affair,5|5|5_5|5|5,
hit:7067_conv:14134,4,devastated,My uncle died last year,4,I lost my friend to a heart attack. He was only 35.,5|5|5_5|5|5,
hit:7102_conv:14204,1,devastated,My dad died last year,63,My dad died last year,5|5|5_5|5|5,
hit:7102_conv:14204,2,devastated,My dad died last year,4,Sorry to hear that.,5|5|5_5|5|5,
hit:7102_conv:14204,3,devastated,My dad died last year,63,yea it was a huge blow but im doing better,5|5|5_5|5|5,
hit:7102_conv:14204,4,devastated,My dad died last year,4,How did he die?,5|5|5_5|5|5,
hit:7215_conv:14431,1,devastated,my dad died last year,63,my dad died last year,5|5|5_5|5|5,
hit:7215_conv:14431,2,devastated,my dad died last year,322,I'm sorry to hear that.,5|5|5_5|5|5,
hit:7215_conv:14431,3,devastated,my dad died last year,63,yea i was really destroyed at the time,5|5|5_5|5|5,
hit:7215_conv:14431,4,devastated,my dad died last year,322,I hope you are feeling better.,5|5|5_5|5|5,
hit:7411_conv:14823,1,devastated,I was keeping my savings at home in safe. My house was recently robbed. The safe is gone also_comma_,7,I was keeping my savings at home in safe. My house was recently robbed. The safe is gone also.,5|5|5_5|5|5,
hit:7411_conv:14823,2,devastated,I was keeping my savings at home in safe. My house was recently robbed. The safe is gone also_comma_,286,Oh no! Did you have any sort of security cameras to see who did it?,5|5|5_5|5|5,
hit:7411_conv:14823,3,devastated,I was keeping my savings at home in safe. My house was recently robbed. The safe is gone also_comma_,7,They were hidden their faces and wearing gloves. I don't think that the police will be to find them. I feel totally destroyed.,5|5|5_5|5|5,
hit:7411_conv:14823,4,devastated,I was keeping my savings at home in safe. My house was recently robbed. The safe is gone also_comma_,286,That's horrible. I hope you can find a way to recoup what was lost quickly and move on.,5|5|5_5|5|5,
hit:7572_conv:15144,1,devastated,I am so sad Anthony Bourdain died.,4,I am so sad Anthony Bourdain died.,5|5|5_5|5|5,
hit:7572_conv:15144,2,devastated,I am so sad Anthony Bourdain died.,196,Me too. He was a cool guy.,5|5|5_5|5|5,
hit:7572_conv:15144,3,devastated,I am so sad Anthony Bourdain died.,4,He killed himself_comma_ makes no sense.,5|5|5_5|5|5,
hit:7572_conv:15144,4,devastated,I am so sad Anthony Bourdain died.,196,Yeah it's very sad,5|5|5_5|5|5,
hit:7595_conv:15190,1,devastated,i was crushed when i didnt get the day off,238,i was crushed when i  didnt get the day off,5|5|5_5|5|5,
hit:7595_conv:15190,2,devastated,i was crushed when i didnt get the day off,196,Oh man! What did you want to do with it?,5|5|5_5|5|5,
hit:7595_conv:15190,3,devastated,i was crushed when i didnt get the day off,238,i wanted to go fishing with the family,5|5|5_5|5|5,
hit:7595_conv:15190,4,devastated,i was crushed when i didnt get the day off,196,I love to fish. There'll be other chances though,5|5|5_5|5|5,
hit:7738_conv:15476,1,devastated,I woke up really wanting some coffee... turns out my coffee machine isn't working. What a morning,397,I woke up really wanting some coffee... turns out my coffee machine isn't working. What a morning,5|5|5_4|4|5,
hit:7738_conv:15476,2,devastated,I woke up really wanting some coffee... turns out my coffee machine isn't working. What a morning,567,Oh NO! It can be annoying especially early mornings at work with no coffee. Hope you stay away!,5|5|5_4|4|5,
hit:7738_conv:15476,3,devastated,I woke up really wanting some coffee... turns out my coffee machine isn't working. What a morning,397,I'm going to go buy another asap!,5|5|5_4|4|5,
hit:7738_conv:15476,4,devastated,I woke up really wanting some coffee... turns out my coffee machine isn't working. What a morning,567,Sounds frusterating. I hope your next one is more dependable. ,5|5|5_4|4|5,
hit:7901_conv:15802,1,devastated,Seven years agas the biggest wildfire in Texas history. I lost almost everything,230,Our house burned down and my husband lost his 1969 Camaro.,5|5|5_5|5|5,
hit:7901_conv:15802,2,devastated,Seven years agas the biggest wildfire in Texas history. I lost almost everything,103,oh my goodness that is horrible!,5|5|5_5|5|5,
hit:7901_conv:15802,3,devastated,Seven years agas the biggest wildfire in Texas history. I lost almost everything,230,It happened 7 years ago but with the California fire it brings back a rush of emotions.,5|5|5_5|5|5,
hit:7901_conv:15802,4,devastated,Seven years agas the biggest wildfire in Texas history. I lost almost everything,103,I am sure it does.  I am really sorry about all of that.,5|5|5_5|5|5,
hit:8577_conv:17154,1,devastated,The high school I went to is being torn down for a condo.,1,The high school I went to is being torn down for a condo,5|5|5_5|5|5,
hit:8577_conv:17154,2,devastated,The high school I went to is being torn down for a condo.,243,I bet that is kind of sad to see it go.,5|5|5_5|5|5,
hit:8577_conv:17154,3,devastated,The high school I went to is being torn down for a condo.,1,It is extremely_comma_ and I feel bad for the kids.,5|5|5_5|5|5,
hit:8577_conv:17154,4,devastated,The high school I went to is being torn down for a condo.,243,Where will the current students of that school go?,5|5|5_5|5|5,
hit:8589_conv:17178,1,devastated,My cat ran away and had been missing for over a week. We just found out she had been hit by a car.,243,My cat ran away and had been missing for over a week.,5|5|5_4|4|4,
hit:8589_conv:17178,2,devastated,My cat ran away and had been missing for over a week. We just found out she had been hit by a car.,43,oh that so sad!! Did you try searching him everywhere!!,5|5|5_4|4|4,
hit:8589_conv:17178,3,devastated,My cat ran away and had been missing for over a week. We just found out she had been hit by a car.,243,I did and then we discovered she had been ran over.,5|5|5_4|4|4,
hit:8589_conv:17178,4,devastated,My cat ran away and had been missing for over a week. We just found out she had been hit by a car.,43,omg !! you would have been devastated!!,5|5|5_4|4|4,
hit:8967_conv:17934,1,devastated,My puppy died very suddenly a year ago. I still feel so terrible. I miss him a lot,639,My puppy died suddenly a year ago. I still miss him like crazy.,5|5|5_3|5|4,
hit:8967_conv:17934,2,devastated,My puppy died very suddenly a year ago. I still feel so terrible. I miss him a lot,241,That's sad. What happened?,5|5|5_3|5|4,
hit:8967_conv:17934,3,devastated,My puppy died very suddenly a year ago. I still feel so terrible. I miss him a lot,639,He ate a soccer ball. It got caught in his stomach and caused tearing. He died in surgery,5|5|5_3|5|4,
hit:8967_conv:17934,4,devastated,My puppy died very suddenly a year ago. I still feel so terrible. I miss him a lot,241,That's so bad. I don't have any pets,5|5|5_3|5|4,
hit:9297_conv:18595,1,devastated,passing of my mother,514,my mother passed last week. i have been very down and have not left my house all week,5|5|5_5|5|5,
hit:9297_conv:18595,2,devastated,passing of my mother,322,I'm very sorry for your loss.,5|5|5_5|5|5,
hit:9297_conv:18595,3,devastated,passing of my mother,514,thank you. i know the pain will never full leave_comma_ but eventually it wil all get better,5|5|5_5|5|5,
hit:9297_conv:18595,4,devastated,passing of my mother,322,I hope you will be at peace soon.,5|5|5_5|5|5,
hit:9298_conv:18596,1,devastated,my little brother is going to jail!,445,My little brother just got sentanced to prison,5|5|5_5|5|5,
hit:9298_conv:18596,2,devastated,my little brother is going to jail!,530,Oh no! What was he accused of?,5|5|5_5|5|5,
hit:9298_conv:18596,3,devastated,my little brother is going to jail!,445,He stole a car... and got caught driving it.,5|5|5_5|5|5,
hit:9298_conv:18596,4,devastated,my little brother is going to jail!,530,Well maybe this will teach him a lesson and he'll come out of prison a new man.,5|5|5_5|5|5,
hit:9338_conv:18676,1,devastated,I met this girl on Tinder this one time. She was really into me but then she randomly denied the hell outta me.,55,I met this girl on Tinder one time and she gave me such mixed signals.,5|5|5_5|5|5,
hit:9338_conv:18676,2,devastated,I met this girl on Tinder this one time. She was really into me but then she randomly denied the hell outta me.,469,haha_comma_ welcome to Tinder! It's the app of mixed signals. Did things work out finally?,5|5|5_5|5|5,
hit:9338_conv:18676,3,devastated,I met this girl on Tinder this one time. She was really into me but then she randomly denied the hell outta me.,55,Not really_comma_ but I got used to it ahaha.,5|5|5_5|5|5,
hit:9338_conv:18676,4,devastated,I met this girl on Tinder this one time. She was really into me but then she randomly denied the hell outta me.,469,Yeah_comma_ usually you just move on. There are plenty more fish in the sea!,5|5|5_5|5|5,
hit:9373_conv:18746,1,devastated,I am so sad about the bridge collapsing.,4,I am so sad about the bridge collapsing.,5|5|5_2|2|5,
hit:9373_conv:18746,2,devastated,I am so sad about the bridge collapsing.,593,Where and when did this happen?  I haven't looked at the news lately to avoid hearing sad news.  The last incident of the duck boat accident was very saddening.,5|5|5_2|2|5,
hit:9373_conv:18746,3,devastated,I am so sad about the bridge collapsing.,4,This occurred in Italy last night.,5|5|5_2|2|5,
hit:9373_conv:18746,4,devastated,I am so sad about the bridge collapsing.,593,Oh wow.  I will definitely need to look at that.  Was there many casualties?,5|5|5_2|2|5,
hit:9466_conv:18932,1,devastated,When I was much younger_comma_ I fell in love deeply in love with a woman_comma_ with whom I wanted to spend the rest of my life. After three months of being with her she left. She told me she didn't love me_comma_ even though she had told me she did and even went so far as to deny she ever said she did. ,655,Many years ago_comma_ I fell in love with a beautiful woman with whom I was totally entranced. We were together for about three months_comma_ then she suddenly cut things off. She had told me she loved me. But in our final conversation_comma_ she denied ever having said so. ,4|5|5_5|5|5,
hit:9466_conv:18932,2,devastated,When I was much younger_comma_ I fell in love deeply in love with a woman_comma_ with whom I wanted to spend the rest of my life. After three months of being with her she left. She told me she didn't love me_comma_ even though she had told me she did and even went so far as to deny she ever said she did. ,243,That is really mean. I am sorry.,4|5|5_5|5|5,
hit:9466_conv:18932,3,devastated,When I was much younger_comma_ I fell in love deeply in love with a woman_comma_ with whom I wanted to spend the rest of my life. After three months of being with her she left. She told me she didn't love me_comma_ even though she had told me she did and even went so far as to deny she ever said she did. ,655,It was a long time ago. It took a long time to get over her_comma_ though. I've never again been as deeply in love as I was with her. ,4|5|5_5|5|5,
hit:9466_conv:18932,4,devastated,When I was much younger_comma_ I fell in love deeply in love with a woman_comma_ with whom I wanted to spend the rest of my life. After three months of being with her she left. She told me she didn't love me_comma_ even though she had told me she did and even went so far as to deny she ever said she did. ,243,That is so sad. Have you seen or heard from her again?,4|5|5_5|5|5,
hit:9466_conv:18932,5,devastated,When I was much younger_comma_ I fell in love deeply in love with a woman_comma_ with whom I wanted to spend the rest of my life. After three months of being with her she left. She told me she didn't love me_comma_ even though she had told me she did and even went so far as to deny she ever said she did. ,655,No_comma_ never. I,4|5|5_5|5|5,
hit:9812_conv:19625,1,devastated,I was heartbroken when my grandmother passed away_comma_ it still hurts me a lot,10,I was heartbroken when my grandmother passed away_comma_ it still hurts me a lot,5|5|5_5|5|5,
hit:9812_conv:19625,2,devastated,I was heartbroken when my grandmother passed away_comma_ it still hurts me a lot,7,I understand. I had the same feeling. When did she passed away?,5|5|5_5|5|5,
hit:9812_conv:19625,3,devastated,I was heartbroken when my grandmother passed away_comma_ it still hurts me a lot,10,in 2011_comma_ so a few years ago now,5|5|5_5|5|5,
hit:9812_conv:19625,4,devastated,I was heartbroken when my grandmother passed away_comma_ it still hurts me a lot,7,How old was she when she passed away?,5|5|5_5|5|5,
hit:9867_conv:19735,1,devastated,i was crushed when i didnt get out of work on time,238,i was crushed when i didnt get out of work on time,5|5|5_5|5|5,
hit:9867_conv:19735,2,devastated,i was crushed when i didnt get out of work on time,247,Oh_comma_ did you have plans after work?,5|5|5_5|5|5,
hit:9867_conv:19735,3,devastated,i was crushed when i didnt get out of work on time,238,yea my son had a game,5|5|5_5|5|5,
hit:9867_conv:19735,4,devastated,i was crushed when i didnt get out of work on time,247,So sorry you had to miss it_comma_ maybe take him out to ice cream to console him,5|5|5_5|5|5,
hit:9960_conv:19921,1,devastated,"I am sitting at home drinking whole milk and eating a tub of peanut butter. I get a call from my main man_comma_ Nitro Dubbs. ""World Peace is cancel"" ""No""",668,I can't believe they canceled it after only six episodes,4|3|4_5|5|5,
hit:9960_conv:19921,2,devastated,"I am sitting at home drinking whole milk and eating a tub of peanut butter. I get a call from my main man_comma_ Nitro Dubbs. ""World Peace is cancel"" ""No""",1,Oh what show?,4|3|4_5|5|5,
hit:9960_conv:19921,3,devastated,"I am sitting at home drinking whole milk and eating a tub of peanut butter. I get a call from my main man_comma_ Nitro Dubbs. ""World Peace is cancel"" ""No""",668,They said we got too political_comma_ said we crossed too many lines. There was nothing political about it_comma_ they just projected their own insecurities on us,4|3|4_5|5|5,
hit:9960_conv:19921,4,devastated,"I am sitting at home drinking whole milk and eating a tub of peanut butter. I get a call from my main man_comma_ Nitro Dubbs. ""World Peace is cancel"" ""No""",1,hm must've been a really controversial show.,4|3|4_5|5|5,
hit:10363_conv:20726,1,devastated,I was so mad when I came out of the salon with different hair color than I asked ofr,707,I was so mad when I came out of the salon with different hair color than I asked for,3|5|5_5|5|5,
hit:10363_conv:20726,2,devastated,I was so mad when I came out of the salon with different hair color than I asked ofr,408,What color did it end up being?,3|5|5_5|5|5,
hit:10363_conv:20726,3,devastated,I was so mad when I came out of the salon with different hair color than I asked ofr,707,I asked for blonde_comma_ I came out as a brunette,3|5|5_5|5|5,
hit:10363_conv:20726,4,devastated,I was so mad when I came out of the salon with different hair color than I asked ofr,408,Are you serious? Thats not even close to being the same color.,3|5|5_5|5|5,
hit:10363_conv:20726,5,devastated,I was so mad when I came out of the salon with different hair color than I asked ofr,707,I know I was crying_comma_ I will go and get it done by someone else,3|5|5_5|5|5,
hit:10505_conv:21010,1,devastated,I just found out my husband has been cheating on me last week.  I already told him it's over_comma_ and that we can't come back from this.  ,458,I'm incredibly upset.  I just found out my husband has been cheating on me last week.,5|5|5_5|5|5,
hit:10505_conv:21010,2,devastated,I just found out my husband has been cheating on me last week.  I already told him it's over_comma_ and that we can't come back from this.  ,614,Oh damn_comma_ that sucks. Have you guys talked or did you immediately cut him off?,5|5|5_5|5|5,
hit:10505_conv:21010,3,devastated,I just found out my husband has been cheating on me last week.  I already told him it's over_comma_ and that we can't come back from this.  ,458,We talked long enough for me to tell him it's over.  We can't come back from this_comma_ no matter how difficult it will be for me.,5|5|5_5|5|5,
hit:10505_conv:21010,4,devastated,I just found out my husband has been cheating on me last week.  I already told him it's over_comma_ and that we can't come back from this.  ,614,Man thats terrible_comma_ I hope you can forget about him and find someone better.,5|5|5_5|5|5,
hit:10543_conv:21087,1,devastated,I was horrified when my dog died a few weeks ago. He was one of my best companions!,641,Recently_comma_ my dog died. It was so heartbreaking. We had him since 2010.,5|5|5_5|5|5,
hit:10543_conv:21087,2,devastated,I was horrified when my dog died a few weeks ago. He was one of my best companions!,302,Oh no that would make him quite young. I'm so sorry! Do you have plans for another one when you're ready?,5|5|5_5|5|5,
hit:10543_conv:21087,3,devastated,I was horrified when my dog died a few weeks ago. He was one of my best companions!,641, He was a loving dog. Probably! I would love to get a Labrador Retriever. ,5|5|5_5|5|5,
hit:10543_conv:21087,4,devastated,I was horrified when my dog died a few weeks ago. He was one of my best companions!,302,Those are awesome dogs_comma_ I've known quite a few in my life. Well whenever you're ready I think it'll be a perfect match.,5|5|5_5|5|5,
hit:10564_conv:21129,1,devastated,My brothers wife left and took the baby. We haven't seen her since. ,741,My brothers wife left him and took off with the baby.,5|5|5_5|5|5,
hit:10564_conv:21129,2,devastated,My brothers wife left and took the baby. We haven't seen her since. ,667,Oh wow! That really sounds like your brother is going through a rough time.,5|5|5_5|5|5,
hit:10564_conv:21129,3,devastated,My brothers wife left and took the baby. We haven't seen her since. ,741,He is. Its hard on all of us. ,5|5|5_5|5|5,
hit:10564_conv:21129,4,devastated,My brothers wife left and took the baby. We haven't seen her since. ,667,I hope everything works out_comma_ family is everything.,5|5|5_5|5|5,
hit:10591_conv:21183,1,devastated,There was a small kitten that was hanging around my house.  My neighbor brought it in from the heat_comma_ but didn't know how to care for cats and it end up passing away. ,85,There was this kitten that was poking around my house_comma_ and I felt bad for it because it was very hot outside.,5|5|5_5|5|5,
hit:10591_conv:21183,2,devastated,There was a small kitten that was hanging around my house.  My neighbor brought it in from the heat_comma_ but didn't know how to care for cats and it end up passing away. ,90,Awww!  Was its momma nearby?,5|5|5_5|5|5,
hit:10591_conv:21183,3,devastated,There was a small kitten that was hanging around my house.  My neighbor brought it in from the heat_comma_ but didn't know how to care for cats and it end up passing away. ,85,Nope_comma_ it was all alone.  A neighbor eventually brought it inside_comma_ but unfortunately_comma_ he didn't know how to care for cats.,5|5|5_5|5|5,
hit:10591_conv:21183,4,devastated,There was a small kitten that was hanging around my house.  My neighbor brought it in from the heat_comma_ but didn't know how to care for cats and it end up passing away. ,90,The kitten might have been dehydrated.  Hopefully the neighbor called someone else to come help?,5|5|5_5|5|5,
hit:10591_conv:21183,5,devastated,There was a small kitten that was hanging around my house.  My neighbor brought it in from the heat_comma_ but didn't know how to care for cats and it end up passing away. ,85,He called me_comma_ but it was already too late for the kitten.,5|5|5_5|5|5,
hit:10705_conv:21411,1,devastated,I was heartbroken when I got pregnant and the father of my future baby beat me. He went to jail and we broke up.,495,I was beaten by my ex_comma_ when I was pregnant of his child. ,4|5|5_5|5|5,
hit:10705_conv:21411,2,devastated,I was heartbroken when I got pregnant and the father of my future baby beat me. He went to jail and we broke up.,259,I'm so sorry! Report him!,4|5|5_5|5|5,
hit:10705_conv:21411,3,devastated,I was heartbroken when I got pregnant and the father of my future baby beat me. He went to jail and we broke up.,495,yes I did report him_comma_ he went to jail and we broke up,4|5|5_5|5|5,
hit:10705_conv:21411,4,devastated,I was heartbroken when I got pregnant and the father of my future baby beat me. He went to jail and we broke up.,259,You are much better off,4|5|5_5|5|5,
hit:10705_conv:21411,5,devastated,I was heartbroken when I got pregnant and the father of my future baby beat me. He went to jail and we broke up.,495,Yes. I am a single mother_comma_ but it is better and I thank God he is not in my heart anymore. ,4|5|5_5|5|5,
hit:10774_conv:21548,1,devastated,Our family dog died recently_comma_ it was really hard on the family.,765,Remember our beautiful dog at home? Well unfortunately he did recently. The family are so so sad.,5|5|5_5|5|5,
hit:10774_conv:21548,2,devastated,Our family dog died recently_comma_ it was really hard on the family.,630,I am so sorry to hear about your dog. What happened to him?,5|5|5_5|5|5,
hit:10774_conv:21548,3,devastated,Our family dog died recently_comma_ it was really hard on the family.,765,He was old and died of old age. He was such a big part of the family.,5|5|5_5|5|5,
hit:10774_conv:21548,4,devastated,Our family dog died recently_comma_ it was really hard on the family.,630,At least he lived a long_comma_ happy life. ,5|5|5_5|5|5,
hit:10774_conv:21548,5,devastated,Our family dog died recently_comma_ it was really hard on the family.,765,He did.,5|5|5_5|5|5,
hit:10996_conv:21992,1,devastated,My stepmother just died. I am very sad ,554,My stepmother just died. I am very sad ,5|5|5_5|5|5,
hit:10996_conv:21992,2,devastated,My stepmother just died. I am very sad ,90,I'm sorry to hear that she passed away.  Had she been sick a long time?,5|5|5_5|5|5,
hit:10996_conv:21992,3,devastated,My stepmother just died. I am very sad ,554,No not at all. Her Aorta ruptured suddenly ,5|5|5_5|5|5,
hit:10996_conv:21992,4,devastated,My stepmother just died. I am very sad ,90,Wow.  I hope she wasn't in any pain.,5|5|5_5|5|5,
hit:11180_conv:22360,1,devastated,I applied for a job and thought I was going to get the position. They called and told me that the position had already been filled. I was devastated. ,805,I just received a phone call that I didn't get the job I applied for. I am devastated. ,5|5|5_5|5|5,
hit:11180_conv:22360,2,devastated,I applied for a job and thought I was going to get the position. They called and told me that the position had already been filled. I was devastated. ,674,Aww what a bummer! I am sorry to hear that_comma_ there are plenty of more jobs out there though_comma_ keep trying!,5|5|5_5|5|5,
hit:11180_conv:22360,3,devastated,I applied for a job and thought I was going to get the position. They called and told me that the position had already been filled. I was devastated. ,805,I know. I just really wanted this one. It would have been doing something I really enjoy doing.,5|5|5_5|5|5,
hit:11180_conv:22360,4,devastated,I applied for a job and thought I was going to get the position. They called and told me that the position had already been filled. I was devastated. ,674,That does make such a difference_comma_ a job that you enjoy,5|5|5_5|5|5,
hit:11180_conv:22360,5,devastated,I applied for a job and thought I was going to get the position. They called and told me that the position had already been filled. I was devastated. ,805,Yes. I've worked at a lot of places that I've really hated_comma_ so this would have been different.,5|5|5_5|5|5,
hit:11203_conv:22407,1,devastated,I dropped an antique tea cup and it smashed. It was my grandmother's so I was sad.,813,Yesterday_comma_ when I was cleaning the cupboards_comma_ I dropped an antique tea cup and it shattered.,5|5|5_4|5|5,
hit:11203_conv:22407,2,devastated,I dropped an antique tea cup and it smashed. It was my grandmother's so I was sad.,808,Oh no. Was it something that was in the family or was it something that you purchased. Either way I'm sorry to hear that. ,5|5|5_4|5|5,
hit:11203_conv:22407,3,devastated,I dropped an antique tea cup and it smashed. It was my grandmother's so I was sad.,813,It was my grandmother's so I was very sad about it. Thank you.,5|5|5_4|5|5,
hit:11203_conv:22407,4,devastated,I dropped an antique tea cup and it smashed. It was my grandmother's so I was sad.,808,I'm sorry to heat that. That's something that can't be replaced. ,5|5|5_4|5|5,
hit:11695_conv:23391,1,devastated,my uncle died last year,63,my uncle died last year,5|5|5_1|5|5,
hit:11695_conv:23391,2,devastated,my uncle died last year,389,oh no!  I'm so sad to hear that :(,5|5|5_1|5|5,
hit:11695_conv:23391,3,devastated,my uncle died last year,63,yea it hit hard at first but ive come to accept it and move on,5|5|5_1|5|5,
hit:11695_conv:23391,4,devastated,my uncle died last year,389,Yeah that's all you can do I guess.  Do you do anything cool in his memory?,5|5|5_1|5|5,
hit:11710_conv:23420,1,devastated,I failed my final exam for math last semester. I all set to graduate but now I have to repeat it. Its horrible.,297,I failed my final exam for math last semester. I all set to graduate but now I have to repeat it. Its horrible.,5|5|5_5|5|5,
hit:11710_conv:23420,2,devastated,I failed my final exam for math last semester. I all set to graduate but now I have to repeat it. Its horrible.,524,That is terrible_comma_ i am sorry! hopefully youll be able to get it taken care of this time.,5|5|5_5|5|5,
hit:11710_conv:23420,3,devastated,I failed my final exam for math last semester. I all set to graduate but now I have to repeat it. Its horrible.,297,I just feel so bad for not passing. It has really set me back.,5|5|5_5|5|5,
hit:11710_conv:23420,4,devastated,I failed my final exam for math last semester. I all set to graduate but now I have to repeat it. Its horrible.,524,What type of degree are you getting?,5|5|5_5|5|5,
hit:11720_conv:23440,1,devastated,I was so excited when I got my brand new motorcycle a week ago_comma_ but yesterday I crashed and totaled it.,286,I was so happy when I was finally able to buy a motorcycle last week that I've been saving money for. But yesterday I wasn't being careful and I crashed it into my neighbors car and completely destroyed both.,5|5|5_5|5|5,
hit:11720_conv:23440,2,devastated,I was so excited when I got my brand new motorcycle a week ago_comma_ but yesterday I crashed and totaled it.,59,Oh my_comma_ are you physically okay? It must have been very traumatic for you.,5|5|5_5|5|5,
hit:11720_conv:23440,3,devastated,I was so excited when I got my brand new motorcycle a week ago_comma_ but yesterday I crashed and totaled it.,286,I'm fine_comma_ but emotionally I'm a wreck. Not only am I out the money for the bike_comma_ but now I owe my neighbor money to fix his car.,5|5|5_5|5|5,
hit:11720_conv:23440,4,devastated,I was so excited when I got my brand new motorcycle a week ago_comma_ but yesterday I crashed and totaled it.,59,Money can always come back but your health is the most important thing.,5|5|5_5|5|5,
hit:11720_conv:23440,5,devastated,I was so excited when I got my brand new motorcycle a week ago_comma_ but yesterday I crashed and totaled it.,286,I absolutely agree. Thanks for putting things into perspective. I need to try to have your outlook on life.,5|5|5_5|5|5,
hit:11858_conv:23716,1,devastated,My dog died and I was just heartbroken. I got her when she was a puppy and she lived to be 20 years old.,548,My dog died and I was just heartbroken. I got her when she was a puppy and she lived to be 20 years old.,3|2|2_5|5|5,
hit:11858_conv:23716,2,devastated,My dog died and I was just heartbroken. I got her when she was a puppy and she lived to be 20 years old.,568,aww_comma_ i am so sorry for your lost_comma_ i know this is a very hard time for you,3|2|2_5|5|5,
hit:11858_conv:23716,3,devastated,My dog died and I was just heartbroken. I got her when she was a puppy and she lived to be 20 years old.,548,She truly was an amazing dog. She followed me everywhere_comma_ I should have named her Shadow.,3|2|2_5|5|5,
hit:11858_conv:23716,4,devastated,My dog died and I was just heartbroken. I got her when she was a puppy and she lived to be 20 years old.,568,i am sorry again_comma_ what are you hoping to do now? ,3|2|2_5|5|5,
hit:11912_conv:23825,1,devastated,couldn't deliver the work project on time,706,...i really thought i could do it_comma_ i had 3 hours do deliver the project at work_comma_ i made a promise i would_comma_ but in the end i couldn't and everyone was so disappointed in me_comma_ i feel so done...,5|5|5_4|4|4,
hit:11912_conv:23825,2,devastated,couldn't deliver the work project on time,375,I'm sorry to hear that_comma_ can you make it up to them?,5|5|5_4|4|4,
hit:11912_conv:23825,3,devastated,couldn't deliver the work project on time,706,i am not sure_comma_ possibly_comma_ i'll have to really do good work_comma_ the thing is i am already doing a 3 man job all alone... what more can they want,5|5|5_4|4|4,
hit:11912_conv:23825,4,devastated,couldn't deliver the work project on time,375,You should try to reach out to them.,5|5|5_4|4|4,
hit:12036_conv:24073,1,devastated,I lost my entire paycheck at the casino last night. I dont know what came over me,27,I went to the casino last night. ,5|5|5_5|5|5,
hit:12036_conv:24073,2,devastated,I lost my entire paycheck at the casino last night. I dont know what came over me,10,How did you end up doing?,5|5|5_5|5|5,
hit:12036_conv:24073,3,devastated,I lost my entire paycheck at the casino last night. I dont know what came over me,27,Terrible. I lost my entire check. I dont know what happened to my rain,5|5|5_5|5|5,
hit:12036_conv:24073,4,devastated,I lost my entire paycheck at the casino last night. I dont know what came over me,10,Wow_comma_ that is unfortunate_comma_ I hope you are okay financially...,5|5|5_5|5|5,
hit:12036_conv:24073,5,devastated,I lost my entire paycheck at the casino last night. I dont know what came over me,27,I will be. I am never doing that again.,5|5|5_5|5|5,
hit:1806_conv:3612,1,devastated,for the death of my mother_comma_ my soul was destroyed,264,It was a very hard experience in my soul to lose my mother,5|4|4_5|5|5,
hit:1806_conv:3612,3,devastated,for the death of my mother_comma_ my soul was destroyed,264,Thank you for your solidarity,5|4|4_5|5|5,
hit:1806_conv:3612,5,devastated,for the death of my mother_comma_ my soul was destroyed,264,thanks,5|4|4_5|5|5,<UNIGRAM>
hit:1884_conv:3769,1,devastated,I lost my mother to breast cancer several years ago and I am still grieving the loss.,346,I lost my mother to breast cancer several years ago and I am still grieving the loss.,5|5|5_5|5|5,
hit:1884_conv:3769,3,devastated,I lost my mother to breast cancer several years ago and I am still grieving the loss.,346,yes_comma_ I talk about it but it really does not help much. I pray a lot and that gives me some comfort ,5|5|5_5|5|5,
hit:1884_conv:3769,5,devastated,I lost my mother to breast cancer several years ago and I am still grieving the loss.,346,I dont have a pastor_comma_ or a church I can go to. I meditate and I pray and I watch preachers on Sunday morning tv. All of those do help some. ,5|5|5_5|5|5,
hit:2757_conv:5514,1,devastated,i felt heartbroken when my dog was hit by a van.. she passed away eventually,416,my dog passed away earlier this year,4|4|5_4|5|5,
hit:2757_conv:5514,3,devastated,i felt heartbroken when my dog was hit by a van.. she passed away eventually,416,yeah.. but its too soon i feel,4|4|5_4|5|5,
hit:3350_conv:6700,1,devastated,the floods destroyed everything. The insurer is not returning our calls,70,the floods destroyed everything. The insurer is not returning our calls,5|4|5_5|5|5,
hit:3350_conv:6700,3,devastated,the floods destroyed everything. The insurer is not returning our calls,70,Last week. we're in temporary housing now,5|4|5_5|5|5,
hit:3637_conv:7274,1,devastated,I was devastated when I had to put my chihuahua to sleep not to long back.  She had congestive heart failure.  She was my constant companion and I loved her so much!,103,I was devastated when I recently had to my chihuahua Riley to sleep.  She had Congestive Heart Failure.,5|5|5_5|5|5,
hit:3637_conv:7274,3,devastated,I was devastated when I had to put my chihuahua to sleep not to long back.  She had congestive heart failure.  She was my constant companion and I loved her so much!,103,Thank you.  She was my constant companion.  I loved her so much,5|5|5_5|5|5,
hit:6098_conv:12197,1,devastated,My father unexpected passed away around 2 1/2 years ago. We never thought he would be leaving us this soon and it was very traumatic to me.,45,My father passed away about 2 1/2 years ago. It was totally unexpected and really was very traumatic and hurtful to me. He was still quite young and my family and I had no idea he had a life threatening health issue.,4|5|5_5|5|5,
hit:6098_conv:12197,3,devastated,My father unexpected passed away around 2 1/2 years ago. We never thought he would be leaving us this soon and it was very traumatic to me.,45,I was pretty close to my father and always lived close by. But_comma_ you always wish you had more time. But_comma_ the last words I said to him was that I loved him_comma_ and I'm grateful for that.,4|5|5_5|5|5,
hit:6710_conv:13420,1,devastated,My father passed away 2 1/2 years ago. We didn't know he had a life-threatening illness and it really traumatized our family. The unexpected loss was so agonizing and painful for us.,45,My father passed away about 2 years ago. It was so very difficult for me and very unexpected. We didn't know he had a life-threatening illness and weren't prepared in any way for his sudden departure from us.,5|5|5_5|5|5,
hit:6710_conv:13420,3,devastated,My father passed away 2 1/2 years ago. We didn't know he had a life-threatening illness and it really traumatized our family. The unexpected loss was so agonizing and painful for us.,45,Yes_comma_ my family and I are close and we were there for each other. But_comma_ my sister had passed away around 6 years before_comma_ by committed suicide. The last few years have been very difficult.,5|5|5_5|5|5,
hit:7027_conv:14055,1,devastated,Last year we lost our home of 20 years to a house fire. We lost all of our belongings but thankfully nobody was hurt. ,576,Last year we lost our home of 20 years to a house fire. ,5|5|5_5|5|5,
hit:7027_conv:14055,3,devastated,Last year we lost our home of 20 years to a house fire. We lost all of our belongings but thankfully nobody was hurt. ,576,Yes_comma_ thankfully everybody was safe. Nobody was even home when it happened. ,5|5|5_5|5|5,
hit:7027_conv:14055,5,devastated,Last year we lost our home of 20 years to a house fire. We lost all of our belongings but thankfully nobody was hurt. ,576,No_comma_ we just bought another house closer to town. It was sad losing everything that we had. ,5|5|5_5|5|5,
hit:8093_conv:16187,1,devastated,i was so sad when i found out my pet horse died of cancer last week while i was over in vacation,507,my horse died last week i was devastated when i found out,5|5|5_4|5|4,
hit:8093_conv:16187,3,devastated,i was so sad when i found out my pet horse died of cancer last week while i was over in vacation,507,yeah the vet told us it was cancer i was really sad,5|5|5_4|5|4,
hit:10048_conv:20096,1,devastated,When i lost my dog of 12 years i was absolutely devastated.,673,When i lost my dog of 12 years i was devastated...,4|5|5_5|5|5,
hit:10048_conv:20096,3,devastated,When i lost my dog of 12 years i was absolutely devastated.,673,It is a horrible experience and i hope that i never have to go through it again_comma_ how did yours die?,4|5|5_5|5|5,
hit:10263_conv:20527,1,devastated,When my dog died.,395,I had my dog for 13 years before she passed away last year from cancer. It was devastating!,5|5|5_4|4|5,
hit:10263_conv:20527,3,devastated,When my dog died.,395,Probably not for a while. She was a great companion_comma_ but I don't think my heart is ready to bring in a new dog quite yet.,5|5|5_4|4|5,
hit:10455_conv:20911,1,devastated,My father passed away in November_comma_ it's made me feel empty ever since.,76,My father passed away in November_comma_ it's made me feel empty ever since.,5|5|5_5|5|5,
hit:10455_conv:20911,3,devastated,My father passed away in November_comma_ it's made me feel empty ever since.,76,I didn't think it would hit me hard. I felt like I was prepared. ,5|5|5_5|5|5,
hit:10858_conv:21716,1,devastated,My dog I had for five years just passed away. He was hit by a car last night. ,387,My dog I had for five years just passed away. He was hit by a car last night.,5|5|5_5|5|5,
hit:10858_conv:21716,3,devastated,My dog I had for five years just passed away. He was hit by a car last night. ,387,It is just so sad to have my loyal companion taken away like that. ,5|5|5_5|5|5,
hit:10858_conv:21716,5,devastated,My dog I had for five years just passed away. He was hit by a car last night. ,387,His name was Han Solo_comma_ I am a huge Star Wars fan. My wife thought it was a dorky name_comma_ but I loved it. ,5|5|5_5|5|5,
hit:11207_conv:22414,1,devastated,When I was a kid_comma_ my granpa bought me a dog. The dog was supposed to be a hunting dog_comma_ and he didn't want to keep it because I had made it into a pet. He ended up giving it away.,231,When I was a kid_comma_ I had a dog at my grandpa's. He gave it away because it wouldn't hunt.,5|5|5_4|5|5,
hit:11207_conv:22414,3,devastated,When I was a kid_comma_ my granpa bought me a dog. The dog was supposed to be a hunting dog_comma_ and he didn't want to keep it because I had made it into a pet. He ended up giving it away.,231,I was very upset. I was only like nine at the time so I took it really hard.,5|5|5_4|5|5,
hit:11903_conv:23806,1,devastated,My sister passed away in 2010. She had taken her own life and my mother and I found her after she did. It was very traumatic and painful for us_comma_ and all our family.,45,My sister passed away several years ago. She took her life_comma_ and my mother and I found her right after she did it. This was very painful_comma_ traumatic and hard for us all.,5|5|5_5|5|5,
hit:11903_conv:23806,3,devastated,My sister passed away in 2010. She had taken her own life and my mother and I found her after she did. It was very traumatic and painful for us_comma_ and all our family.,45,It didn't really seem to sink in for my mother for awhile_comma_ she was in denial. But_comma_ it was so hard when it did. I went into a depression for awhile_comma_ as she was my only sibling and we were very close.,5|5|5_5|5|5,
hit:12110_conv:24220,1,devastated,I was so upset when I heard my Grandma had passed. I was overseas and didn't know about it as nobody could contact me.,343,I was over here in the US when my Grandma passed in Scotland. I was so upset - nobody could get hold of me to tell me and her funeral was over before I knew about it.,5|5|5_5|5|5,
hit:12110_conv:24220,3,devastated,I was so upset when I heard my Grandma had passed. I was overseas and didn't know about it as nobody could contact me.,343,Only for funerals_comma_ unfortunately. Both my parents have since died. Unpleasant fact of life_comma_ I'm afraid.,5|5|5_5|5|5,
hit:12110_conv:24220,5,devastated,I was so upset when I heard my Grandma had passed. I was overseas and didn't know about it as nobody could contact me.,343,Yes I was. I didn't come to the US until I was in my 30s. Didn't expect my Grandma to pass the minute I got here_comma_ but she was 96_comma_ so it shouldn't have been such a surprise!,5|5|5_5|5|5,
hit:12110_conv:24220,7,devastated,I was so upset when I heard my Grandma had passed. I was overseas and didn't know about it as nobody could contact me.,343,She was as fit as a flea too. She tripped and broke her hip and got a bad infection in the hospital. That's what she died of!,5|5|5_5|5|5,
hit:59_conv:118,1,lonely,not living near family_comma_ being in a new place. ,11,I recently moved to my dream location_comma_ but it sucks not knowing anyone. ,5|5|5_5|5|5,
hit:59_conv:118,2,lonely,not living near family_comma_ being in a new place. ,52,congratulations! I know_comma_ it probably feels lonely. Maybe you should do a party at your house and invite all the neighbours,5|5|5_5|5|5,
hit:59_conv:118,3,lonely,not living near family_comma_ being in a new place. ,11,That actually sounds like a really good idea! Thank you... now to decide what to cook.. lol,5|5|5_5|5|5,
hit:59_conv:118,4,lonely,not living near family_comma_ being in a new place. ,52,you can't go wrong with some grilled food :) burgers_comma_ wings_comma_ hot dogs ,5|5|5_5|5|5,
hit:134_conv:268,1,lonely,I am always alone in the summer.,4,I am always alone in the summer.,5|5|5_3|1|1,
hit:134_conv:268,2,lonely,I am always alone in the summer.,0,Why are you alone so much in the summer?,5|5|5_3|1|1,
hit:134_conv:268,3,lonely,I am always alone in the summer.,4,My wife goes to Canada to visit her mom.,5|5|5_3|1|1,
hit:134_conv:268,4,lonely,I am always alone in the summer.,0,Do you have friends around? Go to a bar and meet some friends!,5|5|5_3|1|1,
hit:221_conv:443,1,lonely,I recently broke up with my girlfriend and i feel lonely.,75,I recently broke up with my girlfriend and i feel so lonely.,4|4|5_4|4|5,
hit:221_conv:443,2,lonely,I recently broke up with my girlfriend and i feel lonely.,66,Oh_comma_ man. That's rough. I'm sorry. Are friends helping?,4|4|5_4|4|5,
hit:221_conv:443,3,lonely,I recently broke up with my girlfriend and i feel lonely.,75,They are trying_comma_ but they all are in relationships right now_comma_ so it is very difficult.,4|4|5_4|4|5,
hit:221_conv:443,4,lonely,I recently broke up with my girlfriend and i feel lonely.,66,Friends I know who have been through rough breakups often say that physical activity helps. That_comma_ and time. But still -- it's difficult!,4|4|5_4|4|5,
hit:805_conv:1610,1,lonely,there was a time when I lived in another state with no family around.,226,"there was a time when I lived in another state with no family around.,4|4|4_5|6|5,
hit:805_conv:1610,2,lonely,there was a time when I lived in another state with no family around.,235,That must have been really hard on you.,4|4|4_5|6|5,
hit:805_conv:1610,3,lonely,there was a time when I lived in another state with no family around.,226,It really was. When I came home from work it was just me and the dog.,4|4|4_5|6|5,
hit:805_conv:1610,4,lonely,there was a time when I lived in another state with no family around.,235,At least you had the dog to cheer you up!,4|4|4_5|6|5,
hit:805_conv:1611,1,grateful,I am so pleased to receive a raise at work. It will help out with my finances alot.,235,I got an extra $5 an hour. I can't wait to buy a new boat.,5|6|5_4|4|4,
hit:805_conv:1611,2,grateful,I am so pleased to receive a raise at work. It will help out with my finances alot.,226,Good for you. How long will it take to save up?,5|6|5_4|4|4,
hit:805_conv:1611,3,grateful,I am so pleased to receive a raise at work. It will help out with my finances alot.,235,i Hope to have enough for a down payment in four months.,5|6|5_4|4|4,
hit:805_conv:1611,4,grateful,I am so pleased to receive a raise at work. It will help out with my finances alot.,226,Do you have somewhere close where you will be able to go with it?,5|6|5_4|4|4,
hit:806_conv:1612,1,jealous,A coworker of mine recently got a promotion that I also applied for. I worked hard on my application and resume and writing to get the promotion_comma_ and they got it not me. I am seriously not happy about it. ,227,A coworker of mine recently got a promotion that I also applied for. I worked hard on my application and resume and writing to get the promotion_comma_ and they got it not me. I am seriously not happy about i,5|5|5_5|5|5,
hit:806_conv:1612,2,jealous,A coworker of mine recently got a promotion that I also applied for. I worked hard on my application and resume and writing to get the promotion_comma_ and they got it not me. I am seriously not happy about it. ,236,Have you followed up with your HR department to ask what was missing from your resume or experience that will help for next time?,5|5|5_5|5|5,
hit:806_conv:1612,3,jealous,A coworker of mine recently got a promotion that I also applied for. I worked hard on my application and resume and writing to get the promotion_comma_ and they got it not me. I am seriously not happy about it. ,227,I have not_comma_ I kindof don't want to ruffle any feathers because I feel like HR's are biased and would think I was complaining or being annoying,5|5|5_5|5|5,
hit:806_conv:1612,4,jealous,A coworker of mine recently got a promotion that I also applied for. I worked hard on my application and resume and writing to get the promotion_comma_ and they got it not me. I am seriously not happy about it. ,236,Not if you do your homework first. Go in with specific questions. Like_comma_ What can I do now to improve my chances for the next opportunity?""",5|5|5_5|5|5,
hit:875_conv:1751,1,lonely,I kind of miss my ex boyfirend. We broke up a year ago.,27,Me and my ex broke up a year ago and I'm starting to miss him,4|4|4_5|4|5,
hit:875_conv:1751,2,lonely,I kind of miss my ex boyfirend. We broke up a year ago.,43,Sorry to hear that. Is there any chance you two can patch up again?,4|4|4_5|4|5,
hit:875_conv:1751,3,lonely,I kind of miss my ex boyfirend. We broke up a year ago.,27,No. I think I am just lonely because I don't like him lol,4|4|4_5|4|5,
hit:875_conv:1751,4,lonely,I kind of miss my ex boyfirend. We broke up a year ago.,43,Oh_comma_ then try to keep busy yourself so you don't feel alone.,4|4|4_5|4|5,
hit:875_conv:1751,5,lonely,I kind of miss my ex boyfirend. We broke up a year ago.,27,That's what I do. I'll go on a few dates sooner or later.,4|4|4_5|4|5,
hit:1004_conv:2009,1,lonely,Before I met my girlfriend I felt lonely very often_comma_ I am glad that is better now,10,Before I met my girlfriend I felt lonely very often_comma_ I am glad that is better now,5|5|5_4|4|4,
hit:1004_conv:2009,2,lonely,Before I met my girlfriend I felt lonely very often_comma_ I am glad that is better now,226,I am happy that you have someone to share your life with.,5|5|5_4|4|4,
hit:1004_conv:2009,3,lonely,Before I met my girlfriend I felt lonely very often_comma_ I am glad that is better now,10,Thank you_comma_ I appreciate it_comma_ I am glad things are going well for a change,5|5|5_4|4|4,
hit:1004_conv:2009,4,lonely,Before I met my girlfriend I felt lonely very often_comma_ I am glad that is better now,226,Keep the faith that it will continue.,5|5|5_4|4|4,
hit:1136_conv:2273,1,lonely,I used to hang out with my best friend every day_comma_ but now she moved. I have no other friends nearby and have nothing to do.,243,I used to hang out  with my best friend everyday and now I have no one to hang out with.,5|5|5_4|5|5,
hit:1136_conv:2273,2,lonely,I used to hang out with my best friend every day_comma_ but now she moved. I have no other friends nearby and have nothing to do.,203,I'm so sorry_comma_ what happened?,5|5|5_4|5|5,
hit:1136_conv:2273,3,lonely,I used to hang out with my best friend every day_comma_ but now she moved. I have no other friends nearby and have nothing to do.,243,She moved far away.,5|5|5_4|5|5,
hit:1136_conv:2273,4,lonely,I used to hang out with my best friend every day_comma_ but now she moved. I have no other friends nearby and have nothing to do.,203,You must be missing here very much.,5|5|5_4|5|5,
hit:1211_conv:2423,1,lonely,I have severe social anxiety and don't have any friends.,1,I have severe social anxiety and don't have any friends.,5|5|5_5|5|5,
hit:1211_conv:2423,2,lonely,I have severe social anxiety and don't have any friends.,27,I'll be your friend,5|5|5_5|5|5,
hit:1211_conv:2423,3,lonely,I have severe social anxiety and don't have any friends.,1,why thank you_comma_ kinda stranger!,5|5|5_5|5|5,
hit:1211_conv:2423,4,lonely,I have severe social anxiety and don't have any friends.,27,I used to have a had time making friends when I was younger. ,5|5|5_5|5|5,
hit:1290_conv:2581,1,lonely,I miss my ex. MAybe not him particularly but having a man in the house.,27,I have been single for a while. I miss having aman around the house.,5|5|5_5|5|5,
hit:1290_conv:2581,2,lonely,I miss my ex. MAybe not him particularly but having a man in the house.,294,I know that can be hard.  How long has it been since you've been out with someone?,5|5|5_5|5|5,
hit:1290_conv:2581,3,lonely,I miss my ex. MAybe not him particularly but having a man in the house.,27,2 years. I thought I missef my ex but wr talk often and I definitely don't want that headache lol,5|5|5_5|5|5,
hit:1290_conv:2581,4,lonely,I miss my ex. MAybe not him particularly but having a man in the house.,294,Yeah_comma_ alot of times you just have to be reminded why you broke up.  I know there is someone out there for you_comma_ just stay positive and they will come your way!,5|5|5_5|5|5,
hit:1290_conv:2581,5,lonely,I miss my ex. MAybe not him particularly but having a man in the house.,27,Thanks! Hopefully he is a decent driver,5|5|5_5|5|5,
hit:1293_conv:2586,1,lonely,My best friend died last month.,4,My best friend died last month.,t5|4|5_5|5|5,
hit:1293_conv:2586,2,lonely,My best friend died last month.,269,Well_comma_ that escalated quickly. I'm hoping this is not real?,t5|4|5_5|5|5,
hit:1293_conv:2586,3,lonely,My best friend died last month.,4,It is real unfortunately.,t5|4|5_5|5|5,
hit:1293_conv:2586,4,lonely,My best friend died last month.,269,:( That is messed up_comma_ did he/she show any warning signs before their passing? It's not your fault by the way.,t5|4|5_5|5|5,
hit:1376_conv:2753,1,lonely,I was at a basketball game_comma_ although there were so many people. My partner could not make it so it was not fun,271,i wish he could make it_comma_ i was just there alone with no one to enjoy the basketball game with,5|5|5_5|5|5,
hit:1376_conv:2753,2,lonely,I was at a basketball game_comma_ although there were so many people. My partner could not make it so it was not fun,10,who are we talking about?,5|5|5_5|5|5,
hit:1376_conv:2753,3,lonely,I was at a basketball game_comma_ although there were so many people. My partner could not make it so it was not fun,271,it was me _comma_ went to a game alone . got tix for my friend but he could not make it,5|5|5_5|5|5,
hit:1376_conv:2753,4,lonely,I was at a basketball game_comma_ although there were so many people. My partner could not make it so it was not fun,10,Oh_comma_ I am sorry to hear that!,5|5|5_5|5|5,
hit:1488_conv:2976,1,lonely,I went to a restaurant last week by myself_comma_ meanwhile everyone else was sitting with at least one other person.,100,I went to a restaurant last week by myself_comma_ meanwhile everyone else was sitting with at least one other person.,5|5|5_5|5|5,
hit:1488_conv:2976,2,lonely,I went to a restaurant last week by myself_comma_ meanwhile everyone else was sitting with at least one other person.,119,How did you feel about that,5|5|5_5|5|5,
hit:1488_conv:2976,3,lonely,I went to a restaurant last week by myself_comma_ meanwhile everyone else was sitting with at least one other person.,100,Well I felt a bit lonely to say the least.,5|5|5_5|5|5,
hit:1488_conv:2976,4,lonely,I went to a restaurant last week by myself_comma_ meanwhile everyone else was sitting with at least one other person.,119,I know the feeling.  Just broke up with my ex-gf 5 months ago.  But he/she is out there_comma_ chin up :),5|5|5_5|5|5,
hit:1498_conv:2996,1,lonely,Peace and quiet while you are studying is nice but when you are done and no one is around it tough.  I need human interaction.,274,Just finished studying.  The peace helped me concentrate but now no one is around to celebrate with.,5|5|5_5|5|5,
hit:1498_conv:2996,2,lonely,Peace and quiet while you are studying is nice but when you are done and no one is around it tough.  I need human interaction.,209,That's too bad. It's nice to have friends to revel in our victories. Why don't you get yourself a beer and relax on the porch?,5|5|5_5|5|5,
hit:1498_conv:2996,3,lonely,Peace and quiet while you are studying is nice but when you are done and no one is around it tough.  I need human interaction.,274,That sounds like a wonderful idea_comma_ I will do that.,5|5|5_5|5|5,
hit:1498_conv:2996,4,lonely,Peace and quiet while you are studying is nice but when you are done and no one is around it tough.  I need human interaction.,209,If you need someone to join in_comma_ just let me know!,5|5|5_5|5|5,
hit:1538_conv:3077,1,lonely,I miss my dog.,220,My dog was my best friend_comma_ now he's gone and I feel isolated.,5|5|5_4|5|5,
hit:1538_conv:3077,2,lonely,I miss my dog.,100,Oh no I'm so sorry to hear that. Are you thinking about getting another one?,5|5|5_4|5|5,
hit:1538_conv:3077,3,lonely,I miss my dog.,220,No_comma_ I couldn't do that.,5|5|5_4|5|5,
hit:1538_conv:3077,4,lonely,I miss my dog.,100,Oh I understand. They say time heals all wounds_comma_ I hope it does in your case as well.,5|5|5_4|5|5,
hit:1587_conv:3174,1,lonely,My family is visitng extended family in Canada. There's no one to come home to. Feels weird.,1,My family is visitng extended family in Canada. There's no one to come home to. Feels weird.,5|5|5_4|4|4,
hit:1587_conv:3174,2,lonely,My family is visitng extended family in Canada. There's no one to come home to. Feels weird.,226,I can imagine. Take this time to do something for yourself.,5|5|5_4|4|4,
hit:1587_conv:3174,3,lonely,My family is visitng extended family in Canada. There's no one to come home to. Feels weird.,1,Yea. Think I'm finally gonna watch some horrors that my family are too afraid to watch.,5|5|5_4|4|4,
hit:1587_conv:3174,4,lonely,My family is visitng extended family in Canada. There's no one to come home to. Feels weird.,226,There you go. Sounds like fun.,5|5|5_4|4|4,
hit:1625_conv:3251,1,lonely,I haven't been in a relationship for a while now. I am so alone...,269,I haven't been in a relationship for a while now. I am so alone..,5|5|5_4|5|4,
hit:1625_conv:3251,2,lonely,I haven't been in a relationship for a while now. I am so alone...,126,I bet you find someone soon,5|5|5_4|5|4,
hit:1625_conv:3251,3,lonely,I haven't been in a relationship for a while now. I am so alone...,269,Thanks_comma_ but it's so discouraging seeing happy couples everywhere,5|5|5_4|5|4,
hit:1625_conv:3251,4,lonely,I haven't been in a relationship for a while now. I am so alone...,126,I have been there too_comma_ it will get better,5|5|5_4|5|4,
hit:1672_conv:3344,1,lonely,After my divorce I have no one.,4,After my divorce I have no one.,5|5|5_5|5|5,
hit:1672_conv:3344,2,lonely,After my divorce I have no one.,267,You may have more than you know but sometimes meeting new people will give you the fresh start you need,5|5|5_5|5|5,
hit:1672_conv:3344,3,lonely,After my divorce I have no one.,4,Where do I go to meet them?,5|5|5_5|5|5,
hit:1672_conv:3344,4,lonely,After my divorce I have no one.,267,Neighbors_comma_ co-workers.  Try and get involved in local sports or comunity groups.  How about volunteering.  That is a good way to meet people that are positive,5|5|5_5|5|5,
hit:1678_conv:3357,1,lonely,I moved to a new city and have no friends.,4,I moved to a new city and have no friends.,5|5|5_5|5|5,
hit:1678_conv:3357,2,lonely,I moved to a new city and have no friends.,267,That is a little daunting.  Have you considered joining some groups with like-minded individuals?,5|5|5_5|5|5,
hit:1678_conv:3357,3,lonely,I moved to a new city and have no friends.,4,Yes but I do not know where to go.,5|5|5_5|5|5,
hit:1678_conv:3357,4,lonely,I moved to a new city and have no friends.,267,Check with your community center,5|5|5_5|5|5,
hit:1715_conv:3430,1,lonely,I haven't had a boyfriend since I got cheated on_comma_ five years ago. I feel alone,248,Hi. I feel very alone_comma_ I haven't dated since I was cheated on...,5|5|5_5|5|5,<HI>
hit:1715_conv:3430,2,lonely,I haven't had a boyfriend since I got cheated on_comma_ five years ago. I feel alone,267,That is understandable.  You need to let it happen naturally. Be with your friends and find yourself,5|5|5_5|5|5,
hit:1715_conv:3430,3,lonely,I haven't had a boyfriend since I got cheated on_comma_ five years ago. I feel alone,248,thank you I appreciate that. I just yearn for that company too you know.,5|5|5_5|5|5,
hit:1715_conv:3430,4,lonely,I haven't had a boyfriend since I got cheated on_comma_ five years ago. I feel alone,267,I understand.  It will happen for you if you keep an open mind and don't rush,5|5|5_5|5|5,
hit:1861_conv:3722,1,lonely,Before I met my girlfriend and friends I was very lonely_comma_ that was not a fun time,10,Before I met my girlfriend and friends I was very lonely_comma_ that was not a fun time,5|5|5_5|5|5,
hit:1861_conv:3722,2,lonely,Before I met my girlfriend and friends I was very lonely_comma_ that was not a fun time,310,I've been there_comma_ it can really suck to be lonely.  It sounds like you're doing better though :),5|5|5_5|5|5,
hit:1861_conv:3722,3,lonely,Before I met my girlfriend and friends I was very lonely_comma_ that was not a fun time,10,I am_comma_ I am so happy that is the case,5|5|5_5|5|5,
hit:1861_conv:3722,4,lonely,Before I met my girlfriend and friends I was very lonely_comma_ that was not a fun time,310,I'm glad to hear it.  It's great to have found someone.,5|5|5_5|5|5,
hit:1936_conv:3872,1,lonely,Just another day at home all by myself.  Family is away on vacation.,274,Family is out of town for the week and I don't know what to do with myself.,5|5|5_5|5|5,
hit:1936_conv:3872,2,lonely,Just another day at home all by myself.  Family is away on vacation.,354,I would enjoy the peace and quiet!  Kick back_comma_ relax_comma_ and do whatever you want.,5|5|5_5|5|5,
hit:1936_conv:3872,3,lonely,Just another day at home all by myself.  Family is away on vacation.,274,Its just not the same without them around. I miss them.,5|5|5_5|5|5,
hit:1936_conv:3872,4,lonely,Just another day at home all by myself.  Family is away on vacation.,354,Well in that case I hope they come home soon.  My family is just annoying mostly.,5|5|5_5|5|5,
hit:2197_conv:4395,1,lonely,Me and my girlfriend broke up.,244,Me and my girlfriend broke up,5|5|5_5|5|5,
hit:2197_conv:4395,2,lonely,Me and my girlfriend broke up.,11,ugh.. for the better or worst? How are you feeling? ,5|5|5_5|5|5,
hit:2197_conv:4395,3,lonely,Me and my girlfriend broke up.,244,A pretty big mix.  It's probably best its over.,5|5|5_5|5|5,
hit:2197_conv:4395,4,lonely,Me and my girlfriend broke up.,11,If you are feeling that way then it probably is! On to a fresh start. ,5|5|5_5|5|5,
hit:2197_conv:4395,5,lonely,Me and my girlfriend broke up.,244,Indeed_comma_ time to get back into the dating scene.,5|5|5_5|5|5,
hit:2346_conv:4693,1,lonely,I was lonely before I met my girlfriend and friends,10,I was lonely before I met my girlfriend and friends,5|5|5_5|5|5,
hit:2346_conv:4693,2,lonely,I was lonely before I met my girlfriend and friends,1,When did you meet them?,5|5|5_5|5|5,
hit:2346_conv:4693,3,lonely,I was lonely before I met my girlfriend and friends,10,In high school and college!,5|5|5_5|5|5,
hit:2346_conv:4693,4,lonely,I was lonely before I met my girlfriend and friends,1,Nice. How long have you all been together?,5|5|5_5|5|5,
hit:2536_conv:5073,1,lonely,Birthday last year.  Sitting at home alone.,389,I sat home alone on my birthday last year and no one same by to see me,5|5|5_5|5|5,
hit:2536_conv:5073,2,lonely,Birthday last year.  Sitting at home alone.,393,I wish that was not the case_comma_ I would have came.,5|5|5_5|5|5,
hit:2536_conv:5073,3,lonely,Birthday last year.  Sitting at home alone.,389,That's so thoughtful of you to say!  Made my day brighter!,5|5|5_5|5|5,
hit:2536_conv:5073,4,lonely,Birthday last year.  Sitting at home alone.,393,I hope you have much brighter days moving forward.,5|5|5_5|5|5,
hit:2545_conv:5090,1,lonely,My roommate just move out of our dorm. I have never lived alone before. It is so weird. ,243,My roommate just moved out of our dorm.,5|5|5_5|5|5,
hit:2545_conv:5090,2,lonely,My roommate just move out of our dorm. I have never lived alone before. It is so weird. ,152,Oh is the new extra space a good thing?,5|5|5_5|5|5,
hit:2545_conv:5090,3,lonely,My roommate just move out of our dorm. I have never lived alone before. It is so weird. ,243,Maybe_comma_ but I have never lived alone before. It is very quiet and weird.,5|5|5_5|5|5,
hit:2545_conv:5090,4,lonely,My roommate just move out of our dorm. I have never lived alone before. It is so weird. ,152,I can imagine that being a bit lonely.,5|5|5_5|5|5,
hit:2697_conv:5395,1,lonely,My dog died_comma_ I feel like I don't have any friends anymore,237,My dog died_comma_ I feel so lonely,5|5|5_5|5|5,
hit:2697_conv:5395,2,lonely,My dog died_comma_ I feel like I don't have any friends anymore,217,I'm really sorry to hear that. How long did you have it for?,5|5|5_5|5|5,
hit:2697_conv:5395,3,lonely,My dog died_comma_ I feel like I don't have any friends anymore,237,It been 2 days now :(,5|5|5_5|5|5,
hit:2697_conv:5395,4,lonely,My dog died_comma_ I feel like I don't have any friends anymore,217,That's really tough right now. I hope you're doing something fun to keep yourself occupied.,5|5|5_5|5|5,
hit:2704_conv:5408,1,lonely,All of my friends are away for the summer so I have no one to spend time with right now. It's quite upsetting.,217,All of my friends are taking summer vacations. I've stayed home and have nothing to do because nobody I know is around.,5|5|5_5|5|5,
hit:2704_conv:5408,2,lonely,All of my friends are away for the summer so I have no one to spend time with right now. It's quite upsetting.,242,why arent you taking a vacation with them?,5|5|5_5|5|5,
hit:2704_conv:5408,3,lonely,All of my friends are away for the summer so I have no one to spend time with right now. It's quite upsetting.,217,I didn't have money or time to plan anything.,5|5|5_5|5|5,
hit:2704_conv:5408,4,lonely,All of my friends are away for the summer so I have no one to spend time with right now. It's quite upsetting.,242,perhaps you could invite someone over to your place and watch a cool movie with them over a pizza?,5|5|5_5|5|5,
hit:2722_conv:5444,1,lonely,I have no friends in my new class.,59,Hi_comma_ i have made no new friends in my new class,5|5|5_5|5|5,<HI>
hit:2722_conv:5444,2,lonely,I have no friends in my new class.,409,Oh I'm sorry. Have you tried to talk to people?,5|5|5_5|5|5,
hit:2722_conv:5444,3,lonely,I have no friends in my new class.,59,I have but they do not like me. I sit alone at lunch every day because of this.,5|5|5_5|5|5,
hit:2722_conv:5444,4,lonely,I have no friends in my new class.,409,You can try again to reach out to people. Otherwise_comma_ remember that it is only temporary... soon you will be in a different class with more opportunities to make friends.  ,5|5|5_5|5|5,
hit:2746_conv:5492,1,lonely,when my wife and daughter went to peru without me. ,11,Its so hard being alone when you are used to having your family around. ,5|5|5_4|5|5,
hit:2746_conv:5492,2,lonely,when my wife and daughter went to peru without me. ,391,very true.. do you live alone now?,5|5|5_4|5|5,
hit:2746_conv:5492,3,lonely,when my wife and daughter went to peru without me. ,11,No with my wife_comma_ and daughter but every year they go to Peru to visit her family for a few weeks and it sucks being by yourself! ,5|5|5_4|5|5,
hit:2746_conv:5492,4,lonely,when my wife and daughter went to peru without me. ,391,i feel you.. but look on the bright side_comma_ it makes the moments being together far more special,5|5|5_4|5|5,
hit:2932_conv:5865,1,lonely,I remember rushing  home to watch Passions after school. We would all talk about it it homeroom the next day.,262,I used to rush home from school to catsh a soap opera,5|5|5_4|5|5,
hit:2932_conv:5865,2,lonely,I remember rushing  home to watch Passions after school. We would all talk about it it homeroom the next day.,239,Really? Which one was it? ,5|5|5_4|5|5,
hit:2932_conv:5865,3,lonely,I remember rushing  home to watch Passions after school. We would all talk about it it homeroom the next day.,262,Passions,5|5|5_4|5|5,<UNIGRAM>
hit:2932_conv:5865,4,lonely,I remember rushing  home to watch Passions after school. We would all talk about it it homeroom the next day.,239,Was that in the United States or somewhere else? I used to love All My Children and General Hospital. ,5|5|5_4|5|5,
hit:2932_conv:5865,5,lonely,I remember rushing  home to watch Passions after school. We would all talk about it it homeroom the next day.,262,It was in the US it had a bunch of young people on it. We would all talk about it at school the next day.,5|5|5_4|5|5,
hit:2932_conv:5865,6,lonely,I remember rushing  home to watch Passions after school. We would all talk about it it homeroom the next day.,239,Sounds like fun! I wonder if you could find old episodes online now. ,5|5|5_4|5|5,
hit:2932_conv:5865,7,lonely,I remember rushing  home to watch Passions after school. We would all talk about it it homeroom the next day.,262,Probably. A lot of the actors have gone on to be in big movies,5|5|5_4|5|5,
hit:2932_conv:5865,8,lonely,I remember rushing  home to watch Passions after school. We would all talk about it it homeroom the next day.,239,Oh_comma_ cool! Any names I might know?,5|5|5_4|5|5,
hit:3109_conv:6219,1,lonely,I went hiking all alone yesterday because my friend's ditched me. Never felt so alone.,209,I went hiking all by my lonesome yesterday because my friends blew me off.,5|5|5_5|5|5,
hit:3109_conv:6219,2,lonely,I went hiking all alone yesterday because my friend's ditched me. Never felt so alone.,27,Are you mad at them?,5|5|5_5|5|5,
hit:3109_conv:6219,3,lonely,I went hiking all alone yesterday because my friend's ditched me. Never felt so alone.,209,Of course! I wouldn't have gotten mauled by a bobcat if they came with me. Bunch of jerks.,5|5|5_5|5|5,
hit:3109_conv:6219,4,lonely,I went hiking all alone yesterday because my friend's ditched me. Never felt so alone.,27,Oh my word! I thought bobcats were mythical like unicorns.,5|5|5_5|5|5,
hit:3188_conv:6377,1,lonely,My sister who was my best friend passed away. ,226,My sister who was my best friend passed away. ,4|5|5_5|5|5,
hit:3188_conv:6377,2,lonely,My sister who was my best friend passed away. ,262,That's so sad. I'm sorry,4|5|5_5|5|5,
hit:3188_conv:6377,3,lonely,My sister who was my best friend passed away. ,226,thank you. Now I dont have anyone really to talk to or do things with. ,4|5|5_5|5|5,
hit:3188_conv:6377,4,lonely,My sister who was my best friend passed away. ,262,Have you ever tried writing? That's what I do,4|5|5_5|5|5,
hit:3191_conv:6382,1,lonely,Went to the bowling alley alone yesterday.,209,I went to the bowling alley all alone yesterday.,5|5|5_5|5|5,
hit:3191_conv:6382,2,lonely,Went to the bowling alley alone yesterday.,1,Oh no. You didn't have anyone to go with?,5|5|5_5|5|5,
hit:3191_conv:6382,3,lonely,Went to the bowling alley alone yesterday.,209,I didn't. My friends ditched me. It felt pretty bad.,5|5|5_5|5|5,
hit:3191_conv:6382,4,lonely,Went to the bowling alley alone yesterday.,1,Wow. That's some friends you have there.,5|5|5_5|5|5,
hit:3312_conv:6625,1,lonely,After my recent break up with my partner of 2 years_comma_ i do not know whom to share my feelings with,155,Loneliness is worst that can happen to a human being. After a break up with my partner_comma_ i am feeling desperate for emotional coddling,4|5|4_5|5|5,
hit:3312_conv:6625,2,lonely,After my recent break up with my partner of 2 years_comma_ i do not know whom to share my feelings with,63,oh my gosh i completely agree on the loneliness thing,4|5|4_5|5|5,
hit:3312_conv:6625,3,lonely,After my recent break up with my partner of 2 years_comma_ i do not know whom to share my feelings with,155,How do you cope with these feelings,4|5|4_5|5|5,
hit:3312_conv:6625,4,lonely,After my recent break up with my partner of 2 years_comma_ i do not know whom to share my feelings with,63,i dont to be honest just try to get through the day but ive never been in a relationship so it gets bad,4|5|4_5|5|5,
hit:3345_conv:6690,1,lonely,I had no roommate in freshman year of college.,63,I had no roommate in freshman year of college which was boring,5|5|5_5|5|5,
hit:3345_conv:6690,2,lonely,I had no roommate in freshman year of college.,442,That does sound boring because you had no one to interact with_comma_ but at least you had some privacy.,5|5|5_5|5|5,
hit:3345_conv:6690,3,lonely,I had no roommate in freshman year of college.,63,yea but it got very lonesome after a bit,5|5|5_5|5|5,
hit:3345_conv:6690,4,lonely,I had no roommate in freshman year of college.,442,I see. It would be quite lonely without a roommate to share the experience with.,5|5|5_5|5|5,
hit:3804_conv:7608,1,lonely,I started a new job recently_comma_ but don't really know anyone there yet_comma_ so I am a bit bummed.,332,I feel a little bummed out since starting my new job recently.,4|5|5_5|5|5,
hit:3804_conv:7608,2,lonely,I started a new job recently_comma_ but don't really know anyone there yet_comma_ so I am a bit bummed.,463,how come? i thought new jobs were supposed to be exciting?,4|5|5_5|5|5,
hit:3804_conv:7608,3,lonely,I started a new job recently_comma_ but don't really know anyone there yet_comma_ so I am a bit bummed.,332,The job is_comma_ but I am feeling a bit isolated since I don't know anyone there yet.,4|5|5_5|5|5,
hit:3804_conv:7608,4,lonely,I started a new job recently_comma_ but don't really know anyone there yet_comma_ so I am a bit bummed.,463,we are all the new kid for a moment. soon it will feel like you fit right in. just give yourself some time.,4|5|5_5|5|5,
hit:4058_conv:8117,1,lonely,My partner left the city to go visit her parents. Now I do not have anybody to talk to for another week,155,My partner decided to visit her parents for a week who live out of city. Now i do not have anybody to talk to and feel lonely,5|5|5_4|4|3,
hit:4058_conv:8117,2,lonely,My partner left the city to go visit her parents. Now I do not have anybody to talk to for another week,157,Hey bro. or sis......you are talking to me now.....hope it helps some.,5|5|5_4|4|3,
hit:4058_conv:8117,3,lonely,My partner left the city to go visit her parents. Now I do not have anybody to talk to for another week,155,Maybe_comma_ but i need emotional attachment to someone i am talking and that i cannot take from you unfortunately,5|5|5_4|4|3,
hit:4058_conv:8117,4,lonely,My partner left the city to go visit her parents. Now I do not have anybody to talk to for another week,157,Just concentrate on the here and now......Your partner will be back soon.,5|5|5_4|4|3,
hit:4144_conv:8289,1,lonely,I haven't made any friends since I moved out here.,322,I haven't made any friends since I moved out here.,4|4|5_5|5|5,
hit:4144_conv:8289,2,lonely,I haven't made any friends since I moved out here.,238,what have you tried doing to meet new people?,4|4|5_5|5|5,
hit:4144_conv:8289,3,lonely,I haven't made any friends since I moved out here.,322,I've tried going to church and bars.  I hate being by myself.,4|4|5_5|5|5,
hit:4144_conv:8289,4,lonely,I haven't made any friends since I moved out here.,238,sounds like a good mix of different crowds,4|4|5_5|5|5,
hit:4196_conv:8392,1,lonely,i felt all alone the other day when my dog ran away,238,i felt all alone the other day when my dog ran away,5|5|5_5|5|5,
hit:4196_conv:8392,2,lonely,i felt all alone the other day when my dog ran away,1,Oh no. Did you fnd your dog?,5|5|5_5|5|5,
hit:4196_conv:8392,3,lonely,i felt all alone the other day when my dog ran away,238,he is still missing after 4 days,5|5|5_5|5|5,
hit:4196_conv:8392,4,lonely,i felt all alone the other day when my dog ran away,1,I am so sorry to hear that. Have you tried calling your local shelters?,5|5|5_5|5|5,
hit:4248_conv:8496,1,lonely,i had a bad day and tried calling two different people and couldn't get anyone,463,i had a bad day and tried calling 2 different people and couldn't get anyone,5|5|5_5|5|5,
hit:4248_conv:8496,2,lonely,i had a bad day and tried calling two different people and couldn't get anyone,509,Oh I'm so sorry_comma_ I'm here if you want to talk,5|5|5_5|5|5,
hit:4248_conv:8496,3,lonely,i had a bad day and tried calling two different people and couldn't get anyone,463,thank you. i was able to talk to them later but at the moment i just wanted to vent so bad and couldn't,5|5|5_5|5|5,
hit:4248_conv:8496,4,lonely,i had a bad day and tried calling two different people and couldn't get anyone,509,Aw that's terrible :(,5|5|5_5|5|5,
hit:4248_conv:8496,5,lonely,i had a bad day and tried calling two different people and couldn't get anyone,463,it's ok. i appreciate your kindness,5|5|5_5|5|5,
hit:4410_conv:8820,1,lonely,I went to the bowling all alone yesterday. It was quite a bad time.,209,Went to the bowling all by myself yesterday. It was quite lonely.,5|5|5_4|5|5,
hit:4410_conv:8820,2,lonely,I went to the bowling all alone yesterday. It was quite a bad time.,155,You cannot enjoy bowling all alone. It is a group game. Don't you have any friends to invite?,5|5|5_4|5|5,
hit:4410_conv:8820,3,lonely,I went to the bowling all alone yesterday. It was quite a bad time.,209,Naw_comma_ my friends ditched me last night. It was a horrible night.,5|5|5_4|5|5,
hit:4410_conv:8820,4,lonely,I went to the bowling all alone yesterday. It was quite a bad time.,155,What happened? Is it something because of you or him?,5|5|5_4|5|5,
hit:4580_conv:9160,1,lonely,I sit by myself at lunch every day.,59,Hi_comma_ so I sit by myself at lunch every day!,1|1|3_5|5|5,<HI>
hit:4580_conv:9160,2,lonely,I sit by myself at lunch every day.,329,Why?,1|1|3_5|5|5,<UNIGRAM>
hit:4580_conv:9160,3,lonely,I sit by myself at lunch every day.,59,Because I have no friends. It makes me so lonely and unwanted. ,1|1|3_5|5|5,
hit:4580_conv:9160,4,lonely,I sit by myself at lunch every day.,329,That is true?,1|1|3_5|5|5,
hit:4870_conv:9740,1,lonely,Its a beautiful day outside today.  Problem is that I have no one to share it with. ,274,It is such a gorgeous day outside today.  The problem is that I have no one to share it with.,5|5|5_3|3|5,
hit:4870_conv:9740,2,lonely,Its a beautiful day outside today.  Problem is that I have no one to share it with. ,449,It is a gorgeous day where I live too! I'm sorry you don't have anyone to share it with!  Do you have plans later?,5|5|5_3|3|5,
hit:4870_conv:9740,3,lonely,Its a beautiful day outside today.  Problem is that I have no one to share it with. ,274,I don't. We should plan something together then.  Lol.,5|5|5_3|3|5,
hit:4870_conv:9740,4,lonely,Its a beautiful day outside today.  Problem is that I have no one to share it with. ,449,I'll be relaxing in my pool later!  You shouldn't let a day go wasted just because you don't have anyone to hang with!,5|5|5_3|3|5,
hit:4880_conv:9761,1,lonely,when my family went on a cruise without me ,11,My family went on a cruise without me. I couldnt get the time off work. :/ ,5|5|5_5|5|5,
hit:4880_conv:9761,2,lonely,when my family went on a cruise without me ,291,Are you sad and all alone now?,5|5|5_5|5|5,
hit:4880_conv:9761,3,lonely,when my family went on a cruise without me ,11,Yeah I am and it sucks. ,5|5|5_5|5|5,
hit:4880_conv:9761,4,lonely,when my family went on a cruise without me ,291,Maybe you can find a new friend!,5|5|5_5|5|5,
hit:4902_conv:9804,1,lonely,I usually spend Saturdays with my parents since my Fiance works most Saturdays. Football season is coming up and my parents always get season tickets to the football games on Saturdays. It is really going to stink not having anything to do once that starts up again. I get to go to some of the games but the ones I dont get to go to I spend alone.  ,227,I usually spend Saturdays with my parents since my Fiance works most Saturdays. Football season is coming up and my parents always get season tickets to the football games on Saturdays. It is really going to stink not having anything to do once that starts up again. ,5|5|5_5|5|5,
hit:4902_conv:9804,2,lonely,I usually spend Saturdays with my parents since my Fiance works most Saturdays. Football season is coming up and my parents always get season tickets to the football games on Saturdays. It is really going to stink not having anything to do once that starts up again. I get to go to some of the games but the ones I dont get to go to I spend alone.  ,209,Aww_comma_ I'm sorry to hear that. Maybe you can find a new hobby for the weekends.,5|5|5_5|5|5,
hit:4902_conv:9804,3,lonely,I usually spend Saturdays with my parents since my Fiance works most Saturdays. Football season is coming up and my parents always get season tickets to the football games on Saturdays. It is really going to stink not having anything to do once that starts up again. I get to go to some of the games but the ones I dont get to go to I spend alone.  ,227,Its hard with my 2 year old. Its almost impossible to do anything.,5|5|5_5|5|5,
hit:4902_conv:9804,4,lonely,I usually spend Saturdays with my parents since my Fiance works most Saturdays. Football season is coming up and my parents always get season tickets to the football games on Saturdays. It is really going to stink not having anything to do once that starts up again. I get to go to some of the games but the ones I dont get to go to I spend alone.  ,209,I definitely understand. It really sucks that you're so limited. ,5|5|5_5|5|5,
hit:5361_conv:10723,1,lonely,I have no friends.,220,All of my friends abandoned me and I have no idea why.,5|5|5_5|5|5,
hit:5361_conv:10723,2,lonely,I have no friends.,321,now thats more depressing _comma_ cheer up you eventually find better friends ,5|5|5_5|5|5,
hit:5361_conv:10723,3,lonely,I have no friends.,220,Maybe but what's the point if they will abandon me too?,5|5|5_5|5|5,
hit:5361_conv:10723,4,lonely,I have no friends.,321,not every person in the world is the same _comma_ we are all different  i am confident you will find someone ,5|5|5_5|5|5,
hit:5371_conv:10742,1,lonely,I have been traveling solo. The last week has been hard because I havent really met anyone. I miss home.,297,So I have been traveling around by myself.  It has been getting to me this week. I miss my friends.,5|5|5_5|5|5,
hit:5371_conv:10742,2,lonely,I have been traveling solo. The last week has been hard because I havent really met anyone. I miss home.,220,What sorts of places have you been going? Alone time is always great but then sometimes it gets to be too much so I understand.,5|5|5_5|5|5,
hit:5371_conv:10742,3,lonely,I have been traveling solo. The last week has been hard because I havent really met anyone. I miss home.,297,I just got to Vietnam. There is no one in this hostel so I havent met anyone to hang out with. Maybe I should move to a different city.,5|5|5_5|5|5,
hit:5371_conv:10742,4,lonely,I have been traveling solo. The last week has been hard because I havent really met anyone. I miss home.,220,You could always do that but maybe exploring on your own can give you a different perspective on things.,5|5|5_5|5|5,
hit:5391_conv:10782,1,lonely,When my wife left me last year. I felt like I had nobody,506,Last week my wife left me.,5|5|5_5|5|5,
hit:5391_conv:10782,2,lonely,When my wife left me last year. I felt like I had nobody,44,im sorry that is awful,5|5|5_5|5|5,
hit:5391_conv:10782,3,lonely,When my wife left me last year. I felt like I had nobody,506,Yeah_comma_ I felt like I had nobody after that,5|5|5_5|5|5,
hit:5391_conv:10782,4,lonely,When my wife left me last year. I felt like I had nobody,44,eventually you will feel better again,5|5|5_5|5|5,
hit:5465_conv:10930,1,lonely,i have had break up recently. I miss my ex very much. I feel so empty now,43,I have had a break up recently. I feel so empty,4|4|4_5|5|5,
hit:5465_conv:10930,2,lonely,i have had break up recently. I miss my ex very much. I feel so empty now,225,I'm sorry. How long had you been together?,4|4|4_5|5|5,
hit:5465_conv:10930,3,lonely,i have had break up recently. I miss my ex very much. I feel so empty now,43,I have had a break up recently. I feel so empty,4|4|4_5|5|5,
hit:5465_conv:10930,4,lonely,i have had break up recently. I miss my ex very much. I feel so empty now,225,I hope you feel better soon.,4|4|4_5|5|5,
hit:5704_conv:11409,1,lonely,my mom was always working_comma_ i was alone alot.,445,my mother worked alot as a kid_comma_ i had some pretty cool babysitters though.,5|5|5_5|5|5,
hit:5704_conv:11409,2,lonely,my mom was always working_comma_ i was alone alot.,262,Well thats a positive spin,5|5|5_5|5|5,
hit:5704_conv:11409,3,lonely,my mom was always working_comma_ i was alone alot.,445,I didnt mind_comma_ the always gave me alot of food.,5|5|5_5|5|5,
hit:5704_conv:11409,4,lonely,my mom was always working_comma_ i was alone alot.,262,Food solves lots of things lol,5|5|5_5|5|5,
hit:5728_conv:11457,1,lonely,I am sitting alone in my apartment. I had a friend over earlier but now I am all alone.,291,I am so bored right now.,5|5|5_5|5|5,
hit:5728_conv:11457,2,lonely,I am sitting alone in my apartment. I had a friend over earlier but now I am all alone.,9,Maybe try and watch tv or play games.,5|5|5_5|5|5,
hit:5728_conv:11457,3,lonely,I am sitting alone in my apartment. I had a friend over earlier but now I am all alone.,291,I don't have any electricity anymore :(,5|5|5_5|5|5,
hit:5728_conv:11457,4,lonely,I am sitting alone in my apartment. I had a friend over earlier but now I am all alone.,9,Maybe go outside and try and eat dirt.,5|5|5_5|5|5,
hit:5728_conv:11457,5,lonely,I am sitting alone in my apartment. I had a friend over earlier but now I am all alone.,291,Hahaha_comma_ thanks for the idea!,5|5|5_5|5|5,
hit:5825_conv:11651,1,lonely,My husband had to go out of town for work_comma_ I already miss him!,397,My husband had to go out of town for work_comma_ I already miss him!,5|5|5_5|5|5,
hit:5825_conv:11651,2,lonely,My husband had to go out of town for work_comma_ I already miss him!,274,I bet.  How long will he be gone?,5|5|5_5|5|5,
hit:5825_conv:11651,3,lonely,My husband had to go out of town for work_comma_ I already miss him!,397,4 days... I just don't like being home alone at night,5|5|5_5|5|5,
hit:5825_conv:11651,4,lonely,My husband had to go out of town for work_comma_ I already miss him!,274,Maybe you could invite some of your friends over to ease your mind a bit.,5|5|5_5|5|5,
hit:5909_conv:11818,1,lonely,My boyfriend broke up with me.,220,My boyfriend broke up with me and I understand but I miss him a lot. I liked having him around_comma_ he always made me laugh and not feel like I was doing everything on my own.,5|5|5_5|5|5,
hit:5909_conv:11818,2,lonely,My boyfriend broke up with me.,466,I'm sorry that happened. Do you still have contact with him?,5|5|5_5|5|5,
hit:5909_conv:11818,3,lonely,My boyfriend broke up with me.,220,Nah_comma_ I'm doing that whole no contact thing that people suggest.,5|5|5_5|5|5,
hit:5909_conv:11818,4,lonely,My boyfriend broke up with me.,466,Cliche as it is_comma_ time heals all wounds and whatnot. I hope you can find somebody just as great as him or learn to be content on your own!,5|5|5_5|5|5,
hit:5909_conv:11818,5,lonely,My boyfriend broke up with me.,220,Thank you_comma_ I know I'll be fine eventually. It's just a rough go right now!,5|5|5_5|5|5,
hit:6065_conv:12130,1,lonely,My wife works nights.  Sometimes I am home alone and I get bored and just feel so by myself,301,Sometimes I just feel like I am living all by myself :(,5|5|5_4|5|4,
hit:6065_conv:12130,2,lonely,My wife works nights.  Sometimes I am home alone and I get bored and just feel so by myself,126,Why do you feel that way,5|5|5_4|5|4,
hit:6065_conv:12130,3,lonely,My wife works nights.  Sometimes I am home alone and I get bored and just feel so by myself,301,My wife is an ICU nurse who works night shift.  So i am usually home alone ,5|5|5_4|5|4,
hit:6065_conv:12130,4,lonely,My wife works nights.  Sometimes I am home alone and I get bored and just feel so by myself,126,That does sound hard,5|5|5_4|5|4,
hit:6198_conv:12397,1,lonely,I feel alone tonight! It's hard to put your foot down and give tough love. But it's necessary!,296,I feel alone tonight! It's hard to put your foot down and give tough love.,4|5|5_4|5|5,
hit:6198_conv:12397,2,lonely,I feel alone tonight! It's hard to put your foot down and give tough love. But it's necessary!,126,What happened,4|5|5_4|5|5,
hit:6198_conv:12397,3,lonely,I feel alone tonight! It's hard to put your foot down and give tough love. But it's necessary!,296,Oh it's kind of private but someone who just doesn't treat me right and they can't live here anymore. It's hard to not be an enabler when you love the person but I won't be a doormat anymore,4|5|5_4|5|5,
hit:6198_conv:12397,4,lonely,I feel alone tonight! It's hard to put your foot down and give tough love. But it's necessary!,126,I can understand that_comma_ you cannot be a doormat though ever,4|5|5_4|5|5,
hit:6258_conv:12516,1,lonely,MY kids are getting older and hanging out with their friends on the weekend. Im always by myself,27,I am realizing that my kids are getting older and gonna leave me soon,5|5|5_5|5|5,
hit:6258_conv:12516,2,lonely,MY kids are getting older and hanging out with their friends on the weekend. Im always by myself,238,its almost party time!,5|5|5_5|5|5,
hit:6258_conv:12516,3,lonely,MY kids are getting older and hanging out with their friends on the weekend. Im always by myself,27,They already leave every weekend to hang out,5|5|5_5|5|5,
hit:6258_conv:12516,4,lonely,MY kids are getting older and hanging out with their friends on the weekend. Im always by myself,238,ah ,5|5|5_5|5|5,<UNIGRAM>
hit:6258_conv:12516,5,lonely,MY kids are getting older and hanging out with their friends on the weekend. Im always by myself,27,Im sad though lol,5|5|5_5|5|5,
hit:6281_conv:12562,1,lonely,I went to the park all alone. It was quite depressing.,209,I went to the park all alone. I was quite depressed.,5|5|5_4|5|5,
hit:6281_conv:12562,2,lonely,I went to the park all alone. It was quite depressing.,296,I hear you! I am in that boat too! It can be very hard to be alone a lot,5|5|5_4|5|5,
hit:6281_conv:12562,3,lonely,I went to the park all alone. It was quite depressing.,209,It is! My friends ditched me - some friends they are.,5|5|5_4|5|5,
hit:6281_conv:12562,4,lonely,I went to the park all alone. It was quite depressing.,296,Those are NOT friends,5|5|5_4|5|5,
hit:6290_conv:12581,1,lonely,I went to the movies by myself yesterday. I have no friends.,4,I went to the movies by myself yesterday. I have no friends.,5|5|5_5|5|5,
hit:6290_conv:12581,2,lonely,I went to the movies by myself yesterday. I have no friends.,524,what movie did you see?,5|5|5_5|5|5,
hit:6290_conv:12581,3,lonely,I went to the movies by myself yesterday. I have no friends.,4,I went an saw Mission Impossible.,5|5|5_5|5|5,
hit:6290_conv:12581,4,lonely,I went to the movies by myself yesterday. I have no friends.,524,was it good? ive been wanting to check it out,5|5|5_5|5|5,
hit:6391_conv:12783,1,lonely,My wife passed away_comma_ so I am alone again.,4,My wife passed away_comma_ so I am alone again.,5|5|5_5|5|5,
hit:6391_conv:12783,2,lonely,My wife passed away_comma_ so I am alone again.,322,I'm so sorry to hear that.,5|5|5_5|5|5,
hit:6391_conv:12783,3,lonely,My wife passed away_comma_ so I am alone again.,4,Yes_comma_ I will be alone forever now.,5|5|5_5|5|5,
hit:6391_conv:12783,4,lonely,My wife passed away_comma_ so I am alone again.,322,No_comma_ you will never be alone.,5|5|5_5|5|5,
hit:6451_conv:12903,1,lonely,living aline,514,i had a roomate and they moved out....the house is so empty and quiet now,5|5|5_4|5|5,
hit:6451_conv:12903,2,lonely,living aline,332,That can be pretty lonely I bet. Are you going to have another roommate then?,5|5|5_4|5|5,
hit:6451_conv:12903,3,lonely,living aline,514,i want another but not actively looking,5|5|5_4|5|5,
hit:6451_conv:12903,4,lonely,living aline,332,I see. Maybe having some private time will be a benefit if you look on the brighter side of it.,5|5|5_4|5|5,
hit:6663_conv:13326,1,lonely,I received some degree of harsh words in my address from my manager. I have no one to talk and share my feelings.,155,Today_comma_ i received some criticism from my manager. I was so sad and had no one to talk to or share my feelings,4|5|5_5|5|5,
hit:6663_conv:13326,2,lonely,I received some degree of harsh words in my address from my manager. I have no one to talk and share my feelings.,262,you don't have friends at work?,4|5|5_5|5|5,
hit:6663_conv:13326,3,lonely,I received some degree of harsh words in my address from my manager. I have no one to talk and share my feelings.,155,I am not really close to them and I would not make a move to be emotional with them,4|5|5_5|5|5,
hit:6663_conv:13326,4,lonely,I received some degree of harsh words in my address from my manager. I have no one to talk and share my feelings.,262,no partner at home either? work stuff can be really dtressful,4|5|5_5|5|5,
hit:6684_conv:13369,1,lonely,I'm pretty bummed_comma_ I have to dog watch my parent's dog all weekend by myself.,448,I'm pretty bummed_comma_ I have to dog watch my parent's dog all weekend by myself.,5|5|5_5|5|5,
hit:6684_conv:13369,2,lonely,I'm pretty bummed_comma_ I have to dog watch my parent's dog all weekend by myself.,50,you don't like this dog?,5|5|5_5|5|5,
hit:6684_conv:13369,3,lonely,I'm pretty bummed_comma_ I have to dog watch my parent's dog all weekend by myself.,448,I just don't like being a lone out in the country_comma_ I love the dog though.,5|5|5_5|5|5,
hit:6684_conv:13369,4,lonely,I'm pretty bummed_comma_ I have to dog watch my parent's dog all weekend by myself.,50,Oh yes_comma_ i completely understand that. Just get some snacks and watch a lot of movies :),5|5|5_5|5|5,
hit:6790_conv:13581,1,lonely,When my girlfriend broke up with me_comma_ she left me heart broken.,375,My girlfriend just left me_comma_ this is awful.,4|5|5_5|5|5,
hit:6790_conv:13581,2,lonely,When my girlfriend broke up with me_comma_ she left me heart broken.,244,That sucks. Did she say why?,4|5|5_5|5|5,
hit:6790_conv:13581,3,lonely,When my girlfriend broke up with me_comma_ she left me heart broken.,375,She wanted to try something new_comma_ she was bored of me.,4|5|5_5|5|5,
hit:6790_conv:13581,4,lonely,When my girlfriend broke up with me_comma_ she left me heart broken.,244,Wow that's harsh.,4|5|5_5|5|5,
hit:6790_conv:13581,5,lonely,When my girlfriend broke up with me_comma_ she left me heart broken.,375,It is_comma_ I don't know what to do anymore_comma_ any ideas?,4|5|5_5|5|5,
hit:6790_conv:13581,6,lonely,When my girlfriend broke up with me_comma_ she left me heart broken.,244,Find a new girlfriend.  That ship has sailed.   If you're really still want her consider trying to play the jealousy card.  (ie; make her jealous),4|5|5_5|5|5,
hit:6790_conv:13581,7,lonely,When my girlfriend broke up with me_comma_ she left me heart broken.,375,I'm gonna do that_comma_ thank you for the advice. I could try to kiss someone else to make her mad.,4|5|5_5|5|5,
hit:6790_conv:13581,8,lonely,When my girlfriend broke up with me_comma_ she left me heart broken.,244,You don't even have to do that. Keep it classy. Just show up with a pretty girl and have a good time and be a perfect gentleman.  Dont even bat an eye at her.,4|5|5_5|5|5,
hit:6847_conv:13694,1,lonely,I hate cooking for myself at my new apartment. It's not nearly as fun cooking for yourself as it is cooking for a group.,545,One of my favorite things to do is cook_comma_ and I recently moved into a new apartment by myself. I'm gonna say cooking for yourself isn't really as fun as cooking for a group.,5|5|5_5|5|5,
hit:6847_conv:13694,2,lonely,I hate cooking for myself at my new apartment. It's not nearly as fun cooking for yourself as it is cooking for a group.,297,Not at all. It is kind of boring being left to clean everything alone.,5|5|5_5|5|5,
hit:6847_conv:13694,3,lonely,I hate cooking for myself at my new apartment. It's not nearly as fun cooking for yourself as it is cooking for a group.,545,It is! It's sort of like how if someone packs you a little note with your lunch_comma_ it's really nice_comma_ but obviously if you made your own note you'd just feel silly.,5|5|5_5|5|5,
hit:6847_conv:13694,4,lonely,I hate cooking for myself at my new apartment. It's not nearly as fun cooking for yourself as it is cooking for a group.,297,And you might get called a weirdo. Haha,5|5|5_5|5|5,
hit:7029_conv:14059,1,lonely,My dog passed away last week from old age and I've been really missing him. I don't think I can ever have another pet.,286,My dog_comma_ which I had for about 15 years passed away last week. I miss her so much. My home feels empty without her around.,5|5|4_5|5|5,
hit:7029_conv:14059,2,lonely,My dog passed away last week from old age and I've been really missing him. I don't think I can ever have another pet.,243,That is so sad. I am sorry. Losing a pet is so hard. They are family.,5|5|4_5|5|5,
hit:7029_conv:14059,3,lonely,My dog passed away last week from old age and I've been really missing him. I don't think I can ever have another pet.,286,That's spot on_comma_ she felt like a family member. I'm not sure if I'll ever be able to have another pet.,5|5|4_5|5|5,
hit:7029_conv:14059,4,lonely,My dog passed away last week from old age and I've been really missing him. I don't think I can ever have another pet.,243,I know the feeling. The thought of replacing them seems impossible. Only time will tell if you are ever ready for another.,5|5|4_5|5|5,
hit:7127_conv:14254,1,lonely,I invited everyone to my birthday party and they came up with excuses on the last minute,516,A week ago I invited everyone to my birthday party and everyone was sure they would come_comma_ but on the last minute_comma_ they all came up with excuses,5|5|5_5|5|5,
hit:7127_conv:14254,2,lonely,I invited everyone to my birthday party and they came up with excuses on the last minute,55,Every single one? That's messed up.,5|5|5_5|5|5,
hit:7127_conv:14254,3,lonely,I invited everyone to my birthday party and they came up with excuses on the last minute,516,Yes_comma_ I felt very sad and lonely_comma_ not a good way to spend the evening,5|5|5_5|5|5,
hit:7127_conv:14254,4,lonely,I invited everyone to my birthday party and they came up with excuses on the last minute,55,I wouldn't wish that on my worst enemy.,5|5|5_5|5|5,
hit:7127_conv:14254,5,lonely,I invited everyone to my birthday party and they came up with excuses on the last minute,516,I wish you would've came,5|5|5_5|5|5,
hit:7221_conv:14442,1,lonely,I had to eat dinner by myself.  I hate being by myself.,322,I had to eat dinner by myself.,5|5|5_5|5|5,
hit:7221_conv:14442,2,lonely,I had to eat dinner by myself.  I hate being by myself.,587,I hate eating dinner by myself.  What happened that you ended up eating dinner alone?,5|5|5_5|5|5,
hit:7221_conv:14442,3,lonely,I had to eat dinner by myself.  I hate being by myself.,322,I thought many bad thoughts.  I hate being by myself.,5|5|5_5|5|5,
hit:7221_conv:14442,4,lonely,I had to eat dinner by myself.  I hate being by myself.,587,I dont like being alone much either.  What would cause you to have bad thought?  Were you scared?,5|5|5_5|5|5,
hit:7882_conv:15764,1,lonely,Everyone at work was sitting together eating lunch and talking but they didn't invite me. I sat alone and I felt so sad.,99,Everyone at work was sitting together eating lunch and talking but they didn't invite me.,5|5|5_5|4|4,
hit:7882_conv:15764,2,lonely,Everyone at work was sitting together eating lunch and talking but they didn't invite me. I sat alone and I felt so sad.,478,That's terrible of them! I would sit with you!,5|5|5_5|4|4,
hit:7882_conv:15764,3,lonely,Everyone at work was sitting together eating lunch and talking but they didn't invite me. I sat alone and I felt so sad.,99,I sat alone and I felt so sad. Thank you_comma_ though.,5|5|5_5|4|4,
hit:7882_conv:15764,4,lonely,Everyone at work was sitting together eating lunch and talking but they didn't invite me. I sat alone and I felt so sad.,478,Hey that really stinks. I hope that you can find someone to sit with you.,5|5|5_5|4|4,
hit:8102_conv:16204,1,lonely,i felt all alone this weekend,238,i felt all alone this weekend,5|5|5_5|5|5,
hit:8102_conv:16204,2,lonely,i felt all alone this weekend,244,You sound lonely. Do you not have any friends?,5|5|5_5|5|5,
hit:8102_conv:16204,3,lonely,i felt all alone this weekend,238,no i dont :(,5|5|5_5|5|5,
hit:8102_conv:16204,4,lonely,i felt all alone this weekend,244,Have you considered joining any hobby groups to make some new friends?,5|5|5_5|5|5,
hit:8388_conv:16776,1,lonely,I spent a lot of time by myself as a child.,225,I was alone a lot as a child.,5|5|5_5|5|5,
hit:8388_conv:16776,2,lonely,I spent a lot of time by myself as a child.,244,That's unfortunate.  You must have been lonely.  Has your situation improved since then?,5|5|5_5|5|5,
hit:8388_conv:16776,3,lonely,I spent a lot of time by myself as a child.,225,Not really. At least not in that way. I've got my own family now_comma_ but the last time I saw a friend was over 20 years ago.,5|5|5_5|5|5,
hit:8388_conv:16776,4,lonely,I spent a lot of time by myself as a child.,244,Wow.. that's... sad.,5|5|5_5|5|5,
hit:8505_conv:17010,1,lonely,I was very alone before I met my girlfriend and friend group,10,I was very alone before I met my girlfriend and friend group,5|5|5_5|5|5,
hit:8505_conv:17010,2,lonely,I was very alone before I met my girlfriend and friend group,628,How did you meet them?,5|5|5_5|5|5,
hit:8505_conv:17010,3,lonely,I was very alone before I met my girlfriend and friend group,10,Through my college!,5|5|5_5|5|5,
hit:8505_conv:17010,4,lonely,I was very alone before I met my girlfriend and friend group,628,It's always nice to go somewhere you can meet a lot of new people.,5|5|5_5|5|5,
hit:8685_conv:17371,1,lonely,My whole family left me behind this past weekend. It was really strange to be all alone in the house.,366,My family forgot about me and left me behind at the house this weekend. It felt so weird to be all by myself in the house.,5|5|5_5|5|5,
hit:8685_conv:17371,2,lonely,My whole family left me behind this past weekend. It was really strange to be all alone in the house.,209,I imagine that must have been quite a lonely experience for you. Did you see any ghosts?,5|5|5_5|5|5,
hit:8685_conv:17371,3,lonely,My whole family left me behind this past weekend. It was really strange to be all alone in the house.,366,No ghosts_comma_ but I did order some pizza and had that delivered to me. A large pizza all for me!,5|5|5_5|5|5,
hit:8685_conv:17371,4,lonely,My whole family left me behind this past weekend. It was really strange to be all alone in the house.,209,Nice! What kind of pizza was it?,5|5|5_5|5|5,
hit:8685_conv:17371,5,lonely,My whole family left me behind this past weekend. It was really strange to be all alone in the house.,366,Extra cheese and sausage_comma_ but I wish I could have shared a piece or two with my family.,5|5|5_5|5|5,
hit:8723_conv:17447,1,lonely, I was transferred to a new city. I did not know what to do on the weekends. I didn't have any friends or family. All my co-workers were married and lived in the suburbs.,637,I'm in a new city and don't know what to do.,5|5|5_5|5|5,
hit:8723_conv:17447,2,lonely, I was transferred to a new city. I did not know what to do on the weekends. I didn't have any friends or family. All my co-workers were married and lived in the suburbs.,91,That could be kind of scary. Have you tried to meet anyone that might could show you around and then maybe you would not be so lonely?,5|5|5_5|5|5,
hit:8723_conv:17447,3,lonely, I was transferred to a new city. I did not know what to do on the weekends. I didn't have any friends or family. All my co-workers were married and lived in the suburbs.,637,All of my co-workers are married and live in the suburbs.,5|5|5_5|5|5,
hit:8723_conv:17447,4,lonely, I was transferred to a new city. I did not know what to do on the weekends. I didn't have any friends or family. All my co-workers were married and lived in the suburbs.,91,Well_comma_ maybe try meeting some new friends? Someone a little closer_comma_ perhaps?,5|5|5_5|5|5,
hit:8723_conv:17447,5,lonely, I was transferred to a new city. I did not know what to do on the weekends. I didn't have any friends or family. All my co-workers were married and lived in the suburbs.,637,I will try_comma_ but I'm such a shy person. Thanks for your advice.,5|5|5_5|5|5,
hit:8747_conv:17495,1,lonely, Before I met my girlfriend and friends I was very alone_comma_ that was not a fun time,10,Before I met my girlfriend and friends I was very alone_comma_ that was not a fun time,5|5|5_4|5|5,
hit:8747_conv:17495,2,lonely, Before I met my girlfriend and friends I was very alone_comma_ that was not a fun time,273,Glad to hear your life took a turn. It's always weird_comma_ and even sometimes funny_comma_ to look back on your life to see where you came from_comma_ and how different and sometimes worse things were,5|5|5_4|5|5,
hit:8747_conv:17495,3,lonely, Before I met my girlfriend and friends I was very alone_comma_ that was not a fun time,10,That is for sure_comma_ it was not in a great place_comma_ but with some hard work_comma_ you can always improve,5|5|5_4|5|5,
hit:8747_conv:17495,4,lonely, Before I met my girlfriend and friends I was very alone_comma_ that was not a fun time,273,Well_comma_ it's always so annoying in the beginning_comma_ when you know you have to change_comma_ but to see how much work there is to do in order to reach that change. It's hard for people to break things up into smaller pieces so it's not so daunting. But congratulations to you for reaching a happier place,5|5|5_4|5|5,
hit:8750_conv:17501,1,lonely,It is a rough day_comma_ I am alone a lot.,296,It is a rough day_comma_ I am alone a lot lately. ,I have clicked the 'End Chat' button thank you!|5|5_5|5|5,
hit:8750_conv:17501,2,lonely,It is a rough day_comma_ I am alone a lot.,332,Ah I'm sorry to hear that. Were you really busy today then?,I have clicked the 'End Chat' button thank you!|5|5_5|5|5,
hit:8750_conv:17501,3,lonely,It is a rough day_comma_ I am alone a lot.,296,Oh yes I am normally busy but those pangs of loneliness hit. I hate them!,I have clicked the 'End Chat' button thank you!|5|5_5|5|5,
hit:8750_conv:17501,4,lonely,It is a rough day_comma_ I am alone a lot.,332,Oh yeah I know it. I have to work remote sometimes and_comma_ depending on the mood_comma_ loneliness hits hard.,I have clicked the 'End Chat' button thank you!|5|5_5|5|5,
hit:8979_conv:17959,1,lonely,I miss being able to talk to my parents_comma_ I don't live near them anymore,247,I miss being able to talk to my parents_comma_ I don't live near them anymore,5|5|5_5|5|5,
hit:8979_conv:17959,2,lonely,I miss being able to talk to my parents_comma_ I don't live near them anymore,139,That's too bad. Maybe you can call them?,5|5|5_5|5|5,
hit:8979_conv:17959,3,lonely,I miss being able to talk to my parents_comma_ I don't live near them anymore,247,Yeah_comma_ I facetime them from time to time_comma_ but it's not the same,5|5|5_5|5|5,
hit:8979_conv:17959,4,lonely,I miss being able to talk to my parents_comma_ I don't live near them anymore,139,I hear you. Just think in the old days you would have to write letters_comma_ lol.,5|5|5_5|5|5,
hit:9387_conv:18774,1,lonely,I don't have a girl friend,329,She found someone else,5|5|5_1|1|1,
hit:9387_conv:18774,2,lonely,I don't have a girl friend,327,Uh oh_comma_ that sounds bad.  Is it your wife?,5|5|5_1|1|1,
hit:9387_conv:18774,3,lonely,I don't have a girl friend,329,No. My girl friend,5|5|5_1|1|1,
hit:9387_conv:18774,4,lonely,I don't have a girl friend,327,Do you know who it is?,5|5|5_1|1|1,
hit:9387_conv:18774,5,lonely,I don't have a girl friend,329,No,5|5|5_1|1|1,<UNIGRAM>
hit:9880_conv:19760,1,lonely,It's really quiet around here right now. No one's at work besides me and the security guard downstairs.,1,It's really quiet around here right now. No one's at work besides me and the security guard downstairs,5|5|5_5|5|5,
hit:9880_conv:19760,2,lonely,It's really quiet around here right now. No one's at work besides me and the security guard downstairs.,567,Eek! Sounds pretty scary! I hate to be alone at night. ,5|5|5_5|5|5,
hit:9880_conv:19760,3,lonely,It's really quiet around here right now. No one's at work besides me and the security guard downstairs.,1,Yea_comma_ so do I. You'd think I'd get a lot done_comma_ but it's just so quiet.,5|5|5_5|5|5,
hit:9880_conv:19760,4,lonely,It's really quiet around here right now. No one's at work besides me and the security guard downstairs.,567,Yeah pretty creepy. Turn on some music or something so you don't get too nervous or anxious. ,5|5|5_5|5|5,
hit:10210_conv:20420,1,lonely,I recently moved to a very small town. It's been really difficult finding friends and making connections.,687,Good evening! I moved to a small town recently. It's been tough.,5|5|5_5|5|5,
hit:10210_conv:20420,2,lonely,I recently moved to a very small town. It's been really difficult finding friends and making connections.,659,Thanks_comma_ you as well. I know how that is. give it time and things will get better.,5|5|5_5|5|5,
hit:10210_conv:20420,3,lonely,I recently moved to a very small town. It's been really difficult finding friends and making connections.,687,I'm sure it will. I've already made some friends_comma_ but it's definitely difficult to make connections.,5|5|5_5|5|5,
hit:10210_conv:20420,4,lonely,I recently moved to a very small town. It's been really difficult finding friends and making connections.,659,Yeah_comma_ I think it gets more difficult as you get older anyway.,5|5|5_5|5|5,
hit:10800_conv:21600,1,lonely,as a writer i prefer to always be alone,706,as a writer i prefer to always be alone,5|5|5_5|5|5,
hit:10800_conv:21600,2,lonely,as a writer i prefer to always be alone,77,I see_comma_ being alone can be fulfilling to. It all depends on the kind of person you are.,5|5|5_5|5|5,
hit:10800_conv:21600,3,lonely,as a writer i prefer to always be alone,706,i agree with you_comma_ i get a lot of inspiration when i'm alone.,5|5|5_5|5|5,
hit:10800_conv:21600,4,lonely,as a writer i prefer to always be alone,77,Yes_comma_ we can discover our inner worlds whenever we're alone!,5|5|5_5|5|5,
hit:11242_conv:22484,1,lonely,My boyfriend and I did a lot around the house last weekend. It was nice he didn't have to work. Come monday morning I was really gonna miss him. Now I can't wait til this weekend so we can have more time together.,659,My boyfriend and I did a lot around the house last weekend. It was nice he didn't have to work. Come monday morning I knew I was really gonna miss him.,5|5|5_5|5|5,
hit:11242_conv:22484,2,lonely,My boyfriend and I did a lot around the house last weekend. It was nice he didn't have to work. Come monday morning I was really gonna miss him. Now I can't wait til this weekend so we can have more time together.,684,That's so nice! He sounds like a keeper!,5|5|5_5|5|5,
hit:11242_conv:22484,3,lonely,My boyfriend and I did a lot around the house last weekend. It was nice he didn't have to work. Come monday morning I was really gonna miss him. Now I can't wait til this weekend so we can have more time together.,659,Yes he is. I'm glad he is so understanding about my clingyness. I don't work so I'm alone alot.,5|5|5_5|5|5,
hit:11242_conv:22484,4,lonely,My boyfriend and I did a lot around the house last weekend. It was nice he didn't have to work. Come monday morning I was really gonna miss him. Now I can't wait til this weekend so we can have more time together.,684,I'm glad you guys found each other. He sounds like a nice guy.,5|5|5_5|5|5,
hit:11248_conv:22496,1,lonely,I broke up with my girlfriend a week ago so I'm trying to adjust to single life.,128,I broke up with my girlfriend a week ago so now I'm adjusting to single life.,5|5|5_5|5|5,
hit:11248_conv:22496,2,lonely,I broke up with my girlfriend a week ago so I'm trying to adjust to single life.,808,I'm sorry to hear that. That can be a hard adjustment to make. ,5|5|5_5|5|5,
hit:11248_conv:22496,3,lonely,I broke up with my girlfriend a week ago so I'm trying to adjust to single life.,128,I agree_comma_ I'm taking it one day at a time and I realize that it will be a process.,5|5|5_5|5|5,
hit:11248_conv:22496,4,lonely,I broke up with my girlfriend a week ago so I'm trying to adjust to single life.,808,Everything will work out fine. Stay strong_comma_ you're going to find someone that completes you and you will see that it was for the better. ,5|5|5_5|5|5,
hit:11337_conv:22674,1,lonely,so glad my kids are back from summer break,743,my kids made it back from summer break,5|5|5_5|5|5,
hit:11337_conv:22674,2,lonely,so glad my kids are back from summer break,725,That is so nice to hear! You have a full house again! Did they have a good time?,5|5|5_5|5|5,
hit:11337_conv:22674,3,lonely,so glad my kids are back from summer break,743,yes they had a good time and the house is back to being crazy.. i love it,5|5|5_5|5|5,
hit:11337_conv:22674,4,lonely,so glad my kids are back from summer break,725,Oh yeah! I hear you! A house full of kids is always crazy. Haha,5|5|5_5|5|5,
hit:11337_conv:22674,5,lonely,so glad my kids are back from summer break,743,lol_comma_ but they bring me so much joy. kinda funny,5|5|5_5|5|5,
hit:11910_conv:23821,1,lonely,I dont really know anyone at uni,63,I dont really know anyone at uni,5|5|5_5|5|4,
hit:11910_conv:23821,2,lonely,I dont really know anyone at uni,375,Are you nervous of meeting new friends?,5|5|5_5|5|4,
hit:11910_conv:23821,3,lonely,I dont really know anyone at uni,63,not im just not a social person_comma_ its a very double edged sword,5|5|5_5|5|4,
hit:11910_conv:23821,4,lonely,I dont really know anyone at uni,375,I think you should look to join a club in school!,5|5|5_5|5|4,
hit:12066_conv:24133,1,lonely, I was very lonely before I met my girlfriend and close friends,10, I was very lonely before I met my girlfriend and close friends,5|5|5_5|5|5,
hit:12066_conv:24133,2,lonely, I was very lonely before I met my girlfriend and close friends,243,I am glad you met someone.,5|5|5_5|5|5,
hit:12066_conv:24133,3,lonely, I was very lonely before I met my girlfriend and close friends,10,Thank you_comma_ I appreciate it!,5|5|5_5|5|5,
hit:12066_conv:24133,4,lonely, I was very lonely before I met my girlfriend and close friends,243,Everyone needs close friends to talk to and hangout with.,5|5|5_5|5|5,
hit:12213_conv:24426,1,lonely,I recently had a baby and now none of my friends want to hang out with me anymore. The father also left me.,99,I recently had a baby and now none of my friends want to hang out with me anymore. ,5|5|5_5|5|5,
hit:12213_conv:24426,2,lonely,I recently had a baby and now none of my friends want to hang out with me anymore. The father also left me.,438,Congratulations!  That's awful!  DO they not have kids themselves?  Its a pretty typical thing to happen when you're the first to have a baby among them and they don't understand that lifestyle. I've been there.,5|5|5_5|5|5,
hit:12213_conv:24426,3,lonely,I recently had a baby and now none of my friends want to hang out with me anymore. The father also left me.,99,Well_comma_ the father also left_comma_ so for me_comma_ I've just felt very sad and isolated,5|5|5_5|5|5,
hit:12213_conv:24426,4,lonely,I recently had a baby and now none of my friends want to hang out with me anymore. The father also left me.,438,I'm so sorry. My sister was in the very same situation as you and I can tell you_comma_ she made it through and her daughter is 9 now.  She kept taking a day at a time and working hard and went back to school to become a nurse. You can do it to. Find some true friends who will support you no matter what. ,5|5|5_5|5|5,
hit:12403_conv:24807,1,lonely,I have been alone for almost 5 years now. ,294,I have been alone for almost 5 years now. ,5|5|5_3|4|4,
hit:12403_conv:24807,2,lonely,I have been alone for almost 5 years now. ,298,As in living alone or single?,5|5|5_3|4|4,
hit:12403_conv:24807,3,lonely,I have been alone for almost 5 years now. ,294,Living alone because my wife passed away.  I miss her very much.,5|5|5_3|4|4,
hit:12403_conv:24807,4,lonely,I have been alone for almost 5 years now. ,298,Oh no. Thats terrible. ,5|5|5_3|4|4,
hit:902_conv:1805,1,lonely,My girlfriend went on a business trip_comma_ and I didn't have anyone to hang out wiht.,249,My girlfriend recently went on a business trip for a week_comma_ I was very lonely during this experience.,4|5|5_5|5|5,
hit:902_conv:1805,3,lonely,My girlfriend went on a business trip_comma_ and I didn't have anyone to hang out wiht.,249,I mainly just played video games and watched tv.,4|5|5_5|5|5,
hit:1768_conv:3537,1,lonely,I was working the night shift for the summer. My job was working alone. I saw no one for weeks. it got to me,70,I really was distraught,3|2|4_5|5|5,
hit:1768_conv:3537,3,lonely,I was working the night shift for the summer. My job was working alone. I saw no one for weeks. it got to me,70,yes. Makes me value human-human interaction a lot more. I had to go to the grocery store to feel ok,3|2|4_5|5|5,
hit:1874_conv:3748,1,lonely,My girlfriend went on a trip with her friends_comma_ and left me alone at home.,288,My girlfriend went on a week trip with her friends_comma_ and left me alone to fend for myself.,5|5|5_5|5|5,
hit:1874_conv:3748,3,lonely,My girlfriend went on a trip with her friends_comma_ and left me alone at home.,288,Mostly been playing video games_comma_ but it's so boring without her.,5|5|5_5|5|5,
hit:3992_conv:7985,1,lonely,Alone in a car,466,Sometimes when I'm driving home after a holiday_comma_ such as christmas_comma_ I get an overwhelming sense of being alone.,5|5|5_5|5|5,
hit:3992_conv:7985,3,lonely,Alone in a car,466,No I haven't_comma_ but that's a decent idea that I may try. Thanks for the suggestion!,5|5|5_5|5|5,
hit:6884_conv:13769,1,lonely,It so quiet and cold in my house. Wish my husband was home to keep me company. Trying to relax but keep hearing noises. ,481,Its so quiet in my house_comma_ my husband is out of town for work.,5|5|5_5|5|5,
hit:6884_conv:13769,3,lonely,It so quiet and cold in my house. Wish my husband was home to keep me company. Trying to relax but keep hearing noises. ,481,True_comma_ I'm trying but keep hearing creepy noises. Guess I need to turn the TV up louder haha,5|5|5_5|5|5,
hit:7358_conv:14716,1,lonely,It can be really tough when your kids are older and both them and your husband have electronics. I can be sitting in a room with them all and still feel as if no one is here.,135,It can be really tough when your husband and teenagers have electronics. ,4|5|5_5|5|5,
hit:7358_conv:14716,3,lonely,It can be really tough when your kids are older and both them and your husband have electronics. I can be sitting in a room with them all and still feel as if no one is here.,135,I do for family time but sometimes I can sit in a full room and still feel no one is there,4|5|5_5|5|5,
hit:8165_conv:16331,1,lonely,my dog is over at the vet for 4 days and it makes the house feel super lonly_comma_ i really am looking forward to my dog comming back,507,my dog is over at the vet for 4 days and makes the house feel so alone',5|5|5_5|5|5,
hit:8165_conv:16331,3,lonely,my dog is over at the vet for 4 days and it makes the house feel super lonly_comma_ i really am looking forward to my dog comming back,507,yeah i am really looking forward to getting him back,5|5|5_5|5|5,
hit:10316_conv:20632,1,lonely,School has lead me to a lack of social life.,395,I just started college again_comma_ and while I'm doing great in school_comma_ it has lead me to feel very lonely with a lack of social life.,5|5|5_5|5|5,
hit:10316_conv:20632,3,lonely,School has lead me to a lack of social life.,395,That sound like a good idea if they weren't online classes. Next semester I have a few on campus courses_comma_ so I'm hoping I'll be able to make at least one new friend.,5|5|5_5|5|5,
hit:10422_conv:20844,1,lonely,I felt very lonely when my partner decided to leave me for someone else.,673,My partner left me the other day.,5|4|4_3|5|5,
hit:10422_conv:20844,3,lonely,I felt very lonely when my partner decided to leave me for someone else.,673,That's fine_comma_ its not your problem. i just feel very lonely right now.,5|4|4_3|5|5,
hit:11038_conv:22076,1,lonely,when my wife left me a year ago i went a little stir crazy. it was so silent in the house_comma_ i had to get out and make new friends.,290,When my wife left me it was so quiet in the house! it almost drove me crazy,5|5|5_5|5|5,
hit:11038_conv:22076,3,lonely,when my wife left me a year ago i went a little stir crazy. it was so silent in the house_comma_ i had to get out and make new friends.,290,hah_comma_ i hear ya. I just got so used to all the commotion i suppose. ,5|5|5_5|5|5,
hit:11293_conv:22587,1,lonely,My wife went out of town for a girls weekend and I sat at home with the dog for 3 days by myself.,423,Recently my wife left me home alone with the dog all weekend while she was gone on a girls trip.,5|5|5_2|4|4,
hit:11293_conv:22587,3,lonely,My wife went out of town for a girls weekend and I sat at home with the dog for 3 days by myself.,423,I missed her while she was gone. We have a mixed breed rescue pup.,5|5|5_2|4|4,
hit:11400_conv:22801,1,lonely,I spent Saturday night playing Lord of the Rings Online.,804,I spent Saturday night playing Lord of the Rings Online.,4|5|5_5|5|5,
hit:11400_conv:22801,3,lonely,I spent Saturday night playing Lord of the Rings Online.,804,It is good_comma_ but I sometimes wonder if I'm trading real life for a fantasy world.,4|5|5_5|5|5,
hit:11440_conv:22881,1,lonely,My husband used to work out of town in a different state Sunday through Thursday. Even though my kids were with me and we kept to our usual routine_comma_ I still missed him very badly when he was gone. Every Sunday after he left_comma_ I would cry.,536,My husband used to work out of town in a different state Sunday through Thursday.,5|5|5_5|5|5,
hit:11440_conv:22881,3,lonely,My husband used to work out of town in a different state Sunday through Thursday. Even though my kids were with me and we kept to our usual routine_comma_ I still missed him very badly when he was gone. Every Sunday after he left_comma_ I would cry.,536,Yeah_comma_ he does work hard. Even thought my children were with me and we kept our usual routines_comma_ I was miserable when he was gone. I would cry after he left every Sunday. Luckily now_comma_ he has a job where he is home everyday by supper time.,5|5|5_5|5|5,
hit:11440_conv:22881,5,lonely,My husband used to work out of town in a different state Sunday through Thursday. Even though my kids were with me and we kept to our usual routine_comma_ I still missed him very badly when he was gone. Every Sunday after he left_comma_ I would cry.,536,We really are_comma_ he brings out the best in me.,5|5|5_5|5|5,
hit:22_conv:45,1,sad,I felt sad when my dog passed away. It was a pet that I had since I was 3 years old_comma_ and was one of the saddest days of my life.,30,Have you ever had a pet that you had to put down? I was so heartbroken when my dog of 16 years had to be put down. this was years ago but it still makes me sad to this day.,5|5|5_5|5|5,
hit:22_conv:45,2,sad,I felt sad when my dog passed away. It was a pet that I had since I was 3 years old_comma_ and was one of the saddest days of my life.,29,That is heartbreaking_comma_ it's always helped me to remember that no matter what happens_comma_ you have your memories with them.,5|5|5_5|5|5,
hit:22_conv:45,3,sad,I felt sad when my dog passed away. It was a pet that I had since I was 3 years old_comma_ and was one of the saddest days of my life.,30,That is true_comma_ we got her when I was 3 years old so I kind of grew up with her_comma_ I'll never forget those memories.,5|5|5_5|5|5,
hit:22_conv:45,4,sad,I felt sad when my dog passed away. It was a pet that I had since I was 3 years old_comma_ and was one of the saddest days of my life.,29,Absolutely_comma_ it's a chapter of your life and as long as you have those memories they live on through those memories.,5|5|5_5|5|5,
hit:77_conv:154,1,sad,I was told my cat only has a few weeks to live.,46,The vet told me my cat only has a few weeks left to live.,3|4|4_4|5|5,
hit:77_conv:154,2,sad,I was told my cat only has a few weeks to live.,11,Thats so terrible! :( Im really sorry... you should do something special everyday and make memories! ,3|4|4_4|5|5,
hit:77_conv:154,3,sad,I was told my cat only has a few weeks to live.,46,I plan on it! He is really old so it is just his time to go and I get that but that doesnt make it any easier.,3|4|4_4|5|5,
hit:77_conv:154,4,sad,I was told my cat only has a few weeks to live.,11,It really doesnt.. i had to put my dog to sleep and it was extremely painful. I really hope that he can rest without pain and that you can feel better soon.. ,3|4|4_4|5|5,
hit:77_conv:154,5,sad,I was told my cat only has a few weeks to live.,46,Yeah It is just one of those things we all have to go through at some point.,3|4|4_4|5|5,
hit:434_conv:868,1,sad,I'm turning 40 Saturday and I'm feeling old.,156,Moving to a new age bracket is scary.,5|5|4_5|5|5,
hit:434_conv:868,2,sad,I'm turning 40 Saturday and I'm feeling old.,157,In what way are you fearful? I've never thought about that before.,5|5|4_5|5|5,
hit:434_conv:868,3,sad,I'm turning 40 Saturday and I'm feeling old.,156,Turning 40 is one step closer to being older and makes me think about old age more.,5|5|4_5|5|5,
hit:434_conv:868,4,sad,I'm turning 40 Saturday and I'm feeling old.,157,I am 42_comma_ 40 didn't bother me.....there is nothing you can do about the aging process. I just try to take getting older in stride.,5|5|4_5|5|5,
hit:437_conv:874,1,sad,I am very sad these days.,75,I am very sad these days,4|4|5_5|5|5,
hit:437_conv:874,2,sad,I am very sad these days.,155,I am so sorry to hear that. Is it related to your work?,4|4|5_5|5|5,
hit:437_conv:874,3,sad,I am very sad these days.,75,No. i am sad because of president Trump.,4|4|5_5|5|5,<POLITICAL>
hit:437_conv:874,4,sad,I am very sad these days.,155,I see. Well_comma_ this is how democracy works and we will have to accept it,4|4|5_5|5|5,
hit:759_conv:1518,1,sad,MY dauhter is growing up too fast. She is going to leave me soon. ,27,Do you have kids? My daughter will be 14 soon. I don't want her to grow up.,5|5|5_5|5|5,
hit:759_conv:1518,2,sad,MY dauhter is growing up too fast. She is going to leave me soon. ,119,None that I know of!  I feel you.. if I ever had a daughter I'd be overprotective and stressing,5|5|5_5|5|5,
hit:759_conv:1518,3,sad,MY dauhter is growing up too fast. She is going to leave me soon. ,27,She is so smart and outgoing. I know she is going to want to leave the state for college. Nooooo,5|5|5_5|5|5,
hit:759_conv:1518,4,sad,MY dauhter is growing up too fast. She is going to leave me soon. ,119,Nope lock her in the basement,5|5|5_5|5|5,
hit:759_conv:1518,5,sad,MY dauhter is growing up too fast. She is going to leave me soon. ,27,I think I will,5|5|5_5|5|5,
hit:938_conv:1877,1,sad,I moved to another state and my family was left behind.,226,I moved to another state and my family was left behind,5|4|5_4|5|5,
hit:938_conv:1877,2,sad,I moved to another state and my family was left behind.,66,Was that difficult? And is it your extended family_comma_ or your immediate family?,5|4|5_4|5|5,
hit:938_conv:1877,3,sad,I moved to another state and my family was left behind.,226,It was hard. I had never been away from them before that.,5|4|5_4|5|5,
hit:938_conv:1877,4,sad,I moved to another state and my family was left behind.,66,I know that can be really tough. Sometimes_comma_ though_comma_ it can strengthen communication -- hopefully they've been able to visit?,5|4|5_4|5|5,
hit:944_conv:1889,1,sad,My sister had a miscarriage ,244,My sister had a miscarriage :(,5|5|5_5|5|5,
hit:944_conv:1889,2,sad,My sister had a miscarriage ,1,Oh no. I'm so sorry.,5|5|5_5|5|5,
hit:944_conv:1889,3,sad,My sister had a miscarriage ,244,Yeah_comma_ it sucks.  They've been trying for years.,5|5|5_5|5|5,
hit:944_conv:1889,4,sad,My sister had a miscarriage ,1,I hope time will heal_comma_ and they don't lose hope.,5|5|5_5|5|5,
hit:944_conv:1889,5,sad,My sister had a miscarriage ,244,I think they're going to try one more time... we'll see.,5|5|5_5|5|5,
hit:993_conv:1987,1,sad,I was reading the news and came across a story about children being killed in a fire. It hurt my heart to think about it.,226,I was reading the news and came across a story about children being killed in a fire. It hurt my heart to think about it,5|5|5_5|5|5,
hit:993_conv:1987,2,sad,I was reading the news and came across a story about children being killed in a fire. It hurt my heart to think about it.,4,That is horrible_comma_ so sad.,5|5|5_5|5|5,
hit:993_conv:1987,3,sad,I was reading the news and came across a story about children being killed in a fire. It hurt my heart to think about it.,226,This kind of tragedy is even worse when it could have been avoided.,5|5|5_5|5|5,
hit:993_conv:1987,4,sad,I was reading the news and came across a story about children being killed in a fire. It hurt my heart to think about it.,4,Yes_comma_ fire prevention shouldn't be that hard.,5|5|5_5|5|5,
hit:1052_conv:2105,1,sad,the day i had to put my dog to sleep ,11, I am not feeling in a good mood today. ,5|5|5_3|4|5,
hit:1052_conv:2105,2,sad,the day i had to put my dog to sleep ,220,Oh no_comma_ I hope you feel better soon. Do you want to talk about it?,5|5|5_3|4|5,
hit:1052_conv:2105,3,sad,the day i had to put my dog to sleep ,11,thanks im just upset because i had to put my dog to sleep ,5|5|5_3|4|5,
hit:1052_conv:2105,4,sad,the day i had to put my dog to sleep ,220,I'm so sorry. Have you tried reading Rainbow Bridge_comma_ that could provide some comfort.,5|5|5_3|4|5,
hit:1180_conv:2361,1,sad,I was devastated when my dad passed away. It was just hard,126,It really hurt when my dad died randomly. It was the hardest thing I have been through,5|4|4_5|5|5,
hit:1180_conv:2361,2,sad,I was devastated when my dad passed away. It was just hard,27,I'm so sorry to hear that.,5|4|4_5|5|5,
hit:1180_conv:2361,3,sad,I was devastated when my dad passed away. It was just hard,126,Yeah it was tough,5|4|4_5|5|5,
hit:1180_conv:2361,4,sad,I was devastated when my dad passed away. It was just hard,27,I lost my grandmother last year. It is a rough thing to go through.,5|4|4_5|5|5,
hit:1183_conv:2367,1,sad,One of my good friends moved a few states away.,286,A good friend of mine ended up moving a few states away. We haven't been face to face in over three years.,4|5|5_5|5|5,
hit:1183_conv:2367,2,sad,One of my good friends moved a few states away.,238,wow im sorry to hear that. you still stay in contact?,4|5|5_5|5|5,
hit:1183_conv:2367,3,sad,One of my good friends moved a few states away.,286,Yeah_comma_ we talk daily on FaceBook. Really that's the biggest benefit to social media these days.,4|5|5_5|5|5,
hit:1183_conv:2367,4,sad,One of my good friends moved a few states away.,238,thats good,4|5|5_5|5|5,
hit:1183_conv:2367,5,sad,One of my good friends moved a few states away.,286,I'm hoping he can get a chance to come visit soon_comma_ social media can't replace face to face contact/,4|5|5_5|5|5,
hit:1196_conv:2393,1,sad,I was upset when my dog ricky went missing,238,I was upset when my dog ricky went missing,5|5|5_4|4|5,
hit:1196_conv:2393,2,sad,I was upset when my dog ricky went missing,27,Oh no. What happened?,5|5|5_4|4|5,
hit:1196_conv:2393,3,sad,I was upset when my dog ricky went missing,238,he dug a hole and got out,5|5|5_4|4|5,
hit:1196_conv:2393,4,sad,I was upset when my dog ricky went missing,27,Dogs can be bad. Did he come home?,5|5|5_4|4|5,
hit:1267_conv:2534,1,sad,I am upset Brian Lawyer died.,4,I am upset Brian Lawyer died.,5|5|5_2|5|5,
hit:1267_conv:2534,2,sad,I am upset Brian Lawyer died.,286,Oh that's horrible. Who's Brian Lawyer?,5|5|5_2|5|5,
hit:1267_conv:2534,3,sad,I am upset Brian Lawyer died.,4,He was a WWE wrestler.,5|5|5_2|5|5,
hit:1267_conv:2534,4,sad,I am upset Brian Lawyer died.,286,I've never heard of him_comma_ but that sucks. How'd he die?,5|5|5_2|5|5,
hit:1267_conv:2534,5,sad,I am upset Brian Lawyer died.,4,He hung himself.,5|5|5_2|5|5,
hit:1267_conv:2534,6,sad,I am upset Brian Lawyer died.,286,Oh wow that's horrible.,5|5|5_2|5|5,
hit:1294_conv:2588,1,sad,Yesterday_comma_ my grandmother was admitted to the hospital for cancer. I was sad.,209,I got some bad news yesterday...my grandmother was admitted to the hospital for cancer.,5|5|4_5|5|5,
hit:1294_conv:2588,2,sad,Yesterday_comma_ my grandmother was admitted to the hospital for cancer. I was sad.,4,Sorry for the bad news.,5|5|4_5|5|5,
hit:1294_conv:2588,3,sad,Yesterday_comma_ my grandmother was admitted to the hospital for cancer. I was sad.,209,Thanks for the condolences. They are telling me it isn't severe_comma_ so I have somewhat high hopes for her eventual recovery.,5|5|4_5|5|5,
hit:1294_conv:2588,4,sad,Yesterday_comma_ my grandmother was admitted to the hospital for cancer. I was sad.,4,I know she will make it.,5|5|4_5|5|5,
hit:1305_conv:2610,1,sad,I couldn't find my debit card all week and I've finally given. I think I have to get it replaced.,269,I couldn't find my debit card all week and I've finally given up. I think I have to get it replaced.,5|5|5_5|5|5,
hit:1305_conv:2610,2,sad,I couldn't find my debit card all week and I've finally given. I think I have to get it replaced.,209,Aw man_comma_ I've been there before. Has anyone tried using it?,5|5|5_5|5|5,
hit:1305_conv:2610,3,sad,I couldn't find my debit card all week and I've finally given. I think I have to get it replaced.,269,No_comma_ I kept track of the transaction on my mobile app. I'm pretty sure I lost it.,5|5|5_5|5|5,
hit:1305_conv:2610,4,sad,I couldn't find my debit card all week and I've finally given. I think I have to get it replaced.,209,That really sucks. Fortunate to hear that no one misused it though. They are typically pretty fast at sending you a new one.,5|5|5_5|5|5,
hit:1348_conv:2696,1,sad,I miss my grandmother. She passed away last year.,27,My grandmother passed away last thanksgiving. It is tought without her.,5|5|5_5|5|5,
hit:1348_conv:2696,2,sad,I miss my grandmother. She passed away last year.,297,Im very sorry to hear that. hopefully it will get better with time.,5|5|5_5|5|5,
hit:1348_conv:2696,3,sad,I miss my grandmother. She passed away last year.,27,It will. She was an awesome lady.,5|5|5_5|5|5,
hit:1348_conv:2696,4,sad,I miss my grandmother. She passed away last year.,297,Im sure she is in a better place. Looking down on you.,5|5|5_5|5|5,
hit:1348_conv:2696,5,sad,I miss my grandmother. She passed away last year.,27,I;m gonna make her proud.,5|5|5_5|5|5,
hit:1524_conv:3049,1,sad,I get very depressed seeing roadkill when driving. Such a sad way to go.,269,I get very depressed seeing roadkill when driving. Such a sad way to go.,5|5|5_5|5|5,
hit:1524_conv:3049,2,sad,I get very depressed seeing roadkill when driving. Such a sad way to go.,220,Have you seen any recently? It is really sad_comma_ what gets me the most is hearing about black bears being hit.,5|5|5_5|5|5,
hit:1524_conv:3049,3,sad,I get very depressed seeing roadkill when driving. Such a sad way to go.,269,Yes_comma_ I saw one this morning. It was rotting and crows were feeding on it_comma_ so sad...,5|5|5_5|5|5,
hit:1524_conv:3049,4,sad,I get very depressed seeing roadkill when driving. Such a sad way to go.,220,Poor thing_comma_ it's not fair! Drivers need to watch out!,5|5|5_5|5|5,
hit:1769_conv:3538,1,sad,I was very sad when I watched the ending to Orange is the New Black. They told the Mexican prisoner she was free adn tehn she wasn't.,196,Do you watch Orange is the New Black? I was sad when I saw it.,5|5|5_4|5|5,
hit:1769_conv:3538,2,sad,I was very sad when I watched the ending to Orange is the New Black. They told the Mexican prisoner she was free adn tehn she wasn't.,324,I haven't seen it_comma_ but I know a lot of people like it. ,5|5|5_4|5|5,
hit:1769_conv:3538,3,sad,I was very sad when I watched the ending to Orange is the New Black. They told the Mexican prisoner she was free adn tehn she wasn't.,196,Yeah - it's a bit like an old HBO show called Oz,5|5|5_4|5|5,
hit:1769_conv:3538,4,sad,I was very sad when I watched the ending to Orange is the New Black. They told the Mexican prisoner she was free adn tehn she wasn't.,324,Sounds good_comma_ were you said throughout the series or because of an ending?,5|5|5_4|5|5,
hit:1769_conv:3538,5,sad,I was very sad when I watched the ending to Orange is the New Black. They told the Mexican prisoner she was free adn tehn she wasn't.,196,Because of an ending - I don't want to spoil it for you though,5|5|5_4|5|5,
hit:1769_conv:3538,6,sad,I was very sad when I watched the ending to Orange is the New Black. They told the Mexican prisoner she was free adn tehn she wasn't.,324,I appreciate that! I wish I had watched it so you could talk more about it. ,5|5|5_4|5|5,
hit:1921_conv:3842,1,sad,My grandmother died when I was 10 and I was devistated.,294,My grandmother died when I was 10 and I was devastated.,5|5|5_5|5|5,
hit:1921_conv:3842,2,sad,My grandmother died when I was 10 and I was devistated.,20,I am very sorry for your loss.,5|5|5_5|5|5,
hit:1921_conv:3842,3,sad,My grandmother died when I was 10 and I was devistated.,294,Thank you.  It was a long time ago but I still think about her a lot.  She had a big impact on my life.,5|5|5_5|5|5,
hit:1921_conv:3842,4,sad,My grandmother died when I was 10 and I was devistated.,20,A loss is never easy especially one in the family.,5|5|5_5|5|5,
hit:2158_conv:4317,1,sad,I was very depressed and upset when my partner left_comma_ we've been together for years and I feel like my time has been wasted.,65,Do you have a partner?,2|4|5_3|4|5,
hit:2158_conv:4317,2,sad,I was very depressed and upset when my partner left_comma_ we've been together for years and I feel like my time has been wasted.,296,yes I do. Do you?,2|4|5_3|4|5,
hit:2158_conv:4317,3,sad,I was very depressed and upset when my partner left_comma_ we've been together for years and I feel like my time has been wasted.,65,No_comma_ not anymore.,2|4|5_3|4|5,
hit:2158_conv:4317,4,sad,I was very depressed and upset when my partner left_comma_ we've been together for years and I feel like my time has been wasted.,296,Is that a good or a bad thing?,2|4|5_3|4|5,
hit:2158_conv:4317,5,sad,I was very depressed and upset when my partner left_comma_ we've been together for years and I feel like my time has been wasted.,65,Bad at first_comma_ but good to find someone better_comma_ it's hard to find someone though.,2|4|5_3|4|5,
hit:2172_conv:4344,1,sad,I was upset when my grandma passed away. It was very random,126,It was very random when it happen_comma_ but my grand ma passed away and it was sad. I did not expect it,4|4|5_5|5|5,
hit:2172_conv:4344,2,sad,I was upset when my grandma passed away. It was very random,296,Death can happen in an INSTANT! I have been there the past year. I am sorry!,4|4|5_5|5|5,
hit:2172_conv:4344,3,sad,I was upset when my grandma passed away. It was very random,126,Yeah I have experience a lot of that recently,4|4|5_5|5|5,
hit:2172_conv:4344,4,sad,I was upset when my grandma passed away. It was very random,296,Me too! So sorry! Life doesn't get any easier. It's just about trying to enjoy every day,4|4|5_5|5|5,
hit:2185_conv:4371,1,sad,My aunt died,244,My aunt died last week,5|5|5_5|5|5,
hit:2185_conv:4371,2,sad,My aunt died,296,Oh man! I am so sorry! You must be devastated.,5|5|5_5|5|5,
hit:2185_conv:4371,3,sad,My aunt died,244,Yeah its pretty bad. She had cancer and they didn't see it late.  Atleast it was pretty fast,5|5|5_5|5|5,
hit:2185_conv:4371,4,sad,My aunt died,296,Oh man..I just had someone go through that. It is horrifying. Yes a long battle can be good or bad. I am sorry.,5|5|5_5|5|5,
hit:2185_conv:4371,5,sad,My aunt died,244,She went to the hospital and the whole thing start to finish was under a month.  They did a week of chemo and it didn't work.,5|5|5_5|5|5,
hit:2197_conv:4394,1,sad,when i had to get rid of my animals ,11, I had to get rid of my animals when I meant my wife due to her allergies. It was really difficult. ,5|5|5_5|5|5,
hit:2197_conv:4394,2,sad,when i had to get rid of my animals ,244,That's unfortunate. How many animals did you have?,5|5|5_5|5|5,
hit:2197_conv:4394,3,sad,when i had to get rid of my animals ,11,I had 2... I had them for years. It really sucked but we tried for almost 2 years_comma_ and her allergies were insanely bad to the point of hospital visits. ,5|5|5_5|5|5,
hit:2197_conv:4394,4,sad,when i had to get rid of my animals ,244,What kind of animals were they?,5|5|5_5|5|5,
hit:2200_conv:4401,1,sad,A man in our community was hit by a drunk driver the other night and didn't make it.,220,A man in our community was hit by a drunk driver the other night while walking his dog_comma_ he didn't survive. It's very heartbreaking.,5|5|5_5|5|5,
hit:2200_conv:4401,2,sad,A man in our community was hit by a drunk driver the other night and didn't make it.,277,That is so sad!  I would be so mad at the drunk driver!  How could he live with himself!,5|5|5_5|5|5,
hit:2200_conv:4401,3,sad,A man in our community was hit by a drunk driver the other night and didn't make it.,220,Who knows_comma_ I hope he gets the book thrown at him!,5|5|5_5|5|5,
hit:2200_conv:4401,4,sad,A man in our community was hit by a drunk driver the other night and didn't make it.,277,I agree!  There is no excuse for that to have happened!  Such a tragedy!,5|5|5_5|5|5,
hit:2558_conv:5116,1,sad,I wish I can stay just one more day i'm so unhappy that I will be leaving today,210,I wish I can stay just one more day i'm so unhappy that I will be leaving today,5|5|5_5|5|4,
hit:2558_conv:5116,2,sad,I wish I can stay just one more day i'm so unhappy that I will be leaving today,243,Where are you going?,5|5|5_5|5|4,
hit:2558_conv:5116,3,sad,I wish I can stay just one more day i'm so unhappy that I will be leaving today,210,I have to go back to my rountine work_comma_ I am so sad about it_comma_ I wish the holiday can continue and for the first time I found love during a holiday,5|5|5_5|5|4,
hit:2558_conv:5116,4,sad,I wish I can stay just one more day i'm so unhappy that I will be leaving today,243,Oh that's never fun. I hate that too.,5|5|5_5|5|4,
hit:2856_conv:5713,1,sad,It's tough seeing my dog get old and have trouble walking now.,100,It's tough seeing my dog get old and have trouble walking now.,5|5|5_5|5|5,
hit:2856_conv:5713,2,sad,It's tough seeing my dog get old and have trouble walking now.,255,Oh mine too_comma_ he is 12 and lost eye sight,5|5|5_5|5|5,
hit:2856_conv:5713,3,sad,It's tough seeing my dog get old and have trouble walking now.,100,It's unfortunate_comma_ mine just turned 15.,5|5|5_5|5|5,
hit:2856_conv:5713,4,sad,It's tough seeing my dog get old and have trouble walking now.,255,Wow_comma_ 15 cant do nothing but love them,5|5|5_5|5|5,
hit:2858_conv:5716,1,sad,My pet turtle apparently died 2 weeks ago. I was just now told by my parents who were holding on to me while i was away.,68,So i was told yesterday while i've been away my pet turtle had died. :(,3|3|3_4|4|5,
hit:2858_conv:5716,2,sad,My pet turtle apparently died 2 weeks ago. I was just now told by my parents who were holding on to me while i was away.,427,That's terrible! Did he at least live a good life?,3|3|3_4|4|5,
hit:2858_conv:5716,3,sad,My pet turtle apparently died 2 weeks ago. I was just now told by my parents who were holding on to me while i was away.,68,He did live for 12 years but apparently i wasn't told til now and he died 2 weeks ago.,3|3|3_4|4|5,
hit:2858_conv:5716,4,sad,My pet turtle apparently died 2 weeks ago. I was just now told by my parents who were holding on to me while i was away.,427,Oh man! Be sure to give em a proper sendoff. ,3|3|3_4|4|5,
hit:3137_conv:6275,1,sad,I am super sad that people do not want to change their destructive behaviors. It's very sad especially when you know someone was abused for so long and they just keep ruining their lives. Almost like they are continuing the abuse on themselves.,296,I am super sad that people I've known and cared for do not want to change their destructive behaviors. I,4|5|5_5|5|5,
hit:3137_conv:6275,2,sad,I am super sad that people do not want to change their destructive behaviors. It's very sad especially when you know someone was abused for so long and they just keep ruining their lives. Almost like they are continuing the abuse on themselves.,27,that sucks,4|5|5_5|5|5,
hit:3137_conv:6275,3,sad,I am super sad that people do not want to change their destructive behaviors. It's very sad especially when you know someone was abused for so long and they just keep ruining their lives. Almost like they are continuing the abuse on themselves.,296,Yes... It's very sad especially when you know someone was abused for so long and they just keep ruining their lives. Almost like they are continuing the abuse on themselves.,4|5|5_5|5|5,
hit:3137_conv:6275,4,sad,I am super sad that people do not want to change their destructive behaviors. It's very sad especially when you know someone was abused for so long and they just keep ruining their lives. Almost like they are continuing the abuse on themselves.,27,you have to let those people go,4|5|5_5|5|5,
hit:3322_conv:6645,1,sad,My Venus fly-trap plant died yesterday.  I am very hurt it happened.,322,My Venus Fly-trap plant died yesterday.,4|3|4_5|5|5,
hit:3322_conv:6645,2,sad,My Venus fly-trap plant died yesterday.  I am very hurt it happened.,4,How long did you have it for?,4|3|4_5|5|5,
hit:3322_conv:6645,3,sad,My Venus fly-trap plant died yesterday.  I am very hurt it happened.,322,I had it for two years.  I'm very hurt from it.,4|3|4_5|5|5,
hit:3322_conv:6645,4,sad,My Venus fly-trap plant died yesterday.  I am very hurt it happened.,4,Can you buy a new one?,4|3|4_5|5|5,
hit:4066_conv:8132,1,sad,I feel for my ex again. I know he is no good. I am doomed,262,I fell for my ex again. He knows how to get to me.,5|5|5_5|5|5,
hit:4066_conv:8132,2,sad,I feel for my ex again. I know he is no good. I am doomed,139,Dang_comma_ don't you hate when that happens. What did he promise you this time?,5|5|5_5|5|5,
hit:4066_conv:8132,3,sad,I feel for my ex again. I know he is no good. I am doomed,262,To stop gambling and give me his entire check. How could I say no? I know its not going to last though.,5|5|5_5|5|5,
hit:4066_conv:8132,4,sad,I feel for my ex again. I know he is no good. I am doomed,139,Well make sure it is going straight to you. No drinks or smokes unless you say so.,5|5|5_5|5|5,
hit:4066_conv:8132,5,sad,I feel for my ex again. I know he is no good. I am doomed,262,We will see.,5|5|5_5|5|5,
hit:4091_conv:8183,1,sad,I got locked out of my house today and couldn't shower despite being really sweaty.,182,I got locked out of my house today and couldn't shower despite being really sweaty.,5|4|5_4|5|5,
hit:4091_conv:8183,2,sad,I got locked out of my house today and couldn't shower despite being really sweaty.,75,Sorry to hear that.Are you still locked out?,5|4|5_4|5|5,
hit:4091_conv:8183,3,sad,I got locked out of my house today and couldn't shower despite being really sweaty.,182,Yes I am just at my friends house waiting for my parents to come home to unlock it.,5|4|5_4|5|5,
hit:4091_conv:8183,4,sad,I got locked out of my house today and couldn't shower despite being really sweaty.,75,Well_comma_ you just have to be patient.,5|4|5_4|5|5,
hit:4102_conv:8204,1,sad,I purchased a robot. And the robot got broken after using it for just one week.,291,Hello_comma_ have you ever used a robot before?,5|5|5_4|5|5,<HI>
hit:4102_conv:8204,2,sad,I purchased a robot. And the robot got broken after using it for just one week.,243,No I have not? I think it might be fun though. Have you?,5|5|5_4|5|5,
hit:4102_conv:8204,3,sad,I purchased a robot. And the robot got broken after using it for just one week.,291,It is fun and yes I have. I recently purchased one,5|5|5_4|5|5,
hit:4102_conv:8204,4,sad,I purchased a robot. And the robot got broken after using it for just one week.,243,What kind of robot is it? What does it do?,5|5|5_4|5|5,
hit:4102_conv:8204,5,sad,I purchased a robot. And the robot got broken after using it for just one week.,291,It was a smaller red_comma_ carpet cleaning one! But it broke down quickly..,5|5|5_4|5|5,
hit:4259_conv:8519,1,sad,I just found out my brother had to get checked into rehab!  I had no idea he had a problem and am quite upset over it!,277,I just found out my brother had to get checked into rehab! I had no idea he had a problem and am quite upset over it!,5|5|5_5|5|5,
hit:4259_conv:8519,2,sad,I just found out my brother had to get checked into rehab!  I had no idea he had a problem and am quite upset over it!,20,Addiction is a scary thing! I wish him the best.,5|5|5_5|5|5,
hit:4259_conv:8519,3,sad,I just found out my brother had to get checked into rehab!  I had no idea he had a problem and am quite upset over it!,277,It is.  I just think it is crazy that none of my family knew.  At least he is getting help.,5|5|5_5|5|5,
hit:4259_conv:8519,4,sad,I just found out my brother had to get checked into rehab!  I had no idea he had a problem and am quite upset over it!,20,Yes it takes a lot of courage to do that.,5|5|5_5|5|5,
hit:4313_conv:8626,1,sad,My friend died in a car accident recently.  I am so hurt over it.,322,My friend died in a car accident recently.,5|5|5_5|5|5,
hit:4313_conv:8626,2,sad,My friend died in a car accident recently.  I am so hurt over it.,389,Oh no!!  That is awful.  I hope you are okay :(,5|5|5_5|5|5,
hit:4313_conv:8626,3,sad,My friend died in a car accident recently.  I am so hurt over it.,322,Thanks.  I'm so hurt over it.,5|5|5_5|5|5,
hit:4313_conv:8626,4,sad,My friend died in a car accident recently.  I am so hurt over it.,389,I bet.  Nothing is worse than losing a friend suddenly like that.   Keep your head up_comma_ friend.,5|5|5_5|5|5,
hit:4376_conv:8753,1,sad,My pet goldfish died recently. I was devastated. I really liked Goldie.,139,I was so upset when my pet goldfish died recently. I really loved Goldie.,5|5|5_5|5|5,
hit:4376_conv:8753,2,sad,My pet goldfish died recently. I was devastated. I really liked Goldie.,4,That sucks_comma_ how old was the goldfish?,5|5|5_5|5|5,
hit:4376_conv:8753,3,sad,My pet goldfish died recently. I was devastated. I really liked Goldie.,139,Goldie was almost a year old. She was slowly swimming less and less so it wasn't completely unexpected.,5|5|5_5|5|5,
hit:4376_conv:8753,4,sad,My pet goldfish died recently. I was devastated. I really liked Goldie.,4,What did you do with Goldie after she died?,5|5|5_5|5|5,
hit:4462_conv:8925,1,sad,I am watching old episodes of game of thrones. its bittersweet,27,I am watching the last season of game of thrones,5|5|5_3|3|4,
hit:4462_conv:8925,2,sad,I am watching old episodes of game of thrones. its bittersweet,391,thats awesome. dont spoil anything_comma_ okay? :D,5|5|5_3|3|4,
hit:4462_conv:8925,3,sad,I am watching old episodes of game of thrones. its bittersweet,27,I wo't I am sad that it is ending,5|5|5_3|3|4,
hit:4462_conv:8925,4,sad,I am watching old episodes of game of thrones. its bittersweet,391,well_comma_ true. me too,5|5|5_3|3|4,
hit:4462_conv:8925,5,sad,I am watching old episodes of game of thrones. its bittersweet,27,I cant wait for the final episode,5|5|5_3|3|4,
hit:4659_conv:9319,1,sad,A character that I loved was killed off of one of my shows that I always watch. I cried like a baby.,226,A character that I loved was killed off of one of my shows that I always watch. I cried like a baby.,4|4|4_5|5|5,
hit:4659_conv:9319,2,sad,A character that I loved was killed off of one of my shows that I always watch. I cried like a baby.,10,What show is it?,4|4|4_5|5|5,
hit:4659_conv:9319,3,sad,A character that I loved was killed off of one of my shows that I always watch. I cried like a baby.,226,The Walking Dead. It was bound to happen afterall. Didn't make it any less painful.,4|4|4_5|5|5,
hit:4659_conv:9319,4,sad,A character that I loved was killed off of one of my shows that I always watch. I cried like a baby.,10,Ah_comma_ I have heard they are brutal with the killings in that show,4|4|4_5|5|5,
hit:4722_conv:9444,1,sad,I was hurt when my grandmother passed away a few years ago,10,I was hurt when my grandmother passed away a few years ago,5|5|5_5|5|4,
hit:4722_conv:9444,2,sad,I was hurt when my grandmother passed away a few years ago,271,time heals all pain,5|5|5_5|5|4,
hit:4722_conv:9444,3,sad,I was hurt when my grandmother passed away a few years ago,10,That is true in a way_comma_ it is just very slow,5|5|5_5|5|4,
hit:4722_conv:9444,4,sad,I was hurt when my grandmother passed away a few years ago,271,which is understandable,5|5|5_5|5|4,
hit:4739_conv:9478,1,sad,My best friend is moving away. We have lived close to each other for 10 years,262,MY friend is moving out of state,5|5|5_5|5|5,
hit:4739_conv:9478,2,sad,My best friend is moving away. We have lived close to each other for 10 years,310,That sucks.  I hate when friends move away.  Are you really good friends with them?,5|5|5_5|5|5,
hit:4739_conv:9478,3,sad,My best friend is moving away. We have lived close to each other for 10 years,262,Best friends for 10 years. Her husband got a good job so Im happy for her,5|5|5_5|5|5,
hit:4739_conv:9478,4,sad,My best friend is moving away. We have lived close to each other for 10 years,310,At least she's moving for a good reason.  I had a similar thing with a childhood friend who moved for school.,5|5|5_5|5|5,
hit:4747_conv:9495,1,sad,so sad robin williams has passed away_comma_ i miss him,271,robin williams was my hero_comma_ so sad he passed,4|5|5_5|5|5,
hit:4747_conv:9495,2,sad,so sad robin williams has passed away_comma_ i miss him,506,I was devastated as well_comma_ he brought joy to all,4|5|5_5|5|5,
hit:4747_conv:9495,3,sad,so sad robin williams has passed away_comma_ i miss him,271,i grew up with him,4|5|5_5|5|5,
hit:4747_conv:9495,4,sad,so sad robin williams has passed away_comma_ i miss him,506,Oh wow_comma_ what was that like?,4|5|5_5|5|5,
hit:4845_conv:9691,1,sad,I failed my driving test today. It was my second time trying,155,I am very disappointed in myself. I failed my driving test today for the second time. Can't get a car as i need a license,4|5|5_5|5|5,
hit:4845_conv:9691,2,sad,I failed my driving test today. It was my second time trying,387,Oh no_comma_ I am so sorry. How long do you have to wait to take it again?,4|5|5_5|5|5,
hit:4845_conv:9691,3,sad,I failed my driving test today. It was my second time trying,155,At least a week. The hardest part is parallel parking where i always touch the yellow bars slightly with the back bump of the car,4|5|5_5|5|5,
hit:4845_conv:9691,4,sad,I failed my driving test today. It was my second time trying,387,I remember struggling with that too when I did my test. I was so nervous. ,4|5|5_5|5|5,
hit:4847_conv:9694,1,sad,I broke my new phone yesterday. I was very upset.,99,I broke my new phone yesterday.,5|5|5_5|5|5,
hit:4847_conv:9694,2,sad,I broke my new phone yesterday. I was very upset.,512,Uh oh_comma_ that's bad. Did you have insurance for it?,5|5|5_5|5|5,
hit:4847_conv:9694,3,sad,I broke my new phone yesterday. I was very upset.,99,No and I was very upset!,5|5|5_5|5|5,
hit:4847_conv:9694,4,sad,I broke my new phone yesterday. I was very upset.,512,Oh no! I hope you're able to get it fixed for cheap!,5|5|5_5|5|5,
hit:5332_conv:10664,1,sad,When I was walking I saw a dog that got hit by a car. Seeing that mess the rest of my day up.,511,I saw a dog that got hit by a car.,4|3|4_3|3|3,
hit:5332_conv:10664,2,sad,When I was walking I saw a dog that got hit by a car. Seeing that mess the rest of my day up.,321,poor dog _comma_ did he survive the impact ?,4|3|4_3|3|3,
hit:5332_conv:10664,3,sad,When I was walking I saw a dog that got hit by a car. Seeing that mess the rest of my day up.,511,When I was looking at the scene he was still alive. I don't know what happen later on.,4|3|4_3|3|3,
hit:5332_conv:10664,4,sad,When I was walking I saw a dog that got hit by a car. Seeing that mess the rest of my day up.,321,hopefully he survived the incident,4|3|4_3|3|3,
hit:5625_conv:11251,1,sad,My dog ran away yesterday. I am so saddened.,209,My dog ran away yesterday. I am so distraught.,5|5|5_5|5|5,
hit:5625_conv:11251,2,sad,My dog ran away yesterday. I am so saddened.,7,Is the first time that he ran away?,5|5|5_5|5|5,
hit:5625_conv:11251,3,sad,My dog ran away yesterday. I am so saddened.,209,It is! I don't know if he will come home...,5|5|5_5|5|5,
hit:5625_conv:11251,4,sad,My dog ran away yesterday. I am so saddened.,7,Then it is a little bit scary. Did you try to find him?,5|5|5_5|5|5,
hit:5765_conv:11531,1,sad,I cried when I heard Top Gun 2 was being made.,4,I cried when I heard Top Gun 2 was being made.,5|5|5_5|5|5,
hit:5765_conv:11531,2,sad,I cried when I heard Top Gun 2 was being made.,196,Really? Why? Out of happiness?,5|5|5_5|5|5,
hit:5765_conv:11531,3,sad,I cried when I heard Top Gun 2 was being made.,4,No_comma_ sadness. I know it won't be good and will ruin the first movie.,5|5|5_5|5|5,
hit:5765_conv:11531,4,sad,I cried when I heard Top Gun 2 was being made.,196,Good point. But maybe_comma_ just maybe_comma_ it'll be brilliant.,5|5|5_5|5|5,
hit:5950_conv:11900,1,sad,My pet turtle died.,244,My pet turtle died.,5|5|5_4|5|5,
hit:5950_conv:11900,2,sad,My pet turtle died.,296,Oh no! I am so sorry- Turtles need a lot of care to thrive,5|5|5_4|5|5,
hit:5950_conv:11900,3,sad,My pet turtle died.,244,Usually they're not too maintenence intensive.,5|5|5_4|5|5,
hit:5950_conv:11900,4,sad,My pet turtle died.,296,Actually they are_comma_ that is why so many die in captivity..They need proper lights and diet etc..I guess if you know how to take care of animals then no- but so many just don't care when they have a pet who relies on them,5|5|5_4|5|5,
hit:6073_conv:12147,1,sad,my brother is sick,463,my brother is sick,3|4|5_5|5|5,
hit:6073_conv:12147,2,sad,my brother is sick,227,Im sorry to hear that_comma_ Is he going to the doctor for help?,3|4|5_5|5|5,
hit:6073_conv:12147,3,sad,my brother is sick,463,he spent two months in the hospital and is almost a month in to his rehab,3|4|5_5|5|5,
hit:6073_conv:12147,4,sad,my brother is sick,227,Oh wow it sounds like he is doing great_comma_ I hope he feels better soon!,3|4|5_5|5|5,
hit:6073_conv:12147,5,sad,my brother is sick,463,he's got about 18 days still covered by his insurance. hopefully he's ready when it's time to go home,3|4|5_5|5|5,
hit:6144_conv:12289,1,sad,I was pretty sad when I had to give me dog away. She was a good dog,126,I was sad when I had to give my dog away. She was a good dog,4|3|4_3|4|5,
hit:6144_conv:12289,2,sad,I was pretty sad when I had to give me dog away. She was a good dog,292,Aww I'm sorry to hear that. I hope she went to a good home. ,4|3|4_3|4|5,
hit:6144_conv:12289,3,sad,I was pretty sad when I had to give me dog away. She was a good dog,126,She did for sure,4|3|4_3|4|5,
hit:6144_conv:12289,4,sad,I was pretty sad when I had to give me dog away. She was a good dog,292,That's good to hear. I'm sure you miss her a lot.,4|3|4_3|4|5,
hit:6305_conv:12611,1,sad,My pet rock rolled away yesterday. I was quite saddened.,209,My pet rock rolled away yesterday. It was a sad day.,5|5|5_5|5|5,
hit:6305_conv:12611,2,sad,My pet rock rolled away yesterday. I was quite saddened.,4,Are you going to get a new one?,5|5|5_5|5|5,
hit:6305_conv:12611,3,sad,My pet rock rolled away yesterday. I was quite saddened.,209,I think so. Been thinking about going to the Rockies to find a new one.,5|5|5_5|5|5,
hit:6305_conv:12611,4,sad,My pet rock rolled away yesterday. I was quite saddened.,4,Do you live near the Rockies?,5|5|5_5|5|5,
hit:6392_conv:12785,1,sad,I'm bummed that it is supposed to rain here all weekend.,332,I'm feeling a bit bummed out right now.,4|4|5_5|5|5,
hit:6392_conv:12785,2,sad,I'm bummed that it is supposed to rain here all weekend.,4,What is making you feel bummed out?,4|4|5_5|5|5,
hit:6392_conv:12785,3,sad,I'm bummed that it is supposed to rain here all weekend.,332,It is supposed to rain this weekend_comma_ so I won't be able to do anything outside really.,4|4|5_5|5|5,
hit:6392_conv:12785,4,sad,I'm bummed that it is supposed to rain here all weekend.,4,Can you do anything fun inside?,4|4|5_5|5|5,
hit:6392_conv:12785,5,sad,I'm bummed that it is supposed to rain here all weekend.,332,Yes_comma_ I could play some Nintendo I suppose. That's probably what I'll end up doing.,4|4|5_5|5|5,
hit:6406_conv:12812,1,sad,I cry every time I think of my sister.,4,I cry every time I think of my sister.,5|5|5_5|5|5,
hit:6406_conv:12812,2,sad,I cry every time I think of my sister.,445,Why?? what happened to her!?,5|5|5_5|5|5,
hit:6406_conv:12812,3,sad,I cry every time I think of my sister.,4,She died in a car accident.,5|5|5_5|5|5,
hit:6406_conv:12812,4,sad,I cry every time I think of my sister.,445,That is so terrible! was this recent? if you dont mind me asking,5|5|5_5|5|5,
hit:6488_conv:12977,1,sad,My son just left for college.,59,My son just left for college. I miss him so much!,5|5|5_5|5|5,
hit:6488_conv:12977,2,sad,My son just left for college.,196,It's hard. But you will see him soon and nowadays tehre are lots of ways to communicate,5|5|5_5|5|5,
hit:6488_conv:12977,3,sad,My son just left for college.,59,I agree_comma_ I will probably FaceTime with him since I am so sad and want to see his face.,5|5|5_5|5|5,
hit:6488_conv:12977,4,sad,My son just left for college.,196,Soon you'll remember all the mess he made or food he ate and be a little bit glad :-),5|5|5_5|5|5,
hit:6613_conv:13226,1,sad,I do not want my vacation to end. I would like to stay here forever,506,I do not want my vacation to end.,5|5|5_5|5|5,
hit:6613_conv:13226,2,sad,I do not want my vacation to end. I would like to stay here forever,271,where are you vacationing,5|5|5_5|5|5,
hit:6613_conv:13226,3,sad,I do not want my vacation to end. I would like to stay here forever,506,I am in Bali_comma_ I would like to stay here forever_comma_ I will shed some tears for sure.,5|5|5_5|5|5,
hit:6613_conv:13226,4,sad,I do not want my vacation to end. I would like to stay here forever,271,OMG my dream vacation,5|5|5_5|5|5,
hit:6718_conv:13436,1,sad,My pet dog passed away two weeks ago. He was 12 years old. ,297,So my dog passed away a couple of weeks ago. Its been really hard not having him around.,5|5|5_5|5|5,
hit:6718_conv:13436,2,sad,My pet dog passed away two weeks ago. He was 12 years old. ,305,Oh no!  How old was he?,5|5|5_5|5|5,
hit:6718_conv:13436,3,sad,My pet dog passed away two weeks ago. He was 12 years old. ,297,I had him for 12 years. ,5|5|5_5|5|5,
hit:6718_conv:13436,4,sad,My pet dog passed away two weeks ago. He was 12 years old. ,305,What type of dog was he?,5|5|5_5|5|5,
hit:6763_conv:13526,1,sad,My dog passed away a few weeks ago. She was 12. I really miss her.,410,My dog passed away a few weeks ago. She was 12. I really miss her.,5|5|5_5|5|5,
hit:6763_conv:13526,2,sad,My dog passed away a few weeks ago. She was 12. I really miss her.,103,Oh wow!  My dog passed away recently too so I can relate to your pain.  I am so sorry for your loss,5|5|5_5|5|5,
hit:6763_conv:13526,3,sad,My dog passed away a few weeks ago. She was 12. I really miss her.,410,Thanks_comma_ and to you too. They really are our best friends. ,5|5|5_5|5|5,
hit:6763_conv:13526,4,sad,My dog passed away a few weeks ago. She was 12. I really miss her.,103,Most definetly she was my constant companion.  It will hopefully get easier for us each day,5|5|5_5|5|5,
hit:6763_conv:13526,5,sad,My dog passed away a few weeks ago. She was 12. I really miss her.,410,Agreed. I will probably consider a rescue dog_comma_ my second dog is lonely now. ,5|5|5_5|5|5,
hit:6809_conv:13619,1,sad,I think my friend stole some money from me. I don't know what to do.,27,I had a few friends over for drinks the other night,5|5|5_4|5|5,
hit:6809_conv:13619,2,sad,I think my friend stole some money from me. I don't know what to do.,527,That sounds really nice.  Did you have fun?,5|5|5_4|5|5,
hit:6809_conv:13619,3,sad,I think my friend stole some money from me. I don't know what to do.,27,It was nice until everyone left and Some money was missing from my bedroom.,5|5|5_4|5|5,
hit:6809_conv:13619,4,sad,I think my friend stole some money from me. I don't know what to do.,527,Ugh_comma_ that's terrible.  I hope you found the money!,5|5|5_4|5|5,
hit:6809_conv:13619,5,sad,I think my friend stole some money from me. I don't know what to do.,27,I didn't and I only had friends over. Thats the really bad part,5|5|5_4|5|5,
hit:6867_conv:13735,1,sad,My little boy is starting Kindergarten and I'm sad he's growing up so fast.,53,I'm a little sad my youngest son is starting Kindergarten in a few days.,5|5|5_5|5|5,
hit:6867_conv:13735,2,sad,My little boy is starting Kindergarten and I'm sad he's growing up so fast.,241,Awww I completely understand. I remember that feeling. And mine is now a senior. Time flies! Cherish every moment with him!,5|5|5_5|5|5,
hit:6867_conv:13735,3,sad,My little boy is starting Kindergarten and I'm sad he's growing up so fast.,53,I know it does! My oldest son is starting Junior High..wow,5|5|5_5|5|5,
hit:6867_conv:13735,4,sad,My little boy is starting Kindergarten and I'm sad he's growing up so fast.,241,I only have one. And next year he'll be going off to college. I wish I didn't have to work so much so I could have spent more time with him when he wanted to,5|5|5_5|5|5,
hit:6867_conv:13735,5,sad,My little boy is starting Kindergarten and I'm sad he's growing up so fast.,53,Yeah I'm grateful that I get to work from home and be with my kids.,5|5|5_5|5|5,
hit:6867_conv:13735,6,sad,My little boy is starting Kindergarten and I'm sad he's growing up so fast.,241,Yea that would have been great if I could have done it. I'm happy that you do!,5|5|5_5|5|5,
hit:6867_conv:13735,7,sad,My little boy is starting Kindergarten and I'm sad he's growing up so fast.,53,The summer has been rough though. They fight a lot,5|5|5_5|5|5,
hit:6867_conv:13735,8,sad,My little boy is starting Kindergarten and I'm sad he's growing up so fast.,241,It's still better that an empty house!,5|5|5_5|5|5,
hit:7047_conv:14094,1,sad,when i see young people asking for help on fb or donations instead of working ,321,it always makes me a little angry or a little down _comma_ when i see young people begging for money on facebook groups ... like dude get a job ,5|5|5_5|5|5,
hit:7047_conv:14094,2,sad,when i see young people asking for help on fb or donations instead of working ,397,Yeah_comma_ i feel some are just picky on what job they want to have,5|5|5_5|5|5,
hit:7047_conv:14094,3,sad,when i see young people asking for help on fb or donations instead of working ,321,just get a job _comma_ does it even matter grow up and contribute ,5|5|5_5|5|5,
hit:7047_conv:14094,4,sad,when i see young people asking for help on fb or donations instead of working ,397,I agree with you,5|5|5_5|5|5,
hit:7083_conv:14166,1,sad,I really wish summer wasn't ending.,4,I really wish summer wasn't ending.,5|5|5_5|5|5,
hit:7083_conv:14166,2,sad,I really wish summer wasn't ending.,566,I somewhat disagree. It's been so hot I'll be happy to see the end of summer.,5|5|5_5|5|5,
hit:7083_conv:14166,3,sad,I really wish summer wasn't ending.,4,I love the fact I do not have to work in the summer.,5|5|5_5|5|5,
hit:7083_conv:14166,4,sad,I really wish summer wasn't ending.,566,That is a pretty good tradeoff.,5|5|5_5|5|5,
hit:7097_conv:14194,1,sad,My close friend is moving away to another state. I think I am going to miss him a lot,155,My closest friend is moving away to another state. I am very sad and think i am going to miss him a lot,5|5|5_5|5|5,
hit:7097_conv:14194,2,sad,My close friend is moving away to another state. I think I am going to miss him a lot,4,You can at least phone them.,5|5|5_5|5|5,
hit:7097_conv:14194,3,sad,My close friend is moving away to another state. I think I am going to miss him a lot,155,Well of course we can. But spending time and doing stuff together is much better,5|5|5_5|5|5,
hit:7097_conv:14194,4,sad,My close friend is moving away to another state. I think I am going to miss him a lot,4,You can go visit.,5|5|5_5|5|5,
hit:7414_conv:14829,1,sad,i really miss my family. it's hard to be 800 miles away,463,i really miss my family. it's hard to be 800 miles away,3|4|5_5|5|5,
hit:7414_conv:14829,2,sad,i really miss my family. it's hard to be 800 miles away,481,I bet! Hopefully you can take some time off and go see them soon!,3|4|5_5|5|5,
hit:7414_conv:14829,3,sad,i really miss my family. it's hard to be 800 miles away,463,it's really hard to do that in a one income household. ,3|4|5_5|5|5,
hit:7414_conv:14829,4,sad,i really miss my family. it's hard to be 800 miles away,481,I understand_comma_ I'm sure your family misses you as well. Maybe you can meet half way for the holidays.,3|4|5_5|5|5,
hit:7414_conv:14829,5,sad,i really miss my family. it's hard to be 800 miles away,463,they won't even bother there are too many of them and always say it's cheaper for you guys to just come down.,3|4|5_5|5|5,
hit:7426_conv:14853,1,sad,I didn't get the job I applied for. It was given to someone else.,530,I applied for my dream job but I never got a call back.,5|5|5_5|5|5,
hit:7426_conv:14853,2,sad,I didn't get the job I applied for. It was given to someone else.,261,oh that's bad. I feel sorry for you.,5|5|5_5|5|5,
hit:7426_conv:14853,3,sad,I didn't get the job I applied for. It was given to someone else.,530,So do I_comma_ I saw a person who was having an interview right after me working there yesterday,5|5|5_5|5|5,
hit:7426_conv:14853,4,sad,I didn't get the job I applied for. It was given to someone else.,261,But don't feel dejected. Your time will come. I pray for your bright future.,5|5|5_5|5|5,
hit:7532_conv:15064,1,sad,My laptop is very old and is making occasional problems with running. I do not have enough money to buy a new one,155,My laptop is becoming old and now I run into occasional problems with getting it run smoothly. I do not have enough money to buy new one. So disappointed in myself,1|3|2_5|4|5,
hit:7532_conv:15064,2,sad,My laptop is very old and is making occasional problems with running. I do not have enough money to buy a new one,43,Oh_comma_ it's pity. Try to earn more money to buy it.,1|3|2_5|4|5,
hit:7532_conv:15064,3,sad,My laptop is very old and is making occasional problems with running. I do not have enough money to buy a new one,155,I am trying. But there are always some emergency that come out for me to spend on,1|3|2_5|4|5,
hit:7532_conv:15064,4,sad,My laptop is very old and is making occasional problems with running. I do not have enough money to buy a new one,43,Yeah_comma_ It happens always.,1|3|2_5|4|5,
hit:7979_conv:15959,1,sad,When people buy assorted doughnuts_comma_ and somebody eats the only flavor you like.,385,It's tough being picky.,5|5|5_5|5|5,
hit:7979_conv:15959,2,sad,When people buy assorted doughnuts_comma_ and somebody eats the only flavor you like.,572,Yes_comma_ I'm a picky eater.,5|5|5_5|5|5,
hit:7979_conv:15959,3,sad,When people buy assorted doughnuts_comma_ and somebody eats the only flavor you like.,385,You ever have the situation where somebody buys doughnuts for your group_comma_ and somebody else eats the last one of the only flavor you like?,5|5|5_5|5|5,
hit:7979_conv:15959,4,sad,When people buy assorted doughnuts_comma_ and somebody eats the only flavor you like.,572,Yes_comma_ I hate that. I usually end up going back and getting some more just for me.,5|5|5_5|5|5,
hit:7979_conv:15959,5,sad,When people buy assorted doughnuts_comma_ and somebody eats the only flavor you like.,385,True this!,5|5|5_5|5|5,
hit:8100_conv:16200,1,sad,My friend of 4 years ended last weekend.,1,My friend of 4 years ended last weekend.,5|5|5_5|5|5,
hit:8100_conv:16200,2,sad,My friend of 4 years ended last weekend.,507,why did your friendship with your friend ended?,5|5|5_5|5|5,
hit:8100_conv:16200,3,sad,My friend of 4 years ended last weekend.,1,People talked about impeaching me_comma_ and she agreed. A best friend should have talked to me about it instead of joining the crowd of haters.,5|5|5_5|5|5,
hit:8100_conv:16200,4,sad,My friend of 4 years ended last weekend.,507,that is true i agree with you_comma_ that is not what friends do,5|5|5_5|5|5,
hit:8256_conv:16513,1,sad,I dropped my phone in the toilet and I didn't have insurance on it. It was a pretty expensive phone too.,286,I dropped my phone in the toilet last night and now it's not functioning right. I also didn't have insurance on it which is a huge bummer_comma_ because this phone was expensive!,5|5|5_5|5|5,
hit:8256_conv:16513,2,sad,I dropped my phone in the toilet and I didn't have insurance on it. It was a pretty expensive phone too.,347,"Oh no! Have you tried the old ""put it in a bag of rice"" trick?",5|5|5_5|5|5,
hit:8256_conv:16513,3,sad,I dropped my phone in the toilet and I didn't have insurance on it. It was a pretty expensive phone too.,286,It's actually in a bag of rice right now. I'm trying not to get my hopes up though_comma_ I'm bummed out enough as is.,5|5|5_5|5|5,
hit:8256_conv:16513,4,sad,I dropped my phone in the toilet and I didn't have insurance on it. It was a pretty expensive phone too.,347,Give it a few days (even though it feels like a million). I'll cross my fingers for you! I'm so sorry_comma_ that is a huge bummer!,5|5|5_5|5|5,
hit:8369_conv:16738,1,sad,I'm a bit down that Fall isn't here yet.,225,I wish it was Fall already.,5|5|5_5|5|5,
hit:8369_conv:16738,2,sad,I'm a bit down that Fall isn't here yet.,238,too hot outside?,5|5|5_5|5|5,
hit:8369_conv:16738,3,sad,I'm a bit down that Fall isn't here yet.,225,Yes_comma_ and Fall is my favorite time of year.,5|5|5_5|5|5,
hit:8369_conv:16738,4,sad,I'm a bit down that Fall isn't here yet.,238,yea yes that is a nice time of the year,5|5|5_5|5|5,
hit:8486_conv:16972,1,sad,The rain yesterday made me feel a little down. I wanted to be out and about,126,The rain made me feel down yesterday. I wanted to be out and about,4|5|4_5|5|5,
hit:8486_conv:16972,2,sad,The rain yesterday made me feel a little down. I wanted to be out and about,473,I know what you mean! I got caught out in it by surprise_comma_ totally ruined my bike ride.,4|5|4_5|5|5,
hit:8486_conv:16972,3,sad,The rain yesterday made me feel a little down. I wanted to be out and about,126,I am glad you are okay though,4|5|4_5|5|5,
hit:8486_conv:16972,4,sad,The rain yesterday made me feel a little down. I wanted to be out and about,473,Yeah_comma_ lightning is no joke. Hopefully you have better weather this weekend and can get out!,4|5|4_5|5|5,
hit:8512_conv:17024,1,sad,I just had a birthday and now I feel old. Its depressing,27,I recently had a birthday,5|5|5_5|5|5,
hit:8512_conv:17024,2,sad,I just had a birthday and now I feel old. Its depressing,56,Well Happy Birthday!  Did you have a nice time?,5|5|5_5|5|5,
hit:8512_conv:17024,3,sad,I just had a birthday and now I feel old. Its depressing,27,I went on a trip with some friends but whrn I came back home I didnt feel too hor,5|5|5_5|5|5,
hit:8512_conv:17024,4,sad,I just had a birthday and now I feel old. Its depressing,56,Oh no!  I hope you feel better now and that you had a good time while you were on the trip at least.,5|5|5_5|5|5,
hit:8512_conv:17024,5,sad,I just had a birthday and now I feel old. Its depressing,27,I just feel old now. Old and unaccomplished,5|5|5_5|5|5,
hit:8568_conv:17137,1,sad,I lost my Grandpa 2 months ago.  He died within a week all of a sudden and I miss him every day.,438,I lost my Grandpa 2 months ago. He died within a week all of a sudden and I miss him every day.,5|5|5_5|5|5,
hit:8568_conv:17137,2,sad,I lost my Grandpa 2 months ago.  He died within a week all of a sudden and I miss him every day.,389,Oh man that's terrible :(  I'm so sorry. ,5|5|5_5|5|5,
hit:8568_conv:17137,3,sad,I lost my Grandpa 2 months ago.  He died within a week all of a sudden and I miss him every day.,438,Thank you.  Its been tough.  He brought our family together.  It was his time I guess.,5|5|5_5|5|5,
hit:8568_conv:17137,4,sad,I lost my Grandpa 2 months ago.  He died within a week all of a sudden and I miss him every day.,389,Yeah.  My grandmother was like that too.  The backbone of the family.  We all went our separate ways pretty much after she died.  Don't let that happen to your family!,5|5|5_5|5|5,
hit:8847_conv:17694,1,sad,My youngest son is going into kindergarten and I'm a little down.,53,I'm sad. My youngest son starts kindergarten tomorrow!,5|5|5_5|5|5,
hit:8847_conv:17694,2,sad,My youngest son is going into kindergarten and I'm a little down.,282,I am sure it is a bittersweet moment.  I can relate myself.  It takes some getting used to,5|5|5_5|5|5,
hit:8847_conv:17694,3,sad,My youngest son is going into kindergarten and I'm a little down.,53,I mean i'm happy for the up coming peace and quiet but it's still sad all my kids aren't babies anymore.,5|5|5_5|5|5,
hit:8847_conv:17694,4,sad,My youngest son is going into kindergarten and I'm a little down.,282,You will still have plenty of time before your son becomes an unruly teenager.  Cherish it.,5|5|5_5|5|5,
hit:8847_conv:17694,5,sad,My youngest son is going into kindergarten and I'm a little down.,53,I've got a 12 year old that's getting mighty close!,5|5|5_5|5|5,
hit:9019_conv:18039,1,sad,Kind of bummed. I was supposed to meet my best friend tonight_comma_ but he got stuck at work.,332,Kind of bummed now since I was supposed to meet my best friend later tonight_comma_ but he got stuck at work suddenly.,5|5|5_5|5|5,
hit:9019_conv:18039,2,sad,Kind of bummed. I was supposed to meet my best friend tonight_comma_ but he got stuck at work.,481,oh wow_comma_ that does suck! Hopefully you can push it to another day this week.,5|5|5_5|5|5,
hit:9019_conv:18039,3,sad,Kind of bummed. I was supposed to meet my best friend tonight_comma_ but he got stuck at work.,332,Yeah we are trying to reschedule it now_comma_ but alas_comma_ life happens I guess.,5|5|5_5|5|5,
hit:9019_conv:18039,4,sad,Kind of bummed. I was supposed to meet my best friend tonight_comma_ but he got stuck at work.,481,Defenitly_comma_ and employers can be unreasonable sometimes.,5|5|5_5|5|5,
hit:9207_conv:18414,1,sad,Sometimes I cry when I watch sad movies,247,Sometimes I cry when I watch sad movies,5|5|5_4|5|5,
hit:9207_conv:18414,2,sad,Sometimes I cry when I watch sad movies,403,I can relate.  What's the saddest movie you've ever watched?,5|5|5_4|5|5,
hit:9207_conv:18414,3,sad,Sometimes I cry when I watch sad movies,247,hmm... that's a good question_comma_ maybe some romantic movie like notebook,5|5|5_4|5|5,
hit:9207_conv:18414,4,sad,Sometimes I cry when I watch sad movies,403,Yea_comma_ that's a really emotional one for a lot of people.  I see that one mentioned a lot for tear jerkers.,5|5|5_4|5|5,
hit:9730_conv:19461,1,sad,My friends dog ran away.  we looked for him all day but we couldnt find him.  I was pretty upset about it,301,I spent the whole day trying to help my friend find his dog,5|5|5_5|5|5,
hit:9730_conv:19461,2,sad,My friends dog ran away.  we looked for him all day but we couldnt find him.  I was pretty upset about it,478,That was really nice of you. Did you find it?,5|5|5_5|5|5,
hit:9730_conv:19461,3,sad,My friends dog ran away.  we looked for him all day but we couldnt find him.  I was pretty upset about it,301,nope.  i was really upset that we couldnt find him,5|5|5_5|5|5,
hit:9730_conv:19461,4,sad,My friends dog ran away.  we looked for him all day but we couldnt find him.  I was pretty upset about it,478,Well keep looking and maybe check the local animal shelters if you haven't already.,5|5|5_5|5|5,
hit:9761_conv:19522,1,sad,I am sad_comma_ it is my birthday and I feel really sick,10,I am sad_comma_ it is my birthday and I feel really sick,5|5|5_5|5|5,
hit:9761_conv:19522,2,sad,I am sad_comma_ it is my birthday and I feel really sick,238,oh that sucks .. celebrate during the weekend,5|5|5_5|5|5,
hit:9761_conv:19522,3,sad,I am sad_comma_ it is my birthday and I feel really sick,10,i am planning on it_comma_ I am not sure what else to do,5|5|5_5|5|5,
hit:9761_conv:19522,4,sad,I am sad_comma_ it is my birthday and I feel really sick,238,there is always next year!,5|5|5_5|5|5,
hit:9765_conv:19530,1,sad,I had to euthanize my dog,59,I had to euthanize my dog of 11 years last month_comma_ I still think about him every day.,5|5|5_5|5|5,
hit:9765_conv:19530,2,sad,I had to euthanize my dog,481,I'm sorry to hear that_comma_ I have two dogs and know how they become part of the family.,5|5|5_5|5|5,
hit:9765_conv:19530,3,sad,I had to euthanize my dog,59,Thanks for realizing my pain. It saddens me that I these lovely companions can't live with us forever. ,5|5|5_5|5|5,
hit:9765_conv:19530,4,sad,I had to euthanize my dog,481,I know_comma_ it's defenitly painful to have to go through but its part of life. Maybe get a new puppy to start loving/sharing life with_comma_ shelters have so many dogs that need homes!,5|5|5_5|5|5,
hit:9917_conv:19835,1,sad,I was feeling down after hearing that my friend's dog passed away. He was such a great dog to everybody.,366,I have been feeling really down about hearing my best friend's doggy passing away.,5|5|5_5|5|5,
hit:9917_conv:19835,2,sad,I was feeling down after hearing that my friend's dog passed away. He was such a great dog to everybody.,209,Oh my god_comma_ that's so sad to hear. How is he holding up?,5|5|5_5|5|5,
hit:9917_conv:19835,3,sad,I was feeling down after hearing that my friend's dog passed away. He was such a great dog to everybody.,366,He didn't make it_comma_ and he was such a good dog who was friendly with everybody. I've been crying over it.,5|5|5_5|5|5,
hit:9917_conv:19835,4,sad,I was feeling down after hearing that my friend's dog passed away. He was such a great dog to everybody.,209,Aw_comma_ cheer up_comma_ friend. It's rough now_comma_ but it will get better! Maybe you two should go to the pet store to try and find a new dog for him!,5|5|5_5|5|5,
hit:9978_conv:19957,1,sad,My wife is off to her Mom's. I will feel alone and lonely,43,My wife is off to her mom's. I will be alone and lonely without her,5|5|5_5|4|5,
hit:9978_conv:19957,2,sad,My wife is off to her Mom's. I will feel alone and lonely,567,Oh no! How boring. Could you call up a few buddies to hang out?,5|5|5_5|4|5,
hit:9978_conv:19957,3,sad,My wife is off to her Mom's. I will feel alone and lonely,43,Yeah _comma_ but the thought of not her being here makes me sad.,5|5|5_5|4|5,
hit:9978_conv:19957,4,sad,My wife is off to her Mom's. I will feel alone and lonely,567,I can agree. Dont be too down. Im sure you can find someting to keep you busy. ,5|5|5_5|4|5,
hit:10730_conv:21460,1,sad,I can't believe our little girl is all grown up and going to colledge . We are going tyo miss her so much.,650,do you have any kids in college?,4|4|5_5|5|5,
hit:10730_conv:21460,2,sad,I can't believe our little girl is all grown up and going to colledge . We are going tyo miss her so much.,495,No. I have kids_comma_ but they are toddlers.,4|4|5_5|5|5,
hit:10730_conv:21460,3,sad,I can't believe our little girl is all grown up and going to colledge . We are going tyo miss her so much.,650,well they grow fast and mine is all grown up and going away for college and we are going to miss her so much.,4|4|5_5|5|5,
hit:10730_conv:21460,4,sad,I can't believe our little girl is all grown up and going to colledge . We are going tyo miss her so much.,495,I imagine. I left my parents and my country when I was 25 years old. ,4|4|5_5|5|5,
hit:10947_conv:21894,1,sad,I saw a cat get hit by a car this morning,670, I saw a cat get hit by a car this morning,5|5|5_5|5|5,
hit:10947_conv:21894,2,sad,I saw a cat get hit by a car this morning,725,Oh_comma_ that is terrible! Did you try to save the cat?,5|5|5_5|5|5,
hit:10947_conv:21894,3,sad,I saw a cat get hit by a car this morning,670,No_comma_ unfortunately_comma_ because I was on my way to class and I was already driving so fast. I feel so bad for it. ,5|5|5_5|5|5,
hit:10947_conv:21894,4,sad,I saw a cat get hit by a car this morning,725,Ahhh_comma_ what a horrible thing to see in the morning! Hope your day went well after that. ,5|5|5_5|5|5,
hit:10947_conv:21894,5,sad,I saw a cat get hit by a car this morning,670,Thanks. It kind of started my day off on a bad note_comma_ but I'll get over it. ,5|5|5_5|5|5,
hit:11463_conv:22927,1,sad,I was a little depressed a couple weeks ago when my dog died. He livd a good life but only to age 8.,641,A few weeks ago my dog died. I was depressed to see him go.,5|5|5_4|4|4,
hit:11463_conv:22927,2,sad,I was a little depressed a couple weeks ago when my dog died. He livd a good life but only to age 8.,46,Im sorry to hear that. what did you decide to do?,5|5|5_4|4|4,
hit:11463_conv:22927,3,sad,I was a little depressed a couple weeks ago when my dog died. He livd a good life but only to age 8.,641,Well we haven't decided to look for a new dog yet. I think I need some time to reflect.,5|5|5_4|4|4,
hit:11463_conv:22927,4,sad,I was a little depressed a couple weeks ago when my dog died. He livd a good life but only to age 8.,46,Yeah that seems like the best thing to do,5|5|5_4|4|4,
hit:11502_conv:23004,1,sad,My cat was run over by a car. I found her on the street_comma_ what was left of her. It was heartbreaking.,766,I found my cat dead in the middle of the street. She was run over by a car.,5|5|5_5|5|5,
hit:11502_conv:23004,2,sad,My cat was run over by a car. I found her on the street_comma_ what was left of her. It was heartbreaking.,178,ooh_comma_ sorry to hear that_comma_ was it by itself?,5|5|5_5|5|5,
hit:11502_conv:23004,3,sad,My cat was run over by a car. I found her on the street_comma_ what was left of her. It was heartbreaking.,766,Yes. I had to pick up her carcass and bury her. It was heartbreaking.,5|5|5_5|5|5,
hit:11502_conv:23004,4,sad,My cat was run over by a car. I found her on the street_comma_ what was left of her. It was heartbreaking.,178,sorry. Probably the driver did not see her,5|5|5_5|5|5,
hit:11703_conv:23406,1,sad,I broke my laptop screen. ,59,I broke my laptop screen yesterday and now I am out a hundred bucks to get it fixed!,5|5|5_5|5|5,
hit:11703_conv:23406,2,sad,I broke my laptop screen. ,725,That sucks! It happens to the best of us. At least the computer didn't break.,5|5|5_5|5|5,
hit:11703_conv:23406,3,sad,I broke my laptop screen. ,59,I agree_comma_ its still functional so I probably shouldn't be too sad.,5|5|5_5|5|5,
hit:11703_conv:23406,4,sad,I broke my laptop screen. ,725,Yeah_comma_ that would have been an expensive accident! Your lucky. :),5|5|5_5|5|5,
hit:11802_conv:23605,1,sad,I recently lost my job adn i feel horrible.,748,I lsot my job the other day and am pretty lost myself.,5|5|5_4|5|5,
hit:11802_conv:23605,2,sad,I recently lost my job adn i feel horrible.,273,"I hate sayings_comma_ but the one that goes_comma_ ""Tough times don't last_comma_ but tough people do_comma_"" really applies. Life is long. You have plenty of time to change your fortune_comma_ and you seem self aware enough to do it. I hope you can work your way back up.",5|5|5_4|5|5,
hit:11802_conv:23605,3,sad,I recently lost my job adn i feel horrible.,748,Wow thank you for the kind words. I will do my best :0,5|5|5_4|5|5,
hit:11802_conv:23605,4,sad,I recently lost my job adn i feel horrible.,273,Of course_comma_ but it doesn't really matter what I say_comma_ or what I think. You already knew all that stuff anyway. Everyone has to have confidence in themselves. Someone else's confidence makes no difference. But as long as you're alive_comma_ you've got a chance.,5|5|5_4|5|5,
hit:12114_conv:24229,1,sad,I am starting school again next week. I am not going to have any free time now,27,I am going back to school next week.,5|5|5_5|5|5,
hit:12114_conv:24229,2,sad,I am starting school again next week. I am not going to have any free time now,203,That sounds exciting!_comma_ are you nervous?,5|5|5_5|5|5,
hit:12114_conv:24229,3,sad,I am starting school again next week. I am not going to have any free time now,27,Im not. I am a little sad because now I will have no free time at all. School_comma_ work_comma_ kids_comma_ geez,5|5|5_5|5|5,
hit:12114_conv:24229,4,sad,I am starting school again next week. I am not going to have any free time now,203,That is true_comma_  but you will meet new people and learn a lot!,5|5|5_5|5|5,
hit:12114_conv:24229,5,sad,I am starting school again next week. I am not going to have any free time now,27,I am trying to be positive about it. It is for a better future,5|5|5_5|5|5,
hit:12213_conv:24427,1,sad,I just found out the small company I work for is going out of business.  I cried all day Friday when I found out because I love working for them.,438,I just found out the small company I work for is going out of business. I cried all day Friday when I found out because I love working for them,5|5|5_5|5|5,
hit:12213_conv:24427,2,sad,I just found out the small company I work for is going out of business.  I cried all day Friday when I found out because I love working for them.,99,I am so sorry to hear this. I am sure you will find another job_comma_ but it doesn't make it any less painful.,5|5|5_5|5|5,
hit:12213_conv:24427,3,sad,I just found out the small company I work for is going out of business.  I cried all day Friday when I found out because I love working for them.,438,I am worried about finding another job too because I don't have a degree for what I was doing because they taught me how to do it so now I'm not sure who will demand I have a degree.,5|5|5_5|5|5,
hit:12213_conv:24427,4,sad,I just found out the small company I work for is going out of business.  I cried all day Friday when I found out because I love working for them.,99,Just have faith_comma_ I am sure it will all turn out!,5|5|5_5|5|5,
hit:12279_conv:24559,1,sad,One of coworkers passed away. I dont want to go back to work.,298,One of coworkers passed away. I dont want to go back to work.,4|4|4_5|5|5,
hit:12279_conv:24559,2,sad,One of coworkers passed away. I dont want to go back to work.,852,Oh no. I am so sorry to hear that. Were you close with this coworker?,4|4|4_5|5|5,
hit:12279_conv:24559,3,sad,One of coworkers passed away. I dont want to go back to work.,298,Yes_comma_ we were good friends. ,4|4|4_5|5|5,
hit:12279_conv:24559,4,sad,One of coworkers passed away. I dont want to go back to work.,852,Than I completely understand that would be so hard,4|4|4_5|5|5,
hit:12279_conv:24559,5,sad,One of coworkers passed away. I dont want to go back to work.,298,Yes. I was out of the state when it happened. I missed the funeral.,4|4|4_5|5|5,
hit:12279_conv:24559,6,sad,One of coworkers passed away. I dont want to go back to work.,852,That would even make it worse. Did it happen all of a sudden?,4|4|4_5|5|5,
hit:12279_conv:24559,7,sad,One of coworkers passed away. I dont want to go back to work.,298,Yes. It was very shocking.,4|4|4_5|5|5,
hit:12279_conv:24559,8,sad,One of coworkers passed away. I dont want to go back to work.,852,I am so sorry for the loss. Good friends are so hard to come by,4|4|4_5|5|5,
hit:1933_conv:3866,1,sad,I dropped my wife off at the airport for her 2 month trip out of the country.  I felt really bad all the way home.,310,I took my wife to the airport for her trip out of the country for 2 months.  I felt really bad on the way home.,5|5|5_5|5|5,
hit:1933_conv:3866,3,sad,I dropped my wife off at the airport for her 2 month trip out of the country.  I felt really bad all the way home.,310,Mostly work and hang out with the dogs.  We just moved recently and I don't really know anyone outside of work.,5|5|5_5|5|5,
hit:1933_conv:3866,5,sad,I dropped my wife off at the airport for her 2 month trip out of the country.  I felt really bad all the way home.,310,Germany for a language course.,5|5|5_5|5|5,
hit:3602_conv:7204,1,sad,I was recently rejected by a person that I rally enjoyed. Sometimes you can't get what you want.,64,I was recently rejected by a person that I enjoyed. You can't always get what you want.,5|5|5_3|4|4,
hit:3602_conv:7204,3,sad,I was recently rejected by a person that I rally enjoyed. Sometimes you can't get what you want.,64,Life is not fair_comma_ but it is also amazing in that we are here to begin with,5|5|5_3|4|4,
hit:3846_conv:7693,1,sad,My long term boyfriend and I broke up recently. I'm so lost right now.,138,My long term boyfriend and I broke up recently. I'm so lost right now.,4|5|5_5|5|5,
hit:3846_conv:7693,3,sad,My long term boyfriend and I broke up recently. I'm so lost right now.,138,I know_comma_ it's just so frustrating after spending so long building your lives together. ,4|5|5_5|5|5,
hit:5989_conv:11979,1,sad,My wife is out of the country for school.  She was having a really bad day the other day and I couldn't really do anything to help.,310,My wife is out of the country for school_comma_ and the other day she was having a really bad day.  I couldn't really do anything to help_comma_ and it made me feel bad.,5|5|5_5|5|5,
hit:5989_conv:11979,3,sad,My wife is out of the country for school.  She was having a really bad day the other day and I couldn't really do anything to help.,310,Thanks_comma_ that's actually really helpful.  It's been tough being apart for so long_comma_ we haven't been apart more than a couple days since we started dating.,5|5|5_5|5|5,
hit:6421_conv:12843,1,sad,sad: when she left for 3 weeks i was alone,188,when she left for 3 weeks i was alone,5|5|5_5|5|5,
hit:6421_conv:12843,3,sad,sad: when she left for 3 weeks i was alone,188,nothing at all. I was kinda depressed,5|5|5_5|5|5,
hit:6616_conv:13233,1,sad,I was sad when my wife left me,317,I was sad when my wife left me,4|4|4_5|4|5,
hit:6616_conv:13233,3,sad,I was sad when my wife left me,317,I just dont know why she would marry me then.,4|4|4_5|4|5,
hit:7226_conv:14452,1,sad,A good friend of mine moved away recently and we lost contact. I really wish we would still speak.,566,A good friend of mine moved away recently and we lost contact. I really wish we would still speak.,5|5|5_5|5|5,
hit:7226_conv:14452,3,sad,A good friend of mine moved away recently and we lost contact. I really wish we would still speak.,566,That's a good idea. Maybe I'll try that soon.,5|5|5_5|5|5,
hit:8173_conv:16346,1,sad,My wife went out of the country for school for 2 months at the beginning of the summer.  Dropping her off at the airport was really hard.,310,My wife went out of the country for a couple months at the beginning of the summer_comma_ dropping her off at the airport was really tough.,5|5|5_5|5|5,
hit:8173_conv:16346,3,sad,My wife went out of the country for school for 2 months at the beginning of the summer.  Dropping her off at the airport was really hard.,310,Not for more than a few days.  It's been a rough couple months_comma_ but it's almost over!,5|5|5_5|5|5,
hit:8956_conv:17912,1,sad,My border collie had to be put down due to a neurological disorder that could not be treated.,633,It is so difficult to have a pet pass away_comma_ I really miss him.,5|5|5_5|5|5,
hit:8956_conv:17912,3,sad,My border collie had to be put down due to a neurological disorder that could not be treated.,633,Over the summer_comma_ he started acting strange so we took him in for testing.,5|5|5_5|5|5,
hit:8956_conv:17912,5,sad,My border collie had to be put down due to a neurological disorder that could not be treated.,633,A border collie_comma_ he was a great doggie.,5|5|5_5|5|5,
hit:9025_conv:18050,1,sad,I lost my dog in the divorce_comma_ everything else I lost were just things and money. But My dog was one of a kind.,628,I just lost my dog. My ex got him in the divorce,4|4|4_5|5|5,
hit:9025_conv:18050,3,sad,I lost my dog in the divorce_comma_ everything else I lost were just things and money. But My dog was one of a kind.,628,No we are not on speaking terms_comma_ It's pretty unfair_comma_ thankfully we didn't have a kid together.,4|4|4_5|5|5,
hit:9811_conv:19623,1,sad,I found out that my childhood cat passed away yesterday ,313,I found out my childhood cat passed away ,5|5|5_5|5|5,
hit:9811_conv:19623,3,sad,I found out that my childhood cat passed away yesterday ,313,I do too_comma_ it was so sad. ,5|5|5_5|5|5,
hit:11099_conv:22199,1,sad,Our cat had to many health problems_comma_ so we had to put him down. ,387,Our cat had to many health problems_comma_ so we had to put him down.,5|5|5_5|5|5,
hit:11099_conv:22199,3,sad,Our cat had to many health problems_comma_ so we had to put him down. ,387,I had him for 17 years_comma_ he lived a full and happy life_comma_ but I was not ready for him to go.,5|5|5_5|5|5,
hit:11099_conv:22199,5,sad,Our cat had to many health problems_comma_ so we had to put him down. ,387,But they make your life so much enjoyable while they are around!,5|5|5_5|5|5,
hit:11404_conv:22809,1,sad,My goldfish died.,804,My goldfish died.,5|5|5_1|2|5,
hit:11404_conv:22809,3,sad,My goldfish died.,804,For 4 years. I'm bummed.,5|5|5_1|2|5,
hit:11404_conv:22809,5,sad,My goldfish died.,804,Not yet.,5|5|5_1|2|5,
hit:20_conv:40,1,terrified,I was just on vacation in Biloxi. While hanging out on the balcony_comma_ I dropped some chips and then the balcony was swarmed by seagulls.,27,Hi I was recently on vacation and frightened half to death.,4|5|5_5|5|5,<HI>
hit:20_conv:40,2,terrified,I was just on vacation in Biloxi. While hanging out on the balcony_comma_ I dropped some chips and then the balcony was swarmed by seagulls.,9,Oh_comma_ my_comma_ what happened?,4|5|5_5|5|5,
hit:20_conv:40,3,terrified,I was just on vacation in Biloxi. While hanging out on the balcony_comma_ I dropped some chips and then the balcony was swarmed by seagulls.,27,I was eating some chips on the balcony. I dropped them and then was swarmed by seagulls.,4|5|5_5|5|5,
hit:20_conv:40,4,terrified,I was just on vacation in Biloxi. While hanging out on the balcony_comma_ I dropped some chips and then the balcony was swarmed by seagulls.,9,I live near the ocean_comma_ so I do understand how this can be. I hope you ran_comma_ very quickly.,4|5|5_5|5|5,
hit:20_conv:40,5,terrified,I was just on vacation in Biloxi. While hanging out on the balcony_comma_ I dropped some chips and then the balcony was swarmed by seagulls.,27,I went inside. I donr know how dangerous they are but I didnt want to fall 7 stories.,4|5|5_5|5|5,
hit:20_conv:40,6,terrified,I was just on vacation in Biloxi. While hanging out on the balcony_comma_ I dropped some chips and then the balcony was swarmed by seagulls.,9,I heard a story of seagulls drowning a man to death.,4|5|5_5|5|5,
hit:98_conv:196,1,terrified,I was attavked by seagulls on the balcony of a hotel last weekend. I was eating crackers.,27,I took a trip over the weekend where we stayed at a nice hotel with a balcony overlooking the pool.,5|5|5_3|5|4,
hit:98_conv:196,2,terrified,I was attavked by seagulls on the balcony of a hotel last weekend. I was eating crackers.,46,That sounds really nice! Did you stay near the ocean?,5|5|5_3|5|4,
hit:98_conv:196,3,terrified,I was attavked by seagulls on the balcony of a hotel last weekend. I was eating crackers.,27,Yes in Biloxi. The balcony had a downside though. The seagulls would always try to steal your food. ,5|5|5_3|5|4,
hit:98_conv:196,4,terrified,I was attavked by seagulls on the balcony of a hotel last weekend. I was eating crackers.,46,I remember throwing food over and watching them catch it as a kid.,5|5|5_3|5|4,
hit:98_conv:196,5,terrified,I was attavked by seagulls on the balcony of a hotel last weekend. I was eating crackers.,27,There were like 5 of them trying to steal my crackers. I was scared.,5|5|5_3|5|4,
hit:159_conv:318,1,terrified,When I was younger my dad scared me and my brothers when we were trying to sleep_comma_ I almost wet the bed. I was very terrified,10,When I was younger my dad scared me and my brothers so bad I almost peed myself!,5|5|5_5|5|5,
hit:159_conv:318,2,terrified,When I was younger my dad scared me and my brothers when we were trying to sleep_comma_ I almost wet the bed. I was very terrified,60,What a Jerk. Did you let him know he was being rude?,5|5|5_5|5|5,
hit:159_conv:318,3,terrified,When I was younger my dad scared me and my brothers when we were trying to sleep_comma_ I almost wet the bed. I was very terrified,10,When I was younger my dad scared me and my brothers so bad I almost peed myself!,5|5|5_5|5|5,
hit:159_conv:318,4,terrified,When I was younger my dad scared me and my brothers when we were trying to sleep_comma_ I almost wet the bed. I was very terrified,60,hat a Jerk. Did you let him know he was being rude?,5|5|5_5|5|5,
hit:159_conv:318,5,terrified,When I was younger my dad scared me and my brothers when we were trying to sleep_comma_ I almost wet the bed. I was very terrified,10,No_comma_ I was too young_comma_ I just about cried though,5|5|5_5|5|5,
hit:159_conv:318,6,terrified,When I was younger my dad scared me and my brothers when we were trying to sleep_comma_ I almost wet the bed. I was very terrified,60,you should let him know now.,5|5|5_5|5|5,
hit:511_conv:1023,1,terrified,While camping alone_comma_ I awoke to sound of growling outside my tent. It sounded like a big old mean wolf who wanted to eat me.,167,While camping alone_comma_ I awoke to sound of growling outside my tent. It sounded like a big old mean wolf who wanted to eat me.,5|5|5_5|5|5,
hit:511_conv:1023,2,terrified,While camping alone_comma_ I awoke to sound of growling outside my tent. It sounded like a big old mean wolf who wanted to eat me.,43,oh no! did you go out and examine what it is?,5|5|5_5|5|5,
hit:511_conv:1023,3,terrified,While camping alone_comma_ I awoke to sound of growling outside my tent. It sounded like a big old mean wolf who wanted to eat me.,167,I carefully unzipped the tent slowly and shined my flashlight out.,5|5|5_5|5|5,
hit:511_conv:1023,4,terrified,While camping alone_comma_ I awoke to sound of growling outside my tent. It sounded like a big old mean wolf who wanted to eat me.,43,It's interesting! What did happen next?,5|5|5_5|5|5,
hit:511_conv:1023,5,terrified,While camping alone_comma_ I awoke to sound of growling outside my tent. It sounded like a big old mean wolf who wanted to eat me.,167,It was actually a tiny stray dog that I still have 5 years later.,5|5|5_5|5|5,
hit:511_conv:1023,6,terrified,While camping alone_comma_ I awoke to sound of growling outside my tent. It sounded like a big old mean wolf who wanted to eat me.,43,Lol. Hope you had a good camping night!,5|5|5_5|5|5,
hit:511_conv:1023,7,terrified,While camping alone_comma_ I awoke to sound of growling outside my tent. It sounded like a big old mean wolf who wanted to eat me.,167,Yes_comma_ it turned out well and little Wolfie is happy too.,5|5|5_5|5|5,
hit:556_conv:1113,1,terrified,Last week someone broke in my house and robbed us.  Now I am scared to even live here!,160,Last week someone broke in my house and robbed us. Now I am scared to even live here!,5|5|5_5|5|5,
hit:556_conv:1113,2,terrified,Last week someone broke in my house and robbed us.  Now I am scared to even live here!,64,That's intense. I am sorry to hear that but stay positive!,5|5|5_5|5|5,
hit:556_conv:1113,3,terrified,Last week someone broke in my house and robbed us.  Now I am scared to even live here!,160,But its so scary to be here now I am afraid it will happen again.,5|5|5_5|5|5,
hit:556_conv:1113,4,terrified,Last week someone broke in my house and robbed us.  Now I am scared to even live here!,64,I hope that it does not. Is it a bad part of town?,5|5|5_5|5|5,
hit:556_conv:1113,5,terrified,Last week someone broke in my house and robbed us.  Now I am scared to even live here!,160,No.. I thought it was a nice neighborhood.  Maybe I was wrong.,5|5|5_5|5|5,
hit:557_conv:1115,1,terrified,I was so frightened when a black cat started following me home. I am very superstitious and though perhaps it was a shapeshifter.,139,It was so creepy when I saw a black cat following me on my walk. I was scared it was a shapeshifter.,5|5|5_5|4|5,
hit:557_conv:1115,2,terrified,I was so frightened when a black cat started following me home. I am very superstitious and though perhaps it was a shapeshifter.,165,Like from harry potter?,5|5|5_5|4|5,
hit:557_conv:1115,3,terrified,I was so frightened when a black cat started following me home. I am very superstitious and though perhaps it was a shapeshifter.,139,Yeah_comma_ I thought maybe it was Dumbledore but when I got home and turned around it was gone. I later saw it eating some mice in the yard.,5|5|5_5|4|5,
hit:557_conv:1115,4,terrified,I was so frightened when a black cat started following me home. I am very superstitious and though perhaps it was a shapeshifter.,165,Dumbledore is one of my favorite characters of a ll time,5|5|5_5|4|5,
hit:633_conv:1267,1,terrified,Boy_comma_ that movie The Conjuring sure was good. I have not felt scared in a long time_comma_ and I am horror movie buff myself. ,187,Boy_comma_ that movie The Conjuring sure was good. ,3|4|5_4|4|4,
hit:633_conv:1267,2,terrified,Boy_comma_ that movie The Conjuring sure was good. I have not felt scared in a long time_comma_ and I am horror movie buff myself. ,189,I've not seen the movie,3|4|5_4|4|4,
hit:633_conv:1267,3,terrified,Boy_comma_ that movie The Conjuring sure was good. I have not felt scared in a long time_comma_ and I am horror movie buff myself. ,187,Oh_comma_ if you are a horror movie buff_comma_ you should. It has been long time since I was this scared. ,3|4|5_4|4|4,
hit:633_conv:1267,4,terrified,Boy_comma_ that movie The Conjuring sure was good. I have not felt scared in a long time_comma_ and I am horror movie buff myself. ,189,Hahaha I really love to see horror movies_comma_ but I don't usually get scared,3|4|5_4|4|4,
hit:633_conv:1267,5,terrified,Boy_comma_ that movie The Conjuring sure was good. I have not felt scared in a long time_comma_ and I am horror movie buff myself. ,187,Exactly. I don't either_comma_ usually.,3|4|5_4|4|4,
hit:784_conv:1569,1,terrified,I've been watching the new stephen king show. I don;t even like scary things,27,I don't watch scary shows_comma_ but I have been watching the new stephen king show on hulu.,5|5|5_4|4|4,
hit:784_conv:1569,2,terrified,I've been watching the new stephen king show. I don;t even like scary things,222,Yes_comma_ I watch the show. That is a bit scary though but not that much.,5|5|5_4|4|4,
hit:784_conv:1569,3,terrified,I've been watching the new stephen king show. I don;t even like scary things,27,The first episode was fine but I don't thik I will go past episode three. Im terrified.,5|5|5_4|4|4,
hit:784_conv:1569,4,terrified,I've been watching the new stephen king show. I don;t even like scary things,222,Ohh come on its not that scary_comma_ you should watch whole season.,5|5|5_4|4|4,
hit:784_conv:1569,5,terrified,I've been watching the new stephen king show. I don;t even like scary things,27,You don't know me lol,5|5|5_4|4|4,
hit:784_conv:1569,6,terrified,I've been watching the new stephen king show. I don;t even like scary things,222,Haha_comma_ Ok as you wish then,5|5|5_4|4|4,
hit:869_conv:1738,4,terrified,when my car caught on fire. it was bad ,27,i was 22. Registering for college classes and I was freaking out so bad_comma_ they just told me to come back the next day. I didn't go back,5|5|5_5|5|5,
hit:957_conv:1915,1,terrified,I went to a haunted house and was scared of the ghosts.,4,I went to a haunted house and was scared of the ghosts.,I believe they do.|I have clicked the 'End Chat' button thank you!|5_I have clicked the 'End Chat' button thank you!|1|4,
hit:957_conv:1915,2,terrified,I went to a haunted house and was scared of the ghosts.,268,oooh really do ghosts exist ,I believe they do.|I have clicked the 'End Chat' button thank you!|5_I have clicked the 'End Chat' button thank you!|1|4,
hit:957_conv:1915,3,terrified,I went to a haunted house and was scared of the ghosts.,4,I believe the do.,I believe they do.|I have clicked the 'End Chat' button thank you!|5_I have clicked the 'End Chat' button thank you!|1|4,
hit:957_conv:1915,4,terrified,I went to a haunted house and was scared of the ghosts.,268,i used to but nowadays i don't what else,I believe they do.|I have clicked the 'End Chat' button thank you!|5_I have clicked the 'End Chat' button thank you!|1|4,
hit:957_conv:1915,5,terrified,I went to a haunted house and was scared of the ghosts.,4,I believe they do.,I believe they do.|I have clicked the 'End Chat' button thank you!|5_I have clicked the 'End Chat' button thank you!|1|4,
hit:1182_conv:2364,1,terrified,I was pretty scared when I wrecked my truck. I did not know if I was going to make it,126,I got pretty scared when I wrecked my truck. I was not sure I would be okay,4|5|5_5|5|5,
hit:1182_conv:2364,2,terrified,I was pretty scared when I wrecked my truck. I did not know if I was going to make it,182,Wow that must have been a terrifying experience. Are you ok now?,4|5|5_5|5|5,
hit:1182_conv:2364,3,terrified,I was pretty scared when I wrecked my truck. I did not know if I was going to make it,126,I am okay. I hurt my knee but I healed,4|5|5_5|5|5,
hit:1182_conv:2364,4,terrified,I was pretty scared when I wrecked my truck. I did not know if I was going to make it,182,That is good that you escaped your accident with a minor injury. Please take care of yourself in the future!,4|5|5_5|5|5,
hit:1189_conv:2379,1,terrified,I was scared when a tornado touched down close to my home. It was a sad feeling,126,I was so scared when a tornado touched down close to my house. I was just sad and scared,4|5|4_4|3|4,
hit:1189_conv:2379,2,terrified,I was scared when a tornado touched down close to my home. It was a sad feeling,220,Oh my gosh! Did you run and hide?,4|5|4_4|3|4,
hit:1189_conv:2379,3,terrified,I was scared when a tornado touched down close to my home. It was a sad feeling,126,I hid in the bathroom,4|5|4_4|3|4,
hit:1189_conv:2379,4,terrified,I was scared when a tornado touched down close to my home. It was a sad feeling,220,I don't live in an area that is known for tornadoes but they still scare me. I'm glad you're ok!,4|5|4_4|3|4,
hit:1276_conv:2552,1,terrified,just heard a thump upstairs in a house I'm house sitting all alone at. Really don't want to go check it out..,273,just heard a thump upstairs in a house I'm house sitting all alone at. Really don't want to go check it out,3|3|3_5|5|5,
hit:1276_conv:2552,2,terrified,just heard a thump upstairs in a house I'm house sitting all alone at. Really don't want to go check it out..,296,Don't go check it out. That never turns out well in horror movies. Bring a gun then or another person.,3|3|3_5|5|5,
hit:1276_conv:2552,3,terrified,just heard a thump upstairs in a house I'm house sitting all alone at. Really don't want to go check it out..,273,I don't have a gun! Or another person! Ah man... Guess I'll just sleep in the bathroom with the door locked,3|3|3_5|5|5,
hit:1276_conv:2552,4,terrified,just heard a thump upstairs in a house I'm house sitting all alone at. Really don't want to go check it out..,296,I would do that! Or call a friend over- Get a weapon too.,3|3|3_5|5|5,
hit:1486_conv:2973,1,terrified,I was so scared when my dad had a heart attack. I thought he was going to die,126,I was scared when my dad had a heart attack. I thought he was going to die,4|5|5_5|5|5,
hit:1486_conv:2973,2,terrified,I was so scared when my dad had a heart attack. I thought he was going to die,7,Sorry to hear that. Is he better now?,4|5|5_5|5|5,
hit:1486_conv:2973,3,terrified,I was so scared when my dad had a heart attack. I thought he was going to die,126,He is_comma_ but it was scary then,4|5|5_5|5|5,
hit:1486_conv:2973,4,terrified,I was so scared when my dad had a heart attack. I thought he was going to die,7,Did the doctors have found what was the issue with his heart?,4|5|5_5|5|5,
hit:1487_conv:2975,1,terrified,I found a snake in my boot. I was so afraid that it would bite me.,209,So_comma_ I was putting on my cow poke boots the other day and found a snake in my boot!,5|5|5_5|5|5,
hit:1487_conv:2975,2,terrified,I found a snake in my boot. I was so afraid that it would bite me.,269,Whoa_comma_ did anything bad happen? ,5|5|5_5|5|5,
hit:1487_conv:2975,3,terrified,I found a snake in my boot. I was so afraid that it would bite me.,209,Thankfully not. My trusty dog managed to dispose of it rather quickly. Never been so afraid in my life.,5|5|5_5|5|5,
hit:1487_conv:2975,4,terrified,I found a snake in my boot. I was so afraid that it would bite me.,269,I'm glad nothing bad happen_comma_ snake venom can really mess you up...,5|5|5_5|5|5,
hit:1529_conv:3058,1,terrified,I thought I was being stalked by someone I ran into at the store. It was terrible.,235,THe worst thing happened the other day. I went grovery shopping and I thought I was being followed. It scared me so bad!,5|5|5_5|5|5,
hit:1529_conv:3058,2,terrified,I thought I was being stalked by someone I ran into at the store. It was terrible.,68,Who was following you?!,5|5|5_5|5|5,
hit:1529_conv:3058,3,terrified,I thought I was being stalked by someone I ran into at the store. It was terrible.,235,This big scary guy,5|5|5_5|5|5,
hit:1529_conv:3058,4,terrified,I thought I was being stalked by someone I ran into at the store. It was terrible.,68,What did he look like? I would call the cops if they are stalking you.,5|5|5_5|5|5,
hit:1548_conv:3096,1,terrified,I was in a friends house one night. We were watching a movie when he heard a loud bang suddenly. Then we heard clawing noises.,68,So i was watching a movie with our other friend the other night. ,4|4|4_1|5|5,
hit:1548_conv:3096,2,terrified,I was in a friends house one night. We were watching a movie when he heard a loud bang suddenly. Then we heard clawing noises.,160,What did you watch/?,4|4|4_1|5|5,
hit:1548_conv:3096,3,terrified,I was in a friends house one night. We were watching a movie when he heard a loud bang suddenly. Then we heard clawing noises.,68,Finding Nemo but it was more what happened during the movie. Heard this loud bang sound. It spooked us good.,4|4|4_1|5|5,
hit:1548_conv:3096,4,terrified,I was in a friends house one night. We were watching a movie when he heard a loud bang suddenly. Then we heard clawing noises.,160,So what was it?  You are making me scared.,4|4|4_1|5|5,
hit:1555_conv:3111,1,terrified,I just finished watching Mindhunter on Netflix.  The first season ended with me cringing on the couch.,274,I just finished the first season of Mind hunter on Netflix. I almost wet my pants.,5|5|5_5|5|5,
hit:1555_conv:3111,2,terrified,I just finished watching Mindhunter on Netflix.  The first season ended with me cringing on the couch.,1,Wow. Must be a really good show. What's it about?,5|5|5_5|5|5,
hit:1555_conv:3111,3,terrified,I just finished watching Mindhunter on Netflix.  The first season ended with me cringing on the couch.,274,Serial Killer and FBI profiling. Its intense.,5|5|5_5|5|5,
hit:1555_conv:3111,4,terrified,I just finished watching Mindhunter on Netflix.  The first season ended with me cringing on the couch.,1,I love thrillers. I watched Killing Eve.,5|5|5_5|5|5,
hit:1649_conv:3299,1,terrified,I have to go to court soon for a drunk driving incident and I am so scared. What if I have to go to jail?,269,I have to go to court soon for a drunk driving incident and I am so scared. What if I have to go to jail?,5|5|5_5|5|5,
hit:1649_conv:3299,2,terrified,I have to go to court soon for a drunk driving incident and I am so scared. What if I have to go to jail?,209,You usually don't get that much jail time for drunk driving if it is your first incident. It shouldn't be so bad_comma_ but hopefully it will make you more cautious in the future.,5|5|5_5|5|5,
hit:1649_conv:3299,3,terrified,I have to go to court soon for a drunk driving incident and I am so scared. What if I have to go to jail?,269,It's my 2nd offense so I am terrified. I think I'm looking at a month or two in jail.,5|5|5_5|5|5,
hit:1649_conv:3299,4,terrified,I have to go to court soon for a drunk driving incident and I am so scared. What if I have to go to jail?,209,Oh wow. I really hope that you get the help you need. I can relate though...I used to be reckless like that a couple years back. Just have to be responsible and arrange an uber or some other form of transportation.,5|5|5_5|5|5,
hit:1857_conv:3715,1,terrified,A mommy deer got hit by a car in front of my house and she had two very little babies that are left wondering around my area . They won't leave and I'm afraid they're going to go into the road.,40,A mommy deer got hit by a car in front of my house and her two babies keep hanging around looking for her. I'm afraid they're going to go in the road like she did and get killed. Ugh.,5|5|5_5|5|5,
hit:1857_conv:3715,2,terrified,A mommy deer got hit by a car in front of my house and she had two very little babies that are left wondering around my area . They won't leave and I'm afraid they're going to go into the road.,10,That is so sad_comma_ humans made a huge impact on animals lives in that sense,5|5|5_5|5|5,
hit:1857_conv:3715,3,terrified,A mommy deer got hit by a car in front of my house and she had two very little babies that are left wondering around my area . They won't leave and I'm afraid they're going to go into the road.,40,Oh I know_comma_ I see dead animals way too much. It's terrible. I hope they make it _comma_ they seem to be eating on their own at least.,5|5|5_5|5|5,
hit:1857_conv:3715,4,terrified,A mommy deer got hit by a car in front of my house and she had two very little babies that are left wondering around my area . They won't leave and I'm afraid they're going to go into the road.,10,It makes me feel sick as well_comma_ I hit a bird once and almost cried,5|5|5_5|5|5,
hit:1857_conv:3715,5,terrified,A mommy deer got hit by a car in front of my house and she had two very little babies that are left wondering around my area . They won't leave and I'm afraid they're going to go into the road.,40,Say a prayer for all the poor little animals.,5|5|5_5|5|5,
hit:1931_conv:3862,1,terrified,My kids daycare was on lock-down the other day because of a shooting nearby!  I was terrified!,277,My kids daycare was on lock-down the other day because of a shooting nearby! I was terrified!,5|5|5_5|5|5,
hit:1931_conv:3862,2,terrified,My kids daycare was on lock-down the other day because of a shooting nearby!  I was terrified!,11,that is so scary.... you must have been terrified your baby too! How are you doing today? ,5|5|5_5|5|5,
hit:1931_conv:3862,3,terrified,My kids daycare was on lock-down the other day because of a shooting nearby!  I was terrified!,277,I am better now since it is over.  I had never felt quite like that before.,5|5|5_5|5|5,
hit:1931_conv:3862,4,terrified,My kids daycare was on lock-down the other day because of a shooting nearby!  I was terrified!,11,I cant even begin to imagine honestly im sorry you had to experience that ,5|5|5_5|5|5,
hit:2357_conv:4715,1,terrified,My wife talked me into bungee jumping a couple weeks ago!  It was insane and I was scared out of my mind!,277,My wife talked me into bungee jumping a couple weeks ago! It was insane and I was scared out of my mind!,5|5|5_5|5|5,
hit:2357_conv:4715,2,terrified,My wife talked me into bungee jumping a couple weeks ago!  It was insane and I was scared out of my mind!,100,Wow I could never do that_comma_ I really hate heights.,5|5|5_5|5|5,
hit:2357_conv:4715,3,terrified,My wife talked me into bungee jumping a couple weeks ago!  It was insane and I was scared out of my mind!,277,I am afraid of height to_comma_ so you can imagine how I was feeling!,5|5|5_5|5|5,
hit:2357_conv:4715,4,terrified,My wife talked me into bungee jumping a couple weeks ago!  It was insane and I was scared out of my mind!,100,You're pretty brave for conquering that fear.,5|5|5_5|5|5,
hit:2630_conv:5260,1,terrified,I heard a huge noise in the middle of the night. I almost pooped my pants_comma_ but it was just my cats.,398,Last night was terrible! I heard a huge noise and was so scared I almost pooped my pants.,3|4|5_5|5|5,
hit:2630_conv:5260,2,terrified,I heard a huge noise in the middle of the night. I almost pooped my pants_comma_ but it was just my cats.,188,Why? What happened?,3|4|5_5|5|5,
hit:2630_conv:5260,3,terrified,I heard a huge noise in the middle of the night. I almost pooped my pants_comma_ but it was just my cats.,398,I thought someone was breaking in my house! But it was only my cats being crazy. ,3|4|5_5|5|5,
hit:2630_conv:5260,4,terrified,I heard a huge noise in the middle of the night. I almost pooped my pants_comma_ but it was just my cats.,188,I see. lol. I hate cats_comma_ sorry,3|4|5_5|5|5,
hit:2783_conv:5567,1,terrified,I am getting an evaluation at work soon. It might not go well.,262,Im being evaluated at work soon.,5|5|5_5|5|5,
hit:2783_conv:5567,2,terrified,I am getting an evaluation at work soon. It might not go well.,238,for your job or mental health?,5|5|5_5|5|5,
hit:2783_conv:5567,3,terrified,I am getting an evaluation at work soon. It might not go well.,262,my job. It might not go well. I missed a lot of work lately.,5|5|5_5|5|5,
hit:2783_conv:5567,4,terrified,I am getting an evaluation at work soon. It might not go well.,238,hope it turns out well for you,5|5|5_5|5|5,
hit:2783_conv:5567,5,terrified,I am getting an evaluation at work soon. It might not go well.,262,Me too. I want a raise.,5|5|5_5|5|5,
hit:2957_conv:5914,1,terrified,had hellp syndrome with 1st child.  almost died,56,I was 26 when I had my first child - that was a very scary experience.  I'm actually surprised we went on and had another one!,5|5|5_5|5|5,
hit:2957_conv:5914,2,terrified,had hellp syndrome with 1st child.  almost died,234,That is scary! As a 26 year old I cannot imagine actually having kids at this age. I'd be running around like a chicken,5|5|5_5|5|5,
hit:2957_conv:5914,3,terrified,had hellp syndrome with 1st child.  almost died,56,Well_comma_ unfortunately I got HELLP syndrome and basically my organs started shutting down - they had to do an emergency c-section and I was in the hospital over a week.,5|5|5_5|5|5,
hit:2957_conv:5914,4,terrified,had hellp syndrome with 1st child.  almost died,234,That's rough! I'm glad you're ok now (I hope)_comma_ but that must have been really traumatic ,5|5|5_5|5|5,
hit:2971_conv:5942,1,terrified,I am meeting my girlfriends parents tomorrow. I am so nervous,27,I am so nervous about tomorrow.,5|5|5_4|5|5,
hit:2971_conv:5942,2,terrified,I am meeting my girlfriends parents tomorrow. I am so nervous,322,Why are you so nervous?,5|5|5_4|5|5,
hit:2971_conv:5942,3,terrified,I am meeting my girlfriends parents tomorrow. I am so nervous,27,I am meeting my girlfriends parents.,5|5|5_4|5|5,
hit:2971_conv:5942,4,terrified,I am meeting my girlfriends parents tomorrow. I am so nervous,322,Okay_comma_ I totally understand your feelings.,5|5|5_4|5|5,
hit:2971_conv:5942,5,terrified,I am meeting my girlfriends parents tomorrow. I am so nervous,27,I want to marry her one day so I want to make a good impression,5|5|5_4|5|5,
hit:3036_conv:6073,1,terrified, The other week it sounded like a bomb went off. I am in a very dangerous city_comma_ so you never know here.,296,The other week it sounded like a bomb went off. I am in a very dangerous city_comma_ so you never know here. Between the gunshots and fireworks..AND fire balls..it's hard to tell!,5|5|5_5|5|5,
hit:3036_conv:6073,2,terrified, The other week it sounded like a bomb went off. I am in a very dangerous city_comma_ so you never know here.,286,Oh wow! I'd be afraid to go outside! I hope you are able to stay safe!,5|5|5_5|5|5,
hit:3036_conv:6073,3,terrified, The other week it sounded like a bomb went off. I am in a very dangerous city_comma_ so you never know here.,296,I try! Having a fenced in yard helps but I worry about stuff at night. It's like vampire city here,5|5|5_5|5|5,
hit:3036_conv:6073,4,terrified, The other week it sounded like a bomb went off. I am in a very dangerous city_comma_ so you never know here.,286,That sounds very scary. Ever thought of moving?,5|5|5_5|5|5,
hit:3036_conv:6073,5,terrified, The other week it sounded like a bomb went off. I am in a very dangerous city_comma_ so you never know here.,296,yes but that takes money. Saving up!,5|5|5_5|5|5,
hit:3036_conv:6073,6,terrified, The other week it sounded like a bomb went off. I am in a very dangerous city_comma_ so you never know here.,286,I wish you luck! I really hope you can get out of there soon.,5|5|5_5|5|5,
hit:3229_conv:6458,1,terrified,I got in a bit of an altercation with a co-worker today_comma_ and I'm afraid it may lead to me losing my job. It started with a misunderstanding_comma_and when they didn't want to simply accept that it was a misunderstanding after I apologized_comma_ I decided to simply defend myself and there was a verbal back-and-forth witnessed by a few people. This is not the image I wanted to have at my job... ,273,I got in a bit of an altercation with a co-worker today_comma_ and I'm afraid it may lead to me losing my job. It started with a misunderstanding_comma_and when they didn't want to simply accept that it was a misunderstanding after I apologized_comma_ I decided to simply defend myself and there was a verbal back-and-forth witnessed by a few people. This is not the image I wanted to have at my job...,3|3|3_5|5|5,
hit:3229_conv:6458,2,terrified,I got in a bit of an altercation with a co-worker today_comma_ and I'm afraid it may lead to me losing my job. It started with a misunderstanding_comma_and when they didn't want to simply accept that it was a misunderstanding after I apologized_comma_ I decided to simply defend myself and there was a verbal back-and-forth witnessed by a few people. This is not the image I wanted to have at my job... ,1,Sometimes you gotta stand up for yourself.,3|3|3_5|5|5,
hit:3229_conv:6458,3,terrified,I got in a bit of an altercation with a co-worker today_comma_ and I'm afraid it may lead to me losing my job. It started with a misunderstanding_comma_and when they didn't want to simply accept that it was a misunderstanding after I apologized_comma_ I decided to simply defend myself and there was a verbal back-and-forth witnessed by a few people. This is not the image I wanted to have at my job... ,273,Yeah. I didn't want to seem like a whiny brat_comma_ but I didn't want to seem like a pushover either_comma_ especially when I thought it was stupid to fight about it to begin with. If I lose my job_comma_ it won't be the worst thing_comma_ since it's just a part-time job to get me through college. But I still hate the feeling that I let people down_comma_ or that I look dumb in other people's eyes.,3|3|3_5|5|5,
hit:3229_conv:6458,4,terrified,I got in a bit of an altercation with a co-worker today_comma_ and I'm afraid it may lead to me losing my job. It started with a misunderstanding_comma_and when they didn't want to simply accept that it was a misunderstanding after I apologized_comma_ I decided to simply defend myself and there was a verbal back-and-forth witnessed by a few people. This is not the image I wanted to have at my job... ,1,If they know you_comma_ they should know better.,3|3|3_5|5|5,
hit:3245_conv:6490,1,terrified,There is a little cat I tried to help last night. He ran when my dog charged at him though and I am scared of what has happened to him. A lot of cats get hit around here,296,There is a little cat I tried to help last night.,3|5|5_5|5|5,
hit:3245_conv:6490,2,terrified,There is a little cat I tried to help last night. He ran when my dog charged at him though and I am scared of what has happened to him. A lot of cats get hit around here,262,What happened to it?,3|5|5_5|5|5,
hit:3245_conv:6490,3,terrified,There is a little cat I tried to help last night. He ran when my dog charged at him though and I am scared of what has happened to him. A lot of cats get hit around here,296,He ran when my dog charged at him though and I am scared of what has happened to him. A lot of cats get hit around here,3|5|5_5|5|5,
hit:3245_conv:6490,4,terrified,There is a little cat I tried to help last night. He ran when my dog charged at him though and I am scared of what has happened to him. A lot of cats get hit around here,262,That sucks.,3|5|5_5|5|5,
hit:3333_conv:6666,1,terrified,A dragonfly was chasing me earlier this afternoon.  I was so afraid of getting hurt.,322,A dragonfly was chasing me earlier this afternoon.  ,4|4|4_5|4|4,
hit:3333_conv:6666,2,terrified,A dragonfly was chasing me earlier this afternoon.  I was so afraid of getting hurt.,70,did he get you?,4|4|4_5|4|4,
hit:3333_conv:6666,3,terrified,A dragonfly was chasing me earlier this afternoon.  I was so afraid of getting hurt.,322,No_comma_ but I was so afraid of it.,4|4|4_5|4|4,
hit:3333_conv:6666,4,terrified,A dragonfly was chasing me earlier this afternoon.  I was so afraid of getting hurt.,70,they do look a little scary! ,4|4|4_5|4|4,
hit:3377_conv:6754,1,terrified,We had to rush my grandmother to the ER yesterday because she passed out and hit her head on the tile floor. It was very scary and she had no memory of it,234,We had to rush my grandmother to the ER yesterday because she passed out and hit her head on the tile floor.,5|5|5_5|5|5,
hit:3377_conv:6754,2,terrified,We had to rush my grandmother to the ER yesterday because she passed out and hit her head on the tile floor. It was very scary and she had no memory of it,55,Oh god_comma_ that's awful! Is she alright?,5|5|5_5|5|5,
hit:3377_conv:6754,3,terrified,We had to rush my grandmother to the ER yesterday because she passed out and hit her head on the tile floor. It was very scary and she had no memory of it,234,Luckily she's fine_comma_ but she has no memory of it. The Doctor suspects she might be losing her balance,5|5|5_5|5|5,
hit:3377_conv:6754,4,terrified,We had to rush my grandmother to the ER yesterday because she passed out and hit her head on the tile floor. It was very scary and she had no memory of it,55,That would make sense_comma_ assuming she is getting pretty old.,5|5|5_5|5|5,
hit:3635_conv:7271,1,terrified,I am so scared for my sister's health. She is in the hospital and I hope she doesn't have cancer.,269,I am so scared for my sister's health. She is in the hospital and I hope she doesn't have cancer.,5|5|5_5|5|5,
hit:3635_conv:7271,2,terrified,I am so scared for my sister's health. She is in the hospital and I hope she doesn't have cancer.,244,Have they already done a biopsy?,5|5|5_5|5|5,
hit:3635_conv:7271,3,terrified,I am so scared for my sister's health. She is in the hospital and I hope she doesn't have cancer.,269,In the process right now. I am so afraid of the results...,5|5|5_5|5|5,
hit:3635_conv:7271,4,terrified,I am so scared for my sister's health. She is in the hospital and I hope she doesn't have cancer.,244,I'm sure everything will turn out ok,5|5|5_5|5|5,
hit:4068_conv:8137,1,terrified,I was 18 and had signed up to join the military.  My basic training date got pushed back to the Fall.  That left the door open for more active duty and reserve military personnel to tell me how mentally/physically taxing basic training can be.  With this information and as summer ended and the date for entry drew nearer for my entry into basic training drew nearer I was terrified given the multitude of stories I'd been told by numerous different people from various backgrounds.,500,I spoke with numerous active and reserve personnel about their basic training experiences.  There wasn't much positive in what they shared so my mind wallowed in what lay ahead.  Naturally I was worried to say the least.,4|4|3_5|5|5,
hit:4068_conv:8137,2,terrified,I was 18 and had signed up to join the military.  My basic training date got pushed back to the Fall.  That left the door open for more active duty and reserve military personnel to tell me how mentally/physically taxing basic training can be.  With this information and as summer ended and the date for entry drew nearer for my entry into basic training drew nearer I was terrified given the multitude of stories I'd been told by numerous different people from various backgrounds.,326,Are you enrolling into army?,4|4|3_5|5|5,
hit:4068_conv:8137,3,terrified,I was 18 and had signed up to join the military.  My basic training date got pushed back to the Fall.  That left the door open for more active duty and reserve military personnel to tell me how mentally/physically taxing basic training can be.  With this information and as summer ended and the date for entry drew nearer for my entry into basic training drew nearer I was terrified given the multitude of stories I'd been told by numerous different people from various backgrounds.,500,These were the experiences I had before I went into basic training. ,4|4|3_5|5|5,
hit:4068_conv:8137,4,terrified,I was 18 and had signed up to join the military.  My basic training date got pushed back to the Fall.  That left the door open for more active duty and reserve military personnel to tell me how mentally/physically taxing basic training can be.  With this information and as summer ended and the date for entry drew nearer for my entry into basic training drew nearer I was terrified given the multitude of stories I'd been told by numerous different people from various backgrounds.,326,Well good luck_comma_ its a tough life.,4|4|3_5|5|5,
hit:4141_conv:8283,1,terrified,I thought i saw a ghost outside my window_comma_ I had my heart in the mouth,43,Last week_comma_ i thought i saw a ghost outside my window!!,5|5|5_5|5|5,
hit:4141_conv:8283,2,terrified,I thought i saw a ghost outside my window_comma_ I had my heart in the mouth,52,no way!!! I hope you left the house!! I would_comma_ and probably would never come back,5|5|5_5|5|5,
hit:4141_conv:8283,3,terrified,I thought i saw a ghost outside my window_comma_ I had my heart in the mouth,43,Well i freaked out like hell and started screaming. But all it was a prank from my friends,5|5|5_5|5|5,
hit:4141_conv:8283,4,terrified,I thought i saw a ghost outside my window_comma_ I had my heart in the mouth,52,oh wow! I would probably kill that friend lol that's a mean prank,5|5|5_5|5|5,
hit:4338_conv:8676,1,terrified,I am scared that World War 3 may be near.,4,I am scared that World War 3 may be near.,5|5|5_5|5|5,
hit:4338_conv:8676,2,terrified,I am scared that World War 3 may be near.,389,Nah.  Don't worry my friend!  It will be okay!,5|5|5_5|5|5,
hit:4338_conv:8676,3,terrified,I am scared that World War 3 may be near.,4,I am really worried that North Korea may attack us.,5|5|5_5|5|5,
hit:4338_conv:8676,4,terrified,I am scared that World War 3 may be near.,389,I don't think they will.  We are the worlds greatest army,5|5|5_5|5|5,
hit:4540_conv:9081,1,terrified,One time I started getting really weird texts from a guy. He had pictures of outside my house and it scared me_comma_ but it was just a friend pranking me.,55,I was getting really weird_comma_ aggressive texts from someone and it was starting to really scare me.,5|5|5_4|4|4,
hit:4540_conv:9081,2,terrified,One time I started getting really weird texts from a guy. He had pictures of outside my house and it scared me_comma_ but it was just a friend pranking me.,237,if it's someone you know you should ask them not to do it again,5|5|5_4|4|4,
hit:4540_conv:9081,3,terrified,One time I started getting really weird texts from a guy. He had pictures of outside my house and it scared me_comma_ but it was just a friend pranking me.,55,It was a prank from my friend and they really got me good.,5|5|5_4|4|4,
hit:4540_conv:9081,4,terrified,One time I started getting really weird texts from a guy. He had pictures of outside my house and it scared me_comma_ but it was just a friend pranking me.,237,oh thats bad!,5|5|5_4|4|4,
hit:4931_conv:9863,1,terrified,Last night I heard something scraping on my window. I got up and opened it to look out.,139,I heard something scraping on my window last night. I got up to investigate.,5|5|5_5|5|5,
hit:4931_conv:9863,2,terrified,Last night I heard something scraping on my window. I got up and opened it to look out.,438,Scary!!! What was it?  Were you terrified or just curious?,5|5|5_5|5|5,
hit:4931_conv:9863,3,terrified,Last night I heard something scraping on my window. I got up and opened it to look out.,139,When I got to the window I didn't see anything. I opened it up and peered outside. That is when I saw a slender shadow slinking off. I was so scared.,5|5|5_5|5|5,
hit:4931_conv:9863,4,terrified,Last night I heard something scraping on my window. I got up and opened it to look out.,438,I would be too!  Did you try to see if you could see someone from another window or just run back to bed?  I'm glad you're ok!,5|5|5_5|5|5,
hit:5183_conv:10366,1,terrified,A van has been parked out front of my house all night. There's a man in the front seat who keeps on looking towards my house. I have no idea what he's doing_comma_ but I'm pretty scared right about now.,469,There a guy parked right in front of my house the past few hours. He keeps looking towards my house_comma_ I'm getting kind of freaked out.,5|5|5_5|5|5,
hit:5183_conv:10366,2,terrified,A van has been parked out front of my house all night. There's a man in the front seat who keeps on looking towards my house. I have no idea what he's doing_comma_ but I'm pretty scared right about now.,448,That's creepy_comma_ do you think you're in trouble for something or is it someone random?,5|5|5_5|5|5,
hit:5183_conv:10366,3,terrified,A van has been parked out front of my house all night. There's a man in the front seat who keeps on looking towards my house. I have no idea what he's doing_comma_ but I'm pretty scared right about now.,469,It seems like someone random. I have a bad feeling about it. I think i'm going to call the police. ,5|5|5_5|5|5,
hit:5183_conv:10366,4,terrified,A van has been parked out front of my house all night. There's a man in the front seat who keeps on looking towards my house. I have no idea what he's doing_comma_ but I'm pretty scared right about now.,448,I would do so just as a precaution_comma_ can never be too careful!,5|5|5_5|5|5,
hit:5202_conv:10405,1,terrified,I had to leave my dog at the vet overnight_comma_ so they can run some tests. She hasn't been eating much lately_comma_ and she's just been really lackadaisical and lazy. I don't think I'll be able to sleep tonight_comma_ knowing she's there in a weird environment_comma_ all alone.,273,I had to leave my dog at the vet overnight_comma_ so they can run some tests. She hasn't been eating much lately_comma_ and she's just been really lackadaisical and lazy. I don't think I'll be able to sleep tonight_comma_ knowing she's there in a weird environment_comma_ all alone,5|5|5_5|5|5,
hit:5202_conv:10405,2,terrified,I had to leave my dog at the vet overnight_comma_ so they can run some tests. She hasn't been eating much lately_comma_ and she's just been really lackadaisical and lazy. I don't think I'll be able to sleep tonight_comma_ knowing she's there in a weird environment_comma_ all alone.,448,Aw_comma_ I'm sorry to hear that_comma_ is she getting up there in age?,5|5|5_5|5|5,
hit:5202_conv:10405,3,terrified,I had to leave my dog at the vet overnight_comma_ so they can run some tests. She hasn't been eating much lately_comma_ and she's just been really lackadaisical and lazy. I don't think I'll be able to sleep tonight_comma_ knowing she's there in a weird environment_comma_ all alone.,273,She's almost 10_comma_ yeah. I know sometimes you just have to let go. But she was fine a few days ago! I'm still holding on to the idea that it's nothing. We'll see!,5|5|5_5|5|5,
hit:5202_conv:10405,4,terrified,I had to leave my dog at the vet overnight_comma_ so they can run some tests. She hasn't been eating much lately_comma_ and she's just been really lackadaisical and lazy. I don't think I'll be able to sleep tonight_comma_ knowing she's there in a weird environment_comma_ all alone.,448,Hopefully they will diagnose her correctly and she becomes her normal self. Fingers crossed!,5|5|5_5|5|5,
hit:5222_conv:10444,1,terrified,Going on a rollercoaster this weekend,389,Man i'm so scared for the weekend,5|5|5_5|5|5,
hit:5222_conv:10444,2,terrified,Going on a rollercoaster this weekend,301,Why? Whats going on this weekend?,5|5|5_5|5|5,
hit:5222_conv:10444,3,terrified,Going on a rollercoaster this weekend,389,Going to the amusement park!  I've never ridden a rollercoaster!,5|5|5_5|5|5,
hit:5222_conv:10444,4,terrified,Going on a rollercoaster this weekend,301,Oh my gosh thats exciting.  You're going to have such a fun time.  I love roller coasters,5|5|5_5|5|5,
hit:5222_conv:10444,5,terrified,Going on a rollercoaster this weekend,389,I hope so!  I'm so scared of them!  Maybe I'll have fun after I try one!,5|5|5_5|5|5,
hit:5222_conv:10444,6,terrified,Going on a rollercoaster this weekend,301,And if you need to_comma_ just close your eyes,5|5|5_5|5|5,
hit:5222_conv:10444,7,terrified,Going on a rollercoaster this weekend,389,I probably will!  Or throw up lol,5|5|5_5|5|5,
hit:5242_conv:10484,1,terrified,i was scared walkin home yesterday,238,i was scared walkin home yesterday,5|5|5_5|5|5,
hit:5242_conv:10484,2,terrified,i was scared walkin home yesterday,469,That's terrible! Why did you feel scared?,5|5|5_5|5|5,
hit:5242_conv:10484,3,terrified,i was scared walkin home yesterday,238,had to walk home through a wooded area,5|5|5_5|5|5,
hit:5242_conv:10484,4,terrified,i was scared walkin home yesterday,469,Oh no_comma_ I always feel the same way. I usually avoid areas like that.,5|5|5_5|5|5,
hit:5363_conv:10727,1,terrified,I woke up to a loud noise last night. Someone was trying to break in.,243,I woke up to a loud noise last night.,5|5|5_5|5|5,
hit:5363_conv:10727,2,terrified,I woke up to a loud noise last night. Someone was trying to break in.,225,Were you able to find out what it was?,5|5|5_5|5|5,
hit:5363_conv:10727,3,terrified,I woke up to a loud noise last night. Someone was trying to break in.,243,Someone was trying to break in. My heart was racing and I was panicking. ,5|5|5_5|5|5,
hit:5363_conv:10727,4,terrified,I woke up to a loud noise last night. Someone was trying to break in.,225,Be safe_comma_ they may come back.,5|5|5_5|5|5,
hit:5377_conv:10754,1,terrified,I hate flying.,220,I hate flying. Something bad is going to happen_comma_ I feel it. I don't want to get on this flight.,5|5|5_5|5|5,
hit:5377_conv:10754,2,terrified,I hate flying.,43,oh no_comma_ why do you think like that.. All should be good,5|5|5_5|5|5,
hit:5377_conv:10754,3,terrified,I hate flying.,220,Because_comma_ plane crashes are awful!,5|5|5_5|5|5,
hit:5377_conv:10754,4,terrified,I hate flying.,43,ah ok. If intuition tells not to fly. Lets not take chance. you should skip the flight,5|5|5_5|5|5,
hit:5459_conv:10918,1,terrified,I went parachuting and had to use my secondary chute due to a malfunction.,286,I went parachuting and had to pull my secondary parachute due to a malfunction in the first. I was FREAKING out.,5|5|5_5|5|5,
hit:5459_conv:10918,2,terrified,I went parachuting and had to use my secondary chute due to a malfunction.,26,That would be so scary! Did it work on the first try?,5|5|5_5|5|5,
hit:5459_conv:10918,3,terrified,I went parachuting and had to use my secondary chute due to a malfunction.,286,"It did! That's the first thing that came to mind right before pulling it; ""PLEASE let this one work!"".",5|5|5_5|5|5,
hit:5459_conv:10918,4,terrified,I went parachuting and had to use my secondary chute due to a malfunction.,26,I can't imagine. Are you planning on going parachuting again? ,5|5|5_5|5|5,
hit:5459_conv:10918,5,terrified,I went parachuting and had to use my secondary chute due to a malfunction.,286,I think I will_comma_ but it'll be a while before I do!,5|5|5_5|5|5,
hit:5791_conv:11582,1,terrified,I felt bad when I saw a guy holding a jack knife ,329,I went to have fun in a club,5|5|5_5|5|5,
hit:5791_conv:11582,2,terrified,I felt bad when I saw a guy holding a jack knife ,514,how did that go? did you have fun?,5|5|5_5|5|5,
hit:5791_conv:11582,3,terrified,I felt bad when I saw a guy holding a jack knife ,329,I was having fun. I saw a girl that I liked but her boyfriend was somewhere around the corner,5|5|5_5|5|5,
hit:5791_conv:11582,4,terrified,I felt bad when I saw a guy holding a jack knife ,514,did he start anything?,5|5|5_5|5|5,
hit:5791_conv:11582,5,terrified,I felt bad when I saw a guy holding a jack knife ,329,He wanted ti fight me but he was quickly stopped ,5|5|5_5|5|5,
hit:5908_conv:11817,1,terrified,Yesterday_comma_ two gangs were fighting just in front of my home. It is a very scary situtation.,7,Yesterday_comma_ two gangs were fighting just in front of my home. It is a very scary situtation.,5|5|5_4|5|4,
hit:5908_conv:11817,2,terrified,Yesterday_comma_ two gangs were fighting just in front of my home. It is a very scary situtation.,556,Oh god that sounds terrible! Are you okay_comma_ is everyone in your house okay? Did anyone get hurt?,5|5|5_4|5|4,
hit:5908_conv:11817,3,terrified,Yesterday_comma_ two gangs were fighting just in front of my home. It is a very scary situtation.,7,In the house_comma_ no one got hurt but outside the house_comma_ many of them got hurt. They were using knifes and baseball bats.,5|5|5_4|5|4,
hit:5908_conv:11817,4,terrified,Yesterday_comma_ two gangs were fighting just in front of my home. It is a very scary situtation.,556,I'm glad to hear that no one in your house got hurt. Gang crime needs to be stopped!,5|5|5_4|5|4,
hit:5942_conv:11884,1,terrified,I was working on a house and a whole section of it was infested with roaches.  It was the scariest thing I've ever experienced with bugs.  I hate them!,438,I was working on a house and a whole section of it was infested with roaches. It was the scariest thing I've ever experienced with bugs. I hate them!,5|5|5_5|5|5,
hit:5942_conv:11884,2,terrified,I was working on a house and a whole section of it was infested with roaches.  It was the scariest thing I've ever experienced with bugs.  I hate them!,243,Oh that is so gross! I hate bugs too!,5|5|5_5|5|5,
hit:5942_conv:11884,3,terrified,I was working on a house and a whole section of it was infested with roaches.  It was the scariest thing I've ever experienced with bugs.  I hate them!,438,There were thousands of them and I have never seen it like that.  My skin crawls just thinking about it!,5|5|5_5|5|5,
hit:5942_conv:11884,4,terrified,I was working on a house and a whole section of it was infested with roaches.  It was the scariest thing I've ever experienced with bugs.  I hate them!,243,I hope none of them found a way home with you.,5|5|5_5|5|5,
hit:6196_conv:12393,1,terrified,I'm so scared of big spiders!,52,I'm absolutely terrified of big spiders. One day I was afraid to leave the house because there was a spider outside the door,5|5|5_5|5|5,
hit:6196_conv:12393,2,terrified,I'm so scared of big spiders!,1,I feel that way about any size spider.,5|5|5_5|5|5,
hit:6196_conv:12393,3,terrified,I'm so scared of big spiders!,52,Tiny spiders for some reason don't scare me. but those big ones with long legs... oh gosh,5|5|5_5|5|5,
hit:6196_conv:12393,4,terrified,I'm so scared of big spiders!,1,Is it just spiders that scare you?,5|5|5_5|5|5,
hit:6259_conv:12518,1,terrified,I ran out of gas while traveling across state and had no idea where I was.,332,I once ran out of gas in my car while traveling across state. I had no idea where I was at the time. It was pretty scary.,5|5|5_5|5|5,
hit:6259_conv:12518,2,terrified,I ran out of gas while traveling across state and had no idea where I was.,160,I've done that before.. it gets super dark on the highways and you don't realize it till you don't have any lights shining.,5|5|5_5|5|5,
hit:6259_conv:12518,3,terrified,I ran out of gas while traveling across state and had no idea where I was.,332,Yeah_comma_ it can happen easily. I blame myself for not keeping a better eye on the gas gauge.,5|5|5_5|5|5,
hit:6259_conv:12518,4,terrified,I ran out of gas while traveling across state and had no idea where I was.,160,I had a similar problem where my car overheated in the middle of nowhere.. so you never know.. anything can happen,5|5|5_5|5|5,
hit:6378_conv:12756,1,terrified,I get scared when meeting new people,27,I get really nervous meeting new people,5|5|5_5|5|5,
hit:6378_conv:12756,2,terrified,I get scared when meeting new people,4,I love meeting new people.,5|5|5_5|5|5,
hit:6378_conv:12756,3,terrified,I get scared when meeting new people,27,I thought I would grow out of it since high school,5|5|5_5|5|5,
hit:6378_conv:12756,4,terrified,I get scared when meeting new people,4,Have you ever talked to a doctor about it?,5|5|5_5|5|5,
hit:6378_conv:12756,5,terrified,I get scared when meeting new people,27,i havent,5|5|5_5|5|5,
hit:6819_conv:13638,1,terrified,A coworker is stealing money at work. He threatened me if I said anything about it.,7,A coworker is stealing money at work. He threatened me if I said anything about it.,5|5|5_5|5|5,
hit:6819_conv:13638,2,terrified,A coworker is stealing money at work. He threatened me if I said anything about it.,10,What are you going to do?,5|5|5_5|5|5,
hit:6819_conv:13638,3,terrified,A coworker is stealing money at work. He threatened me if I said anything about it.,7,I am too scared to do anything.,5|5|5_5|5|5,
hit:6819_conv:13638,4,terrified,A coworker is stealing money at work. He threatened me if I said anything about it.,10,Oh_comma_ I hope you seek help for that,5|5|5_5|5|5,
hit:6833_conv:13666,1,terrified, I hate scary movies_comma_ they scare me so much_comma_ especially jumpscares,10,I hate scary movies_comma_ they scare me so much_comma_ especially jumpscares,5|5|5_5|5|5,
hit:6833_conv:13666,2,terrified, I hate scary movies_comma_ they scare me so much_comma_ especially jumpscares,27,Same here. I can't do it,5|5|5_5|5|5,
hit:6833_conv:13666,3,terrified, I hate scary movies_comma_ they scare me so much_comma_ especially jumpscares,10,I get that_comma_ the noises are just so loud your body cannot react to it well,5|5|5_5|5|5,
hit:6833_conv:13666,4,terrified, I hate scary movies_comma_ they scare me so much_comma_ especially jumpscares,27,I don;t even try_comma_ I can barely watch suspense movies,5|5|5_5|5|5,
hit:6840_conv:13680,1,terrified, I hate scary movies_comma_ they scare me so much_comma_ especially jumpscares,10, I hate scary movies_comma_ they scare me so much_comma_ especially jumpscares,5|5|5_4|4|4,
hit:6840_conv:13680,2,terrified, I hate scary movies_comma_ they scare me so much_comma_ especially jumpscares,111,What movies do you like to watch instead? ,5|5|5_4|4|4,
hit:6840_conv:13680,3,terrified, I hate scary movies_comma_ they scare me so much_comma_ especially jumpscares,10,I like action movies and comedies mostly,5|5|5_4|4|4,
hit:6840_conv:13680,4,terrified, I hate scary movies_comma_ they scare me so much_comma_ especially jumpscares,111,Any favorite actors? ,5|5|5_4|4|4,
hit:6846_conv:13693,1,terrified, I hate scary movies_comma_ they scare me so much_comma_ especially jumpscares,10, I hate scary movies_comma_ they scare me so much_comma_ especially jumpscares,5|5|5_4|5|5,
hit:6846_conv:13693,2,terrified, I hate scary movies_comma_ they scare me so much_comma_ especially jumpscares,438,Oh yeah_comma_ I can't take scary movies of any kind.  I used to watch some of them when I was in my 20's.  What kind of movies do you like?,5|5|5_4|5|5,
hit:6846_conv:13693,3,terrified, I hate scary movies_comma_ they scare me so much_comma_ especially jumpscares,10,I like action and comedies mostly_comma_ some dramas,5|5|5_4|5|5,
hit:6846_conv:13693,4,terrified, I hate scary movies_comma_ they scare me so much_comma_ especially jumpscares,438,Yeah_comma_ they are way better than scary ones. Seems like there are horror movies coming out every other day now a days.,5|5|5_4|5|5,
hit:6892_conv:13785,1,terrified,About 6 years ago a really bad storm rolled through my city and a tornado almost hit us. I was really scared,241,About 6 years ago a really bad storm rolled through my city and a tornado almost hit us. I was really scared,4|5|3_5|5|5,
hit:6892_conv:13785,2,terrified,About 6 years ago a really bad storm rolled through my city and a tornado almost hit us. I was really scared,238,how did it turn out,4|5|3_5|5|5,
hit:6892_conv:13785,3,terrified,About 6 years ago a really bad storm rolled through my city and a tornado almost hit us. I was really scared,241,Everything panned out_comma_ there was some flooding later,4|5|3_5|5|5,
hit:6892_conv:13785,4,terrified,About 6 years ago a really bad storm rolled through my city and a tornado almost hit us. I was really scared,238,thats cool that you made it through,4|5|3_5|5|5,
hit:6892_conv:13785,5,terrified,About 6 years ago a really bad storm rolled through my city and a tornado almost hit us. I was really scared,241,Yeah_comma_ it was very scary though,4|5|3_5|5|5,
hit:6902_conv:13804,1,terrified,I was so scared.  I was walking to my car and I thought I was going to be robbed.,160,I was so scared. I was walking to my car and I thought I was going to be robbed.,5|5|5_5|5|5,
hit:6902_conv:13804,2,terrified,I was so scared.  I was walking to my car and I thought I was going to be robbed.,123,That is so scary_comma_ what happened?,5|5|5_5|5|5,
hit:6902_conv:13804,3,terrified,I was so scared.  I was walking to my car and I thought I was going to be robbed.,160,It was dark and I was leaving work.  Lots of homeless and drug dealers hang nearby.  A man was creeping around.,5|5|5_5|5|5,
hit:6902_conv:13804,4,terrified,I was so scared.  I was walking to my car and I thought I was going to be robbed.,123,Wow_comma_ that is scary! Be careful.,5|5|5_5|5|5,
hit:7079_conv:14158,1,terrified,I really get scared when I have to talk to people in public.,4,I really get scared when I have to talk to people in public.,5|5|5_4|4|5,
hit:7079_conv:14158,2,terrified,I really get scared when I have to talk to people in public.,547,Same! That is why I never go outside and just be on my computer all day!,5|5|5_4|4|5,
hit:7079_conv:14158,3,terrified,I really get scared when I have to talk to people in public.,4,I have a big speech for a class next week. I'm not looking forward to it.,5|5|5_4|4|5,
hit:7079_conv:14158,4,terrified,I really get scared when I have to talk to people in public.,547,You got this! Fake it until you make it!,5|5|5_4|4|5,
hit:7173_conv:14347,1,terrified,A tornado came through my area last week,63,A tornado came through my area last week,5|5|5_3|4|4,
hit:7173_conv:14347,2,terrified,A tornado came through my area last week,516,Wow_comma_ that's hardcore_comma_ are you alright?,5|5|5_3|4|4,
hit:7173_conv:14347,3,terrified,A tornado came through my area last week,63,yea i thought i might die tho,5|5|5_3|4|4,
hit:7173_conv:14347,4,terrified,A tornado came through my area last week,516,I would've thought the same_comma_ is your house ok?,5|5|5_3|4|4,
hit:7196_conv:14393,1,terrified,My car ran out of gas in the outback of Australia. ,59,My can ran out of gas whilst I was driving in the outbacks of Australia.,5|5|5_5|5|5,
hit:7196_conv:14393,2,terrified,My car ran out of gas in the outback of Australia. ,196,Really - recently? The temperature there can get REALLY high can't it?,5|5|5_5|5|5,
hit:7196_conv:14393,3,terrified,My car ran out of gas in the outback of Australia. ,59,I agree_comma_ but I had to retrieve a treasure. I ended up getting so terrified. I had to walk to my hotel.,5|5|5_5|5|5,
hit:7196_conv:14393,4,terrified,My car ran out of gas in the outback of Australia. ,196,What kind of treasure?,5|5|5_5|5|5,
hit:7598_conv:15196,1,terrified,I was in the woods and a bear chased after me.  I was so scared.,322,I was in the woods and a bear chased after me.,4|4|4_5|5|5,
hit:7598_conv:15196,2,terrified,I was in the woods and a bear chased after me.  I was so scared.,196,Wow. What did you do then?,4|4|4_5|5|5,
hit:7598_conv:15196,3,terrified,I was in the woods and a bear chased after me.  I was so scared.,322,I climbed up a tree.  I was so scared.,4|4|4_5|5|5,
hit:7598_conv:15196,4,terrified,I was in the woods and a bear chased after me.  I was so scared.,196,Did it get you?,4|4|4_5|5|5,
hit:7700_conv:15401,1,terrified,I borrowed money from a friend. He came last week to ask for his money. He was threating to break my leg if I don't pay him back.,7,I borrowed money from a friend. He came last week to ask for his money. He was threating to break my leg if I don't pay him back.,5|5|5_5|5|5,
hit:7700_conv:15401,2,terrified,I borrowed money from a friend. He came last week to ask for his money. He was threating to break my leg if I don't pay him back.,408,Are you serious? Why wouldn't you pay him back.,5|5|5_5|5|5,
hit:7700_conv:15401,3,terrified,I borrowed money from a friend. He came last week to ask for his money. He was threating to break my leg if I don't pay him back.,7,I lost my job recently. He came with two guys and a baseball bat.,5|5|5_5|5|5,
hit:7700_conv:15401,4,terrified,I borrowed money from a friend. He came last week to ask for his money. He was threating to break my leg if I don't pay him back.,408,Oh wow_comma_ I would have called the police.,5|5|5_5|5|5,
hit:8071_conv:16142,1,terrified,I have a huge fear of heights_comma_ so when I went on a plane for the first time_comma_ I was the most scared I had ever been,99,I have a huge fear of heights_comma_ so when I went on a plane for the first time_comma_ I was the most scared I had ever been,5|5|5_5|5|5,
hit:8071_conv:16142,2,terrified,I have a huge fear of heights_comma_ so when I went on a plane for the first time_comma_ I was the most scared I had ever been,301,Thats pretty brave of you facing a fear like that.  How did you feel when the flight was over?,5|5|5_5|5|5,
hit:8071_conv:16142,3,terrified,I have a huge fear of heights_comma_ so when I went on a plane for the first time_comma_ I was the most scared I had ever been,99,Uneasy to say the least. I don't know if I'll be doing it again_comma_ ever!,5|5|5_5|5|5,
hit:8071_conv:16142,4,terrified,I have a huge fear of heights_comma_ so when I went on a plane for the first time_comma_ I was the most scared I had ever been,301,Flights are convenient though.  Definetly faster than driving somewhere,5|5|5_5|5|5,
hit:8248_conv:16496,1,terrified,Wildfire blew a lot of smoke over our city_comma_ it was hard to see on the road,247,Wildfire blew a lot of smoke over our city_comma_ it was hard to see on the road,5|5|5_5|5|5,
hit:8248_conv:16496,2,terrified,Wildfire blew a lot of smoke over our city_comma_ it was hard to see on the road,286,I hear those wildfires are getting really bad. I hope they don't affect you too badly.,5|5|5_5|5|5,
hit:8248_conv:16496,3,terrified,Wildfire blew a lot of smoke over our city_comma_ it was hard to see on the road,247,I hope so too_comma_ the sky is so gloomy and it's hard to see traffic. Dangerous to drive right now.,5|5|5_5|5|5,
hit:8248_conv:16496,4,terrified,Wildfire blew a lot of smoke over our city_comma_ it was hard to see on the road,286,Drive safe! I really hope they can get those wildfires under control soon. ,5|5|5_5|5|5,
hit:8394_conv:16788,1,terrified,When i went to a haunted house for halloween. The ghosts were out.,375,That was scary!,4|5|5_5|5|5,
hit:8394_conv:16788,2,terrified,When i went to a haunted house for halloween. The ghosts were out.,27,What happened?,4|5|5_5|5|5,
hit:8394_conv:16788,3,terrified,When i went to a haunted house for halloween. The ghosts were out.,375,I went to a haunted house_comma_ it had so many ghosts.,4|5|5_5|5|5,
hit:8394_conv:16788,4,terrified,When i went to a haunted house for halloween. The ghosts were out.,27,I don't do haunted houses lol,4|5|5_5|5|5,
hit:8394_conv:16788,5,terrified,When i went to a haunted house for halloween. The ghosts were out.,375,It was really crazy_comma_ there was a chainsaw guy too.,4|5|5_5|5|5,
hit:8394_conv:16788,6,terrified,When i went to a haunted house for halloween. The ghosts were out.,27,I would have dies,4|5|5_5|5|5,
hit:8435_conv:16870,1,terrified,I was so scared by the movie the Grudge_comma_ even to this day it stil scares,10,I was so scared by the movie the Grudge_comma_ even to this day it still scares me today,5|3|4_5|5|5,
hit:8435_conv:16870,2,terrified,I was so scared by the movie the Grudge_comma_ even to this day it stil scares,238,never seen it_comma_ is it that scary?,5|3|4_5|5|5,
hit:8435_conv:16870,3,terrified,I was so scared by the movie the Grudge_comma_ even to this day it stil scares,10,I thought so_comma_ the girls face creeps me out,5|3|4_5|5|5,
hit:8435_conv:16870,4,terrified,I was so scared by the movie the Grudge_comma_ even to this day it stil scares,238,ah_comma_ maybe i need to check it out,5|3|4_5|5|5,
hit:8507_conv:17014,1,terrified,I was so scared by the movie the Grudge_comma_ even to this day it still scares me  today,10,I was so scared by the movie the Grudge_comma_ even to this day it still scares me today,5|5|5_4|5|5,
hit:8507_conv:17014,2,terrified,I was so scared by the movie the Grudge_comma_ even to this day it still scares me  today,294,I have never even heard of that movie_comma_ but I'm sure it would scare me.  I have never watched a horror movie in my life_comma_ and I won't,5|5|5_4|5|5,
hit:8507_conv:17014,3,terrified,I was so scared by the movie the Grudge_comma_ even to this day it still scares me  today,10,I understand that_comma_ they are no fun to me,5|5|5_4|5|5,
hit:8507_conv:17014,4,terrified,I was so scared by the movie the Grudge_comma_ even to this day it still scares me  today,294,Yeah_comma_ I get scared easily by everyday things I don't need to help my imagination along.  What do you do to keep yourself from thinking about it?,5|5|5_4|5|5,
hit:8684_conv:17369,1,terrified,I walking in the park when a stray dog chased after me.  I was absolutely scared for my life.,322,I was walking in the park when a stray dog chased after me.,4|4|5_5|5|5,
hit:8684_conv:17369,2,terrified,I walking in the park when a stray dog chased after me.  I was absolutely scared for my life.,209,That's scary! Did you chase it away and show it who's boss?,4|4|5_5|5|5,
hit:8684_conv:17369,3,terrified,I walking in the park when a stray dog chased after me.  I was absolutely scared for my life.,322,No_comma_ I ran for my life.  I was so scared!,4|4|5_5|5|5,
hit:8684_conv:17369,4,terrified,I walking in the park when a stray dog chased after me.  I was absolutely scared for my life.,209,I would have done the same. Never know if the thing is going to bite off your bellybutton or not.,4|4|5_5|5|5,
hit:8684_conv:17369,5,terrified,I walking in the park when a stray dog chased after me.  I was absolutely scared for my life.,322,That would be the worst!,4|4|5_5|5|5,
hit:8728_conv:17457,1,terrified,I was jogging the other day and suddenly a bear came out of the woods!,332,I was jogging a couple days ago and suddenly a bear came out of the woods!,5|5|5_5|5|5,
hit:8728_conv:17457,2,terrified,I was jogging the other day and suddenly a bear came out of the woods!,247,Oh my god! That sounds terrifying,5|5|5_5|5|5,
hit:8728_conv:17457,3,terrified,I was jogging the other day and suddenly a bear came out of the woods!,332,Yeah_comma_ I just stopped in shock_comma_ but it crossed the path and kept going without missing a beat.,5|5|5_5|5|5,
hit:8728_conv:17457,4,terrified,I was jogging the other day and suddenly a bear came out of the woods!,247,Just don't get too close! You never know what can trigger them,5|5|5_5|5|5,
hit:8746_conv:17493,1,terrified,My parents didn't save enough for retirement_comma_ and now that they're retirement age_comma_ they're struggling a little. I'm still in college and am not able to really help them. I'm worried about how they'll survive financially_comma_ and I feel guilty about not being able to offer much.,273,My parents didn't save enough for retirement_comma_ and now that they're retirement age_comma_ they're struggling a little. I'm still in college and am not able to really help them. I'm worried about how they'll survive financially_comma_ and I feel guilty about not being able to offer much.,5|5|5_5|5|5,
hit:8746_conv:17493,2,terrified,My parents didn't save enough for retirement_comma_ and now that they're retirement age_comma_ they're struggling a little. I'm still in college and am not able to really help them. I'm worried about how they'll survive financially_comma_ and I feel guilty about not being able to offer much.,271,There is always social security and part time jobs_comma_ that seems to be the norm these days. A lot of old people do not have enough saved,5|5|5_5|5|5,
hit:8746_conv:17493,3,terrified,My parents didn't save enough for retirement_comma_ and now that they're retirement age_comma_ they're struggling a little. I'm still in college and am not able to really help them. I'm worried about how they'll survive financially_comma_ and I feel guilty about not being able to offer much.,273,Yeah_comma_ it's a growing problem and I think it's only going to get worse. My dad isn't in the best health_comma_ and is on a lot of medications_comma_ so that kind of hinders them a bit_comma_ too. I just wish they could actually relax and enjoy retirement like they deserve_comma_ instead of having to worry.,5|5|5_5|5|5,
hit:8746_conv:17493,4,terrified,My parents didn't save enough for retirement_comma_ and now that they're retirement age_comma_ they're struggling a little. I'm still in college and am not able to really help them. I'm worried about how they'll survive financially_comma_ and I feel guilty about not being able to offer much.,271,I understand and i seriously think finance should be taught in school at a young age but the banks do not want that and will fight to keep that class out of schools,5|5|5_5|5|5,
hit:8821_conv:17643,1,terrified,I hadn't been to an amusement park until very recently_comma_ so I was excited to ride the rollercoasters. I didn't realize until I was on it; how do people this this is fun! I was terrified the whole way.,545,I finally went on my first rollercoaster since I've never been to an amusement park. What's the deal with rollercoasters?! How is that fun_comma_ that's not fun_comma_ that's scary!,4|4|4_5|5|5,
hit:8821_conv:17643,2,terrified,I hadn't been to an amusement park until very recently_comma_ so I was excited to ride the rollercoasters. I didn't realize until I was on it; how do people this this is fun! I was terrified the whole way.,296,It is scary yet exhilarating lol,4|4|4_5|5|5,
hit:8821_conv:17643,3,terrified,I hadn't been to an amusement park until very recently_comma_ so I was excited to ride the rollercoasters. I didn't realize until I was on it; how do people this this is fun! I was terrified the whole way.,545,I think I might be done with rollercoasters already_comma_ haha.,4|4|4_5|5|5,
hit:8821_conv:17643,4,terrified,I hadn't been to an amusement park until very recently_comma_ so I was excited to ride the rollercoasters. I didn't realize until I was on it; how do people this this is fun! I was terrified the whole way.,296,Some don't like them. I can't do the ones that go straight down.,4|4|4_5|5|5,
hit:8865_conv:17730,1,terrified,when we had a tornado touch down near our house ,11,We had a tornado touch down near our house_comma_ only about 1 mile away. It ended up being a deadly one too. ,5|5|5_5|5|5,
hit:8865_conv:17730,2,terrified,when we had a tornado touch down near our house ,225,Any damage to where you live ?,5|5|5_5|5|5,
hit:8865_conv:17730,3,terrified,when we had a tornado touch down near our house ,11,a lot of damage all around_comma_ minor damage to my home but it was real bad ,5|5|5_5|5|5,
hit:8865_conv:17730,4,terrified,when we had a tornado touch down near our house ,225,I hope you can get it all cleaned up without too much trouble.,5|5|5_5|5|5,
hit:8928_conv:17856,1,terrified,I was walking home and ran into a stray dog. It chased me for a couple blocks.,35,I was walking home the other day_comma_ and ran into a stray dog. It chased me for quite a distance.,5|5|5_5|5|5,
hit:8928_conv:17856,2,terrified,I was walking home and ran into a stray dog. It chased me for a couple blocks.,387,That is terrifying_comma_ did you get away from it?,5|5|5_5|5|5,
hit:8928_conv:17856,3,terrified,I was walking home and ran into a stray dog. It chased me for a couple blocks.,35,I climed over people's fences to get away from it_comma_ it finally lost me after a few of those.,5|5|5_5|5|5,
hit:8928_conv:17856,4,terrified,I was walking home and ran into a stray dog. It chased me for a couple blocks.,387,That is good_comma_ who knows if the dog has rabies or not. It would be unpleasant to get bit! ,5|5|5_5|5|5,
hit:9208_conv:18416,1,terrified,I'm scared that my neighbourhood is unsafe_comma_ there have been a lot of breakins,247,I'm scared that my neighbourhood is unsafe_comma_ there have been a lot of breakins,5|5|5_5|5|5,
hit:9208_conv:18416,2,terrified,I'm scared that my neighbourhood is unsafe_comma_ there have been a lot of breakins,209,That's terrible! Are the police doing anything about it?,5|5|5_5|5|5,
hit:9208_conv:18416,3,terrified,I'm scared that my neighbourhood is unsafe_comma_ there have been a lot of breakins,247,They try to patrol our area_comma_ but we live near a transit hub_comma_ so it's hard to keep people out,5|5|5_5|5|5,
hit:9208_conv:18416,4,terrified,I'm scared that my neighbourhood is unsafe_comma_ there have been a lot of breakins,209,Oh man. Well_comma_ be careful out there. Wouldn't want anything to happen to you or your family.,5|5|5_5|5|5,
hit:9413_conv:18826,1,terrified,My son ran over my neighbor's cat on accident the other day. He's only 16_comma_ learning to drive still. I think my neighbor is going to try to get physically abusive with him. Not sure what to do,273,My son ran over my neighbor's cat on accident the other day. He's only 16_comma_ learning to drive still. I think my neighbor is going to try to get physically abusive with him. Not sure what to do,5|5|5_5|5|5,
hit:9413_conv:18826,2,terrified,My son ran over my neighbor's cat on accident the other day. He's only 16_comma_ learning to drive still. I think my neighbor is going to try to get physically abusive with him. Not sure what to do,128,Oh wow_comma_ that sounds unfortunate. Is there no way to ask the neighbor to take it easy?,5|5|5_5|5|5,
hit:9413_conv:18826,3,terrified,My son ran over my neighbor's cat on accident the other day. He's only 16_comma_ learning to drive still. I think my neighbor is going to try to get physically abusive with him. Not sure what to do,273,We think he might have some sort of mental illness. He doesn't really want to listen to reason. I'm a single mother_comma_ can't exactly physically intervene in this situation with the best of results. Don't have any family I can call to have them come around either. Can't exactly have the police on-call for something that hasn't happened yet. Don't know what t do!,5|5|5_5|5|5,
hit:9413_conv:18826,4,terrified,My son ran over my neighbor's cat on accident the other day. He's only 16_comma_ learning to drive still. I think my neighbor is going to try to get physically abusive with him. Not sure what to do,128,That sounds terrible. I hate to hear single mothers dealing with extra problems like these. If anything I would advise your son to be careful and defend himself.,5|5|5_5|5|5,
hit:10662_conv:21325,1,terrified,I'm SO afraid of my neighbors new pit bull ! Every morning our neighbor lets out the dog - he immediately heads towards MY driveway to get MY newspaper_comma_ runs off and tears it to shreds !,647,I'm SO afraid of my neighbors new pit bull ! Every morning our neighbor lets out the dog - he immediately heads towards MY driveway to get MY newspaper_comma_ runs off and tears it to shreds !,5|5|5_5|4|4,
hit:10662_conv:21325,2,terrified,I'm SO afraid of my neighbors new pit bull ! Every morning our neighbor lets out the dog - he immediately heads towards MY driveway to get MY newspaper_comma_ runs off and tears it to shreds !,666,Oh wow_comma_ letting the dog roam free even when it's so new to the neighborhood? That seems like recipe for disaster. Your poor newspaper..,5|5|5_5|4|4,
hit:10662_conv:21325,3,terrified,I'm SO afraid of my neighbors new pit bull ! Every morning our neighbor lets out the dog - he immediately heads towards MY driveway to get MY newspaper_comma_ runs off and tears it to shreds !,647,I'm so glad it was the newspaper and not ME ! I used to go for early morning walks. But not anymore.,5|5|5_5|4|4,
hit:10662_conv:21325,4,terrified,I'm SO afraid of my neighbors new pit bull ! Every morning our neighbor lets out the dog - he immediately heads towards MY driveway to get MY newspaper_comma_ runs off and tears it to shreds !,666,Maybe an airhorn or something would spook him off. Dogs tend not to like loud sounds_comma_ after all. ,5|5|5_5|4|4,
hit:11237_conv:22475,1,terrified,When I was a little girl_comma_ our house caught on fire. It burned to the ground.,684,When I was a little girl_comma_ we had a house fire and it burned to the ground.,5|5|5_5|5|5,
hit:11237_conv:22475,2,terrified,When I was a little girl_comma_ our house caught on fire. It burned to the ground.,97,Oh no!  How did that happen?,5|5|5_5|5|5,
hit:11237_conv:22475,3,terrified,When I was a little girl_comma_ our house caught on fire. It burned to the ground.,684,It came from next door. Someone knocked over a kerosene stove. ,5|5|5_5|5|5,
hit:11237_conv:22475,4,terrified,When I was a little girl_comma_ our house caught on fire. It burned to the ground.,97,That's horrible.  I hope you and your family made it out okay!,5|5|5_5|5|5,
hit:11237_conv:22475,5,terrified,When I was a little girl_comma_ our house caught on fire. It burned to the ground.,684,Yes_comma_ it was scary but nobody was hurt. I am grateful for that.,5|5|5_5|5|5,
hit:11292_conv:22584,1,terrified,I'm listening to this audiobook and it's so scary_comma_ I could cry,248,I'm listening to this audiobook and it's so scary_comma_ I could cry,5|5|5_5|5|5,
hit:11292_conv:22584,2,terrified,I'm listening to this audiobook and it's so scary_comma_ I could cry,804,Sometimes it's good to face our fears_comma_ or turn on every light in the house.,5|5|5_5|5|5,
hit:11292_conv:22584,3,terrified,I'm listening to this audiobook and it's so scary_comma_ I could cry,248,it's really scary though... I think I will quit,5|5|5_5|5|5,
hit:11292_conv:22584,4,terrified,I'm listening to this audiobook and it's so scary_comma_ I could cry,804,I don't I think could quit without the satisfaction of knowing how it ends.,5|5|5_5|5|5,
hit:11444_conv:22889,1,terrified,just lost sight of a creepy crawly,818,i just lost sight of a creepy crawly,5|4|4_5|5|5,
hit:11444_conv:22889,2,terrified,just lost sight of a creepy crawly,816,Oh no! Was it a spider?,5|4|4_5|5|5,
hit:11444_conv:22889,3,terrified,just lost sight of a creepy crawly,818,worse a giant COCKAROACH!,5|4|4_5|5|5,
hit:11444_conv:22889,4,terrified,just lost sight of a creepy crawly,816,Oh boy_comma_ that's even worse than a spider! Run!,5|4|4_5|5|5,
hit:11476_conv:22953,1,terrified,Last Halloween_comma_ I went to a haunted house. It was the scariest one I have ever been to. It was very realistic.,762,Last Halloween_comma_ I went to a really scary haunted house.,5|5|5_4|5|5,
hit:11476_conv:22953,2,terrified,Last Halloween_comma_ I went to a haunted house. It was the scariest one I have ever been to. It was very realistic.,641,Wow! What was scary about it?,5|5|5_4|5|5,
hit:11476_conv:22953,3,terrified,Last Halloween_comma_ I went to a haunted house. It was the scariest one I have ever been to. It was very realistic.,762,"It was super realistic. I had never been to a ""good"" one before_comma_ where there are a lot of live actors.",5|5|5_4|5|5,
hit:11476_conv:22953,4,terrified,Last Halloween_comma_ I went to a haunted house. It was the scariest one I have ever been to. It was very realistic.,641,Interesting! I bet live actors really enhance the experience!,5|5|5_4|5|5,
hit:11516_conv:23032,1,terrified,I was cleaning out my bathtub drain this morning. For the first time ever my cat decided to jump into the bathtub_comma_ she got covered in diluted bleach,639,I was cleaning out my bathtub drain this morning with bleach and hot water. My cat has never done this before but she jumped in and got covered in bleach and water.,5|5|5_5|5|4,
hit:11516_conv:23032,2,terrified,I was cleaning out my bathtub drain this morning. For the first time ever my cat decided to jump into the bathtub_comma_ she got covered in diluted bleach,653,Oh my that must have been frightening! Poor little cat_comma_ what happened afterwards?,5|5|5_5|5|4,
hit:11516_conv:23032,3,terrified,I was cleaning out my bathtub drain this morning. For the first time ever my cat decided to jump into the bathtub_comma_ she got covered in diluted bleach,639,It really was. She is only 4 months old. She seemed a little irritated so I gave her a bath.,5|5|5_5|5|4,
hit:11516_conv:23032,4,terrified,I was cleaning out my bathtub drain this morning. For the first time ever my cat decided to jump into the bathtub_comma_ she got covered in diluted bleach,653,I can just imagine_comma_ maybe she wanted a bath. Glad to know she wasn't harmed.,5|5|5_5|5|4,
hit:11555_conv:23111,1,terrified,My grandfather gave me a lamp as a gift_comma_ and he attached a cut out of a spider to the inside of the shade.  It looked like a gigantic spider!  I screamed bloody murder.,527,When we moved_comma_ my grandfather gave me a lamp as a gift.  He attached a cut out of a spider to the inside of the shade.,5|5|5_5|5|5,
hit:11555_conv:23111,2,terrified,My grandfather gave me a lamp as a gift_comma_ and he attached a cut out of a spider to the inside of the shade.  It looked like a gigantic spider!  I screamed bloody murder.,725,Haha! That definitely must have scared many people that did not know what it was. That must be hilarious to watch!,5|5|5_5|5|5,
hit:11555_conv:23111,3,terrified,My grandfather gave me a lamp as a gift_comma_ and he attached a cut out of a spider to the inside of the shade.  It looked like a gigantic spider!  I screamed bloody murder.,527,I screamed bloody murder when I saw it lol,5|5|5_5|5|5,
hit:11555_conv:23111,4,terrified,My grandfather gave me a lamp as a gift_comma_ and he attached a cut out of a spider to the inside of the shade.  It looked like a gigantic spider!  I screamed bloody murder.,725,hahaha I can imagine! I guess I would have done the same. I hope you got him back. Heehee,5|5|5_5|5|5,
hit:11875_conv:23750,1,terrified,Someone tried to break into my house last week! I was so scared.,332,Someone tried to break into my house last week when I was home!,5|5|5_5|5|5,
hit:11875_conv:23750,2,terrified,Someone tried to break into my house last week! I was so scared.,63,thats sounds horrifying,5|5|5_5|5|5,
hit:11875_conv:23750,3,terrified,Someone tried to break into my house last week! I was so scared.,332,Yeah it sure was. I was so scared I didn't know what to do.,5|5|5_5|5|5,
hit:11875_conv:23750,4,terrified,Someone tried to break into my house last week! I was so scared.,63,hopefully nothing too bad happened,5|5|5_5|5|5,
hit:11976_conv:23952,1,terrified,Last month_comma_ I show a pedestrian in front of me been hit by car. Since then_comma_ I am very afraid to cross the street.,7,Last month_comma_ I saw a pedestrian in front of me been hit by car. Since then_comma_ I am very afraid to cross the street.,5|5|5_5|5|5,
hit:11976_conv:23952,2,terrified,Last month_comma_ I show a pedestrian in front of me been hit by car. Since then_comma_ I am very afraid to cross the street.,725,Oh yikes! That is a scary thing to witness. It is good to be safe these days with so many people using phones while driving and even walking. It is dangerous out there and you never know what can happen to you at any moment.,5|5|5_5|5|5,
hit:11976_conv:23952,3,terrified,Last month_comma_ I show a pedestrian in front of me been hit by car. Since then_comma_ I am very afraid to cross the street.,7,Yes_comma_ it is true. I see so many people driving while using their phone. Also I see so many people crossing the street without paying attention.,5|5|5_5|5|5,
hit:11976_conv:23952,4,terrified,Last month_comma_ I show a pedestrian in front of me been hit by car. Since then_comma_ I am very afraid to cross the street.,725,Yes_comma_ be safe my friend! I am sure you will because of your hands on experience with what you saw.,5|5|5_5|5|5,
hit:12281_conv:24562,1,terrified,I saw a ghost the other night. He was following me when I was walking home. I was too scared to sleep the whole night.,139,I saw a ghost following me the other night. I was walking home and it kept moving towards me.,5|5|5_5|5|5,
hit:12281_conv:24562,2,terrified,I saw a ghost the other night. He was following me when I was walking home. I was too scared to sleep the whole night.,748,Oh gosh! are you ok?,5|5|5_5|5|5,
hit:12281_conv:24562,3,terrified,I saw a ghost the other night. He was following me when I was walking home. I was too scared to sleep the whole night.,139,Yeah I couldn't sleep the whole night. I kept seeing it outside my window. I had to call the Ghostbusters.,5|5|5_5|5|5,
hit:12281_conv:24562,4,terrified,I saw a ghost the other night. He was following me when I was walking home. I was too scared to sleep the whole night.,748,Haha thats a good name. Were you able to see it vividly?,5|5|5_5|5|5,
hit:316_conv:633,1,terrified,I was at the World's Largest Pistachio when an armed man burst in to the gift shop. He was in a shootout with the Police_comma_ but he never acted like he was going to hurt us. I'm just happy to be alive,117,"Did I ever tell you about the time I ""got taken hostage""?",5|4|5_3|5|5,
hit:316_conv:633,3,terrified,I was at the World's Largest Pistachio when an armed man burst in to the gift shop. He was in a shootout with the Police_comma_ but he never acted like he was going to hurt us. I'm just happy to be alive,117,As a heart attack. It was me and Big C at the World's Largest Pistachio. All of the sudden we hear gunshots_comma_ and DiDi's still in the car. We ran in the building_comma_ and he comes flying in after us. He never pointed the gun at us_comma_ and we ended up running away when he was distracted. It's too crazy - I can't make this up. Just glad to be alive!,5|4|5_3|5|5,
hit:667_conv:1335,1,terrified,I was walking home from work one day. Then this huge bat came out of nowhere_comma_ and chased me for a whole hour!,190,On my way home from work_comma_ a massive bat chased me!,5|5|5_5|5|5,
hit:667_conv:1335,3,terrified,I was walking home from work one day. Then this huge bat came out of nowhere_comma_ and chased me for a whole hour!,190,I know! This one was absolutely huge_comma_ almost human sized. Chased me for a whole hour. The more I think about it_comma_ it might have been the batman! I shouldn't have stolen those diamonds!,5|5|5_5|5|5,
hit:814_conv:1629,1,terrified,One time I had a dream where i was being held down by a shadow demon with red eyes. I couldn't move or scream even though I wanted to. It was the most scared I've ever been.,231,Have you ever had a sleep paralysis dream?,5|5|5_5|5|5,
hit:814_conv:1629,3,terrified,One time I had a dream where i was being held down by a shadow demon with red eyes. I couldn't move or scream even though I wanted to. It was the most scared I've ever been.,231,Yeah_comma_ in mine I saw a smoke looking shadow over me with red eyes staring at me. I've never been more scared in my life.,5|5|5_5|5|5,
hit:942_conv:1885,1,terrified,I was so scared of tornadoes growing up -- whenever tornado warnings happened_comma_ I was extremely frightened!,66,As a kid_comma_ I was SO frightened any time there was a tornado warning. Not sure if it was the Wizard of Oz effect or what -- I just remember being frozen with fear.,5|6|5_5|5|5,
hit:942_conv:1885,3,terrified,I was so scared of tornadoes growing up -- whenever tornado warnings happened_comma_ I was extremely frightened!,66,That's the thing -- NO! I mean_comma_ there were some that were kind of close -- but NOTHING like what so many folks have to deal with. I just remember wanting a basement sooooo badly -- not something that's common where I grew up!,5|6|5_5|5|5,
hit:942_conv:1885,5,terrified,I was so scared of tornadoes growing up -- whenever tornado warnings happened_comma_ I was extremely frightened!,66,"My mom said the best thing once when I was babysitting and a tornado warning went off and I didn't want my own fear to affect the little boy I was with -- she was on the phone and just said ""You have big plans for the future_comma_ right? Nothing is going to get in the way of that."" For some reason_comma_ it worked a charm ;-)",5|6|5_5|5|5,
hit:3633_conv:7266,1,terrified,The horror film I saw last night was crazy. I'm so frightened.,64,I saw a horror film last night! It was such a scary experience!,5|5|5_5|5|5,
hit:3633_conv:7266,3,terrified,The horror film I saw last night was crazy. I'm so frightened.,64,A young girl would come out of the TV if you watched a video.,5|5|5_5|5|5,
hit:4888_conv:9776,1,terrified,We were recently told that our 15 year old son has a degenerative neurological disease. The doctors tell us that there is no cure. I am really scared for his future.,532,We recently found out that our 15 year old son has a rare_comma_ degenerative neurological disease.,5|5|5_5|5|5,
hit:4888_conv:9776,3,terrified,We were recently told that our 15 year old son has a degenerative neurological disease. The doctors tell us that there is no cure. I am really scared for his future.,532,No_comma_ the doctors tell us there is no cure. They are trying to treat the symptoms but thus far its been unsuccessful.,5|5|5_5|5|5,
hit:4888_conv:9776,5,terrified,We were recently told that our 15 year old son has a degenerative neurological disease. The doctors tell us that there is no cure. I am really scared for his future.,532,Thank you_comma_ its been scary. He has good days and bad. ,5|5|5_5|5|5,
hit:5022_conv:10044,1,terrified,Snakes make me almost pee my pants they make me so scared i dont even like seeing them in pictures,507,I have always been afraid of snakes i dont know what to do to control my fear for them,5|5|5_5|5|5,
hit:5022_conv:10044,3,terrified,Snakes make me almost pee my pants they make me so scared i dont even like seeing them in pictures,507,yes_comma_ i one time i was taking a hike and 3 meters to my left was a rattle snake i jumped like a rabbit and ran back to my friends,5|5|5_5|5|5,
hit:5317_conv:10634,1,terrified,I think it's scary what is happening in the US. I don't care who is in charge_comma_ I think we need to come together from all sides and save our country.,278,We need to come together as a country and be united and solve our issues_comma_ no matter your views.,5|5|5_4|3|3,
hit:5317_conv:10634,3,terrified,I think it's scary what is happening in the US. I don't care who is in charge_comma_ I think we need to come together from all sides and save our country.,278,Exactly_comma_ let's comprimise and decide on things before it's to late!,5|5|5_4|3|3,
hit:5598_conv:11196,1,terrified,Last night there was a really bad storm and it scared me. THe power went out several times and it scary how close the lightning seemed to be.,278,I think storms are wonderful_comma_ except when the power goes out.,4|4|4_5|5|5,
hit:5598_conv:11196,3,terrified,Last night there was a really bad storm and it scared me. THe power went out several times and it scary how close the lightning seemed to be.,278,It was extra loud and my husband was at work_comma_ bit scary.,4|4|4_5|5|5,
hit:5598_conv:11196,5,terrified,Last night there was a really bad storm and it scared me. THe power went out several times and it scary how close the lightning seemed to be.,278,O it sure seemed like it did_comma_ dogs were scared too.,4|4|4_5|5|5,
hit:5861_conv:11723,1,terrified,We were at a wedding a few weeks ago and everyone was having a great time. My 3 year old niece was dancing to the music while eating a carrot and started to choke on the carrot. It was one of the scariest moments ever. She is ok though_comma_ someone was able to help her,49,A few weeks ago we were at a wedding. Everyone was dancing and having fun and all of a sudden my 3 year old niece started to choke on a carrot. So scary!,5|5|5_5|5|5,
hit:5861_conv:11723,3,terrified,We were at a wedding a few weeks ago and everyone was having a great time. My 3 year old niece was dancing to the music while eating a carrot and started to choke on the carrot. It was one of the scariest moments ever. She is ok though_comma_ someone was able to help her,49,Yes_comma_ someone was able to do the Heimlich maneuver and she was ok right after that. It was quite the panic for a few minutes though.,5|5|5_5|5|5,
hit:6607_conv:13215,1,terrified,I was terrified when I watched that horror film in the theaters,317,I was terrified when I watched that horror film in the theaters,4|4|4_5|5|5,
hit:6607_conv:13215,3,terrified,I was terrified when I watched that horror film in the theaters,317,I did but it was really a challenge for me.,4|4|4_5|5|5,
hit:6775_conv:13550,1,terrified,One day there were terrible tornado's in our city! It destroyed homes and a school_comma_ and I was so petrified and fearful it would come by our home as well!,45,Some time ago_comma_ there was a terrible tornado that came through my city. It destroyed many homes_comma_ a school and some people died. I was so fearful and petrified it would come by our home and destroy it_comma_ or harm my familY!,4|4|5_4|5|5,
hit:6775_conv:13550,3,terrified,One day there were terrible tornado's in our city! It destroyed homes and a school_comma_ and I was so petrified and fearful it would come by our home as well!,45,No_comma_ they are so awful! They can destroy so much.,4|4|5_4|5|5,
hit:7802_conv:15605,1,terrified,Last winter I was out on my porch at 4 am. I suddenly noticed a large figure dressed all in black approaching me. My heart was in my mouth!,343,Last winter I was out on my porch at 4 am. Suddenly a large figure dressed in black was walking towards me. My heart was beating like a drum!,5|5|5_4|4|4,
hit:7802_conv:15605,3,terrified,Last winter I was out on my porch at 4 am. I suddenly noticed a large figure dressed all in black approaching me. My heart was in my mouth!,343,I wasn't sure at first and_comma_ being in a wheelchair_comma_ had nowhere to go. Then the dark figure stopped in front of me. I thought I'd had it. Turns out it was my neighbor who couldn't sleep_comma_ walking her dog!,5|5|5_4|4|4,
hit:7802_conv:15605,5,terrified,Last winter I was out on my porch at 4 am. I suddenly noticed a large figure dressed all in black approaching me. My heart was in my mouth!,343,"It is now. But it sure wasn't at the time. I was frantically looking around for something to beat my ""attacker"" off with!",5|5|5_4|4|4,
hit:8185_conv:16370,1,terrified,Spiders make me scared to my bones i cannot see them anywhere does not matter if it is in a picture,507,i cant get near spiders_comma_ even if i see them in pictures they freak me out,5|5|5_5|5|5,
hit:8185_conv:16370,3,terrified,Spiders make me scared to my bones i cannot see them anywhere does not matter if it is in a picture,507,not really i was just born afraid of them hahah,5|5|5_5|5|5,
hit:8265_conv:16531,1,terrified,I got into a car crash when i was younger. A person T-boned my car when they failed to yield. I can still remember the squealing tires_comma_ and the sound of glass breaking.,231,Have you ever been in a car crash before?,5|5|5_5|5|5,
hit:8265_conv:16531,3,terrified,I got into a car crash when i was younger. A person T-boned my car when they failed to yield. I can still remember the squealing tires_comma_ and the sound of glass breaking.,231,I got T-boned once_comma_ I'll never forget spinning around in that car_comma_ hearing the tires squalling. It was really scary.,5|5|5_5|5|5,
hit:10341_conv:20683,1,terrified,I once walked alone in the woods at night. I was so scared.,64,I went walking in the woods one night. It was pretty scary out there,5|5|5_5|5|5,
hit:10341_conv:20683,3,terrified,I once walked alone in the woods at night. I was so scared.,64,No_comma_ everything was fine_comma_ but it was a chilling experience,5|5|5_5|5|5,
hit:11359_conv:22718,1,terrified,My car broke down on the busy highway the other day. There were so many cars_comma_ it was scary!,816,My car broke down on a busy highway the other day. There were so many cars zooming past me_comma_ it was scary!,5|5|5_5|5|5,
hit:11359_conv:22718,3,terrified,My car broke down on the busy highway the other day. There were so many cars_comma_ it was scary!,816,My brother had to pick me up. He had to pull up behind me on the curb. It felt dangerous!,5|5|5_5|5|5,
hit:11967_conv:23935,1,terrified,The other night I was home alone and it was late. All of a sudden_comma_ I heard someone knocking at the door really loud and they wouldn't stop. I ignored it but I was so scared and about to call the police but they finally stopped and went away.,49,The other night I was home alone and all of a sudden I heard someone knocking at the door really loud and they wouldn't stop. I was so scared.,5|5|5_5|5|5,
hit:11967_conv:23935,3,terrified,The other night I was home alone and it was late. All of a sudden_comma_ I heard someone knocking at the door really loud and they wouldn't stop. I ignored it but I was so scared and about to call the police but they finally stopped and went away.,49,No_comma_ I ignored them and they finally went away. I was just about to call the police before they left though. I hope that doesn't happen again.,5|5|5_5|5|5,
hit:28_conv:57,1,furious,I had a co-worker open at my jb and instead of getting anything done she spent the enitre time on the phone. When I got to work I had to do her job and my own. ,41,There was a person who had to do twice the amount of work that they usually do. Sounded like they need to fire whoever didn't do their job ,4|5|5_ 5|5|5,
hit:28_conv:57,2,furious,I had a co-worker open at my jb and instead of getting anything done she spent the enitre time on the phone. When I got to work I had to do her job and my own. ,40,Yeah_comma_ or at least do something to correct that.,4|5|5_ 5|5|5,
hit:28_conv:57,3,furious,I had a co-worker open at my jb and instead of getting anything done she spent the enitre time on the phone. When I got to work I had to do her job and my own. ,41,Maybe there should be a training day where they do back over everything_comma_ ,4|5|5_ 5|5|5,
hit:28_conv:57,4,furious,I had a co-worker open at my jb and instead of getting anything done she spent the enitre time on the phone. When I got to work I had to do her job and my own. ,40,or hire more people maybe also,4|5|5_ 5|5|5,
hit:28_conv:57,5,furious,I had a co-worker open at my jb and instead of getting anything done she spent the enitre time on the phone. When I got to work I had to do her job and my own. ,41,That too! If only,4|5|5_ 5|5|5,
hit:28_conv:57,6,furious,I had a co-worker open at my jb and instead of getting anything done she spent the enitre time on the phone. When I got to work I had to do her job and my own. ,40,They don't spend money unless they absolutely have to. They get bonuses for saving money I think,4|5|5_ 5|5|5,
hit:52_conv:105,1,furious,I was drivng home and this guy cut me off. I had to swerve in order to not hit him.,46,So last Friday I was driving home from work and this guy just cuts me off in traffic.,4|5|4_5|5|5,
hit:52_conv:105,2,furious,I was drivng home and this guy cut me off. I had to swerve in order to not hit him.,27,That happens a lot. What happened next?,4|5|4_5|5|5,
hit:52_conv:105,3,furious,I was drivng home and this guy cut me off. I had to swerve in order to not hit him.,46,Well I to swerve onto the shoulder and almost caused a accident. Some people are just jerks on the road. ,4|5|4_5|5|5,
hit:52_conv:105,4,furious,I was drivng home and this guy cut me off. I had to swerve in order to not hit him.,27,I know the feeling. I hate driving now. Everyone is looking in their phone.,4|5|4_5|5|5,
hit:52_conv:105,5,furious,I was drivng home and this guy cut me off. I had to swerve in order to not hit him.,46,Nothing upsets me more than seeing teenagers on their phones. It really boils my blood.,4|5|4_5|5|5,
hit:52_conv:105,6,furious,I was drivng home and this guy cut me off. I had to swerve in order to not hit him.,27,I thnk the driving age should be raised to 21 personally,4|5|4_5|5|5,
hit:144_conv:288,1,furious,I was very furious the other day when someone scratched the backend of my car.,57,Ugh I was so mad the other day_comma_ I went to the store and was grocery shopping. When I came out_comma_ I noticed my car was very scratched on the back bumper. I was so furious and angry_comma_ and I still am. ,5|5|5_5|5|5,
hit:144_conv:288,2,furious,I was very furious the other day when someone scratched the backend of my car.,55,That's actually so frustrating! No note left on your car or anything from the other driver?,5|5|5_5|5|5,
hit:144_conv:288,3,furious,I was very furious the other day when someone scratched the backend of my car.,57,No! That's the worst part. I can understand if someone left a note to say sorry. But no :(,5|5|5_5|5|5,
hit:144_conv:288,4,furious,I was very furious the other day when someone scratched the backend of my car.,55,Sorry to hear_comma_ I really hope that it doesn't cost to much to fix that up.,5|5|5_5|5|5,
hit:144_conv:288,5,furious,I was very furious the other day when someone scratched the backend of my car.,57,Thank you_comma_ I really appreciate that. Makes the situation a little more bearable. ,5|5|5_5|5|5,
hit:230_conv:460,1,furious,My apartment flooded in a storm about a month ago_comma_ and the contractor who is supposed to repair the damage has taken three weeks instead of the three days he said it would take to do the repairs.,85,A few weeks ago_comma_ we had a terrible storm_comma_ and my apartment flooded.,4|4|5_5|5|5,
hit:230_conv:460,2,furious,My apartment flooded in a storm about a month ago_comma_ and the contractor who is supposed to repair the damage has taken three weeks instead of the three days he said it would take to do the repairs.,97,Oh no! Hopefully renters insurance covered it!,4|4|5_5|5|5,
hit:230_conv:460,3,furious,My apartment flooded in a storm about a month ago_comma_ and the contractor who is supposed to repair the damage has taken three weeks instead of the three days he said it would take to do the repairs.,85,None of my or the landlord's insurance covered the damage_comma_ so he's paying for the repairs out of pocket.,4|4|5_5|5|5,
hit:230_conv:460,4,furious,My apartment flooded in a storm about a month ago_comma_ and the contractor who is supposed to repair the damage has taken three weeks instead of the three days he said it would take to do the repairs.,97,Well that is terrible for him but I am glad at least some of it is being taken care of!,4|4|5_5|5|5,
hit:230_conv:460,5,furious,My apartment flooded in a storm about a month ago_comma_ and the contractor who is supposed to repair the damage has taken three weeks instead of the three days he said it would take to do the repairs.,85,Not really_comma_ the repairs were supposed to take three days_comma_ and it's taken over three weeks so far.,4|4|5_5|5|5,
hit:230_conv:460,6,furious,My apartment flooded in a storm about a month ago_comma_ and the contractor who is supposed to repair the damage has taken three weeks instead of the three days he said it would take to do the repairs.,97,Ugg I am sorry to hear that. Sometimes dealing with land lords is a tough business.,4|4|5_5|5|5,
hit:750_conv:1500,1,furious,I was driving down the street and this car came flying out of a side-street and was very close to hitting me_comma_ I was quite angry.,100,Hey_comma_ so I was driving down the street the other day_comma_ and this random car came flying out of nowhere from a side-street and almost hit me_comma_ I was quite angry.,5|5|3_5|5|5,
hit:750_conv:1500,2,furious,I was driving down the street and this car came flying out of a side-street and was very close to hitting me_comma_ I was quite angry.,7,People drive more and more badly. Did you take the plate number?,5|5|3_5|5|5,
hit:750_conv:1500,3,furious,I was driving down the street and this car came flying out of a side-street and was very close to hitting me_comma_ I was quite angry.,100,I didn't get the chance this guy was going so fast_comma_ probably like 70 on a residential street!,5|5|3_5|5|5,
hit:750_conv:1500,4,furious,I was driving down the street and this car came flying out of a side-street and was very close to hitting me_comma_ I was quite angry.,7,I understand. I am happy that nothing bad happened to you.,5|5|3_5|5|5,
hit:825_conv:1650,1,furious,I got my promotion results back the other day and I didn't get selected. I was so angry!,209,I got my promotion results back the other day and I didn't get selected. I was so angry because I know I am a great employee.,5|5|5_5|5|5,
hit:825_conv:1650,2,furious,I got my promotion results back the other day and I didn't get selected. I was so angry!,7,Sorry about that. Did you talk to your manager to understand why you did got selected?,5|5|5_5|5|5,
hit:825_conv:1650,3,furious,I got my promotion results back the other day and I didn't get selected. I was so angry!,209,I did talk to my manager about it and he had some kind words to say. Turns out she was better qualified than I. I just have to work harder!,5|5|5_5|5|5,
hit:825_conv:1650,4,furious,I got my promotion results back the other day and I didn't get selected. I was so angry!,7,I hope you get it next year. Good luck.,5|5|5_5|5|5,
hit:881_conv:1762,1,furious,I was recently really excited for a baseball game_comma_ but when we got there there was heavy rain and they cancelled the game.,31,I got in my car to go to a baseball game. I was really excited to see some of my favorite players. When I got there_comma_ heavy rain started to come down. Eventually they cancelled the game. ,5|5|5_5|5|5,
hit:881_conv:1762,2,furious,I was recently really excited for a baseball game_comma_ but when we got there there was heavy rain and they cancelled the game.,160,That has been happening a lot lately.  Everyone in the US seems to be getting wet.,5|5|5_5|5|5,
hit:881_conv:1762,3,furious,I was recently really excited for a baseball game_comma_ but when we got there there was heavy rain and they cancelled the game.,31,It makes me so angry! All I wanted to do was relax and enjoy the game.,5|5|5_5|5|5,
hit:881_conv:1762,4,furious,I was recently really excited for a baseball game_comma_ but when we got there there was heavy rain and they cancelled the game.,160,Im so sorry you got rained out.  Do you at least get a refund?,5|5|5_5|5|5,
hit:1277_conv:2555,1,furious,My coworker blamed his bad work mistake on me.,99,My coworker made a mistake and blamed it on me!,5|5|5_3|3|3,
hit:1277_conv:2555,2,furious,My coworker blamed his bad work mistake on me.,273,Seriously? How? What was the mistake? Did you talk to him about it_comma_ or your boss?,5|5|5_3|3|3,
hit:1277_conv:2555,3,furious,My coworker blamed his bad work mistake on me.,99,He used my computer to put in his notes for a ticket he messed up on so it was under my name and not his!,5|5|5_3|3|3,
hit:1277_conv:2555,4,furious,My coworker blamed his bad work mistake on me.,273,That's sneaky... and hard to explain. I'm sorry you have to deal with that hard situation. What do you think you'll do about it?,5|5|5_3|3|3,
hit:1540_conv:3081,1,furious,My father took my game system from me once. I paid for the console myself and i went to his room and took it back and punched him.,68,So when i was a teenage my father took my game console away.,5|5|5_I have clicked the 'End Chat' button thank you!|4|5,
hit:1540_conv:3081,2,furious,My father took my game system from me once. I paid for the console myself and i went to his room and took it back and punched him.,75,Did he tell you the reason?,5|5|5_I have clicked the 'End Chat' button thank you!|4|5,
hit:1540_conv:3081,3,furious,My father took my game system from me once. I paid for the console myself and i went to his room and took it back and punched him.,68,My grades but i ended up going into his room and taking it back. I bought that myself with my own money.,5|5|5_I have clicked the 'End Chat' button thank you!|4|5,
hit:1540_conv:3081,4,furious,My father took my game system from me once. I paid for the console myself and i went to his room and took it back and punched him.,75,If you live under his roof then you should obey him.,5|5|5_I have clicked the 'End Chat' button thank you!|4|5,
hit:1540_conv:3081,5,furious,My father took my game system from me once. I paid for the console myself and i went to his room and took it back and punched him.,68,Yeah but it's my property he knows not to take what he never spent a cent on.,5|5|5_I have clicked the 'End Chat' button thank you!|4|5,
hit:1606_conv:3212,1,furious,I am furious at the person who abused the dog I have.,296,I am very angry at the person who bred_comma_ starved and then abandoned (or maybe she broke free) the dog I have.,5|5|5_5|5|5,
hit:1606_conv:3212,2,furious,I am furious at the person who abused the dog I have.,269,Animal abuse disgusts me. I don't what would drive someone to do that...,5|5|5_5|5|5,
hit:1606_conv:3212,3,furious,I am furious at the person who abused the dog I have.,296,I don't either! They would have to be something very wrong as I couldn't imagine hurting an innocent!,5|5|5_5|5|5,
hit:1606_conv:3212,4,furious,I am furious at the person who abused the dog I have.,269,If I had a chance to rescue an animal_comma_ I would totally do it. ,5|5|5_5|5|5,
hit:1664_conv:3329,1,furious,I am so mad that Hillary Clinton didn't go to jail.,4,I am so mad Hillary Clinton didn't go to jail.,5|5|5_5|5|5,
hit:1664_conv:3329,2,furious,I am so mad that Hillary Clinton didn't go to jail.,267,I can understand that.  I feel like Trump should have gone to jail a long time ago,5|5|5_5|5|5,<POLITICAL>
hit:1664_conv:3329,3,furious,I am so mad that Hillary Clinton didn't go to jail.,4,No_comma_ he never breaks the law just takes advantage of it.,5|5|5_5|5|5,
hit:1664_conv:3329,4,furious,I am so mad that Hillary Clinton didn't go to jail.,267,I totally agree with you,5|5|5_5|5|5,
hit:1785_conv:3570,1,furious,I was furious because my firend owes me money. He was in the pub last night when I can't afford to go out.,196,I am angry with my friend.,5|5|5_5|5|5,
hit:1785_conv:3570,2,furious,I was furious because my firend owes me money. He was in the pub last night when I can't afford to go out.,336,What did he do to you?,5|5|5_5|5|5,
hit:1785_conv:3570,3,furious,I was furious because my firend owes me money. He was in the pub last night when I can't afford to go out.,196,He owes me money_comma_ but he was out drinking last night. I can't afford to go out.,5|5|5_5|5|5,
hit:1785_conv:3570,4,furious,I was furious because my firend owes me money. He was in the pub last night when I can't afford to go out.,336,You should not lend money to anyone_comma_even if it is your friend,5|5|5_5|5|5,
hit:1799_conv:3599,1,furious,I got really mad yesterday because my husband made a huge mess in the house.,160,I got really mad yesterday because my husband made a huge mess in the house.,5|5|5_5|5|5,
hit:1799_conv:3599,2,furious,I got really mad yesterday because my husband made a huge mess in the house.,337,Oh wow. That sounds like me and my husband!,5|5|5_5|5|5,
hit:1799_conv:3599,3,furious,I got really mad yesterday because my husband made a huge mess in the house.,160,There are still beer cans all over my living room as we speak.   Makes me so mad!,5|5|5_5|5|5,
hit:1799_conv:3599,4,furious,I got really mad yesterday because my husband made a huge mess in the house.,337,That would make me mad_comma_ too. How hard is it to throw stuff away?,5|5|5_5|5|5,
hit:1801_conv:3603,1,furious,I trusted my coworker to get the report printed by the deadline by he did not.,59,I trusted my coworker to type up an important report but he did not.,5|5|5_5|5|5,
hit:1801_conv:3603,2,furious,I trusted my coworker to get the report printed by the deadline by he did not.,160,So did you get in trouble for it?,5|5|5_5|5|5,
hit:1801_conv:3603,3,furious,I trusted my coworker to get the report printed by the deadline by he did not.,59,yes and its all my coworkers fault. ,5|5|5_5|5|5,
hit:1801_conv:3603,4,furious,I trusted my coworker to get the report printed by the deadline by he did not.,160,That would make me so mad!   I wouldn't even want to go to work!,5|5|5_5|5|5,
hit:1907_conv:3815,1,furious,Someone hit my car and did not even leave a note to say sorry_comma_ although it was an older car,271,These people would hit your car and not even leave a not and say sorry or leave their insurance info,4|4|5_3|2|2,
hit:1907_conv:3815,2,furious,Someone hit my car and did not even leave a note to say sorry_comma_ although it was an older car,346,Why do you think people would be that irresponsible? ,4|4|5_3|2|2,
hit:1907_conv:3815,3,furious,Someone hit my car and did not even leave a note to say sorry_comma_ although it was an older car,271,because they are losers,4|4|5_3|2|2,
hit:1907_conv:3815,4,furious,Someone hit my car and did not even leave a note to say sorry_comma_ although it was an older car,346,Not all people would be that way_comma_ and I think for the most part most people would take responsibility for their actions. ,4|4|5_3|2|2,
hit:1908_conv:3816,1,furious,My dog decided to chew more than a few pieces of furniture while I was at work. I have to replace all of them!,234,My dog decided to chew more than a few pieces of furniture while I was at work :(,5|5|5_5|5|5,
hit:1908_conv:3816,2,furious,My dog decided to chew more than a few pieces of furniture while I was at work. I have to replace all of them!,243,Uh oh. Did he ruin some furniture?,5|5|5_5|5|5,
hit:1908_conv:3816,3,furious,My dog decided to chew more than a few pieces of furniture while I was at work. I have to replace all of them!,234,Yup. I have to replace many items since he chewed them to bits. Crazy dog.,5|5|5_5|5|5,
hit:1908_conv:3816,4,furious,My dog decided to chew more than a few pieces of furniture while I was at work. I have to replace all of them!,243,That is too bad. I bet you were not happy.,5|5|5_5|5|5,
hit:1909_conv:3819,1,furious,I'm a guy with pretty thick skin.  I can take the most politically incorrect or classless jokes and dish them back...but I become livid when someone insults my family for no reason,119,I've got thick skin and can trade crass_comma_ classless_comma_ and politically disturbing jokes all day...but if someone insults my family with malice I go livid and deny all responsibility for whatever happens next,2|5|5_5|5|5,
hit:1909_conv:3819,2,furious,I'm a guy with pretty thick skin.  I can take the most politically incorrect or classless jokes and dish them back...but I become livid when someone insults my family for no reason,310,I hear you.  Jokes are one thing_comma_ family is another.,2|5|5_5|5|5,
hit:1909_conv:3819,3,furious,I'm a guy with pretty thick skin.  I can take the most politically incorrect or classless jokes and dish them back...but I become livid when someone insults my family for no reason,119,A name carries honor and I'm willing to kill for it,2|5|5_5|5|5,
hit:1909_conv:3819,4,furious,I'm a guy with pretty thick skin.  I can take the most politically incorrect or classless jokes and dish them back...but I become livid when someone insults my family for no reason,310,I dunno if I'd go quite that far_comma_ but you do you :P,2|5|5_5|5|5,
hit:1976_conv:3953,1,furious,I had a one night stand during my last official trip. I am scared to tell my wife that a baby was birth out of the one night stand_comma_ what do i do?,237, had a one night stand during my last official trip. I am scared to tell my wife that a baby was birth out of the one night stand_comma_ what do i do?,5|5|5_5|5|5,
hit:1976_conv:3953,2,furious,I had a one night stand during my last official trip. I am scared to tell my wife that a baby was birth out of the one night stand_comma_ what do i do?,99,Oh that is a tough one! You have to tell her no matter what! Just suck it up and break it to her!,5|5|5_5|5|5,
hit:1976_conv:3953,3,furious,I had a one night stand during my last official trip. I am scared to tell my wife that a baby was birth out of the one night stand_comma_ what do i do?,237,I'm scared she will leave me. This is because I don't have a child with her yet,5|5|5_5|5|5,
hit:1976_conv:3953,4,furious,I had a one night stand during my last official trip. I am scared to tell my wife that a baby was birth out of the one night stand_comma_ what do i do?,99,I know you are scared_comma_ but this was a choice you made_comma_ now you have to deal with the consequences.,5|5|5_5|5|5,
hit:1994_conv:3988,1,furious,The other day I was at work and my friend wouldn't help do any of the work! the entire day she just sat there and talked_comma_ I was so mad at her. I practically did all the work that day,241,The other day I was at work and my friend wouldn't help do any of the work! the entire day she just sat there and talked_comma_ I was so mad at her. I practically did all the work that day,5|5|5_5|5|5,
hit:1994_conv:3988,2,furious,The other day I was at work and my friend wouldn't help do any of the work! the entire day she just sat there and talked_comma_ I was so mad at her. I practically did all the work that day,358,Oh man_comma_ that sucks. You may need to say something to her. ,5|5|5_5|5|5,
hit:1994_conv:3988,3,furious,The other day I was at work and my friend wouldn't help do any of the work! the entire day she just sat there and talked_comma_ I was so mad at her. I practically did all the work that day,241,I did_comma_ and she said that she was going to change. i just hope that she wasn't just saying something to get rid of me,5|5|5_5|5|5,
hit:1994_conv:3988,4,furious,The other day I was at work and my friend wouldn't help do any of the work! the entire day she just sat there and talked_comma_ I was so mad at her. I practically did all the work that day,358,Hopefully. Maybe she was having a bad day.,5|5|5_5|5|5,
hit:2177_conv:4355,1,furious,I was so mad when my cousin skipped my moms funeral. He lied to me,126,I was mad when my cousin did not come to my moms funeral. He lied to me about it,4|5|4_5|5|5,
hit:2177_conv:4355,2,furious,I was so mad when my cousin skipped my moms funeral. He lied to me,244,What was his excuse?,4|5|4_5|5|5,
hit:2177_conv:4355,3,furious,I was so mad when my cousin skipped my moms funeral. He lied to me,126,He was sick. He went to a party instead,4|5|4_5|5|5,
hit:2177_conv:4355,4,furious,I was so mad when my cousin skipped my moms funeral. He lied to me,244,Ouch that's pretty bad.  Did he apologize?,4|5|4_5|5|5,
hit:2669_conv:5339,1,furious,I got crashed into this morning by another car who was texting while driving,63,I got crashed into this morning by another car who was texting while driving which was horrible,5|5|5_5|5|5,
hit:2669_conv:5339,2,furious,I got crashed into this morning by another car who was texting while driving,217,Oh I'm sorry to hear that. Were you hurrt?,5|5|5_5|5|5,
hit:2669_conv:5339,3,furious,I got crashed into this morning by another car who was texting while driving,63,i had a sprain in my neck but my car was ruined. i was really mad.,5|5|5_5|5|5,
hit:2669_conv:5339,4,furious,I got crashed into this morning by another car who was texting while driving,217,Hopefully insurance will be able to cover the car at least.,5|5|5_5|5|5,
hit:2756_conv:5512,1,furious,i was upset when I wasnt able to leave work early,238,i was upset when I wasnt able to leave work early,5|5|5_3|4|4,
hit:2756_conv:5512,2,furious,i was upset when I wasnt able to leave work early,391,oh i see.. did you have any programs planned?,5|5|5_3|4|4,
hit:2756_conv:5512,3,furious,i was upset when I wasnt able to leave work early,238,yea i had some things in the works,5|5|5_3|4|4,
hit:2756_conv:5512,4,furious,i was upset when I wasnt able to leave work early,391,sorry to hear that buddy,5|5|5_3|4|4,
hit:2939_conv:5879,1,furious,I am mad that the summer is almost over.,4,I am mad that the summer is almost over.,5|5|5_5|5|5,
hit:2939_conv:5879,2,furious,I am mad that the summer is almost over.,27,IT went by fast.,5|5|5_5|5|5,
hit:2939_conv:5879,3,furious,I am mad that the summer is almost over.,4,I didn't even get to go on vacation.,5|5|5_5|5|5,
hit:2939_conv:5879,4,furious,I am mad that the summer is almost over.,27,That sucks. Everyone deserves a vacay.,5|5|5_5|5|5,
hit:2949_conv:5899,1,furious,My husband stole my money out of my bank account!,220,I have never been more appalled in my life_comma_ my husband stole money out of MY bank account and then tried to cover it up!,5|5|5_5|5|5,
hit:2949_conv:5899,2,furious,My husband stole my money out of my bank account!,27,That is terrible. What was it for?,5|5|5_5|5|5,
hit:2949_conv:5899,3,furious,My husband stole my money out of my bank account!,220,Jerk is cheating on me and wants to take his side piece on vacation.,5|5|5_5|5|5,
hit:2949_conv:5899,4,furious,My husband stole my money out of my bank account!,27,Now That's a no no. Kill him,5|5|5_5|5|5,
hit:3015_conv:6030,1,furious,I was very upset when I heard that my friend had lied to me,267,I was really upset when I heard my best friend lied to me,5|5|5_5|5|5,
hit:3015_conv:6030,2,furious,I was very upset when I heard that my friend had lied to me,250,I know how you feel. I hate lairs.,5|5|5_5|5|5,
hit:3015_conv:6030,3,furious,I was very upset when I heard that my friend had lied to me,267,The worst part is I don’t like to confront her when she lies because the denial is just ridiculous,5|5|5_5|5|5,
hit:3015_conv:6030,4,furious,I was very upset when I heard that my friend had lied to me,250,But you have to do it otherwise you wont be able to trust her.,5|5|5_5|5|5,
hit:3280_conv:6560,1,furious,I am so mad at Trump.,75,I am so mad at Trump.,4|5|5_5|5|5,<POLITICAL>
hit:3280_conv:6560,2,furious,I am so mad at Trump.,261,ohh! why?,4|5|5_5|5|5,
hit:3280_conv:6560,3,furious,I am so mad at Trump.,75,The tariff war he is creating will derailed the economy,4|5|5_5|5|5,
hit:3280_conv:6560,4,furious,I am so mad at Trump.,261,Yes! that's very bad. I don't like it either,4|5|5_5|5|5,
hit:3447_conv:6895,1,furious,I was upset when i didnt win the lottery the other day,238,I was upset when i didnt win the lottery the other day,5|5|5_3|3|3,
hit:3447_conv:6895,2,furious,I was upset when i didnt win the lottery the other day,277,I hope you were no too upset.  The odd of winning are super low!,5|5|5_3|3|3,
hit:3447_conv:6895,3,furious,I was upset when i didnt win the lottery the other day,238,all i need is a chance and im good with that,5|5|5_3|3|3,
hit:3447_conv:6895,4,furious,I was upset when i didnt win the lottery the other day,277,That is a good outlook to have.  A little chance is better than no chance!,5|5|5_3|3|3,
hit:3555_conv:7111,1,furious,i was upset the other day when i couldnt get home on time to get my kid to practice,238,i was upset the other day when i couldnt get home on time to get my kid to practice,5|5|5_5|5|5,
hit:3555_conv:7111,2,furious,i was upset the other day when i couldnt get home on time to get my kid to practice,445,What happened? did you run into traffic?,5|5|5_5|5|5,
hit:3555_conv:7111,3,furious,i was upset the other day when i couldnt get home on time to get my kid to practice,238,yea traffic,5|5|5_5|5|5,
hit:3555_conv:7111,4,furious,i was upset the other day when i couldnt get home on time to get my kid to practice,445,That is no fun_comma_  was his coach upset he was late_comma_ or did you even make it at all?,5|5|5_5|5|5,
hit:3650_conv:7300,1,furious,Someone broke and ran into my mailbox this morning. I can't believe they didn't even leave a note...,269,Someone broke and ran into my mailbox this morning. I can't believe they didn't even leave a note...,5|5|5_4|4|4,
hit:3650_conv:7300,2,furious,Someone broke and ran into my mailbox this morning. I can't believe they didn't even leave a note...,462,Oh_comma_ that's crappy. Is it totaled or fixable? ,5|5|5_4|4|4,
hit:3650_conv:7300,3,furious,Someone broke and ran into my mailbox this morning. I can't believe they didn't even leave a note...,269,It is totaled. I have to get a whole new mailbox and I am furious!,5|5|5_4|4|4,
hit:3650_conv:7300,4,furious,Someone broke and ran into my mailbox this morning. I can't believe they didn't even leave a note...,462,Not how you want to spend your Sunday_comma_ that's for sure!,5|5|5_4|4|4,
hit:3938_conv:7877,1,furious,I bought a bag of frozen fish and when it unthawed it had already gone bad. I was so upset.,27,I bought a bag of frozen fish last week to cook today.,5|5|5_3|5|5,
hit:3938_conv:7877,2,furious,I bought a bag of frozen fish and when it unthawed it had already gone bad. I was so upset.,462,Was it any good? Frozen foods can be weird.,5|5|5_3|5|5,
hit:3938_conv:7877,3,furious,I bought a bag of frozen fish and when it unthawed it had already gone bad. I was so upset.,27,It had already gone bad when I unthawed it. I was so upset.,5|5|5_3|5|5,
hit:3938_conv:7877,4,furious,I bought a bag of frozen fish and when it unthawed it had already gone bad. I was so upset.,462,That is so annoying. You're better off buying fresh on the day_comma_ even if it's inconvenient. ,5|5|5_3|5|5,
hit:3938_conv:7877,5,furious,I bought a bag of frozen fish and when it unthawed it had already gone bad. I was so upset.,27,I know better now,5|5|5_3|5|5,
hit:4010_conv:8020,1,furious,Someone slammed into my car and totaled it while it was parked.  I am so mad because I didn't have insurance on it yet since I just bought it. The worst timing ever!,438,Someone slammed into my car and totaled it while it was parked. I am so mad because I didn't have insurance on it yet since I just bought it. The worst timing ever!,5|5|5_5|5|5,
hit:4010_conv:8020,2,furious,Someone slammed into my car and totaled it while it was parked.  I am so mad because I didn't have insurance on it yet since I just bought it. The worst timing ever!,273,I'm really sorry to hear that... That's the worst scenario too_comma_ because you're parked and probably not even there_comma_ so you were completely powerless in the situation_comma_ and then you come back to your car to just have this bomb dropped on you. Maybe there's something that can be worked out_comma_ since you just purchased it.,5|5|5_5|5|5,
hit:4010_conv:8020,3,furious,Someone slammed into my car and totaled it while it was parked.  I am so mad because I didn't have insurance on it yet since I just bought it. The worst timing ever!,438,Thanks.  Yeah_comma_ I'm trying to figure out what kind of coverage I have if I just purchased it.  It might have still been on the other persons insurance.  I had to take off work and am losing money all around.  ,5|5|5_5|5|5,
hit:4010_conv:8020,4,furious,Someone slammed into my car and totaled it while it was parked.  I am so mad because I didn't have insurance on it yet since I just bought it. The worst timing ever!,273,There has to be something. It can't just be this weird vulnerable loophole. I really hope so_comma_ for your case_comma_ because that's just unfair. I'm sure your work will understand_comma_ but it's still a crummy situation that is probably affecting all areas of your life. Transportation gets taken for granted. Hope things get better soon.,5|5|5_5|5|5,
hit:4085_conv:8171,1,furious,I bought some milk and didn't pay attention to the date. IT expires tomorrow!,262,I bought some milk today. My kids love cereal!,5|5|5_5|5|5,
hit:4085_conv:8171,2,furious,I bought some milk and didn't pay attention to the date. IT expires tomorrow!,286,I love cereal too. What type do your kids enjoy?,5|5|5_5|5|5,
hit:4085_conv:8171,3,furious,I bought some milk and didn't pay attention to the date. IT expires tomorrow!,262,Froot Loops and Cinnamon Toast Crunch. But I have to go back to the store because the milk I bought epires tomorrow. ISnt that crazy!,5|5|5_5|5|5,
hit:4085_conv:8171,4,furious,I bought some milk and didn't pay attention to the date. IT expires tomorrow!,286,Oh wow_comma_ how is it expiring already?,5|5|5_5|5|5,
hit:4085_conv:8171,5,furious,I bought some milk and didn't pay attention to the date. IT expires tomorrow!,262,I know right. I shouldve paid closer attention to the date. It shouldnt have even been on the shelf though,5|5|5_5|5|5,
hit:4085_conv:8171,6,furious,I bought some milk and didn't pay attention to the date. IT expires tomorrow!,286,I agree_comma_ they should check their dates more closely!,5|5|5_5|5|5,
hit:4397_conv:8795,1,furious,I booked an AirBnB for our vacation this week. We just got here_comma_ and they forgot to mention a little detail about having a cat. My spouse and I are both very allergic to cats... We can't stay here now! And yet we're getting charged for cancelling_comma_ and we have to find a new hotel.,273,I booked an AirBnB for our vacation this week. We just got here_comma_ and they forgot to mention a little detail about having a cat. My spouse and I are both very allergic to cats... We can't stay here now! And yet we're getting charged for cancelling_comma_ and we have to find a new hotel.,3|5|5_5|5|5,
hit:4397_conv:8795,2,furious,I booked an AirBnB for our vacation this week. We just got here_comma_ and they forgot to mention a little detail about having a cat. My spouse and I are both very allergic to cats... We can't stay here now! And yet we're getting charged for cancelling_comma_ and we have to find a new hotel.,1,Wow. I definitely would take it up wiht your credit card.,3|5|5_5|5|5,
hit:4397_conv:8795,3,furious,I booked an AirBnB for our vacation this week. We just got here_comma_ and they forgot to mention a little detail about having a cat. My spouse and I are both very allergic to cats... We can't stay here now! And yet we're getting charged for cancelling_comma_ and we have to find a new hotel.,273,Yeah_comma_ something like that. Really not looking forward to dealing with that while I'm vacation_comma_ but I have to get it done sooner rather than later. They didn't even seem that remorseful about it_comma_ either. Like it was more our problem. How are cat allergies a surprise thing to people who are trying to be in the hospitality industry? Dumb,3|5|5_5|5|5,
hit:4397_conv:8795,4,furious,I booked an AirBnB for our vacation this week. We just got here_comma_ and they forgot to mention a little detail about having a cat. My spouse and I are both very allergic to cats... We can't stay here now! And yet we're getting charged for cancelling_comma_ and we have to find a new hotel.,1,They really should be more considerate. allergies are a serious medical concern.,3|5|5_5|5|5,
hit:4418_conv:8837,1,furious,i was furious when my sister tore all my comics,321,i used to collect spawn comics _comma_ one time i got home and saw all my comics torn up _comma_ it was so mad ,5|5|5_3|4|4,
hit:4418_conv:8837,2,furious,i was furious when my sister tore all my comics,155,That is horrible. Did you find out who did it?,5|5|5_3|4|4,
hit:4418_conv:8837,3,furious,i was furious when my sister tore all my comics,321,yes my baby sister _comma_ she was like 3 years old ,5|5|5_3|4|4,
hit:4418_conv:8837,4,furious,i was furious when my sister tore all my comics,155,I think you should have put them in a difficult to reach for babies place,5|5|5_3|4|4,
hit:4500_conv:9001,1,furious,Someone threw a pretzel at me at the baseball game.  I was so mad at that guy.,322,Someone threw a pretzel at me at the baseball game.,4|4|5_5|5|5,
hit:4500_conv:9001,2,furious,Someone threw a pretzel at me at the baseball game.  I was so mad at that guy.,9,What did you do about it?,4|4|5_5|5|5,
hit:4500_conv:9001,3,furious,Someone threw a pretzel at me at the baseball game.  I was so mad at that guy.,322,I got so mad at the guy I shoved him.,4|4|5_5|5|5,
hit:4500_conv:9001,4,furious,Someone threw a pretzel at me at the baseball game.  I was so mad at that guy.,9,I would not have done that_comma_ did he hit you?,4|4|5_5|5|5,
hit:4519_conv:9039,1,furious,The motorist who rides fast in the road without considering any rules. He scratched my car and didn't even stopped.,43,Motorist scratched my car in the road today.,5|5|5_5|5|5,
hit:4519_conv:9039,2,furious,The motorist who rides fast in the road without considering any rules. He scratched my car and didn't even stopped.,389,Oh no!  Did you call the police?,5|5|5_5|5|5,
hit:4519_conv:9039,3,furious,The motorist who rides fast in the road without considering any rules. He scratched my car and didn't even stopped.,43,Yeah_comma_ I filed a complaint. I enraged on him.,5|5|5_5|5|5,
hit:4519_conv:9039,4,furious,The motorist who rides fast in the road without considering any rules. He scratched my car and didn't even stopped.,389,Was it an accident? or on purpose?,5|5|5_5|5|5,
hit:4670_conv:9340,1,furious,I ordered takeout yesterday and I got home and found out half my food was missing.,244,I ordered takeout yesterday and I got home and found out half my food was missing.,5|5|5_5|5|5,
hit:4670_conv:9340,2,furious,I ordered takeout yesterday and I got home and found out half my food was missing.,10,What happened to it?,5|5|5_5|5|5,
hit:4670_conv:9340,3,furious,I ordered takeout yesterday and I got home and found out half my food was missing.,244,The place shorted me.  ,5|5|5_5|5|5,
hit:4670_conv:9340,4,furious,I ordered takeout yesterday and I got home and found out half my food was missing.,10,That is not good_comma_ did you complain?,5|5|5_5|5|5,
hit:4670_conv:9340,5,furious,I ordered takeout yesterday and I got home and found out half my food was missing.,244,Yes I did but_comma_ it didn't make a difference,5|5|5_5|5|5,
hit:4770_conv:9541,1,furious,My kids recently broke a very important item of mine and it made me so angry.,53,My kids broke a family heirloom of mine recently and it made me so angry.,5|5|5_5|5|5,
hit:4770_conv:9541,2,furious,My kids recently broke a very important item of mine and it made me so angry.,423,OH NO! Is it fixable or totally destroyed?,5|5|5_5|5|5,
hit:4770_conv:9541,3,furious,My kids recently broke a very important item of mine and it made me so angry.,53,It's not salvageable. I'm still mad.,5|5|5_5|5|5,
hit:4770_conv:9541,4,furious,My kids recently broke a very important item of mine and it made me so angry.,423,Understandable I would be too. Did you explain to them the severity of what they did?,5|5|5_5|5|5,
hit:4770_conv:9541,5,furious,My kids recently broke a very important item of mine and it made me so angry.,53,Yes but I think I came across as more mad so I don't think they took me seriously.,5|5|5_5|5|5,
hit:4816_conv:9633,1,furious,My cable guy was supposed to show up yesterday to fix my cable.  He did not show up_comma_ and did not even bother to call,282,I spent all day yesterday waiting for my cable guy to show up as expected.  It never happened.  ,5|5|5_5|5|5,
hit:4816_conv:9633,2,furious,My cable guy was supposed to show up yesterday to fix my cable.  He did not show up_comma_ and did not even bother to call,506,They always give a 4 hour window and either show up late or not at all,5|5|5_5|5|5,
hit:4816_conv:9633,3,furious,My cable guy was supposed to show up yesterday to fix my cable.  He did not show up_comma_ and did not even bother to call,282,What really ticks me off_comma_ is they did not even bother to call and say they were not going to show up,5|5|5_5|5|5,
hit:4816_conv:9633,4,furious,My cable guy was supposed to show up yesterday to fix my cable.  He did not show up_comma_ and did not even bother to call,506,Yeah that would make me angry,5|5|5_5|5|5,
hit:5037_conv:10075,1,furious,I got a ticket because I was speeding. I wasn't even going that far over the speed limit!,478,I was speeding while on my way home from work and I got a ticket. I was only going like two miles over the speed limit!,5|5|5_5|5|5,
hit:5037_conv:10075,2,furious,I got a ticket because I was speeding. I wasn't even going that far over the speed limit!,60,That stinks but I guess the law is the law. Are you going to fight it?,5|5|5_5|5|5,
hit:5037_conv:10075,3,furious,I got a ticket because I was speeding. I wasn't even going that far over the speed limit!,478,No I was speeding_comma_ but its just stupid that I got a ticket when everyone else around me was speeding too. ,5|5|5_5|5|5,
hit:5037_conv:10075,4,furious,I got a ticket because I was speeding. I wasn't even going that far over the speed limit!,60,I know how that feels but I guess they have to pick someone and it was just your bad luck day. It can always be worse.,5|5|5_5|5|5,
hit:5102_conv:10204,1,furious,MY daughter burned our last pizza today. I really wanted it too.,27,I had a taste for some pizza today so I asked my daughter to put one in the oven,5|5|5_4|5|5,
hit:5102_conv:10204,2,furious,MY daughter burned our last pizza today. I really wanted it too.,126,I love pizza,5|5|5_4|5|5,
hit:5102_conv:10204,3,furious,MY daughter burned our last pizza today. I really wanted it too.,27,Well you wouldn't like this pizza. She burned it terribly. I was so upset,5|5|5_4|5|5,
hit:5102_conv:10204,4,furious,MY daughter burned our last pizza today. I really wanted it too.,126,I am sorry,5|5|5_4|5|5,
hit:5102_conv:10204,5,furious,MY daughter burned our last pizza today. I really wanted it too.,27,We had hot dogs.,5|5|5_4|5|5,
hit:5133_conv:10266,1,furious,So my kid loves to play with stupid model cars and stupid tiny legos. Well he didn't clean them up and this morning I rolled out of bed tired and walked to the kitchen and stepped on a stupid lego!! I could have set a bomb off I was soooo mad.,227,So my kid loves to play with stupid model cars and stupid tiny legos. Well he didn't clean them up and this morning I rolled out of bed tired and walked to the kitchen and stepped on a stupid lego!,5|5|5_5|5|5,
hit:5133_conv:10266,2,furious,So my kid loves to play with stupid model cars and stupid tiny legos. Well he didn't clean them up and this morning I rolled out of bed tired and walked to the kitchen and stepped on a stupid lego!! I could have set a bomb off I was soooo mad.,296,Oh NO...That should be reserved for the worst prisoners. That hurts!,5|5|5_5|5|5,
hit:5133_conv:10266,3,furious,So my kid loves to play with stupid model cars and stupid tiny legos. Well he didn't clean them up and this morning I rolled out of bed tired and walked to the kitchen and stepped on a stupid lego!! I could have set a bomb off I was soooo mad.,227,Yes!!! I probably yelled every cuss word ever invented. I think I even teared up for a minute!,5|5|5_5|5|5,
hit:5133_conv:10266,4,furious,So my kid loves to play with stupid model cars and stupid tiny legos. Well he didn't clean them up and this morning I rolled out of bed tired and walked to the kitchen and stepped on a stupid lego!! I could have set a bomb off I was soooo mad.,296,That's understandable. I bet people have had those stuck in their feet before,5|5|5_5|5|5,
hit:5209_conv:10419,1,furious,I dropped off my car at the mechanic and he said it would cost $300.  I picked it up today and the bill was $3000 and he never asked if I wanted to go that high.,294,I dropped off my car at the mechanic and he said it would cost $300.  I picked it up today and the bill was $3000 and he never asked if I wanted to go that high.,2|4|4_5|5|5,
hit:5209_conv:10419,2,furious,I dropped off my car at the mechanic and he said it would cost $300.  I picked it up today and the bill was $3000 and he never asked if I wanted to go that high.,9,I wish I had a car.,2|4|4_5|5|5,
hit:5209_conv:10419,3,furious,I dropped off my car at the mechanic and he said it would cost $300.  I picked it up today and the bill was $3000 and he never asked if I wanted to go that high.,294,I wish you had a car too.  Are you going to get one soon?,2|4|4_5|5|5,
hit:5209_conv:10419,4,furious,I dropped off my car at the mechanic and he said it would cost $300.  I picked it up today and the bill was $3000 and he never asked if I wanted to go that high.,9,Only if i find the money,2|4|4_5|5|5,
hit:5646_conv:11292,1,furious,it made me mad when i saw a dent in my car door last week,238,it made me mad when i saw a dent in my car door last week,5|5|5_5|5|5,
hit:5646_conv:11292,2,furious,it made me mad when i saw a dent in my car door last week,1,Oh no_comma_ do you know what caused it?,5|5|5_5|5|5,
hit:5646_conv:11292,3,furious,it made me mad when i saw a dent in my car door last week,238,someone elses door ,5|5|5_5|5|5,
hit:5646_conv:11292,4,furious,it made me mad when i saw a dent in my car door last week,1,Oh god. I'm guessing they didn't take responsibility?,5|5|5_5|5|5,
hit:5797_conv:11594,1,furious,i was upset when i saw my car door had a huge dent in it,238,i was upset when i saw my car door had a huge dent in it,5|5|5_5|5|5,
hit:5797_conv:11594,2,furious,i was upset when i saw my car door had a huge dent in it,59,I would have been too. How did it happen?,5|5|5_5|5|5,
hit:5797_conv:11594,3,furious,i was upset when i saw my car door had a huge dent in it,238,someone that parked next to me swung their door into mine i guess,5|5|5_5|5|5,
hit:5797_conv:11594,4,furious,i was upset when i saw my car door had a huge dent in it,59,That has happened to me before. So aggravating! ,5|5|5_5|5|5,
hit:5835_conv:11671,1,furious,having something stolen,514,i got home from work today and found someone stole my tv,5|5|5_5|5|5,
hit:5835_conv:11671,2,furious,having something stolen,238,oh wow.. that stinks,5|5|5_5|5|5,
hit:5835_conv:11671,3,furious,having something stolen,514,yes..cameras didnt catch anythng,5|5|5_5|5|5,
hit:5835_conv:11671,4,furious,having something stolen,238,hopefully you had insurance,5|5|5_5|5|5,
hit:6144_conv:12288,1,furious,"A couple weeks ago I walked out to my car after work_comma_ and saw that someone had destroyed my sideview mirror! They left a note that said ""sorry_comma_ the way you were parked_comma_ I had no choice"" ",292,"The other day after work_comma_ I walked out to my car and saw that someone had destroyed my sideview mirror! They left a note that said ""I had no choice"" on the windshield. I'm so mad. ",3|4|5_4|3|4,
hit:6144_conv:12288,2,furious,"A couple weeks ago I walked out to my car after work_comma_ and saw that someone had destroyed my sideview mirror! They left a note that said ""sorry_comma_ the way you were parked_comma_ I had no choice"" ",126,Oh no_comma_ what a jerk thing to do,3|4|5_4|3|4,
hit:6144_conv:12288,3,furious,"A couple weeks ago I walked out to my car after work_comma_ and saw that someone had destroyed my sideview mirror! They left a note that said ""sorry_comma_ the way you were parked_comma_ I had no choice"" ",292,I know_comma_ right. No cameras in our parking garage either_comma_ so I can't even catch the guy somehow. ,3|4|5_4|3|4,
hit:6144_conv:12288,4,furious,"A couple weeks ago I walked out to my car after work_comma_ and saw that someone had destroyed my sideview mirror! They left a note that said ""sorry_comma_ the way you were parked_comma_ I had no choice"" ",126,That doesnt make sense_comma_ oh well,3|4|5_4|3|4,
hit:6184_conv:12369,1,furious,I was very angry with how the cowboys team is given so much exposure when I was younger,10,I was very angry with how the cowboys team is given so much exposure when I was younger,5|5|5_3|3|4,
hit:6184_conv:12369,2,furious,I was very angry with how the cowboys team is given so much exposure when I was younger,126,I hated them as well,5|5|5_3|3|4,
hit:6184_conv:12369,3,furious,I was very angry with how the cowboys team is given so much exposure when I was younger,10,I just feel like they have no been relevant in 20 years_comma_ but are made to be relevant by media,5|5|5_3|3|4,
hit:6184_conv:12369,4,furious,I was very angry with how the cowboys team is given so much exposure when I was younger,126,They have no been for sure,5|5|5_3|3|4,
hit:6229_conv:12458,1,furious,There was a lot of poop on my yard.,1,There was a lot of poop on my yard.,5|5|5_5|5|5,
hit:6229_conv:12458,2,furious,There was a lot of poop on my yard.,238,dog or human?,5|5|5_5|5|5,
hit:6229_conv:12458,3,furious,There was a lot of poop on my yard.,1,Well_comma_ hopefully_comma_ it's dog.,5|5|5_5|5|5,
hit:6229_conv:12458,4,furious,There was a lot of poop on my yard.,238,whats the plan to take care of this issue,5|5|5_5|5|5,
hit:6396_conv:12793,1,furious,I am so mad my brother stole my car.,4,I am so mad my brother stole my car.,5|5|5_5|5|5,
hit:6396_conv:12793,2,furious,I am so mad my brother stole my car.,445,He stole your car!! did you call the cops?,5|5|5_5|5|5,
hit:6396_conv:12793,3,furious,I am so mad my brother stole my car.,4,No_comma_ I just called him and told him to return it.,5|5|5_5|5|5,
hit:6396_conv:12793,4,furious,I am so mad my brother stole my car.,445,Good_comma_ Did he actually come back with it though.,5|5|5_5|5|5,
hit:6491_conv:12983,1,furious,i was pissed when i saw a dent in my car door,238,i was pissed when  i saw a dent in my car door,5|5|5_5|5|5,
hit:6491_conv:12983,2,furious,i was pissed when i saw a dent in my car door,20,Oh no! Do you know who did it?,5|5|5_5|5|5,
hit:6491_conv:12983,3,furious,i was pissed when i saw a dent in my car door,238,nope.. happened at a store parking lot,5|5|5_5|5|5,
hit:6491_conv:12983,4,furious,i was pissed when i saw a dent in my car door,20,Wow I would be upset too if I were you.,5|5|5_5|5|5,
hit:6564_conv:13129,1,furious,ok,311,ok,5|4|4_1|1|1,<UNIGRAM>
hit:6564_conv:13129,2,furious,ok,234,Do you have a topic to discuss?,5|4|4_1|1|1,
hit:6564_conv:13129,3,furious,ok,311,joyfull,5|4|4_1|1|1,<UNIGRAM>
hit:6564_conv:13129,4,furious,ok,234,:( fantastic...,5|4|4_1|1|1,
hit:6593_conv:13187,1,furious,I lost all my car keys at the beach last weekend_comma_ now i had to have them re-cut and it costs a bundle,271,lost my keys at the beach_comma_ had to pay a bundle to have them replaced,4|5|5_4|4|4,
hit:6593_conv:13187,2,furious,I lost all my car keys at the beach last weekend_comma_ now i had to have them re-cut and it costs a bundle,317,I am sorry about that. What kind of keys?,4|5|5_4|4|4,
hit:6593_conv:13187,3,furious,I lost all my car keys at the beach last weekend_comma_ now i had to have them re-cut and it costs a bundle,271,my car keys _comma_they had those fancy key fobs attached to it,4|5|5_4|4|4,
hit:6593_conv:13187,4,furious,I lost all my car keys at the beach last weekend_comma_ now i had to have them re-cut and it costs a bundle,317,Oh wow! That stinks. At least you got new keys,4|5|5_4|4|4,
hit:6742_conv:13485,1,furious,When I got my test back and my professor had marked everything wrong. I clearly had the correct answers.,375,Can't believe my professor marked all this wrong.,5|4|5_5|5|5,
hit:6742_conv:13485,2,furious,When I got my test back and my professor had marked everything wrong. I clearly had the correct answers.,262,Marked what wrong?,5|4|5_5|5|5,
hit:6742_conv:13485,3,furious,When I got my test back and my professor had marked everything wrong. I clearly had the correct answers.,375,All the answers on my calculus test_comma_ I know the answers were correct so I'm confused.,5|4|5_5|5|5,
hit:6742_conv:13485,4,furious,When I got my test back and my professor had marked everything wrong. I clearly had the correct answers.,262,Did you speak with him?,5|4|5_5|5|5,
hit:6742_conv:13485,5,furious,When I got my test back and my professor had marked everything wrong. I clearly had the correct answers.,375,I haven't been able too_comma_ he's been sick lately.,5|4|5_5|5|5,
hit:6742_conv:13485,6,furious,When I got my test back and my professor had marked everything wrong. I clearly had the correct answers.,262,Oh. Well he will probably fix it when he gets better,5|4|5_5|5|5,
hit:6742_conv:13485,7,furious,When I got my test back and my professor had marked everything wrong. I clearly had the correct answers.,375,I hope so_comma_ but it's stressing me out big time.,5|4|5_5|5|5,
hit:6742_conv:13485,8,furious,When I got my test back and my professor had marked everything wrong. I clearly had the correct answers.,262,I can imagine,5|4|5_5|5|5,
hit:6764_conv:13528,1,furious,I am pissed off at Trump,75,I am so pissed off at Trump_comma_ he is the worst president ever.,5|5|5_4|5|5,<POLITICAL>
hit:6764_conv:13528,2,furious,I am pissed off at Trump,318,Why do you feel that way?  Has he enacted any policies that directly affect you or anyone you know?  For the record - I'm not too fond of him either_comma_ just curious more than anything.,5|5|5_4|5|5,
hit:6764_conv:13528,3,furious,I am pissed off at Trump,75,It is mostly because he is a racist misogenist,5|5|5_4|5|5,
hit:6764_conv:13528,4,furious,I am pissed off at Trump,318,I agree that he has said some things to suggest that.  However_comma_ I do think he has done some good and wouldnt necessarily be the worst president we have ever had.,5|5|5_4|5|5,<POLITICAL>
hit:6788_conv:13577,1,furious,I am so angry at myself lately.,75,I am so angry at myself lately.,5|5|4_5|3|3,
hit:6788_conv:13577,2,furious,I am so angry at myself lately.,375,How come you're so angry?,5|5|4_5|3|3,
hit:6788_conv:13577,3,furious,I am so angry at myself lately.,75,I was dating this wonderful woman and I ended up cheating on her.,5|5|4_5|3|3,
hit:6788_conv:13577,4,furious,I am so angry at myself lately.,375,That is no good at all_comma_ how come you did that?,5|5|4_5|3|3,
hit:6943_conv:13886,1,furious,it really drives me crazy that there are so many people who are so brutal to others,524,i hate that people these days are so crappy to others,5|5|5_5|5|5,
hit:6943_conv:13886,2,furious,it really drives me crazy that there are so many people who are so brutal to others,123,Me too_comma_ people can be so cruel.,5|5|5_5|5|5,
hit:6943_conv:13886,3,furious,it really drives me crazy that there are so many people who are so brutal to others,524,its sad the world we live in,5|5|5_5|5|5,
hit:6943_conv:13886,4,furious,it really drives me crazy that there are so many people who are so brutal to others,123,It definitely can be.,5|5|5_5|5|5,
hit:7307_conv:14615,1,furious,i was pissed when i saw someone left my gate open and my dog was missing.,238,i was pissed when i saw someone had left my gate open and my dog was missing,5|5|5_5|5|5,
hit:7307_conv:14615,2,furious,i was pissed when i saw someone left my gate open and my dog was missing.,296,Oh my god..I would be too! No locks?,5|5|5_5|5|5,
hit:7307_conv:14615,3,furious,i was pissed when i saw someone left my gate open and my dog was missing.,238,yea but someone from the water company had to get to the back to do something and forgot to shut it when they were done,5|5|5_5|5|5,
hit:7307_conv:14615,4,furious,i was pissed when i saw someone left my gate open and my dog was missing.,296,Oh...I have locks on all my gates and the companies have to ask for permission. That is terrible! Did you get your dog back?,5|5|5_5|5|5,
hit:7308_conv:14616,1,furious,My new dog keeps trying to sit on her new puppy. It's making me quite upset. She also went after my little dog_comma_ I understand why she is protective but my little dog could be dead in a second_comma_ so it's not acceptable and I hope she snaps out of it.,296,My new dog keeps trying to sit on her new puppy. It's making me quite upset. ,5|5|5_5|5|5,
hit:7308_conv:14616,2,furious,My new dog keeps trying to sit on her new puppy. It's making me quite upset. She also went after my little dog_comma_ I understand why she is protective but my little dog could be dead in a second_comma_ so it's not acceptable and I hope she snaps out of it.,478,Have you tried find a away to keep the seperated?,5|5|5_5|5|5,
hit:7308_conv:14616,3,furious,My new dog keeps trying to sit on her new puppy. It's making me quite upset. She also went after my little dog_comma_ I understand why she is protective but my little dog could be dead in a second_comma_ so it's not acceptable and I hope she snaps out of it.,296,Yes_comma_ I h ave to moniter her all day and it's stressed me out. She is being very obsessive and freaks out if she is away from her puppy....Sigh!,5|5|5_5|5|5,
hit:7308_conv:14616,4,furious,My new dog keeps trying to sit on her new puppy. It's making me quite upset. She also went after my little dog_comma_ I understand why she is protective but my little dog could be dead in a second_comma_ so it's not acceptable and I hope she snaps out of it.,478,I'm sure that it will get better. Dogs are really smart so if you keep working with her I'm sure she will get it. ,5|5|5_5|5|5,
hit:7308_conv:14616,5,furious,My new dog keeps trying to sit on her new puppy. It's making me quite upset. She also went after my little dog_comma_ I understand why she is protective but my little dog could be dead in a second_comma_ so it's not acceptable and I hope she snaps out of it.,296,Yes_comma_ she is young..and clearly very neglected as she was starved...Can't even believe she had a healthy puppy..I think something weird happened to her pups before. Poor dog!,5|5|5_5|5|5,
hit:7308_conv:14616,6,furious,My new dog keeps trying to sit on her new puppy. It's making me quite upset. She also went after my little dog_comma_ I understand why she is protective but my little dog could be dead in a second_comma_ so it's not acceptable and I hope she snaps out of it.,478,Oh my gosh! It sound like she has a had a rough life. You are great for taking care of her!,5|5|5_5|5|5,
hit:7308_conv:14616,7,furious,My new dog keeps trying to sit on her new puppy. It's making me quite upset. She also went after my little dog_comma_ I understand why she is protective but my little dog could be dead in a second_comma_ so it's not acceptable and I hope she snaps out of it.,296,Oh! I had too_comma_ my neighbor was going to hit her and she was desperate for help. I was so scared...as I have taken in a female pit before and it was so stressful as she would try to eat everyone..but this girl is very docile to other animals.,5|5|5_5|5|5,
hit:7458_conv:14917,1,furious,When I got an awful mark on my math test. I studied hard.,375,I studied so hard for that test and it didnt matter.,5|5|4_5|5|5,
hit:7458_conv:14917,2,furious,When I got an awful mark on my math test. I studied hard.,530,Did you not get a good grade on it?,5|5|4_5|5|5,
hit:7458_conv:14917,3,furious,When I got an awful mark on my math test. I studied hard.,375,I got a 50% which isn't good enough to me.,5|5|4_5|5|5,
hit:7458_conv:14917,4,furious,When I got an awful mark on my math test. I studied hard.,530,Well it could be worse. You'll do better next time I'm sure of it.,5|5|4_5|5|5,
hit:8024_conv:16049,1,furious,My dog pooped on the rug today. I am so mad.,209,My dog pooped on the rug today.,5|5|5_5|5|5,
hit:8024_conv:16049,2,furious,My dog pooped on the rug today. I am so mad.,139,He must be related to my dog. Was it hard to clean up?,5|5|5_5|5|5,
hit:8024_conv:16049,3,furious,My dog pooped on the rug today. I am so mad.,209,Yeah_comma_ considering it was a 100 lb mountain. I was so mad at the little tyke that I put him down.,5|5|5_5|5|5,
hit:8024_conv:16049,4,furious,My dog pooped on the rug today. I am so mad.,139,You may want to check his diet. Something in not right there.,5|5|5_5|5|5,
hit:8115_conv:16231,1,furious,Tired of people going 50-60 down my side street. There are kids and animals here and the police never do anything about these wreckless drivers.,296,Tired of people going 50-60 down my side street.,5|5|5_5|5|5,
hit:8115_conv:16231,2,furious,Tired of people going 50-60 down my side street. There are kids and animals here and the police never do anything about these wreckless drivers.,545,How fast are they supposed to be going?,5|5|5_5|5|5,
hit:8115_conv:16231,3,furious,Tired of people going 50-60 down my side street. There are kids and animals here and the police never do anything about these wreckless drivers.,296,15...As in any city. There are kids and animals here and the police never do anything about these wreckless drivers.,5|5|5_5|5|5,
hit:8115_conv:16231,4,furious,Tired of people going 50-60 down my side street. There are kids and animals here and the police never do anything about these wreckless drivers.,545,There's a lot of selfish people in the world_comma_ and a lot of impatient ones too. It's extremely frustrating.,5|5|5_5|5|5,
hit:8115_conv:16231,5,furious,Tired of people going 50-60 down my side street. There are kids and animals here and the police never do anything about these wreckless drivers.,296,Yes_comma_ because 1 person including kids get hit here daily and this is a SMALL city...They complain about having no money here..but they would get a TON of money if they would ticket these terrible drivers that can and DO kill others daily.,5|5|5_5|5|5,
hit:8134_conv:16268,1,furious,i was pissed when i saw a dent in my car door,238,i was pissed when i saw a dent in my car door,5|5|5_5|5|5,
hit:8134_conv:16268,2,furious,i was pissed when i saw a dent in my car door,291,Did you find out who did it?,5|5|5_5|5|5,
hit:8134_conv:16268,3,furious,i was pissed when i saw a dent in my car door,238,no i did not.,5|5|5_5|5|5,
hit:8134_conv:16268,4,furious,i was pissed when i saw a dent in my car door,291,Is it really bad one?,5|5|5_5|5|5,
hit:8142_conv:16285,1,furious,i was pissed when i saw a dent in my car door,238,i was pissed when i saw a dent in my car door,5|5|5_5|5|5,
hit:8142_conv:16285,2,furious,i was pissed when i saw a dent in my car door,1,Oh no_comma_ how big is the dent?,5|5|5_5|5|5,
hit:8142_conv:16285,3,furious,i was pissed when i saw a dent in my car door,238,about 6-8 inches,5|5|5_5|5|5,
hit:8142_conv:16285,4,furious,i was pissed when i saw a dent in my car door,1,Not too bad. Is it deep?,5|5|5_5|5|5,
hit:8142_conv:16285,5,furious,i was pissed when i saw a dent in my car door,238,yea and color scratched off,5|5|5_5|5|5,
hit:8174_conv:16348,1,furious,The time my teacher gave me the wrong marks back for a test. It was a math test.,375,Can't believe he marked me wrong on that test.,5|5|5_4|5|5,
hit:8174_conv:16348,2,furious,The time my teacher gave me the wrong marks back for a test. It was a math test.,302,That's terrible! How long did you study for it?,5|5|5_4|5|5,
hit:8174_conv:16348,3,furious,The time my teacher gave me the wrong marks back for a test. It was a math test.,375,I studied for a week_comma_ it was my final exam.,5|5|5_4|5|5,
hit:8174_conv:16348,4,furious,The time my teacher gave me the wrong marks back for a test. It was a math test.,302,I bet you put a lot of effort into it. Maybe you could talk to him and plead your case to get him to reconsider.,5|5|5_4|5|5,
hit:8174_conv:16348,5,furious,The time my teacher gave me the wrong marks back for a test. It was a math test.,375,I'm going to try_comma_ I know some of these answers were correct.,5|5|5_4|5|5,
hit:8354_conv:16708,1,furious,I got pretty mad last week when they did not spray at my apartment. I have bugs now,126,I was pretty mad last week when my apartment was not sprayed like it was supposed to. Now I have bigs,4|5|4_5|5|5,
hit:8354_conv:16708,2,furious,I got pretty mad last week when they did not spray at my apartment. I have bugs now,247,Did you have someone come in to spray it? You can ask for a refund maybe,4|5|4_5|5|5,
hit:8354_conv:16708,3,furious,I got pretty mad last week when they did not spray at my apartment. I have bugs now,126,No_comma_ I am going to hire someone myself,4|5|4_5|5|5,
hit:8354_conv:16708,4,furious,I got pretty mad last week when they did not spray at my apartment. I have bugs now,247,Oh that's a good idea. What kind of bugs do you have?,4|5|4_5|5|5,
hit:8384_conv:16769,1,furious,i was pissed when i saw my gate left open,238,i was pissed when i saw my gate left open,5|5|5_4|3|4,
hit:8384_conv:16769,2,furious,i was pissed when i saw my gate left open,126,Was anything missing?,5|5|5_4|3|4,
hit:8384_conv:16769,3,furious,i was pissed when i saw my gate left open,238,yea my dogs,5|5|5_4|3|4,
hit:8384_conv:16769,4,furious,i was pissed when i saw my gate left open,126,Oh no_comma_ are they okay,5|5|5_4|3|4,
hit:8463_conv:16927,1,furious,i was pissed when i saw someone left my gate open,238,i was pissed when i saw someone left my gate open,5|5|5_5|5|5,
hit:8463_conv:16927,2,furious,i was pissed when i saw someone left my gate open,530,Oh no! Do you have any pets that could get out?,5|5|5_5|5|5,
hit:8463_conv:16927,3,furious,i was pissed when i saw someone left my gate open,238,yea two dogs_comma_ they are gone :(,5|5|5_5|5|5,
hit:8463_conv:16927,4,furious,i was pissed when i saw someone left my gate open,530,That's terrible! Hopefully they'll come back home. I'd be whooping somebody if I found out who did it!,5|5|5_5|5|5,
hit:8472_conv:16944,1,furious,i was pissed when i saw my gate left open,238,i was pissed when i saw my gate left open,5|5|5_3|3|3,
hit:8472_conv:16944,2,furious,i was pissed when i saw my gate left open,7,Who left it open?,5|5|5_3|3|3,
hit:8472_conv:16944,3,furious,i was pissed when i saw my gate left open,238,our energy company that went back there to do some work,5|5|5_3|3|3,
hit:8472_conv:16944,4,furious,i was pissed when i saw my gate left open,7,Did you complain to their customer service?,5|5|5_3|3|3,
hit:8622_conv:17244,1,furious,My kid broke my watch today. I was so mad_comma_ but I shouldn't have left it out for him to play with.,209,My kid broke my watch today...I was so mad!,5|5|5_5|5|5,
hit:8622_conv:17244,2,furious,My kid broke my watch today. I was so mad_comma_ but I shouldn't have left it out for him to play with.,389,Oh no!  How old is he/she?,5|5|5_5|5|5,
hit:8622_conv:17244,3,furious,My kid broke my watch today. I was so mad_comma_ but I shouldn't have left it out for him to play with.,209,He is but a toddler. I wasn't mad at him for too long because I really shouldn't have let it out for him to play with in the first place.,5|5|5_5|5|5,
hit:8622_conv:17244,4,furious,My kid broke my watch today. I was so mad_comma_ but I shouldn't have left it out for him to play with.,389,Yeah I understand.  Is there anywhere you can take it to get it fixed?,5|5|5_5|5|5,
hit:8818_conv:17636,1,furious,i was pissed when i saw my gate left open,238,i was pissed when i saw my gate left open,5|5|5_5|5|5,
hit:8818_conv:17636,2,furious,i was pissed when i saw my gate left open,234,Oh? Did someone leave it open_comma_ or did someone break in?,5|5|5_5|5|5,
hit:8818_conv:17636,3,furious,i was pissed when i saw my gate left open,238,someone left the gate open_comma_ probably my energy company_comma_ and my dog got out,5|5|5_5|5|5,
hit:8818_conv:17636,4,furious,i was pissed when i saw my gate left open,234,Oh no! I hope you find him,5|5|5_5|5|5,
hit:8851_conv:17702,1,furious,The time my brother broke my skateboard. It was new.,375,My brother snapped my skatebaord,3|3|4_5|5|5,
hit:8851_conv:17702,2,furious,The time my brother broke my skateboard. It was new.,238,how soon after did the beatdown come ?,3|3|4_5|5|5,
hit:8851_conv:17702,3,furious,The time my brother broke my skateboard. It was new.,375,Shortly after_comma_ he had it coming.,3|3|4_5|5|5,
hit:8851_conv:17702,4,furious,The time my brother broke my skateboard. It was new.,238,thats what im talking about!,3|3|4_5|5|5,
hit:9015_conv:18030,1,furious,Someone broke into my car and ripped everything out_comma_ even the side speakers! I looked like the Hulk that night when I saw the wreckage.,438,Someone broke into my car and ripped everything out_comma_ even the side speakers! I looked like the Hulk that night when I saw the wreckage.,5|5|5_5|5|5,
hit:9015_conv:18030,2,furious,Someone broke into my car and ripped everything out_comma_ even the side speakers! I looked like the Hulk that night when I saw the wreckage.,4,Did you call the police?,5|5|5_5|5|5,
hit:9015_conv:18030,3,furious,Someone broke into my car and ripped everything out_comma_ even the side speakers! I looked like the Hulk that night when I saw the wreckage.,438,Yeah_comma_ they came and took a report and said to report it to my insurance. I should buy a surveillance camera.,5|5|5_5|5|5,
hit:9015_conv:18030,4,furious,Someone broke into my car and ripped everything out_comma_ even the side speakers! I looked like the Hulk that night when I saw the wreckage.,4,I suggest a Night Owl surveillance system.,5|5|5_5|5|5,
hit:9035_conv:18071,1,furious,i was pissed when i saw someone put a dent in my door,238,i was pissed when i saw someone put a dent in my door,5|5|5_4|5|5,
hit:9035_conv:18071,2,furious,i was pissed when i saw someone put a dent in my door,318,Did they leave a note or anything?  I would be really upset too.  Were there any cameras that could have seen who did it?,5|5|5_4|5|5,
hit:9035_conv:18071,3,furious,i was pissed when i saw someone put a dent in my door,238,they didnt leave a note_comma_ just a dent :(,5|5|5_4|5|5,
hit:9035_conv:18071,4,furious,i was pissed when i saw someone put a dent in my door,318,Thats the worst.  I would feel so awful if I left a dent and fleed the scene of the crime.  Hopefully the guilt is eating away at that person.,5|5|5_4|5|5,
hit:9254_conv:18508,1,furious,My cable bill is so high it's ridiculous.  It makes me so mad.,322,My cable bill is so high it's ridiculous.,4|4|3_3|3|3,
hit:9254_conv:18508,2,furious,My cable bill is so high it's ridiculous.  It makes me so mad.,7,Why don't you change your provider?,4|4|3_3|3|3,
hit:9254_conv:18508,3,furious,My cable bill is so high it's ridiculous.  It makes me so mad.,322,I don't have a choice.  It makes me so mad!,4|4|3_3|3|3,
hit:9254_conv:18508,4,furious,My cable bill is so high it's ridiculous.  It makes me so mad.,7,Why you don't have a choice?,4|4|3_3|3|3,
hit:9254_conv:18508,5,furious,My cable bill is so high it's ridiculous.  It makes me so mad.,322,There is only one option here.,4|4|3_3|3|3,
hit:9700_conv:19401,1,furious,My sister just got laid off from her job and it made me so angry.,332,My sister just got laid off from her job. I'm so angry.,5|5|5_4|5|5,
hit:9700_conv:19401,2,furious,My sister just got laid off from her job and it made me so angry.,628,Why are you angry_comma_ did you sister get unfairly fired?,5|5|5_4|5|5,
hit:9700_conv:19401,3,furious,My sister just got laid off from her job and it made me so angry.,332,Yes_comma_ I thought the company did so very unfairly and it was due to their inability to balance their budget.,5|5|5_4|5|5,
hit:9700_conv:19401,4,furious,My sister just got laid off from her job and it made me so angry.,628,Sounds like in the long run they will all end up fired if they don't get their money right,5|5|5_4|5|5,
hit:9726_conv:19453,1,furious,I'm a pretty chill guy with a lot of patience...but if there's one thing I can't stand it's a stupid person who is stubborn about their own stupidity,119,I'm a patient guy...but if there's one thing I can't stand it's a stupid person who is stubborn about their own stupidity,5|5|5_4|5|4,
hit:9726_conv:19453,2,furious,I'm a pretty chill guy with a lot of patience...but if there's one thing I can't stand it's a stupid person who is stubborn about their own stupidity,375,I agree_comma_ they think they're so smart but they are not!,5|5|5_4|5|4,
hit:9726_conv:19453,3,furious,I'm a pretty chill guy with a lot of patience...but if there's one thing I can't stand it's a stupid person who is stubborn about their own stupidity,119,Like a friend turning down my advice_comma_ even though I've been down that road too many times to count...go ahead_comma_ keep throwing yourself in the fire I'm not the one getting burned buddy boy,5|5|5_4|5|4,
hit:9726_conv:19453,4,furious,I'm a pretty chill guy with a lot of patience...but if there's one thing I can't stand it's a stupid person who is stubborn about their own stupidity,375,Exactly you got it_comma_ they will make their mistakes.,5|5|5_4|5|4,
hit:9751_conv:19502,1,furious,I am so mad at my cat right now. She has been urinating in the house everyday. ,297,I am so mad at my cat right now. She has been urinating in the house everyday.,5|5|5_5|5|5,
hit:9751_conv:19502,2,furious,I am so mad at my cat right now. She has been urinating in the house everyday. ,481,Oh no_comma_ I've never had a cat because my husband and brother are allergic. Is she trying to mark her terriorty?,5|5|5_5|5|5,
hit:9751_conv:19502,3,furious,I am so mad at my cat right now. She has been urinating in the house everyday. ,297,I have no idea. I just had the carpets cleaned and she did again. I have about had enough of that cat.,5|5|5_5|5|5,
hit:9751_conv:19502,4,furious,I am so mad at my cat right now. She has been urinating in the house everyday. ,481,I bet! Maybe get her checked and see if she has a UTI or if its just behavioral.  Ask on your local pet page if its normal for cats.,5|5|5_5|5|5,
hit:9891_conv:19783,1,furious,i was pissed when i saw someone put a dent in my door,238,i was pissed when i saw someone had put a dent in my door,5|5|5_4|5|5,
hit:9891_conv:19783,2,furious,i was pissed when i saw someone put a dent in my door,580,Oh no_comma_ people are so reckless.,5|5|5_4|5|5,
hit:9891_conv:19783,3,furious,i was pissed when i saw someone put a dent in my door,238,yea_comma_ people suck,5|5|5_4|5|5,
hit:9891_conv:19783,4,furious,i was pissed when i saw someone put a dent in my door,580,I hope it isn't too expensive to have repaired.,5|5|5_4|5|5,
hit:10423_conv:20846,1,furious,A man hit my car today at a grocery store. He was on his phone not paying any attention to the road!,381,Today at the grocery store my car was hit! He was on his phone!,5|5|5_5|5|5,
hit:10423_conv:20846,2,furious,A man hit my car today at a grocery store. He was on his phone not paying any attention to the road!,719,I'm so sorry!  That's awful!  Did you get his insurance information?,5|5|5_5|5|5,
hit:10423_conv:20846,3,furious,A man hit my car today at a grocery store. He was on his phone not paying any attention to the road!,381,Oh absolutely. Luckily I had a witness help testify that he was indeed on his phone.,5|5|5_5|5|5,
hit:10423_conv:20846,4,furious,A man hit my car today at a grocery store. He was on his phone not paying any attention to the road!,719,That's a mercy_comma_ at least. Are you hurt?,5|5|5_5|5|5,
hit:10598_conv:21196,1,furious,I was overcharged $20 at the grocery store. ,390,I went to the grocery store last week_comma_ which is 30 miles away from my house_comma_ and when I got home_comma_ I discovered I was overcharged by $20. That made me mad! ,5|5|5_5|5|5,
hit:10598_conv:21196,2,furious,I was overcharged $20 at the grocery store. ,741,That's terrible! Did you call and tell management?,5|5|5_5|5|5,
hit:10598_conv:21196,3,furious,I was overcharged $20 at the grocery store. ,390,Yes_comma_ I did. But now I have to wait until next month to get my money_comma_ as I only go there once a month. Grrrrrr...,5|5|5_5|5|5,
hit:10598_conv:21196,4,furious,I was overcharged $20 at the grocery store. ,741,Thats frustrating. At least you'll get your money back eventually.,5|5|5_5|5|5,
hit:10693_conv:21387,1,furious,A few years ago_comma_ someone who I thought was a good friend accused me of a crime that I didn't commit.,85,A while back_comma_ someone who was a good friend accused me of a crime that I didn't commit.,4|5|5_5|5|5,
hit:10693_conv:21387,2,furious,A few years ago_comma_ someone who I thought was a good friend accused me of a crime that I didn't commit.,259,Why would they do that?,4|5|5_5|5|5,
hit:10693_conv:21387,3,furious,A few years ago_comma_ someone who I thought was a good friend accused me of a crime that I didn't commit.,85,It comes out that she had a multiple personality disorder_comma_ and sometimes that makes her believe things that didn't happen did.,4|5|5_5|5|5,
hit:10693_conv:21387,4,furious,A few years ago_comma_ someone who I thought was a good friend accused me of a crime that I didn't commit.,259,I know someone with that. She might need some medication.,4|5|5_5|5|5,
hit:10693_conv:21387,5,furious,A few years ago_comma_ someone who I thought was a good friend accused me of a crime that I didn't commit.,85,That or some therapy.  Luckily I had plenty of witnesses against her.,4|5|5_5|5|5,
hit:10908_conv:21817,1,furious,I forgot to pay the electric bill last week so a lady came yesterday to turn the power off.,128,I forgot to pay the electric bill last week so a lady came a turned the power off.,5|5|5_4|4|4,
hit:10908_conv:21817,2,furious,I forgot to pay the electric bill last week so a lady came yesterday to turn the power off.,725,Oh no! I hate that! So what did you do about it?,5|5|5_4|4|4,
hit:10908_conv:21817,3,furious,I forgot to pay the electric bill last week so a lady came yesterday to turn the power off.,128,I made my late payment as quickly as possible and called my provider to ask them to turn my power on asap. I managed to get it back later that night.,5|5|5_4|4|4,
hit:10908_conv:21817,4,furious,I forgot to pay the electric bill last week so a lady came yesterday to turn the power off.,725,Wow_comma_ no power at home is terrible. What would we do without electricity?!,5|5|5_4|4|4,
hit:11432_conv:22865,1,furious,I had to work 2 open to closes at work in a row when i managed this place.The General manager Ignored all phone calls_comma_ and let me just get used.,814,I got shafted by my general manager at my job.,5|4|5_5|5|5,
hit:11432_conv:22865,2,furious,I had to work 2 open to closes at work in a row when i managed this place.The General manager Ignored all phone calls_comma_ and let me just get used.,261,ohh good_comma_ and how did that happen?,5|4|5_5|5|5,
hit:11432_conv:22865,3,furious,I had to work 2 open to closes at work in a row when i managed this place.The General manager Ignored all phone calls_comma_ and let me just get used.,814,She decided not to answer her phone for two days after we had people quit on us_comma_ So I had to open to close 9 am to 3 am two days in a row.,5|4|5_5|5|5,
hit:11432_conv:22865,4,furious,I had to work 2 open to closes at work in a row when i managed this place.The General manager Ignored all phone calls_comma_ and let me just get used.,261,Ohh that's bad though. Why don't you meet her?,5|4|5_5|5|5,
hit:11518_conv:23036,1,furious,I used to work as a flooring specialist at a major chain home improvement store. It was a good place to work until I got a new supervisor who thought he could disrespect me without consequences.,655,I used to work as a flooring specialist at a major chain home improvement store. It was a good place to work until I got a new supervisor who thought he could disrespect me without consequences.,5|5|5_5|5|5,
hit:11518_conv:23036,2,furious,I used to work as a flooring specialist at a major chain home improvement store. It was a good place to work until I got a new supervisor who thought he could disrespect me without consequences.,274,Uh oh.  I'm sorry to hear that.  That is never a good thing to do as a supervisor.,5|5|5_5|5|5,
hit:11518_conv:23036,3,furious,I used to work as a flooring specialist at a major chain home improvement store. It was a good place to work until I got a new supervisor who thought he could disrespect me without consequences.,655,We got into several arguments and management decided to ignore  the problem and hope it would blow over. After a few weeks I turned in my resignation. ,5|5|5_5|5|5,
hit:11518_conv:23036,4,furious,I used to work as a flooring specialist at a major chain home improvement store. It was a good place to work until I got a new supervisor who thought he could disrespect me without consequences.,274,Unfortunately he wins out when you do that because it will likely continue.  Again_comma_ I wish you had been treated so unkindly.,5|5|5_5|5|5,
hit:11520_conv:23040,1,furious,My daughter borrowed my car and ended up hitting another car in the parking lot. ,652,My daughter borrowed my car the other day and you won't believe what happened.,5|5|5_4|5|5,
hit:11520_conv:23040,2,furious,My daughter borrowed my car and ended up hitting another car in the parking lot. ,653,Oh dear. Is it what I am thinking? Did she wreck it?,5|5|5_4|5|5,
hit:11520_conv:23040,3,furious,My daughter borrowed my car and ended up hitting another car in the parking lot. ,652,Not quite. She tapped another car in the parking lot. It has a big scratch on it now.,5|5|5_4|5|5,
hit:11520_conv:23040,4,furious,My daughter borrowed my car and ended up hitting another car in the parking lot. ,653,I am so sorry to hear about that. The good thing is she is okay,5|5|5_4|5|5,
hit:11520_conv:23040,5,furious,My daughter borrowed my car and ended up hitting another car in the parking lot. ,652,It was a new car so I'm pretty ticked off.,5|5|5_4|5|5,
hit:11520_conv:23040,6,furious,My daughter borrowed my car and ended up hitting another car in the parking lot. ,653,I would be upset as well,5|5|5_4|5|5,
hit:11919_conv:23839,1,furious,I was in a hurry to get home but I hit every red light and was late. By the time I got home I was fit to be tied.,548,I was in a hurry to get home but I hit every red light and was late. By the time I got home I was fit to be tied.,2|3|4_4|5|5,
hit:11919_conv:23839,2,furious,I was in a hurry to get home but I hit every red light and was late. By the time I got home I was fit to be tied.,375,Did you make it home in time?,2|3|4_4|5|5,
hit:11919_conv:23839,3,furious,I was in a hurry to get home but I hit every red light and was late. By the time I got home I was fit to be tied.,548,I was bringing something home that was going to be part of supper but since I was late we didn't get to have it. Since I had really wanted it I was pretty ticked off.,2|3|4_4|5|5,
hit:11919_conv:23839,4,furious,I was in a hurry to get home but I hit every red light and was late. By the time I got home I was fit to be tied.,375,That is so lame_comma_ what caused you to be so late? Just the lights?,2|3|4_4|5|5,
hit:11919_conv:23839,5,furious,I was in a hurry to get home but I hit every red light and was late. By the time I got home I was fit to be tied.,548,I caught every red light. ,2|3|4_4|5|5,
hit:11969_conv:23938,1,furious,When I came out of the store I saw someone had hit my car. They didn't even leave a note!,842,When I came out of the store I saw that someone had hit my car.,5|5|5_5|5|5,
hit:11969_conv:23938,2,furious,When I came out of the store I saw someone had hit my car. They didn't even leave a note!,7,That is terrible. Did you call the police?,5|5|5_5|5|5,
hit:11969_conv:23938,3,furious,When I came out of the store I saw someone had hit my car. They didn't even leave a note!,842,I did. But no one saw who did it.,5|5|5_5|5|5,
hit:11969_conv:23938,4,furious,When I came out of the store I saw someone had hit my car. They didn't even leave a note!,7,I understand. I hate when that happened.,5|5|5_5|5|5,
hit:12071_conv:24142,1,furious,I cant find my debit card. I think my boyfriend took it. I hate when he does that,27,I think my boyfriend took my debit card again,5|5|5_4|3|4,
hit:12071_conv:24142,2,furious,I cant find my debit card. I think my boyfriend took it. I hate when he does that,46,Does he do that often that is not ok,5|5|5_4|3|4,
hit:12071_conv:24142,3,furious,I cant find my debit card. I think my boyfriend took it. I hate when he does that,27,Its fine for him to ask_comma_ but he isnt answering the phone and I cant find it. I really hate when he does that without me knowing,5|5|5_4|3|4,
hit:12071_conv:24142,4,furious,I cant find my debit card. I think my boyfriend took it. I hate when he does that,46,Yeah that is really not ok,5|5|5_4|3|4,
hit:12071_conv:24142,5,furious,I cant find my debit card. I think my boyfriend took it. I hate when he does that,27,I am going to change my pin before he uses it,5|5|5_4|3|4,
hit:12182_conv:24365,1,furious,My brother borrowed my bike without telling me_comma_ and then it got stolen.,577,My little brother took my bike without asking me_comma_ and he left it outside the shop_comma_ then it got stolen! I'm so angry right now,5|5|5_5|5|5,
hit:12182_conv:24365,2,furious,My brother borrowed my bike without telling me_comma_ and then it got stolen.,99,That was very careless of him_comma_ I'm sorry.,5|5|5_5|5|5,
hit:12182_conv:24365,3,furious,My brother borrowed my bike without telling me_comma_ and then it got stolen.,577,Yeah_comma_ he does things like this all the time. He doesn't have any money to replace it_comma_ either.,5|5|5_5|5|5,
hit:12182_conv:24365,4,furious,My brother borrowed my bike without telling me_comma_ and then it got stolen.,99,Maybe you should talk with him and let him know how serious of an issue it is to you.,5|5|5_5|5|5,
hit:253_conv:507,1,furious,There was a neighbor I never had met that called my son a derogatory name one time when he was riding his bike. She didn't like that he got in her yard a little bit when he went around the corner and was very ugly to him_comma_ and he was only 10 years old at the time. ,45,There was a back neighbor that called my 10 year old son a ugly name one time_comma_ simply because he entered her yard slightly when he rode around the corner.!,5|5|5_5|5|5,
hit:253_conv:507,3,furious,There was a neighbor I never had met that called my son a derogatory name one time when he was riding his bike. She didn't like that he got in her yard a little bit when he went around the corner and was very ugly to him_comma_ and he was only 10 years old at the time. ,45,Yes_comma_ she lived several house back and she didn't know me_comma_ until after she did that! She knew me then_comma_ but after I talked to her_comma_ she apologized to both of us. ,5|5|5_5|5|5,
hit:423_conv:846,1,furious,Nothing makes me more furious than bullies. Playground or politics_comma_ I find them intolerable.,66,I hate bullies. Playground or politics_comma_ I find them intolerable.,4|5|5_5|5|5,
hit:423_conv:846,3,furious,Nothing makes me more furious than bullies. Playground or politics_comma_ I find them intolerable.,66,Good for you! Did you find other ways to interact with kids on better terms?,4|5|5_5|5|5,
hit:614_conv:1229,1,furious,I can't believe my son took my car without asking me! I missed an important job interview because I couldn't drive!,190,My son is such a rascal! He took my car for a joy ride!,5|5|5_4|5|5,
hit:614_conv:1229,3,furious,I can't believe my son took my car without asking me! I missed an important job interview because I couldn't drive!,190,He's only 13! I didn't even think he had that in him!,5|5|5_4|5|5,
hit:624_conv:1249,1,furious,I ordered a medium latte_comma_ no sugar from starbucks. They completely got my order wrong_comma_ it was green and frozen! ,190,Starbucks always get's my order wrong!,5|5|5_5|5|5,
hit:624_conv:1249,3,furious,I ordered a medium latte_comma_ no sugar from starbucks. They completely got my order wrong_comma_ it was green and frozen! ,190,They definitely are expensive. What's your favourite drink to get?,5|5|5_5|5|5,
hit:799_conv:1599,1,furious,I once found out my step father was stealing money from my mother to buy drugs. I confronted him about it and got in a fist fight with him.,231,Have you everr been in a fist fight with anyone?,4|5|5_5|5|5,
hit:799_conv:1599,3,furious,I once found out my step father was stealing money from my mother to buy drugs. I confronted him about it and got in a fist fight with him.,231,I got in a fist fight with my step father once. It wasn't a fun experience as you can imagine.,4|5|5_5|5|5,
hit:5383_conv:10766,1,furious,I got cut off in traffic the other day. There was noone behind me for a long way but no_comma_ they had to go right in front of me. Had to slam my breaks,278,I hate when people pull in front of you_comma_ especially when it's clear behidn you.,4|5|5_5|5|5,
hit:5383_conv:10766,3,furious,I got cut off in traffic the other day. There was noone behind me for a long way but no_comma_ they had to go right in front of me. Had to slam my breaks,278,Had to slam my brakes. I don't get people at all.,4|5|5_5|5|5,
hit:5383_conv:10766,5,furious,I got cut off in traffic the other day. There was noone behind me for a long way but no_comma_ they had to go right in front of me. Had to slam my breaks,278,yes_comma_ sadly I easily can.,4|5|5_5|5|5,
hit:6461_conv:12923,1,furious,Once_comma_ I came home from a night out and my room was ransacked. My roommate was an alcoholic_comma_ and he had even thrown some of my belongings in the bathtub.Of course_comma_ he didn't remember doing it either.,117,Once after a night on the town_comma_ I came home and my room had been ransacked.,5|5|5_3|4|4,
hit:6461_conv:12923,3,furious,Once_comma_ I came home from a night out and my room was ransacked. My roommate was an alcoholic_comma_ and he had even thrown some of my belongings in the bathtub.Of course_comma_ he didn't remember doing it either.,117,The thing is_comma_ my alcoholic room mate was the culprit. He had even thrown some of my belongings in the bathtub!,5|5|5_3|4|4,
hit:6755_conv:13510,1,furious,My family cannot agree on what to eat for dinner and its making me so mad!,562,So tonight we are suppose to go eat out as a family but I cant get a single one of my family members to agree on a place.  So frustrating!,5|5|5_5|5|5,
hit:6755_conv:13510,3,furious,My family cannot agree on what to eat for dinner and its making me so mad!,562,That's actually not a bad idea.  Wish I had come up with that earlier.  It seems everyone wants something different.,5|5|5_5|5|5,
hit:6755_conv:13510,5,furious,My family cannot agree on what to eat for dinner and its making me so mad!,562,Im going to have to sue that for next week.  I think this week they can all go make PB&J since they want to be difficult.,5|5|5_5|5|5,
hit:6755_conv:13510,7,furious,My family cannot agree on what to eat for dinner and its making me so mad!,562,I guess that way the wallet wins every once and awhile too!  lol,5|5|5_5|5|5,
hit:6810_conv:13620,1,furious,Someone packed into my car the other day at the supermarket and put a big dent in it. I've only had the car for 10 days. ,576,I have a bad experience at the supermarket the other day. ,5|5|5_5|5|5,
hit:6810_conv:13620,3,furious,Someone packed into my car the other day at the supermarket and put a big dent in it. I've only had the car for 10 days. ,576,Someone backed into my new car.,5|5|5_5|5|5,
hit:6810_conv:13620,5,furious,Someone packed into my car the other day at the supermarket and put a big dent in it. I've only had the car for 10 days. ,576,Yes_comma_ they ran! I was so mad when I got to the car and saw it. ,5|5|5_5|5|5,
hit:6824_conv:13648,1,furious,Someone hit my mailbox last night and knocked it over. They didn't even have the guts to stop and tell me about it. ,576,I had a bad morning when I went to check my mail.,5|5|5_5|5|5,
hit:6824_conv:13648,3,furious,Someone hit my mailbox last night and knocked it over. They didn't even have the guts to stop and tell me about it. ,576,Especially when you find your mailbox laying in about 10 pieces after someone knocked it down last night. ,5|5|5_5|5|5,
hit:6824_conv:13648,5,furious,Someone hit my mailbox last night and knocked it over. They didn't even have the guts to stop and tell me about it. ,576,Not really. I live in town_comma_ but it's a small town.,5|5|5_5|5|5,
hit:6824_conv:13648,7,furious,Someone hit my mailbox last night and knocked it over. They didn't even have the guts to stop and tell me about it. ,576,That's a good idea. I might do that. We don't have a camera because we don't normally have any troubles.,5|5|5_5|5|5,
hit:8705_conv:17411,1,furious,The garbage company for my town went under and left us without service.,633,I am so tired of hauling garbage to the county dump.,5|5|5_5|5|5,
hit:8705_conv:17411,3,furious,The garbage company for my town went under and left us without service.,633,The company in my city just quit picking up for any of the residents_comma_ so the dump has a line every day.,5|5|5_5|5|5,
hit:8705_conv:17411,5,furious,The garbage company for my town went under and left us without service.,633, We have_comma_ and we called a city meeting. I'm just beyond words_comma_it has to be corrected.,5|5|5_5|5|5,
hit:10929_conv:21858,1,furious,I drove 4 hours to hang out with my family on a trip and we spent a total of about 2 hours together over 2 days. I wish I had just stayed home.,423,Recently my family had a trip that was very disorganized. Basically drove a long way to hang see my family for a handful of hours.,5|5|5_5|5|5,
hit:10929_conv:21858,3,furious,I drove 4 hours to hang out with my family on a trip and we spent a total of about 2 hours together over 2 days. I wish I had just stayed home.,423,Same. I wish I had just stayed at home instead of spending all that time on the road.,5|5|5_5|5|5,
hit:10929_conv:21858,5,furious,I drove 4 hours to hang out with my family on a trip and we spent a total of about 2 hours together over 2 days. I wish I had just stayed home.,423,That is true_comma_ I guess there is that to be thankful for.,5|5|5_5|5|5,
hit:11019_conv:22039,1,furious,They arrested 9 people at a nearby farm for animal cruelty and they are already out on bond!,90,They arrested 9 people at a nearby farm for animal cruelty and they are already out of jail on bond!,5|5|5_5|5|5,
hit:11019_conv:22039,3,furious,They arrested 9 people at a nearby farm for animal cruelty and they are already out on bond!,90,Wow!  It makes me sad how people can be so cruel to animals that don't have the ability to fight back.  The rescue shelters here have been working overtime to get things straightened out at that farm.,5|5|5_5|5|5,
hit:11019_conv:22039,5,furious,They arrested 9 people at a nearby farm for animal cruelty and they are already out on bond!,90,Yeah.  But I'm glad at least here we have enough agencies [and people volunteering their time] that hopefully_comma_ those animals can find good care and good homes.,5|5|5_5|5|5,
hit:11019_conv:22039,7,furious,They arrested 9 people at a nearby farm for animal cruelty and they are already out on bond!,90,And in my opinion_comma_ the bond for those people was nowhere near high enough - they should have had to stay in jail!,5|5|5_5|5|5,
hit:11309_conv:22618,1,furious,An airline once lost my whole suitcase_comma_ it made me so upset!,816,Not too long ago_comma_ I took a trip on a plane. The airline lost my whole suitcase!,5|5|5_5|5|5,
hit:11309_conv:22618,3,furious,An airline once lost my whole suitcase_comma_ it made me so upset!,816,The whole vacation! I was so upset! I didn't have anything to wear for the duration.,5|5|5_5|5|5,
hit:11402_conv:22804,1,furious,I am furious at our politicians who won't stand up to Russian hacking,420,I am so mad that our politicians won't do something to stop Russian hacking,5|5|5_5|5|5,
hit:11402_conv:22804,3,furious,I am furious at our politicians who won't stand up to Russian hacking,420,Yes.  The Republicans just don't seem to care about our country any more and I am so mad that Putin owns Trump,5|5|5_5|5|5,<POLITICAL>
hit:54_conv:109,1,grateful,I was given a large raise at work.,35,Last month_comma_ my boss gave me a 10% raise_comma_ even though I didn't ask fo it. It was quite the welcome surprise!,4|4|5_5|5|5,
hit:54_conv:109,2,grateful,I was given a large raise at work.,7,That is great. Probably he think that you are doing a great job.,4|4|5_5|5|5,
hit:54_conv:109,3,grateful,I was given a large raise at work.,35,Yeah_comma_ we have always gotten along well_comma_ and he has always been very supportive of me.,4|4|5_5|5|5,
hit:54_conv:109,4,grateful,I was given a large raise at work.,7,That is good,4|4|5_5|5|5,
hit:102_conv:205,1,grateful,I got a huge bonus at work and was able to pay off my debt.,46,So i got a huge bonus at work last week!,3|4|3_5|5|5,
hit:102_conv:205,2,grateful,I got a huge bonus at work and was able to pay off my debt.,4,How much?,3|4|3_5|5|5,
hit:102_conv:205,3,grateful,I got a huge bonus at work and was able to pay off my debt.,46,It was enough that I was able to pay off my car and a lot of bills.,3|4|3_5|5|5,
hit:102_conv:205,4,grateful,I got a huge bonus at work and was able to pay off my debt.,4,Cool. What kind of car.,3|4|3_5|5|5,
hit:102_conv:205,5,grateful,I got a huge bonus at work and was able to pay off my debt.,46,It was a 84 Mustang.,3|4|3_5|5|5,
hit:189_conv:378,1,grateful,my parents let me live with them. They do not charge rent so I am very appreciative of them,10,My parents let me live in their house for free_comma_ I am realy thankful,5|5|5_5|5|5,
hit:189_conv:378,2,grateful,my parents let me live with them. They do not charge rent so I am very appreciative of them,68,I feel that man_comma_ Parents like that care for their family a lot.,5|5|5_5|5|5,
hit:189_conv:378,3,grateful,my parents let me live with them. They do not charge rent so I am very appreciative of them,10,Yeaaah_comma_ I know a lot of people who struggle with bills. ,5|5|5_5|5|5,
hit:189_conv:378,4,grateful,my parents let me live with them. They do not charge rent so I am very appreciative of them,68,I am in that boat at times where i live.,5|5|5_5|5|5,
hit:732_conv:1465,1,grateful,I'm grateful for having such a wonderful son,210,My son won a scholarship so I won't have to spend money on fees. I am grateful ,4|4|5_4|4|4,
hit:732_conv:1465,2,grateful,I'm grateful for having such a wonderful son,189,Wow that's nice_comma_  he must be very intelligent ,4|4|5_4|4|4,
hit:732_conv:1465,3,grateful,I'm grateful for having such a wonderful son,210,Yes he is_comma_ I am also grateful for having such a wonderful wife that teaches and helps him after school,4|4|5_4|4|4,
hit:732_conv:1465,4,grateful,I'm grateful for having such a wonderful son,189,Awww that's nice_comma_  just take care of them ,4|4|5_4|4|4,
hit:732_conv:1465,5,grateful,I'm grateful for having such a wonderful son,210,Thanks alot,4|4|5_4|4|4,
hit:764_conv:1528,1,grateful,I went in to labor unexpectedly one day_comma_ and I didn't have any transportation to the hospital because it was 3 o'clock in the morning. I called a friend and she was willing to take me to the hospital even though we hadn't even spoke in a long time. It was the biggest help/,152,I was pregnant and I went in to labor in the middle of the night unexpectedly. I didn't have reliable transportation and the taxi company was closed so I had to call a friend who I hadn't seen in a long time and luckily she was able to take me. ,5|5|5_1|1|5,
hit:764_conv:1528,2,grateful,I went in to labor unexpectedly one day_comma_ and I didn't have any transportation to the hospital because it was 3 o'clock in the morning. I called a friend and she was willing to take me to the hospital even though we hadn't even spoke in a long time. It was the biggest help/,119,Wow that sounds pretty stressful,5|5|5_1|1|5,
hit:764_conv:1528,3,grateful,I went in to labor unexpectedly one day_comma_ and I didn't have any transportation to the hospital because it was 3 o'clock in the morning. I called a friend and she was willing to take me to the hospital even though we hadn't even spoke in a long time. It was the biggest help/,152,It was_comma_ I had a quick labor and I didn't have time to get an epidural once I got there. It was my least favorite birth of all of my kids_comma_ the next one was better though. ,5|5|5_1|1|5,
hit:764_conv:1528,4,grateful,I went in to labor unexpectedly one day_comma_ and I didn't have any transportation to the hospital because it was 3 o'clock in the morning. I called a friend and she was willing to take me to the hospital even though we hadn't even spoke in a long time. It was the biggest help/,119,Did he / she turn out fine without complications?,5|5|5_1|1|5,
hit:764_conv:1528,5,grateful,I went in to labor unexpectedly one day_comma_ and I didn't have any transportation to the hospital because it was 3 o'clock in the morning. I called a friend and she was willing to take me to the hospital even though we hadn't even spoke in a long time. It was the biggest help/,152,He was okay_comma_ he was a 10 pound baby and very healthy and now he's a happy smart 3 year old!,5|5|5_1|1|5,
hit:987_conv:1974,1,grateful,i did not have enough money for grocery so i went to the foodbank and they gave me some good meat and can food,271,so i was broke and did not have money_comma_ went to the foodbank to get free food,5|5|5_5|4|5,
hit:987_conv:1974,2,grateful,i did not have enough money for grocery so i went to the foodbank and they gave me some good meat and can food,50,i know how you feel. I'm sorry to hear you're going through this. I just got food stamps so i can buy food for me and my son,5|5|5_5|4|5,
hit:987_conv:1974,3,grateful,i did not have enough money for grocery so i went to the foodbank and they gave me some good meat and can food,271,i wish i qualified for that,5|5|5_5|4|5,
hit:987_conv:1974,4,grateful,i did not have enough money for grocery so i went to the foodbank and they gave me some good meat and can food,50,I encourage you to apply for it no matter what,5|5|5_5|4|5,
hit:1049_conv:2098,1,grateful,I am happy I survived the weekend.,4,I am happy I survived the weekend.,5|5|5_5|5|5,
hit:1049_conv:2098,2,grateful,I am happy I survived the weekend.,10,I feel that_comma_ sometimes I feel lucky to survive single days!,5|5|5_5|5|5,
hit:1049_conv:2098,3,grateful,I am happy I survived the weekend.,4,I usually enjoy the weekends_comma_ but not this one.,5|5|5_5|5|5,
hit:1049_conv:2098,4,grateful,I am happy I survived the weekend.,10,Why this one in particular?,5|5|5_5|5|5,
hit:1146_conv:2292,1,grateful,I was having such a hard day and I was so thankful for my husband coming home to help out with the kids.,220,I've been sick and it's been hard to take care of my 3 kids during the day. My husband came home early from work to help out_comma_ I'm so thankful for him.,5|5|5_5|5|5,
hit:1146_conv:2292,2,grateful,I was having such a hard day and I was so thankful for my husband coming home to help out with the kids.,68,Being sick does stink at times. But at least your husband is there to assist when in need.,5|5|5_5|5|5,
hit:1146_conv:2292,3,grateful,I was having such a hard day and I was so thankful for my husband coming home to help out with the kids.,220,It makes everything a little easier to deal with.,5|5|5_5|5|5,
hit:1146_conv:2292,4,grateful,I was having such a hard day and I was so thankful for my husband coming home to help out with the kids.,68,Hopefully your kids also understand and aren't being a handful.,5|5|5_5|5|5,
hit:1197_conv:2394,1,grateful,Once i was doing bad in a class then the professor gave me extra credit. He ended up giving me enough to pass the class.,68,I was struggling in a college course once. ,5|5|5_5|5|5,
hit:1197_conv:2394,2,grateful,Once i was doing bad in a class then the professor gave me extra credit. He ended up giving me enough to pass the class.,27,We've all been there. How did you do?,5|5|5_5|5|5,
hit:1197_conv:2394,3,grateful,Once i was doing bad in a class then the professor gave me extra credit. He ended up giving me enough to pass the class.,68,I was given some extra credit work by the professor. He ended up giving me enough to pass.,5|5|5_5|5|5,
hit:1197_conv:2394,4,grateful,Once i was doing bad in a class then the professor gave me extra credit. He ended up giving me enough to pass the class.,27,That was nice. That doesnt always happen.,5|5|5_5|5|5,
hit:1219_conv:2439,1,grateful,My friend lost her job_comma_ but she won one of those scratch off tickets for $5_comma_000. ,1,My friend lost her job_comma_ but she won one of those scratch off tickets for $5_comma_000.,5|5|5_5|5|5,
hit:1219_conv:2439,2,grateful,My friend lost her job_comma_ but she won one of those scratch off tickets for $5_comma_000. ,209,Seems like things turned out for the better. What is she going to do with the winnings?,5|5|5_5|5|5,
hit:1219_conv:2439,3,grateful,My friend lost her job_comma_ but she won one of those scratch off tickets for $5_comma_000. ,1,She's going to pay bills until she gets a new job.,5|5|5_5|5|5,
hit:1219_conv:2439,4,grateful,My friend lost her job_comma_ but she won one of those scratch off tickets for $5_comma_000. ,209,Sounds like the responsible thing to do. Hopefully she gets a new one soon and her luck continues.,5|5|5_5|5|5,
hit:1319_conv:2639,1,grateful,I was so hungry and broke. My mother loaned me 20 dollars and I am very thankful.,269,I was so hungry and broke. My mother loaned me some money for food and I am VERY thankful.,4|5|5_5|5|5,
hit:1319_conv:2639,2,grateful,I was so hungry and broke. My mother loaned me 20 dollars and I am very thankful.,209,What a nice gesture! What did you get to eat after not eating for so long?,4|5|5_5|5|5,
hit:1319_conv:2639,3,grateful,I was so hungry and broke. My mother loaned me 20 dollars and I am very thankful.,269,I got a juicy triple stack cheeseburger and some fries from a local mom n pop store. It was delicious!!!,4|5|5_5|5|5,
hit:1319_conv:2639,4,grateful,I was so hungry and broke. My mother loaned me 20 dollars and I am very thankful.,209,What kind of toppings did it have on it?,4|5|5_5|5|5,
hit:1374_conv:2748,1,grateful, I am grateful for my family_comma_ they mean a lot to me even if they are not perfect by any stretch,10,I am grateful for my family_comma_ they mean a lot to me even if they are not perfect by any stretch,5|5|5_5|4|5,
hit:1374_conv:2748,2,grateful, I am grateful for my family_comma_ they mean a lot to me even if they are not perfect by any stretch,271,i agree on all terms_comma_ without family we dont mean much in the world,5|5|5_5|4|5,
hit:1374_conv:2748,3,grateful, I am grateful for my family_comma_ they mean a lot to me even if they are not perfect by any stretch,10,That is for sure_comma_ it really rings true,5|5|5_5|4|5,
hit:1374_conv:2748,4,grateful, I am grateful for my family_comma_ they mean a lot to me even if they are not perfect by any stretch,271,of course,5|5|5_5|4|5,
hit:1403_conv:2806,1,grateful,My friend lost her job but won $5_comma_000 from a scratch-off ticket.,1,My friend lost her job but won $5_comma_000 from a scratch-off ticket.,5|5|5_4|5|5,
hit:1403_conv:2806,2,grateful,My friend lost her job but won $5_comma_000 from a scratch-off ticket.,296,Wow! had she ever won before?,5|5|5_4|5|5,
hit:1403_conv:2806,3,grateful,My friend lost her job but won $5_comma_000 from a scratch-off ticket.,1,Nope! It brought so much relief to her.,5|5|5_4|5|5,
hit:1403_conv:2806,4,grateful,My friend lost her job but won $5_comma_000 from a scratch-off ticket.,296,Sometimes those things happen just when we need them. It would be nice if they happened for extra money too! lol,5|5|5_4|5|5,
hit:1464_conv:2929,1,grateful,Finally got to cut my grass last Sunday and the pull cord that starts the push mower fell off and got chewed up under the mower. Luckily it left enough cord to tie another cord to that so I can start it again_comma_,40,Started cutting my grass the other day and my pull cord fell off and got chewed up under the mower,5|5|5_5|5|5,
hit:1464_conv:2929,2,grateful,Finally got to cut my grass last Sunday and the pull cord that starts the push mower fell off and got chewed up under the mower. Luckily it left enough cord to tie another cord to that so I can start it again_comma_,316,Oof that sucks. Sorry about that. I dont like cutting my grass so my front door is covered in pink papers from city citations. oof,5|5|5_5|5|5,
hit:1464_conv:2929,3,grateful,Finally got to cut my grass last Sunday and the pull cord that starts the push mower fell off and got chewed up under the mower. Luckily it left enough cord to tie another cord to that so I can start it again_comma_,40,That might cost you a pretty penny. Luckily it left just enough cord so I could tie another piece on to that piece and I can still start it now.,5|5|5_5|5|5,
hit:1464_conv:2929,4,grateful,Finally got to cut my grass last Sunday and the pull cord that starts the push mower fell off and got chewed up under the mower. Luckily it left enough cord to tie another cord to that so I can start it again_comma_,316,Nothing like redneck engineering. Did you use Flex tape.,5|5|5_5|5|5,
hit:1464_conv:2929,5,grateful,Finally got to cut my grass last Sunday and the pull cord that starts the push mower fell off and got chewed up under the mower. Luckily it left enough cord to tie another cord to that so I can start it again_comma_,40,No_comma_ had enough to tie another cord to what wasn't chewed up. luckily,5|5|5_5|5|5,
hit:1464_conv:2929,6,grateful,Finally got to cut my grass last Sunday and the pull cord that starts the push mower fell off and got chewed up under the mower. Luckily it left enough cord to tie another cord to that so I can start it again_comma_,316,Oh darn I really like those infomercials_comma_ wanted to know how the stuff worked.,5|5|5_5|5|5,
hit:1464_conv:2929,7,grateful,Finally got to cut my grass last Sunday and the pull cord that starts the push mower fell off and got chewed up under the mower. Luckily it left enough cord to tie another cord to that so I can start it again_comma_,40,that stuff cost about 25 dollars_comma_ so I doubt I will be trying that out anytime soon,5|5|5_5|5|5,
hit:1464_conv:2929,8,grateful,Finally got to cut my grass last Sunday and the pull cord that starts the push mower fell off and got chewed up under the mower. Luckily it left enough cord to tie another cord to that so I can start it again_comma_,316,Actually it costs 15 dollars where I'm located.,5|5|5_5|5|5,
hit:1476_conv:2953,1,grateful,Even though I'm not rich yet I wake up every day with gratitude in living life on my own terms,119,Though I've got a long ways to go I'm waking up everyday with gratitude in living life how I want_comma_ answering to nobody.  It's pretty awesome,5|5|5_5|5|5,
hit:1476_conv:2953,2,grateful,Even though I'm not rich yet I wake up every day with gratitude in living life on my own terms,68,That is pretty great! I like it when you can wake up and not care about stuff.,5|5|5_5|5|5,
hit:1476_conv:2953,3,grateful,Even though I'm not rich yet I wake up every day with gratitude in living life on my own terms,119,Yup got fired from my last job about 5 months ago...but instead of panicking I just buckled down and focused all my energy on making money everyday.  And for the first time paid rent with 100% self-employed profit so pretty happy bout that,5|5|5_5|5|5,
hit:1476_conv:2953,4,grateful,Even though I'm not rich yet I wake up every day with gratitude in living life on my own terms,68,That is pretty awesome! I wish i could do stuff like that.,5|5|5_5|5|5,
hit:1487_conv:2974,1,grateful,My dad gave me some money to buy some e-cig liquid for my vape_comma_ I am so thankful!,269,Recently_comma_ my dad gave me some money to buy e-cig liquid for my vape_comma_ I am very thankful!,5|5|5_5|5|5,
hit:1487_conv:2974,2,grateful,My dad gave me some money to buy some e-cig liquid for my vape_comma_ I am so thankful!,209,That's pretty cool. What flavor do you think you are going to get?,5|5|5_5|5|5,
hit:1487_conv:2974,3,grateful,My dad gave me some money to buy some e-cig liquid for my vape_comma_ I am so thankful!,269,Well_comma_ I'm thinking something fruity. Maybe berry or watermelon?,5|5|5_5|5|5,
hit:1487_conv:2974,4,grateful,My dad gave me some money to buy some e-cig liquid for my vape_comma_ I am so thankful!,209,Berry sounds like it would be very tasty.,5|5|5_5|5|5,
hit:1512_conv:3024,1,grateful,I am so grate for having the wife i have.,75,I thanks God for my wife.,5|4|5_4|4|4,
hit:1512_conv:3024,2,grateful,I am so grate for having the wife i have.,317,Thats good to hear. Why do you thank god for her?,5|4|5_4|4|4,
hit:1512_conv:3024,3,grateful,I am so grate for having the wife i have.,75,Because of the person she is.,5|4|5_4|4|4,
hit:1512_conv:3024,4,grateful,I am so grate for having the wife i have.,317,Well thats nice. I thank god for my wife as well,5|4|5_4|4|4,
hit:1547_conv:3094,1,grateful,My son always thinks of me when I need it most.,220,My son always thinks of me when I need it the most. He's super intuitive.,5|5|5_5|5|5,
hit:1547_conv:3094,2,grateful,My son always thinks of me when I need it most.,274,That has to make you feel so good deep inside.,5|5|5_5|5|5,
hit:1547_conv:3094,3,grateful,My son always thinks of me when I need it most.,220,It does_comma_ he had no idea I was running short on money but he stopped by my house with dinner!,5|5|5_5|5|5,
hit:1547_conv:3094,4,grateful,My son always thinks of me when I need it most.,274,Wow_comma_ that is thoughtful.  Thoughtfulness will help him go a long way in life.,5|5|5_5|5|5,
hit:1552_conv:3104,1,grateful,My daughter is amazing.  She cooked the family dinner tonight after we got home from work.,274,After a long day at work_comma_ I was surprised to find my daughter had cooked the family dinner. ,5|5|5_5|5|5,
hit:1552_conv:3104,2,grateful,My daughter is amazing.  She cooked the family dinner tonight after we got home from work.,226,That was so nice of her. I'm sure that you really appreciated her for doing that.,5|5|5_5|5|5,
hit:1552_conv:3104,3,grateful,My daughter is amazing.  She cooked the family dinner tonight after we got home from work.,274,It was very delicious and even more appreciated that's for sure.,5|5|5_5|5|5,
hit:1552_conv:3104,4,grateful,My daughter is amazing.  She cooked the family dinner tonight after we got home from work.,226,Maybe you have a budding chef on your hands.,5|5|5_5|5|5,
hit:1608_conv:3216,1,grateful,I was recently promoted to manager at work.  I can't thank my supervisor enough.,274,I was recently rewarded at work for my loyalty and dedication to the company.,5|5|5_4|4|4,
hit:1608_conv:3216,2,grateful,I was recently promoted to manager at work.  I can't thank my supervisor enough.,273,That's what I'm talking about! That sounds so nice. I'm a little jealous. Sounds like you deserve it_comma_ though.,5|5|5_4|4|4,
hit:1608_conv:3216,3,grateful,I was recently promoted to manager at work.  I can't thank my supervisor enough.,274,I was thankful that they recognized my contributions for all these years.,5|5|5_4|4|4,
hit:1608_conv:3216,4,grateful,I was recently promoted to manager at work.  I can't thank my supervisor enough.,273,That's always nice to hear. Better that then hearing someone else getting the spotlight and recognition just because they're in a higher position. I hope that keeps happening for you.,5|5|5_4|4|4,
hit:1706_conv:3413,1,grateful,My dad bought me my first car!,9,My dad bought me my first car a few weeks ago!,5|5|5_5|5|5,
hit:1706_conv:3413,2,grateful,My dad bought me my first car!,4,What kind?,5|5|5_5|5|5,
hit:1706_conv:3413,3,grateful,My dad bought me my first car!,9,The one i asked for_comma_ and it's red!,5|5|5_5|5|5,
hit:1706_conv:3413,4,grateful,My dad bought me my first car!,4,Nice_comma_ was model is it?,5|5|5_5|5|5,
hit:1706_conv:3413,5,grateful,My dad bought me my first car!,9,It's a Fusion_comma_ best of the best.,5|5|5_5|5|5,
hit:1923_conv:3847,1,grateful,I'm thankful for my old elementary school principal.  Hope she's doing well wherever she is.  She saved me from drowning when I was in 1st grade,119,My old elementary school principal saved me from drowning when I was in 1st grade.  I'm eternally thankful for her and hope she's doing well wherever she is now,5|5|5_5|5|5,
hit:1923_conv:3847,2,grateful,I'm thankful for my old elementary school principal.  Hope she's doing well wherever she is.  She saved me from drowning when I was in 1st grade,11,thats an amazing memory to have_comma_ have you since visited her or sent her a card? ,5|5|5_5|5|5,
hit:1923_conv:3847,3,grateful,I'm thankful for my old elementary school principal.  Hope she's doing well wherever she is.  She saved me from drowning when I was in 1st grade,119,That's a great idea but I don't know where she lives,5|5|5_5|5|5,
hit:1923_conv:3847,4,grateful,I'm thankful for my old elementary school principal.  Hope she's doing well wherever she is.  She saved me from drowning when I was in 1st grade,11,I would call the school and see if they can disclose that or maybe they can accept the card from you to give to her! ,5|5|5_5|5|5,
hit:2014_conv:4029,1,grateful,I thank God everyday for the wife I have.,75,I thank God everyday for the wife I have,4|5|4_5|5|5,
hit:2014_conv:4029,2,grateful,I thank God everyday for the wife I have.,237,You must be taking good care of her in and out if you know what I mean,4|5|4_5|5|5,
hit:2014_conv:4029,3,grateful,I thank God everyday for the wife I have.,75,Yes_comma_ but she actually takes even better care of me and that is why i am so grateful ,4|5|4_5|5|5,
hit:2014_conv:4029,4,grateful,I thank God everyday for the wife I have.,237,I hope you can make her realize how grateful you are by being faithful,4|5|4_5|5|5,
hit:2192_conv:4384,1,grateful,I'm grateful for a roof over my head.,220,In these uncertain times_comma_ it's easy to be happy that I have a roof over my head.,5|5|5_5|5|5,
hit:2192_conv:4384,2,grateful,I'm grateful for a roof over my head.,27,That is so true. ,5|5|5_5|5|5,
hit:2192_conv:4384,3,grateful,I'm grateful for a roof over my head.,220,I think we can find little things to be thankful for wherever we look.,5|5|5_5|5|5,
hit:2192_conv:4384,4,grateful,I'm grateful for a roof over my head.,27,I am thankful for every day I get to spend with my children. ,5|5|5_5|5|5,
hit:2221_conv:4442,1,grateful,I woke up today and took a warm hot shower. I was so thankful for warm water_comma_ let alone being able to shower. ,269,I woke up today and took a warm hot shower. I was so thankful for warm water_comma_ let alone being able to shower. ,5|5|5_5|5|5,
hit:2221_conv:4442,2,grateful,I woke up today and took a warm hot shower. I was so thankful for warm water_comma_ let alone being able to shower. ,267,It is great to appreciate the things that we often take for granted,5|5|5_5|5|5,
hit:2221_conv:4442,3,grateful,I woke up today and took a warm hot shower. I was so thankful for warm water_comma_ let alone being able to shower. ,269,I know_comma_ I try to be a lot more grateful everyday because you never know when you might lose it all.,5|5|5_5|5|5,
hit:2221_conv:4442,4,grateful,I woke up today and took a warm hot shower. I was so thankful for warm water_comma_ let alone being able to shower. ,267,That is true. It makes some of our trivial problems seem so insignificant,5|5|5_5|5|5,
hit:2342_conv:4685,1,grateful,I am grateful for my girlfriend_comma_ she is one of a kind,10,I am grateful for my girlfriend_comma_ she is one of a kind,5|5|5_5|5|5,
hit:2342_conv:4685,2,grateful,I am grateful for my girlfriend_comma_ she is one of a kind,1,she's a lucky girl.,5|5|5_5|5|5,
hit:2342_conv:4685,3,grateful,I am grateful for my girlfriend_comma_ she is one of a kind,10,Haha_comma_ thank you!,5|5|5_5|5|5,
hit:2342_conv:4685,4,grateful,I am grateful for my girlfriend_comma_ she is one of a kind,1,Not a lot of guys say nice things about their girlfriends behind their back_comma_ haha!,5|5|5_5|5|5,
hit:2350_conv:4700,1,grateful,I'm really happy to have the family I do.,1,I'm really happy to have the family I do.,5|5|5_5|5|5,
hit:2350_conv:4700,2,grateful,I'm really happy to have the family I do.,10,Good_comma_ how big is your family?,5|5|5_5|5|5,
hit:2350_conv:4700,3,grateful,I'm really happy to have the family I do.,1,More than a handful.,5|5|5_5|5|5,
hit:2350_conv:4700,4,grateful,I'm really happy to have the family I do.,10,How about your immediate family?,5|5|5_5|5|5,
hit:2638_conv:5276,1,grateful,I feel grateful that I have a new job that can help me pay for things that we need.,160,I am so thankful I got a new job making more money.,5|5|5_5|5|5,
hit:2638_conv:5276,2,grateful,I feel grateful that I have a new job that can help me pay for things that we need.,366,That's cool! Has it been a good transition?,5|5|5_5|5|5,
hit:2638_conv:5276,3,grateful,I feel grateful that I have a new job that can help me pay for things that we need.,160,I start today.. but I am just glad I have a way to help pay the bills .. I was worried I wouldn't find a good job.,5|5|5_5|5|5,
hit:2638_conv:5276,4,grateful,I feel grateful that I have a new job that can help me pay for things that we need.,366,It can be stressful sometimes. I am glad to hear you found something good.,5|5|5_5|5|5,
hit:2723_conv:5446,1,grateful,I was having dinner and just praised the Lord for it.,59,Hi_comma_ I was having dinner yesterday and just stopped for a moment to thank the Lord.,2|4|5_5|4|5,<HI>
hit:2723_conv:5446,2,grateful,I was having dinner and just praised the Lord for it.,406,That is gracious of you. I haven't done that in awhile.,2|4|5_5|4|5,
hit:2723_conv:5446,3,grateful,I was having dinner and just praised the Lord for it.,59,You should do it more often_comma_ I was thankful to have food on the table!,2|4|5_5|4|5,
hit:2723_conv:5446,4,grateful,I was having dinner and just praised the Lord for it.,406,I agree,2|4|5_5|4|5,
hit:2896_conv:5792,1,grateful,My neighbor returned my owl that ran away. I was so grateful.,209,My owl ran away yesterday_comma_ but my neighbor managed to find it!,3|3|5_5|5|5,
hit:2896_conv:5792,2,grateful,My neighbor returned my owl that ran away. I was so grateful.,264,what a joy ... as it is called,3|3|5_5|5|5,
hit:2896_conv:5792,3,grateful,My neighbor returned my owl that ran away. I was so grateful.,209,Yes! I have had that owl for 25 years. Would've been a tragedy if I didn't get her back.,3|3|5_5|5|5,
hit:2896_conv:5792,4,grateful,My neighbor returned my owl that ran away. I was so grateful.,264,Thank God ... that's good,3|3|5_5|5|5,
hit:2922_conv:5844,1,grateful,I am so happy that everything is finally falling into place. I am finally in a good place.,27,Everything is falling into place for me.,5|5|5_5|5|5,
hit:2922_conv:5844,2,grateful,I am so happy that everything is finally falling into place. I am finally in a good place.,269,I bet that is a great feeling,5|5|5_5|5|5,
hit:2922_conv:5844,3,grateful,I am so happy that everything is finally falling into place. I am finally in a good place.,27,It is. I was having a hard time bored,5|5|5_5|5|5,
hit:2922_conv:5844,4,grateful,I am so happy that everything is finally falling into place. I am finally in a good place.,269,Well at least things are starting to look positive for you!,5|5|5_5|5|5,
hit:2922_conv:5844,5,grateful,I am so happy that everything is finally falling into place. I am finally in a good place.,27,I know I just have to keep it up and be optimistic.,5|5|5_5|5|5,
hit:2989_conv:5978,1,grateful,I am glad I got over my fear of trying new foods. I found a whole worl d of goodies.,262,I used to only eat microwaveable food.,5|5|5_5|5|5,
hit:2989_conv:5978,2,grateful,I am glad I got over my fear of trying new foods. I found a whole worl d of goodies.,269,That can be very unhealthy for you but it's so convenient,5|5|5_5|5|5,
hit:2989_conv:5978,3,grateful,I am glad I got over my fear of trying new foods. I found a whole worl d of goodies.,262,I know. I have been trying new foods though. I am so glad I did too,5|5|5_5|5|5,
hit:2989_conv:5978,4,grateful,I am glad I got over my fear of trying new foods. I found a whole worl d of goodies.,269,Yeah that stuff is addicting,5|5|5_5|5|5,
hit:2989_conv:5978,5,grateful,I am glad I got over my fear of trying new foods. I found a whole worl d of goodies.,262,That is so true! I am a real foodie now.,5|5|5_5|5|5,
hit:3233_conv:6466,1,grateful,My mom is doing her best to put me through college on her own. She raised me and my brother by herself_comma_ and while doing so she put enough aside to cover a chunk of my college expenses somehow. I guess she invested some of they money her grandparents left her_comma_ and it turned out to really pay off. She surprised me with this and I had no idea she was going to do that. I don't deserve her.,273,My mom is doing her best to put me through college on her own. She raised me and my brother by herself_comma_ and while doing so she put enough aside to cover a chunk of my college expenses somehow. I guess she invested some of they money her grandparents left her_comma_ and it turned out to really pay off. She surprised me with this and I had no idea she was going to do that. I don't deserve her.,4|4|4_5|5|5,
hit:3233_conv:6466,2,grateful,My mom is doing her best to put me through college on her own. She raised me and my brother by herself_comma_ and while doing so she put enough aside to cover a chunk of my college expenses somehow. I guess she invested some of they money her grandparents left her_comma_ and it turned out to really pay off. She surprised me with this and I had no idea she was going to do that. I don't deserve her.,262,Your mom is awesome,4|4|4_5|5|5,
hit:3233_conv:6466,3,grateful,My mom is doing her best to put me through college on her own. She raised me and my brother by herself_comma_ and while doing so she put enough aside to cover a chunk of my college expenses somehow. I guess she invested some of they money her grandparents left her_comma_ and it turned out to really pay off. She surprised me with this and I had no idea she was going to do that. I don't deserve her.,273,She is! I try to tell her as much as I can. But she's very humble_comma_ so she doesn't pay attention to it. I've been trying to strategize on ideas of how I can properly show her that I appreciate all that she's done. It feels like everything would be too little a sentiment.,4|4|4_5|5|5,
hit:3233_conv:6466,4,grateful,My mom is doing her best to put me through college on her own. She raised me and my brother by herself_comma_ and while doing so she put enough aside to cover a chunk of my college expenses somehow. I guess she invested some of they money her grandparents left her_comma_ and it turned out to really pay off. She surprised me with this and I had no idea she was going to do that. I don't deserve her.,262,Maybe you should go on a trip together,4|4|4_5|5|5,
hit:3238_conv:6477,1,grateful,Just got a new job after being without one for a couple months now.,1,Just got a new job after being without one for a couple months now.,5|5|5_2|5|5,
hit:3238_conv:6477,2,grateful,Just got a new job after being without one for a couple months now.,296,That is great! Being without a job can be very scary,5|5|5_2|5|5,
hit:3238_conv:6477,3,grateful,Just got a new job after being without one for a couple months now.,1,Thank you. Yea. It was very scary and stressful.,5|5|5_2|5|5,
hit:3238_conv:6477,4,grateful,Just got a new job after being without one for a couple months now.,296,What kind of job is it?,5|5|5_2|5|5,
hit:3382_conv:6764,1,grateful,I was walking into school and my friend suddenly told me that there was a pop quiz in physics. I studied for a while before I went into the class and surely enough there was a quiz_comma_ so I was very happy that she told me.,55,I was so glad that my friend told me something right as I was walking into school.,5|5|5_5|5|5,
hit:3382_conv:6764,2,grateful,I was walking into school and my friend suddenly told me that there was a pop quiz in physics. I studied for a while before I went into the class and surely enough there was a quiz_comma_ so I was very happy that she told me.,326,Why_comma_ what did he tell you?,5|5|5_5|5|5,
hit:3382_conv:6764,3,grateful,I was walking into school and my friend suddenly told me that there was a pop quiz in physics. I studied for a while before I went into the class and surely enough there was a quiz_comma_ so I was very happy that she told me.,55,She told me that we were gonna have a pop quiz in physics that day and we did so I was more prepared for it because of what she said.,5|5|5_5|5|5,
hit:3382_conv:6764,4,grateful,I was walking into school and my friend suddenly told me that there was a pop quiz in physics. I studied for a while before I went into the class and surely enough there was a quiz_comma_ so I was very happy that she told me.,326,She must really be a good friend_comma_ how are you repaying here?,5|5|5_5|5|5,
hit:3382_conv:6764,5,grateful,I was walking into school and my friend suddenly told me that there was a pop quiz in physics. I studied for a while before I went into the class and surely enough there was a quiz_comma_ so I was very happy that she told me.,55,I just helped her with some homework.,5|5|5_5|5|5,
hit:3645_conv:7290,1,grateful,I don't have a car anymore but I am content with that. Everything I need is within walking distance so whatever.,269,I don't have a car anymore but I am content with that. Everything I need is within walking distance so whatever.,5|5|5_5|5|5,
hit:3645_conv:7290,2,grateful,I don't have a car anymore but I am content with that. Everything I need is within walking distance so whatever.,286,Well that's good to hear. Some people's lives depend on their vehicles and it would be a lot worse on them.,5|5|5_5|5|5,
hit:3645_conv:7290,3,grateful,I don't have a car anymore but I am content with that. Everything I need is within walking distance so whatever.,269,Yeah_comma_ I am grateful at the moment,5|5|5_5|5|5,
hit:3645_conv:7290,4,grateful,I don't have a car anymore but I am content with that. Everything I need is within walking distance so whatever.,286,Are you saving up for another car?,5|5|5_5|5|5,
hit:3847_conv:7695,1,grateful,There is a local cafe near me_comma_ and they're always offering free coffee to people even if they don't buy anything.,1,There is a local cafe near me_comma_ and they're always offering free coffee to people even if they don't buy anything.,5|5|5_5|5|5,
hit:3847_conv:7695,2,grateful,There is a local cafe near me_comma_ and they're always offering free coffee to people even if they don't buy anything.,284,That is so nice I would get a cup daily if it was close to me.,5|5|5_5|5|5,
hit:3847_conv:7695,3,grateful,There is a local cafe near me_comma_ and they're always offering free coffee to people even if they don't buy anything.,1,I always get a cup and sandwich. They are truly something.,5|5|5_5|5|5,
hit:3847_conv:7695,4,grateful,There is a local cafe near me_comma_ and they're always offering free coffee to people even if they don't buy anything.,284,How are they making money off what they are known for though if they give it away for free?,5|5|5_5|5|5,
hit:3875_conv:7751,1,grateful,I'm so glad I'm able to pay my bills now.,1,I'm so glad I'm able to pay my bills now.,5|5|5_5|5|5,
hit:3875_conv:7751,2,grateful,I'm so glad I'm able to pay my bills now.,469,Yeah? That's awesome! Do you have a new job?,5|5|5_5|5|5,
hit:3875_conv:7751,3,grateful,I'm so glad I'm able to pay my bills now.,1,No_comma_ same job actually. They gave me a pay bump!,5|5|5_5|5|5,
hit:3875_conv:7751,4,grateful,I'm so glad I'm able to pay my bills now.,469,Sweet! I'm happy for you! That must be nice.,5|5|5_5|5|5,
hit:3897_conv:7795,1,grateful,I once found a 100 dollar bill on the ground_comma_  I needed it so bad.,445,I once found money in the parking lot of a gas station. I needed it so bad I kept it.,5|5|5_5|5|5,
hit:3897_conv:7795,2,grateful,I once found a 100 dollar bill on the ground_comma_  I needed it so bad.,1,Sometimes when we're in a bad situation_comma_ we do things we wouldn't normally do.,5|5|5_5|5|5,
hit:3897_conv:7795,3,grateful,I once found a 100 dollar bill on the ground_comma_  I needed it so bad.,445,Thats true_comma_  I like to think I am a good person.  But I had to take the opportunity to get ahead.,5|5|5_5|5|5,
hit:3897_conv:7795,4,grateful,I once found a 100 dollar bill on the ground_comma_  I needed it so bad.,1,How much was it?,5|5|5_5|5|5,
hit:3964_conv:7928,1,grateful,My friend bought me dinner tonight. I was very thankful,126,My friend bought me dinner tonight. I was very thankful,4|4|5_4|5|5,
hit:3964_conv:7928,2,grateful,My friend bought me dinner tonight. I was very thankful,294,It's nice to have generous friends.  Did you have something good?,4|4|5_4|5|5,
hit:3964_conv:7928,3,grateful,My friend bought me dinner tonight. I was very thankful,126,It was steak,4|4|5_4|5|5,
hit:3964_conv:7928,4,grateful,My friend bought me dinner tonight. I was very thankful,294,Ohhh_comma_ delicious. ,4|4|5_4|5|5,
hit:4149_conv:8299,1,grateful,I lost my car keys and someone returned them to the bar.,244,I lost my car keys and someone returned them to the bar.,5|5|5_4|3|5,
hit:4149_conv:8299,2,grateful,I lost my car keys and someone returned them to the bar.,322,That must be a relief.,5|5|5_4|3|5,
hit:4149_conv:8299,3,grateful,I lost my car keys and someone returned them to the bar.,244,It was.  It also had my keyring with *all* of my keys,5|5|5_4|3|5,
hit:4149_conv:8299,4,grateful,I lost my car keys and someone returned them to the bar.,322,Maybe next time you should take a taxi.,5|5|5_4|3|5,
hit:4149_conv:8299,5,grateful,I lost my car keys and someone returned them to the bar.,244,Or an uber good idea,5|5|5_4|3|5,
hit:4194_conv:8388,1,grateful,My air conditioner in my home broke over the weekend.  I found a repairman who was able to come and fix it today. Only took one hour.,274,The a/c in my house wasn't working this weekend.,5|5|5_5|5|5,
hit:4194_conv:8388,2,grateful,My air conditioner in my home broke over the weekend.  I found a repairman who was able to come and fix it today. Only took one hour.,10,Is it hot where you live?,5|5|5_5|5|5,
hit:4194_conv:8388,3,grateful,My air conditioner in my home broke over the weekend.  I found a repairman who was able to come and fix it today. Only took one hour.,274,not too bad right now but it gets really hot ,5|5|5_5|5|5,
hit:4194_conv:8388,4,grateful,My air conditioner in my home broke over the weekend.  I found a repairman who was able to come and fix it today. Only took one hour.,10,I get that_comma_ I am sure it is not fun regardless,5|5|5_5|5|5,
hit:4246_conv:8492,1,grateful,I am so lucky to have the things I have.  My 10 bedroom house_comma_ my cars_comma_ my bus.  ,160,I am so lucky to have the things I have. My 10 bedroom house_comma_ my cars_comma_ my bus,5|5|5_5|5|5,
hit:4246_conv:8492,2,grateful,I am so lucky to have the things I have.  My 10 bedroom house_comma_ my cars_comma_ my bus.  ,322,Wow_comma_ it sounds like you have a lot to be grateful for.,5|5|5_5|5|5,
hit:4246_conv:8492,3,grateful,I am so lucky to have the things I have.  My 10 bedroom house_comma_ my cars_comma_ my bus.  ,160,Indeed.  Last week I got to go to Bora Bora too.  I am truly blessed.,5|5|5_5|5|5,
hit:4246_conv:8492,4,grateful,I am so lucky to have the things I have.  My 10 bedroom house_comma_ my cars_comma_ my bus.  ,322,I am so happy for you.,5|5|5_5|5|5,
hit:4407_conv:8815,1,grateful,most people cant find a job_comma_ im just happy im working,321,most people around my neighborhood cant find jobs _comma_ im just really happy i already have a job,5|5|5_5|5|5,
hit:4407_conv:8815,2,grateful,most people cant find a job_comma_ im just happy im working,209,That's really good for you. What kind of job do you have?,5|5|5_5|5|5,
hit:4407_conv:8815,3,grateful,most people cant find a job_comma_ im just happy im working,321,stocking an art department _comma_ and carry out furniture for customers ,5|5|5_5|5|5,
hit:4407_conv:8815,4,grateful,most people cant find a job_comma_ im just happy im working,209,That sounds like a really neat job. Are you going to get a promotion soon?,5|5|5_5|5|5,
hit:4644_conv:9289,1,grateful,I sure am glad that we live in a free country.,226,I sure am glad that we live in a free country.,4|4|4_5|5|5,
hit:4644_conv:9289,2,grateful,I sure am glad that we live in a free country.,220,Me too_comma_  is there anything in particular you appreciate the most?,4|4|4_5|5|5,
hit:4644_conv:9289,3,grateful,I sure am glad that we live in a free country.,226,I am thankful for so many things. But I really appreciate our ability to worship as we see fit.,4|4|4_5|5|5,
hit:4644_conv:9289,4,grateful,I sure am glad that we live in a free country.,220,That's definitely a plus for us.,4|4|4_5|5|5,
hit:4705_conv:9410,1,grateful,i am glad i have a better car now_comma_ not the old one i had where i had to spend money to fix every 5 months,271,so happy i can afford a better car_comma_ my old car i had to fix every 5 months,5|5|5_5|5|5,
hit:4705_conv:9410,2,grateful,i am glad i have a better car now_comma_ not the old one i had where i had to spend money to fix every 5 months,11,Thats awesome!!! you will save a lot of money for sure. ,5|5|5_5|5|5,
hit:4705_conv:9410,3,grateful,i am glad i have a better car now_comma_ not the old one i had where i had to spend money to fix every 5 months,271,yes the car was worth 3500 and i use to spend around another 2000 a year just fixin git,5|5|5_5|5|5,
hit:4705_conv:9410,4,grateful,i am glad i have a better car now_comma_ not the old one i had where i had to spend money to fix every 5 months,11,Yup thats how it is sure a car payment is expensive but it pretty much saves you money in the long haul and looks a lot nicer! ,5|5|5_5|5|5,
hit:4725_conv:9450,1,grateful,I am so happy my boyfriend and I got back together. We are going to get married. I just know it,262,I glad my boyfriend and I reconciled,5|5|5_5|5|5,
hit:4725_conv:9450,2,grateful,I am so happy my boyfriend and I got back together. We are going to get married. I just know it,288,Oh! That's great to hear. What were you fighting about?,5|5|5_5|5|5,
hit:4725_conv:9450,3,grateful,I am so happy my boyfriend and I got back together. We are going to get married. I just know it,262,I cant even remember. It was so dumb. I hope we get married.,5|5|5_5|5|5,
hit:4725_conv:9450,4,grateful,I am so happy my boyfriend and I got back together. We are going to get married. I just know it,288,It's normal to fight about things as a couple_comma_ but I would wait a little longer before you decide to get married :),5|5|5_5|5|5,
hit:4725_conv:9450,5,grateful,I am so happy my boyfriend and I got back together. We are going to get married. I just know it,262,Wishful thinking lol,5|5|5_5|5|5,
hit:4793_conv:9586,1,grateful,My best friend came over and cleaned my entire house while I was sick with the flu. She is the best!,99,My best friend came over and cleaned my entire house while I was sick with the flu. ,5|5|5_5|5|5,
hit:4793_conv:9586,2,grateful,My best friend came over and cleaned my entire house while I was sick with the flu. She is the best!,291,That is very nice. Did you feel better after that?,5|5|5_5|5|5,
hit:4793_conv:9586,3,grateful,My best friend came over and cleaned my entire house while I was sick with the flu. She is the best!,99,She is the best. I did feel better after that.,5|5|5_5|5|5,
hit:4793_conv:9586,4,grateful,My best friend came over and cleaned my entire house while I was sick with the flu. She is the best!,291,That is very good and I am glad!,5|5|5_5|5|5,
hit:4958_conv:9916,1,grateful,I did not have enough money to take my son back to school shopping. My mom took him shopping yesterday and got all his supplies and clothes. I am so lucky.,243,I did not have enough money to take my son back to school shopping.,5|5|5_4|4|4,
hit:4958_conv:9916,2,grateful,I did not have enough money to take my son back to school shopping. My mom took him shopping yesterday and got all his supplies and clothes. I am so lucky.,317,im sorry about that! Did your son start school already?,5|5|5_4|4|4,
hit:4958_conv:9916,3,grateful,I did not have enough money to take my son back to school shopping. My mom took him shopping yesterday and got all his supplies and clothes. I am so lucky.,243,He starts next week. My mom took him yesterday and got all his supplies and some new clothes.,5|5|5_4|4|4,
hit:4958_conv:9916,4,grateful,I did not have enough money to take my son back to school shopping. My mom took him shopping yesterday and got all his supplies and clothes. I am so lucky.,317,Thats great. Thats good to hear,5|5|5_4|4|4,
hit:4995_conv:9990,1,grateful,I'm grateful for my community.  It's very tight nit and friendly_comma_ always looking out for each other!,448,I'm grateful for the community I live in.  Everyone is so friendly!,5|5|5_5|5|5,
hit:4995_conv:9990,2,grateful,I'm grateful for my community.  It's very tight nit and friendly_comma_ always looking out for each other!,463,i live in a small town too. i grew up in a big city so the change is very welcome,5|5|5_5|5|5,
hit:4995_conv:9990,3,grateful,I'm grateful for my community.  It's very tight nit and friendly_comma_ always looking out for each other!,448,Which one do you prefer over the other?,5|5|5_5|5|5,
hit:4995_conv:9990,4,grateful,I'm grateful for my community.  It's very tight nit and friendly_comma_ always looking out for each other!,463,small town country life is much more my speed,5|5|5_5|5|5,
hit:5117_conv:10235,1,grateful,I am so happy my kids still love school. It makes it so easy in the morning,27,MY ids still love going to school.,5|5|5_5|5|5,
hit:5117_conv:10235,2,grateful,I am so happy my kids still love school. It makes it so easy in the morning,530,That's great! I wish mine did but they're dreading their first day back tomorrow.,5|5|5_5|5|5,
hit:5117_conv:10235,3,grateful,I am so happy my kids still love school. It makes it so easy in the morning,27,It so easy in the morning now. I know its not going to last though lol,5|5|5_5|5|5,
hit:5117_conv:10235,4,grateful,I am so happy my kids still love school. It makes it so easy in the morning,530,Maybe it will_comma_ I'll keep my fingers crossed for you!,5|5|5_5|5|5,
hit:5117_conv:10235,5,grateful,I am so happy my kids still love school. It makes it so easy in the morning,27,Me too,5|5|5_5|5|5,
hit:5126_conv:10252,1,grateful,I had to dog-watch my neighbors dogs this weekend. It was really easy_comma_ and I stayed at her house during the day since she was out of town_comma_ and it was peaceful and let me get work done. When she came back_comma_ she gave me $100! I would have done it for free. She's too nice.,273,I had to dog-watch my neighbors dogs this weekend. It was really easy_comma_ and I stayed at her house during the day since she was out of town_comma_ and it was peaceful and let me get work done. When she came back_comma_ she gave me $100! I would have done it for free. She's too nice.,3|5|5_5|5|5,
hit:5126_conv:10252,2,grateful,I had to dog-watch my neighbors dogs this weekend. It was really easy_comma_ and I stayed at her house during the day since she was out of town_comma_ and it was peaceful and let me get work done. When she came back_comma_ she gave me $100! I would have done it for free. She's too nice.,4,That was very nice of her. What did you do with the money?,3|5|5_5|5|5,
hit:5126_conv:10252,3,grateful,I had to dog-watch my neighbors dogs this weekend. It was really easy_comma_ and I stayed at her house during the day since she was out of town_comma_ and it was peaceful and let me get work done. When she came back_comma_ she gave me $100! I would have done it for free. She's too nice.,273,Haven't done anything with it yet. College semester starts_comma_ so I'll probably use it to buy one of my textbooks. And yeah_comma_ she totally didn't have to do that... I feel kind of bad_comma_ especially because of how easy it was to do.,3|5|5_5|5|5,
hit:5126_conv:10252,4,grateful,I had to dog-watch my neighbors dogs this weekend. It was really easy_comma_ and I stayed at her house during the day since she was out of town_comma_ and it was peaceful and let me get work done. When she came back_comma_ she gave me $100! I would have done it for free. She's too nice.,4,That is a good use of the 100 bucks. I am sure you will pay it forward at some point.,3|5|5_5|5|5,
hit:5209_conv:10418,1,grateful,The food was done on time this week.,9,The food was done on time this week!,5|5|5_2|4|4,
hit:5209_conv:10418,2,grateful,The food was done on time this week.,294,That is awesome.  it is great when a schedule works out.,5|5|5_2|4|4,
hit:5209_conv:10418,3,grateful,The food was done on time this week.,9,Food is the gateway to life.,5|5|5_2|4|4,
hit:5209_conv:10418,4,grateful,The food was done on time this week.,294,You know that's right.  I love food_comma_ although I just recently became a vegan.,5|5|5_2|4|4,
hit:5369_conv:10738,1,grateful,I had my yearly evaluation and it went really well. They even gave me a raise. It was very nice of them to do that.,297,I just received a raise at my one year evaluation. It is so nice to know that they value their employees. It makes me want to continue to do well at work.,4|4|4_5|5|5,
hit:5369_conv:10738,2,grateful,I had my yearly evaluation and it went really well. They even gave me a raise. It was very nice of them to do that.,244,That's good to hear.  Is there any chance of promotion in the future.,4|4|4_5|5|5,
hit:5369_conv:10738,3,grateful,I had my yearly evaluation and it went really well. They even gave me a raise. It was very nice of them to do that.,297,I can definitely see upward mobility. This raise makes me want to stick around and work to achieve a higher status. I really appreciate them.,4|4|4_5|5|5,
hit:5369_conv:10738,4,grateful,I had my yearly evaluation and it went really well. They even gave me a raise. It was very nice of them to do that.,244,Are they hiring? I could use a new job. ,4|4|4_5|5|5,
hit:5395_conv:10790,1,grateful,I moved out of state recently. My aunt and uncle were very kind and gave me $1_comma_000 to help out.,542,My uncle helped me out with $1_comma_000 when moving out of state recently.,4|5|5_5|5|5,
hit:5395_conv:10790,2,grateful,I moved out of state recently. My aunt and uncle were very kind and gave me $1_comma_000 to help out.,44,thats awesome i bet you were very thankful,4|5|5_5|5|5,
hit:5395_conv:10790,3,grateful,I moved out of state recently. My aunt and uncle were very kind and gave me $1_comma_000 to help out.,542,Yeah_comma_ for sure. I'm not sure I could have really done it without some help.,4|5|5_5|5|5,
hit:5395_conv:10790,4,grateful,I moved out of state recently. My aunt and uncle were very kind and gave me $1_comma_000 to help out.,44,thats what family is for,4|5|5_5|5|5,
hit:5395_conv:10790,5,grateful,I moved out of state recently. My aunt and uncle were very kind and gave me $1_comma_000 to help out.,542,It really is great to have family that cares. Things like this really make you remember it.,4|5|5_5|5|5,
hit:5411_conv:10823,1,grateful,On my birthday my parents give me a decent sized check. It helps pay for bills and debt_comma_ I am so appreciative of it,506,On my birthday my parents give me a decent sized check,5|5|5_5|5|5,
hit:5411_conv:10823,2,grateful,On my birthday my parents give me a decent sized check. It helps pay for bills and debt_comma_ I am so appreciative of it,301,Thats awesome. I love getting money as a gift.  Then you get to spend it how you want,5|5|5_5|5|5,
hit:5411_conv:10823,3,grateful,On my birthday my parents give me a decent sized check. It helps pay for bills and debt_comma_ I am so appreciative of it,506,It helps pay for bills and debt_comma_ I am so appreciative of it,5|5|5_5|5|5,
hit:5411_conv:10823,4,grateful,On my birthday my parents give me a decent sized check. It helps pay for bills and debt_comma_ I am so appreciative of it,301,Paying off debt is where i am now.  its hard work_comma_ but so worth it,5|5|5_5|5|5,
hit:5440_conv:10881,1,grateful,The other day we were driving in downtown and my daughter noticed a homeless man. She wanted to buy him a sandwich. I am so grateful for her generosity. ,544,The other day_comma_ my daughter decided we needed to take a homeless man a sandwich. I'm so grateful for her kind spirit.,4|5|5_5|5|5,
hit:5440_conv:10881,2,grateful,The other day we were driving in downtown and my daughter noticed a homeless man. She wanted to buy him a sandwich. I am so grateful for her generosity. ,119,That's really generous of her.  She'll grow up to have pretty good karma ,4|5|5_5|5|5,
hit:5440_conv:10881,3,grateful,The other day we were driving in downtown and my daughter noticed a homeless man. She wanted to buy him a sandwich. I am so grateful for her generosity. ,544,I am sure she will. Have you experienced a situation like that before?,4|5|5_5|5|5,
hit:5440_conv:10881,4,grateful,The other day we were driving in downtown and my daughter noticed a homeless man. She wanted to buy him a sandwich. I am so grateful for her generosity. ,119,Yes.  I once helped out a friend in a car wreck.  A month later I got a flat tire changed for free,4|5|5_5|5|5,
hit:5440_conv:10881,5,grateful,The other day we were driving in downtown and my daughter noticed a homeless man. She wanted to buy him a sandwich. I am so grateful for her generosity. ,544,Great act of kindness don't go unnoticed.,4|5|5_5|5|5,
hit:5823_conv:11647,1,grateful,I pass my driving test and knew I would never have to take lessons again! ,552,I passed my driving test_comma_ I never have to take another lesson again!,4|4|4_5|5|5,
hit:5823_conv:11647,2,grateful,I pass my driving test and knew I would never have to take lessons again! ,59,Good job! You must feel so proud of yourself! ,4|4|4_5|5|5,
hit:5823_conv:11647,3,grateful,I pass my driving test and knew I would never have to take lessons again! ,552,I'm over the moon_comma_ can't wait to tell everyone!,4|4|4_5|5|5,
hit:5823_conv:11647,4,grateful,I pass my driving test and knew I would never have to take lessons again! ,59,You should go out for dinner and celebrate!,4|4|4_5|5|5,
hit:5823_conv:11647,5,grateful,I pass my driving test and knew I would never have to take lessons again! ,552,I think I will_comma_ it's important to celebrate achievements in life!,4|4|4_5|5|5,
hit:5836_conv:11672,1,grateful,I received a late birthday gift from a friend and it was exactly what I needed,397,I received a late birthday gift from a friend and it was exactly what I needed,5|5|5_5|5|5,
hit:5836_conv:11672,2,grateful,I received a late birthday gift from a friend and it was exactly what I needed,322,That is very nice of your friend.,5|5|5_5|5|5,
hit:5836_conv:11672,3,grateful,I received a late birthday gift from a friend and it was exactly what I needed,397,Yes I can't wait to shop this weekend,5|5|5_5|5|5,
hit:5836_conv:11672,4,grateful,I received a late birthday gift from a friend and it was exactly what I needed,322,That sounds like fun!,5|5|5_5|5|5,
hit:6119_conv:12238,1,grateful,I felt happy and cherished the weekend when I got to see old friends. It had been awhile,126,I felt happy and cherished the moment this weekend with old friends. It had been awhile,3|4|4_5|5|5,
hit:6119_conv:12238,2,grateful,I felt happy and cherished the weekend when I got to see old friends. It had been awhile,294,That is really nice.  What did you all do?,3|4|4_5|5|5,
hit:6119_conv:12238,3,grateful,I felt happy and cherished the weekend when I got to see old friends. It had been awhile,126,We went to a craft beer bar and a few different breweries,3|4|4_5|5|5,
hit:6119_conv:12238,4,grateful,I felt happy and cherished the weekend when I got to see old friends. It had been awhile,294,I love craft beer.  How many of you were ther?,3|4|4_5|5|5,
hit:6255_conv:12511,1,grateful,I just saved 20 percent on my car insurance by switching to another company.  I am very thankful for the savings. ,322,I just saved 20 percent on my car insurance by switching to another company.,5|5|5_5|5|5,
hit:6255_conv:12511,2,grateful,I just saved 20 percent on my car insurance by switching to another company.  I am very thankful for the savings. ,4,Was it the company with the Gecko?,5|5|5_5|5|5,
hit:6255_conv:12511,3,grateful,I just saved 20 percent on my car insurance by switching to another company.  I am very thankful for the savings. ,322,Yes_comma_ it was.  I am very thankful for the savings!,5|5|5_5|5|5,
hit:6255_conv:12511,4,grateful,I just saved 20 percent on my car insurance by switching to another company.  I am very thankful for the savings. ,4,That is great_comma_ what will you do with the extra money?,5|5|5_5|5|5,
hit:6306_conv:12612,1,grateful,My sister came to stay with us when I was sick.  She took a week off work.,56,My sister came to stay with me when I was recovering from surgery.,5|5|5_5|5|5,
hit:6306_conv:12612,2,grateful,My sister came to stay with us when I was sick.  She took a week off work.,322,That is good of you to support her.,5|5|5_5|5|5,
hit:6306_conv:12612,3,grateful,My sister came to stay with us when I was sick.  She took a week off work.,56,She stayed with me for an entire week_comma_ taking vacation time from her office.  I am one lucky girl.,5|5|5_5|5|5,
hit:6306_conv:12612,4,grateful,My sister came to stay with us when I was sick.  She took a week off work.,322,You have a great family!,5|5|5_5|5|5,
hit:6423_conv:12847,1,grateful,Without my karate classes i would get beat up every day.,445,If I didnt take my self defense classes I feel like I would never been able to survive!,5|5|5_5|5|5,
hit:6423_conv:12847,2,grateful,Without my karate classes i would get beat up every day.,117,What kind of classes have you taken?,5|5|5_5|5|5,
hit:6423_conv:12847,3,grateful,Without my karate classes i would get beat up every day.,445,Karate mainly_comma_ Its such a good stress relief too!,5|5|5_5|5|5,
hit:6423_conv:12847,4,grateful,Without my karate classes i would get beat up every day.,117,That's great that you are learning a martial art and blowing off steam at the same time!,5|5|5_5|5|5,
hit:6734_conv:13468,1,grateful,I'm so happy I have my dogs in my life_comma_ they are so loyal and happy.,448,I'm so happy I have my dogs in my life_comma_ they are so loyal and happy.,5|5|5_4|5|5,
hit:6734_conv:13468,2,grateful,I'm so happy I have my dogs in my life_comma_ they are so loyal and happy.,273,That's very sweet. I was just dog-sitting my neighbor's dogs last week. They were a little annoying at first_comma_ but I had to watch and stay with them the whole week_comma_ and I really grew to like them. They felt like my little sisters I had to take care of and play with,5|5|5_4|5|5,
hit:6734_conv:13468,3,grateful,I'm so happy I have my dogs in my life_comma_ they are so loyal and happy.,448,Yeah_comma_ after awhile you start to love them no matter how annoying they can become sometimes.,5|5|5_4|5|5,
hit:6734_conv:13468,4,grateful,I'm so happy I have my dogs in my life_comma_ they are so loyal and happy.,273,Right_comma_ yeah_comma_ you just get used to their presence. I hated that they'd bark so much at thunderstorms_comma_ but other than that_comma_ their little quirks were growing on me. In fact_comma_ I miss them right now,5|5|5_4|5|5,
hit:7036_conv:14073,1,grateful,I lost my favorite bracelet... but after looking for a few hours I found it,397,I lost my favorite bracelet... but after looking for a few hours I found it,5|5|5_5|5|5,
hit:7036_conv:14073,2,grateful,I lost my favorite bracelet... but after looking for a few hours I found it,284,Glad to hear you found it I know your heart was racing to find it especially if it was your favorite. ,5|5|5_5|5|5,
hit:7036_conv:14073,3,grateful,I lost my favorite bracelet... but after looking for a few hours I found it,397,Yes it meant a lot to me... glad i didn't lose it forever,5|5|5_5|5|5,
hit:7036_conv:14073,4,grateful,I lost my favorite bracelet... but after looking for a few hours I found it,284,Have to be much more careful next time maybe get a box to put it in. ,5|5|5_5|5|5,
hit:7144_conv:14289,1,grateful,My friend gave me a car after they upgraded it was very out of the blue,424,After he gave me the car I couldn't believe it,4|4|4_5|5|5,
hit:7144_conv:14289,2,grateful,My friend gave me a car after they upgraded it was very out of the blue,55,What car did you get?,4|4|4_5|5|5,
hit:7144_conv:14289,3,grateful,My friend gave me a car after they upgraded it was very out of the blue,424,a honda accord,4|4|4_5|5|5,
hit:7144_conv:14289,4,grateful,My friend gave me a car after they upgraded it was very out of the blue,55,Not bad at all!,4|4|4_5|5|5,
hit:7144_conv:14289,5,grateful,My friend gave me a car after they upgraded it was very out of the blue,424,right very dependable car ,4|4|4_5|5|5,
hit:7250_conv:14500,1,grateful,my grandmother took care of me my whole life.,445,My grandmother was my saving grace growing up_comma_ I was on a bad path.,5|5|5_4|3|4,
hit:7250_conv:14500,2,grateful,my grandmother took care of me my whole life.,322,She sounds like a sweet woman.,5|5|5_4|3|4,
hit:7250_conv:14500,3,grateful,my grandmother took care of me my whole life.,445,Yes she gave me all of the love i could ask for.,5|5|5_4|3|4,
hit:7250_conv:14500,4,grateful,my grandmother took care of me my whole life.,322,I am so envious of you.,5|5|5_4|3|4,
hit:7695_conv:15391,1,grateful,Lately_comma_ I was having financial issues. The company that I am working for me is going to pay us bonuses.,7,Lately_comma_ I was having financial issues. The company that I am working for me is going to pay us bonuses.,5|5|5_5|5|5,
hit:7695_conv:15391,2,grateful,Lately_comma_ I was having financial issues. The company that I am working for me is going to pay us bonuses.,244,That's great. How big is the bonus going to be?,5|5|5_5|5|5,
hit:7695_conv:15391,3,grateful,Lately_comma_ I was having financial issues. The company that I am working for me is going to pay us bonuses.,7,It is about 5 000 dollars. It will help me greatly with my financial problems.,5|5|5_5|5|5,
hit:7695_conv:15391,4,grateful,Lately_comma_ I was having financial issues. The company that I am working for me is going to pay us bonuses.,244,That would help me out quite a bit too!,5|5|5_5|5|5,
hit:8253_conv:16506,1,grateful,my test being paid for when i couldnt afford it,514,i took my pharmacy tech certification test last week_comma_ but almost wasnt able to because i couldnt afford the $200 fee for the test. my aunt heard and reached out and paid it for me as a gift.,5|5|5_5|5|5,
hit:8253_conv:16506,2,grateful,my test being paid for when i couldnt afford it,545,Well that's wonderful that you had a supporting aunt like that. How do you think you did on your test?,5|5|5_5|5|5,
hit:8253_conv:16506,3,grateful,my test being paid for when i couldnt afford it,514,i did very well i was prepared. i was thinking id have to wait a couple months for the next session. but good thing i was able to get it out of the way,5|5|5_5|5|5,
hit:8253_conv:16506,4,grateful,my test being paid for when i couldnt afford it,545,Well_comma_ I'm real glad for you! You should make your aunt a pie or something sometime.,5|5|5_5|5|5,
hit:8478_conv:16956,1,grateful,My mother is an awesome mom!,389,I love my mom so much,5|5|5_5|5|5,
hit:8478_conv:16956,2,grateful,My mother is an awesome mom!,128,That's a great feeling I love mine as well.,5|5|5_5|5|5,
hit:8478_conv:16956,3,grateful,My mother is an awesome mom!,389,Yeah she has done so well for herself.  Raised 3 kids by herself and now she finally bought her own home!,5|5|5_5|5|5,
hit:8478_conv:16956,4,grateful,My mother is an awesome mom!,128,That's impressive_comma_ she sounds amazing.,5|5|5_5|5|5,
hit:8478_conv:16956,5,grateful,My mother is an awesome mom!,389,Yeah she's awesome!,5|5|5_5|5|5,
hit:8942_conv:17884,1,grateful,I'm thankful for the life that I have.,225,My life is going pretty well at this time.,5|5|5_5|5|5,
hit:8942_conv:17884,2,grateful,I'm thankful for the life that I have.,297,That is great to hear. Anything new going on?,5|5|5_5|5|5,
hit:8942_conv:17884,3,grateful,I'm thankful for the life that I have.,225,No_comma_ and that's why it's pretty good.,5|5|5_5|5|5,
hit:8942_conv:17884,4,grateful,I'm thankful for the life that I have.,297,I wish I were so content. Must be a nice feeling.,5|5|5_5|5|5,
hit:8989_conv:17978,1,grateful,My car broke down today.  My friend gave me a ride to work.,274,Crappy day today.  My car broke  down on the side of the road.,5|5|5_5|5|5,
hit:8989_conv:17978,2,grateful,My car broke down today.  My friend gave me a ride to work.,119,Sorry to hear that.  You get it fixed already or what,5|5|5_5|5|5,
hit:8989_conv:17978,3,grateful,My car broke down today.  My friend gave me a ride to work.,274,No not yet.  My friend gave me a ride to work today though.,5|5|5_5|5|5,
hit:8989_conv:17978,4,grateful,My car broke down today.  My friend gave me a ride to work.,119,It's good to have reliable friends.,5|5|5_5|5|5,
hit:8993_conv:17986,1,grateful,I'm happy I've learned from my past mistakes.  I've been at ground zero and I'm thankful that the feeling of what it's like to be at the end of your rope has propelled me into financial autonomy.,119,I'm thankful for all my past mistakes.  They've helped me grow in a big way,5|5|5_5|5|5,
hit:8993_conv:17986,2,grateful,I'm happy I've learned from my past mistakes.  I've been at ground zero and I'm thankful that the feeling of what it's like to be at the end of your rope has propelled me into financial autonomy.,135,I've always gone by if you learned from your mistakes you have no reason to regret them,5|5|5_5|5|5,
hit:8993_conv:17986,3,grateful,I'm happy I've learned from my past mistakes.  I've been at ground zero and I'm thankful that the feeling of what it's like to be at the end of your rope has propelled me into financial autonomy.,119,Absolutely.,5|5|5_5|5|5,<UNIGRAM>
hit:8993_conv:17986,4,grateful,I'm happy I've learned from my past mistakes.  I've been at ground zero and I'm thankful that the feeling of what it's like to be at the end of your rope has propelled me into financial autonomy.,135,It's good you've grown and learned. Never stop ,5|5|5_5|5|5,
hit:9017_conv:18035,1,grateful,I'm thankful for my job.  I've got full autonomy of time.,119,I love my job and I'm thankful it gives me full autonomy of time.,5|5|5_5|5|5,
hit:9017_conv:18035,2,grateful,I'm thankful for my job.  I've got full autonomy of time.,639,Oh I feel you! I have full control over my schedule_comma_ it is so nice!,5|5|5_5|5|5,
hit:9017_conv:18035,3,grateful,I'm thankful for my job.  I've got full autonomy of time.,119,That's cool.  Are you self-employed too,5|5|5_5|5|5,
hit:9017_conv:18035,4,grateful,I'm thankful for my job.  I've got full autonomy of time.,639,Part time self employed and part time just employed by a company. The company lets me choose my shifts though so... still full control.,5|5|5_5|5|5,
hit:9061_conv:18122,1,grateful,My brother asked me to church yesterday. It was a nice feeling and gesture from him,126,My brother asked me to church yesterday. It was a nice feeling and gesture from him,3|4|4_5|5|5,
hit:9061_conv:18122,2,grateful,My brother asked me to church yesterday. It was a nice feeling and gesture from him,238,did you go ?,3|4|4_5|5|5,
hit:9061_conv:18122,3,grateful,My brother asked me to church yesterday. It was a nice feeling and gesture from him,126,I did go_comma_ it was a good time,3|4|4_5|5|5,
hit:9061_conv:18122,4,grateful,My brother asked me to church yesterday. It was a nice feeling and gesture from him,238,thats good_comma_ keep going!,3|4|4_5|5|5,
hit:9280_conv:18560,1,grateful,without the financial support of my mother i would be on the streets,445,My mother has been there for me no mater what I need.,5|5|5_4|4|5,
hit:9280_conv:18560,2,grateful,without the financial support of my mother i would be on the streets,511,She sounds like a good person.,5|5|5_4|4|5,
hit:9280_conv:18560,3,grateful,without the financial support of my mother i would be on the streets,445,She was my best friend_comma_ i would do anything for her.,5|5|5_4|4|5,
hit:9280_conv:18560,4,grateful,without the financial support of my mother i would be on the streets,511,You also sound like a good person.,5|5|5_4|4|5,
hit:9293_conv:18586,1,grateful,without the help of my friends I would still be depressed.,445,If my friends hadnt picked me up_comma_ id still be at rock bottom!,5|5|5_4|5|5,
hit:9293_conv:18586,2,grateful,without the help of my friends I would still be depressed.,155,True friends can be tested at such situations. Good for you to have such friends. It is very rare to have such ones,5|5|5_4|5|5,
hit:9293_conv:18586,3,grateful,without the help of my friends I would still be depressed.,445,I try my best to only associate with the best of people.,5|5|5_4|5|5,
hit:9293_conv:18586,4,grateful,without the help of my friends I would still be depressed.,155,I have only 2-3 close friends with whom I closely associate. I think that is the ideal number one should have,5|5|5_4|5|5,
hit:9334_conv:18668,1,grateful,I knew that some of friends were going on a trip and it was unlikely that I'd get to go. Surprisingly I got to go so I was really happy.,55,Recently I knew that my friends were going on a trip and I really wanted to go.,5|5|5_5|5|5,
hit:9334_conv:18668,2,grateful,I knew that some of friends were going on a trip and it was unlikely that I'd get to go. Surprisingly I got to go so I was really happy.,558,Was there any reason you couldn't go? Did they not invite you?,5|5|5_5|5|5,
hit:9334_conv:18668,3,grateful,I knew that some of friends were going on a trip and it was unlikely that I'd get to go. Surprisingly I got to go so I was really happy.,55,At first I thought that there wasn't enough room_comma_ but then there was!,5|5|5_5|5|5,
hit:9334_conv:18668,4,grateful,I knew that some of friends were going on a trip and it was unlikely that I'd get to go. Surprisingly I got to go so I was really happy.,558,That's wonderful! I hope you had or have a great time!,5|5|5_5|5|5,
hit:9701_conv:19402,1,grateful,I am so glad I have good friends in my life. They always pick me up when I am down,27,I am so glad to have good friends,5|5|5_2|4|5,
hit:9701_conv:19402,2,grateful,I am so glad I have good friends in my life. They always pick me up when I am down,478,Good for you!,5|5|5_2|4|5,
hit:9701_conv:19402,3,grateful,I am so glad I have good friends in my life. They always pick me up when I am down,27,They are always there when I need them. I got rid of the bad apples long ago,5|5|5_2|4|5,
hit:9701_conv:19402,4,grateful,I am so glad I have good friends in my life. They always pick me up when I am down,478,That's great. Its good that you have a support network like that. ,5|5|5_2|4|5,
hit:9701_conv:19402,5,grateful,I am so glad I have good friends in my life. They always pick me up when I am down,27,It is. They are llike family,5|5|5_2|4|5,
hit:9957_conv:19914,1,grateful,I'm happy I'm not lactose intolerant_comma_ I love cheese so much,247,I'm happy I'm not lactose intolerant_comma_ I love cheese so much,5|5|5_5|5|5,
hit:9957_conv:19914,2,grateful,I'm happy I'm not lactose intolerant_comma_ I love cheese so much,209,Me too! Gouda is my all time fav. What's yours?,5|5|5_5|5|5,
hit:9957_conv:19914,3,grateful,I'm happy I'm not lactose intolerant_comma_ I love cheese so much,247,I love good mozza or parm,5|5|5_5|5|5,
hit:9957_conv:19914,4,grateful,I'm happy I'm not lactose intolerant_comma_ I love cheese so much,209,Oh yeah_comma_ a good mozzarella sounds pretty primo right now. Perhaps I'll get some mozz sticks from Little Caesars.,5|5|5_5|5|5,
hit:10491_conv:20982,1,grateful,Recently I've been a little stressed out because my toddler son has had such an attitude. My daughter is only 9 months so it's hard to deal with him being mad all the time as well as my daughter who has been sick. I asked my mother-in-law if she would watch my son for an overnight and she agreed. I felt so thankful to get a little break!,435,My toddler son has been so exhausting lately. Luckily_comma_ his grandparents were able to take him for an overnight the other night which was a nice break.,5|5|5_5|5|5,
hit:10491_conv:20982,2,grateful,Recently I've been a little stressed out because my toddler son has had such an attitude. My daughter is only 9 months so it's hard to deal with him being mad all the time as well as my daughter who has been sick. I asked my mother-in-law if she would watch my son for an overnight and she agreed. I felt so thankful to get a little break!,475,I totally know how you feel. I have 2 kids and they were a handful as toddlers.,5|5|5_5|5|5,
hit:10491_conv:20982,3,grateful,Recently I've been a little stressed out because my toddler son has had such an attitude. My daughter is only 9 months so it's hard to deal with him being mad all the time as well as my daughter who has been sick. I asked my mother-in-law if she would watch my son for an overnight and she agreed. I felt so thankful to get a little break!,435,Yeah I have a 9 month old as well and I never would have thought that the baby would be the easy one! I'm so thankful I live close enough to family that they can watch them from time to time.,5|5|5_5|5|5,
hit:10491_conv:20982,4,grateful,Recently I've been a little stressed out because my toddler son has had such an attitude. My daughter is only 9 months so it's hard to deal with him being mad all the time as well as my daughter who has been sick. I asked my mother-in-law if she would watch my son for an overnight and she agreed. I felt so thankful to get a little break!,475,I know right? Grandparents are the best lol,5|5|5_5|5|5,
hit:10682_conv:21364,1,grateful,I am so grateful to my friend who took me home when I got drunk at the bar.,631,I am so grateful that I have great friends :) ,5|5|5_5|5|5,
hit:10682_conv:21364,2,grateful,I am so grateful to my friend who took me home when I got drunk at the bar.,666,Friends really are the best part of life_comma_ I'd say. I can't imagine what I'd do without some of those folks in my life. ,5|5|5_5|5|5,
hit:10682_conv:21364,3,grateful,I am so grateful to my friend who took me home when I got drunk at the bar.,631,Yes I totally agree_comma_ the other day when I was at the bar_comma_ my best friend was so kind to make sure I got home safe after I had a little too uch to drink :) ,5|5|5_5|5|5,
hit:10682_conv:21364,4,grateful,I am so grateful to my friend who took me home when I got drunk at the bar.,666,That's a good friends right there. Looking out for your best interests is a sign that they're truly a keeper.,5|5|5_5|5|5,
hit:10795_conv:21590,1,grateful,i play in a band and i recently was on a concert and played to the most appreciative audience ever,706,i play in a band and recently we had a concert and played to the most appreciative audience ever,5|5|5_5|5|5,
hit:10795_conv:21590,2,grateful,i play in a band and i recently was on a concert and played to the most appreciative audience ever,772,thats amazing. where was the concert? and how many people were participated?,5|5|5_5|5|5,
hit:10795_conv:21590,3,grateful,i play in a band and i recently was on a concert and played to the most appreciative audience ever,706,well_comma_ it was a rock concert_comma_ and there was so many people over 1000!,5|5|5_5|5|5,
hit:10795_conv:21590,4,grateful,i play in a band and i recently was on a concert and played to the most appreciative audience ever,772,cool!! even i wanted to learn guitar.. but have no time for it,5|5|5_5|5|5,
hit:11229_conv:22458,1,grateful,I almost gave away my steam cleaner because it was leaking all over the place. I decided to try and fix it which I did successfully. Yesterday I spilled my drink on the carpet and used my now fixed steam cleaner to clean up. glad I didn't get rid of it.,659, I almost gave away my steam cleaner because it was leaking all over the place.,5|5|5_5|5|5,
hit:11229_conv:22458,2,grateful,I almost gave away my steam cleaner because it was leaking all over the place. I decided to try and fix it which I did successfully. Yesterday I spilled my drink on the carpet and used my now fixed steam cleaner to clean up. glad I didn't get rid of it.,387,Oh no! Have you looked up the user manual_comma_ or taken it to a repairman to get it fixed/,5|5|5_5|5|5,
hit:11229_conv:22458,3,grateful,I almost gave away my steam cleaner because it was leaking all over the place. I decided to try and fix it which I did successfully. Yesterday I spilled my drink on the carpet and used my now fixed steam cleaner to clean up. glad I didn't get rid of it.,659, I decided to try and fix it which I did successfully. Yesterday I spilled my drink on the carpet and used my now fixed steam cleaner to clean up. glad I didn't get rid of it,5|5|5_5|5|5,
hit:11229_conv:22458,4,grateful,I almost gave away my steam cleaner because it was leaking all over the place. I decided to try and fix it which I did successfully. Yesterday I spilled my drink on the carpet and used my now fixed steam cleaner to clean up. glad I didn't get rid of it.,387,That takes some real hard work to fix something like that. I am sure it came in handy for cleaning up that stain.,5|5|5_5|5|5,
hit:11229_conv:22458,5,grateful,I almost gave away my steam cleaner because it was leaking all over the place. I decided to try and fix it which I did successfully. Yesterday I spilled my drink on the carpet and used my now fixed steam cleaner to clean up. glad I didn't get rid of it.,659,That's one more thing I know how to do. good for saving some money for sure.;,5|5|5_5|5|5,
hit:11229_conv:22458,6,grateful,I almost gave away my steam cleaner because it was leaking all over the place. I decided to try and fix it which I did successfully. Yesterday I spilled my drink on the carpet and used my now fixed steam cleaner to clean up. glad I didn't get rid of it.,387,That is true_comma_ being able to fix your own stuff is a valuable skill to have. ,5|5|5_5|5|5,
hit:11906_conv:23813,1,grateful,my friend helped me move to uni last week,63,my friend helped me move to uni last week,5|5|5_5|5|5,
hit:11906_conv:23813,2,grateful,my friend helped me move to uni last week,706,awww that's so sweet of them_comma_ are you guys close?,5|5|5_5|5|5,
hit:11906_conv:23813,3,grateful,my friend helped me move to uni last week,63,yea i was super thankful that he helped me,5|5|5_5|5|5,
hit:11906_conv:23813,4,grateful,my friend helped me move to uni last week,706,that's so nice_comma_ are you looking forward to uni?,5|5|5_5|5|5,
hit:12326_conv:24653,1,grateful,My dad knew I was having some financial difficulties and decided to pay off my car loan!  I am so appreciative to him!,277,My dad knew I was having some financial difficulties and decided to pay off my car loan! I am so appreciative to him!,5|5|5_5|5|5,
hit:12326_conv:24653,2,grateful,My dad knew I was having some financial difficulties and decided to pay off my car loan!  I am so appreciative to him!,340,Wow_comma_ that was super nice of him. You are lucky to have such a great dad.,5|5|5_5|5|5,
hit:12326_conv:24653,3,grateful,My dad knew I was having some financial difficulties and decided to pay off my car loan!  I am so appreciative to him!,277,I really am!  I will do whatever I can to repay the kindness!,5|5|5_5|5|5,
hit:12326_conv:24653,4,grateful,My dad knew I was having some financial difficulties and decided to pay off my car loan!  I am so appreciative to him!,340,That is a really great thing to hear. I hope you can find some way to pay back his kindness.,5|5|5_5|5|5,
hit:12336_conv:24673,1,grateful,I am feeling this way towards my husband. ,123,I have a pretty awesome husband.,5|5|5_4|5|5,
hit:12336_conv:24673,2,grateful,I am feeling this way towards my husband. ,609,That's good to hear! What makes him so awesome?,5|5|5_4|5|5,
hit:12336_conv:24673,3,grateful,I am feeling this way towards my husband. ,123,He works hard for our family so I can stay home with our son.,5|5|5_4|5|5,
hit:12336_conv:24673,4,grateful,I am feeling this way towards my husband. ,609,I'm happy he's able to support his family through his work. I hope he enjoys it!,5|5|5_4|5|5,
hit:256_conv:512,1,grateful,I am continually value *health*. Too often_comma_ I see people either squandering it or not appreciating it until it's gone.,66,Too often_comma_ it's a health scare that makes us value health. It inspires me to try and do something to keep healthy every day.,3|3|3_5|5|5,
hit:256_conv:512,3,grateful,I am continually value *health*. Too often_comma_ I see people either squandering it or not appreciating it until it's gone.,66,Happily_comma_ I don't have one! It's more seeing family and friends and the situations they're in. Not everything can be helped -- but there are some things we can all do to take care of ourselves_comma_ you know?,3|3|3_5|5|5,
hit:513_conv:1026,1,grateful,I have been thinking that I really love my mother. She does her best to still provide for me to this day.,64,I love my mom. She does her best to provide for me_comma_ even to this day.,5|5|5_4|4|4,
hit:513_conv:1026,3,grateful,I have been thinking that I really love my mother. She does her best to still provide for me to this day.,64,I tell her I love her and also send her gifts from time to time. She doesn't live too close to me but I try.,5|5|5_4|4|4,
hit:986_conv:1973,1,grateful,I'm so glad to have such a wonderful husband,50,I have such an amazing husband! He works so hard so i could stay home with our baby,5|5|5_5|5|5,
hit:986_conv:1973,3,grateful,I'm so glad to have such a wonderful husband,50,he is an armed guard,5|5|5_5|5|5,
hit:5298_conv:10597,1,grateful,It means a lot to me that my in-laws are helping us buy school clothes for our girls. That takes a burden off of us. They don't even realize how much they are helping us_comma_ they are just doing it because they love us and they love the girls.,536,My in-laws are helping us pay for school clothes for our kids this year.,5|5|5_5|5|5,
hit:5298_conv:10597,3,grateful,It means a lot to me that my in-laws are helping us buy school clothes for our girls. That takes a burden off of us. They don't even realize how much they are helping us_comma_ they are just doing it because they love us and they love the girls.,536,Yeah_comma_ it helps take some of the burden off of us. I will have to check out Goodwill and see if I can find anything.,5|5|5_5|5|5,
hit:5298_conv:10597,5,grateful,It means a lot to me that my in-laws are helping us buy school clothes for our girls. That takes a burden off of us. They don't even realize how much they are helping us_comma_ they are just doing it because they love us and they love the girls.,536,Wow_comma_ those prices are great. I'll be going by there for sure. Yeah_comma_ the best part about them helping_comma_ is that they do it_comma_ not expecting anything in return. They just all of us and want to help.,5|5|5_5|5|5,
hit:5298_conv:10597,7,grateful,It means a lot to me that my in-laws are helping us buy school clothes for our girls. That takes a burden off of us. They don't even realize how much they are helping us_comma_ they are just doing it because they love us and they love the girls.,536,Yes_comma_ they are great.,5|5|5_5|5|5,
hit:5486_conv:10973,1,grateful,I was wanting to do the dishes the other day but couldn't so my husband did them all for me! I felt so thankful ,313,I broke a finger the other day and couldn't do any dishes! It was terrible ,5|5|5_5|5|5,
hit:5486_conv:10973,3,grateful,I was wanting to do the dishes the other day but couldn't so my husband did them all for me! I felt so thankful ,313,I was super lucky though because my husband just went up and did them all for me! ,5|5|5_5|5|5,
hit:6583_conv:13166,1,grateful,I am so grateful to my family,317,I am so grateful to my family,4|4|4_4|5|5,
hit:6583_conv:13166,3,grateful,I am so grateful to my family,317,They help me with whatever I need and they are always their for me.,4|4|4_4|5|5,
hit:6886_conv:13773,1,grateful,I'm so happy_comma_ my husband was offered a better paying job in his hometown. We move in November.,481,I got some great news today! My husband got a better paying job offer!,5|4|5_5|5|5,
hit:6886_conv:13773,3,grateful,I'm so happy_comma_ my husband was offered a better paying job in his hometown. We move in November.,481,Not sure yet_comma_ but itll help us life more comforatbly! We move to his hometown in November when he gets out of Army!,5|4|5_5|5|5,
hit:7028_conv:14057,1,grateful,Once while on a road trip_comma_ a friend and I got lost in the dessert. We flagged down a man driving an old Chevy_comma_ and he gave us directions back to civilization.,117,When me and my friend got lost in the desert_comma_ I thought we were done for.,4|4|5_5|5|5,
hit:7028_conv:14057,3,grateful,Once while on a road trip_comma_ a friend and I got lost in the dessert. We flagged down a man driving an old Chevy_comma_ and he gave us directions back to civilization.,117,Only a couple of hours. We flagged down an old Chevy truck and the man driving got us sorted out.,4|4|5_5|5|5,
hit:7375_conv:14750,1,grateful,I have been feeling so blessed! I randomly got a promotion at work_comma_ wasn't expecting it. ,481,I just got a promotion at my job! ,4|4|4_4|5|5,
hit:7375_conv:14750,3,grateful,I have been feeling so blessed! I randomly got a promotion at work_comma_ wasn't expecting it. ,481,I work in Human Resources for a big company_comma_ I wasn't expecting the promotion! Feel Blessed :),4|4|4_4|5|5,
hit:7817_conv:15634,1,grateful,I have food on my table_comma_ a roof over my head and clothes to wear. ,50,i have food on my table_comma_ a roof over my head and clothes to wear. I'm happy and thankful,5|5|5_5|5|5,
hit:7817_conv:15634,3,grateful,I have food on my table_comma_ a roof over my head and clothes to wear. ,50,yes. Some people take these things for granted. it's really easy to take things and people for granted,5|5|5_5|5|5,
hit:10925_conv:21850,1,grateful,I've been out of work recently and my father has been helping me pay my bills. I have no way to ever repay him.,231,I've been out of work_comma_ and my dads been helping me financially.,5|5|5_4|4|5,
hit:10925_conv:21850,3,grateful,I've been out of work recently and my father has been helping me pay my bills. I have no way to ever repay him.,231,No_comma_ I am filing for disability. Theres no way I can ever repay him,5|5|5_4|4|5,
hit:11558_conv:23117,1,grateful,I have amazing friends. One of them drove me to the airport,64,I have some great friends. One of them drove me to the airport tomorrow,5|5|5_5|5|5,
hit:11558_conv:23117,3,grateful,I have amazing friends. One of them drove me to the airport,64,Yes I am_comma_ they are great,5|5|5_5|5|5,
hit:12120_conv:24240,1,grateful,My mother lives in the same neighborhood as I do and I am so happy she lives close. My father passed away about 2 years ago and I'm so thankful she's still here with us.,45,My father passed away 2 years ago_comma_ but my mother lives in my neighborhood now. I'm so thankful she lives close by and still here with us. She's such a wonderful mother.,5|5|5_5|4|5,
hit:12120_conv:24240,3,grateful,My mother lives in the same neighborhood as I do and I am so happy she lives close. My father passed away about 2 years ago and I'm so thankful she's still here with us.,45,I'm sorry to hear that_comma_ I know it's so hard to lose a parent. I think we take them for granted when we are younger_comma_ but I am blessed she's still here.,5|5|5_5|4|5,
hit:50_conv:100,1,hopeful,I have been in college for four years and am only a sophmore. I am going diuble my work load and finish next fall.,27,I have been going to school for whar seems like forever.,5|5|5_5|5|5,
hit:50_conv:100,2,hopeful,I have been in college for four years and am only a sophmore. I am going diuble my work load and finish next fall.,7,Did you wait a lot?,5|5|5_5|5|5,
hit:50_conv:100,3,hopeful,I have been in college for four years and am only a sophmore. I am going diuble my work load and finish next fall.,27,I did. I am going to finish soon though.,5|5|5_5|5|5,
hit:50_conv:100,4,hopeful,I have been in college for four years and am only a sophmore. I am going diuble my work load and finish next fall.,7,Ah ok Congratulation,5|5|5_5|5|5,
hit:103_conv:207,1,hopeful,I am hopeful I win the lottery.,4,I hope I win the lottery this week.,5|5|5_5|5|5,
hit:103_conv:207,2,hopeful,I am hopeful I win the lottery.,27,I think it's my turn to win the lottery,5|5|5_5|5|5,
hit:103_conv:207,3,hopeful,I am hopeful I win the lottery.,4,Maybe we can split it if we win.,5|5|5_5|5|5,
hit:103_conv:207,4,hopeful,I am hopeful I win the lottery.,27,Sure_comma_ That's sounds like a real plan. lol,5|5|5_5|5|5,
hit:223_conv:446,1,hopeful,I think the future will be brighter and conflicts between countries will be smoothed over.,93,I'm hopefully that their will be peace in this world.,5|5|5_5|5|5,
hit:223_conv:446,2,hopeful,I think the future will be brighter and conflicts between countries will be smoothed over.,8,I am hopeful as well_comma_ but because we are human beings_comma_ I doubt that will ever happen. There will always be the same old squabbles that have occurred since the dawn of man.,5|5|5_5|5|5,
hit:223_conv:446,3,hopeful,I think the future will be brighter and conflicts between countries will be smoothed over.,93,True_comma_ just don't like how the world is inching toward a conflict that could spill over to a nuclear war.,5|5|5_5|5|5,
hit:223_conv:446,4,hopeful,I think the future will be brighter and conflicts between countries will be smoothed over.,8,"Yeah_comma_ sadly our world leaders are too focused on ""flexing"" instead of working towards creating a world that is sustainable and liveable for our grandchildren's children",5|5|5_5|5|5,
hit:223_conv:446,5,hopeful,I think the future will be brighter and conflicts between countries will be smoothed over.,93,Exactly_comma_ its truly very sad times at the moment,5|5|5_5|5|5,
hit:668_conv:1337,1,hopeful,Everyday I feel more optimistic that this country is heading into right direction. Slowly but surely the light at the end of tunnel is coming. ,187,Slowly but surely the light at the end of tunnel is coming. ,3|4|3_4|4|4,
hit:668_conv:1337,2,hopeful,Everyday I feel more optimistic that this country is heading into right direction. Slowly but surely the light at the end of tunnel is coming. ,181,Yes_comma_its really coming,3|4|3_4|4|4,
hit:668_conv:1337,3,hopeful,Everyday I feel more optimistic that this country is heading into right direction. Slowly but surely the light at the end of tunnel is coming. ,187,Everyday I feel more optimistic that this country is heading into right direction into the tunnel. ,3|4|3_4|4|4,
hit:668_conv:1337,4,hopeful,Everyday I feel more optimistic that this country is heading into right direction. Slowly but surely the light at the end of tunnel is coming. ,181,We_comma_pray and have faith,3|4|3_4|4|4,
hit:806_conv:1613,1,hopeful,Recently my son got very good news from his cardiologist. We can finally start planning for his future.,236,My son's cardiologist gave us positive news. We have to start looking forward when it comes to him now. It's so exciting.,5|5|5_5|5|5,
hit:806_conv:1613,2,hopeful,Recently my son got very good news from his cardiologist. We can finally start planning for his future.,227,That is great! Has he overcome an illness or heart issue? That can be serious and very scary!,5|5|5_5|5|5,
hit:806_conv:1613,3,hopeful,Recently my son got very good news from his cardiologist. We can finally start planning for his future.,236,He was being considered for a transplant but has shown improvement. So he is off the list.,5|5|5_5|5|5,
hit:806_conv:1613,4,hopeful,Recently my son got very good news from his cardiologist. We can finally start planning for his future.,227,Oh wow that is great_comma_ is he feeling better since showing improvement?,5|5|5_5|5|5,
hit:806_conv:1613,5,hopeful,Recently my son got very good news from his cardiologist. We can finally start planning for his future.,236,Strangely enough he has never felt bad. He doesn't act like a kid that is critically ill.,5|5|5_5|5|5,
hit:873_conv:1746,1,hopeful,heres to wishing i get a promo at work ,11,I really think I might get a promotion at work ,5|5|5_5|5|5,
hit:873_conv:1746,2,hopeful,heres to wishing i get a promo at work ,27,Cool. I hope you get it. Is it a lot more pay?,5|5|5_5|5|5,
hit:873_conv:1746,3,hopeful,heres to wishing i get a promo at work ,11,Yeah it is much better and also better hours. thank you! ,5|5|5_5|5|5,
hit:873_conv:1746,4,hopeful,heres to wishing i get a promo at work ,27,I've never gotten a promotion at any job. But I've never wanted more responsibility ,5|5|5_5|5|5,
hit:982_conv:1964,1,hopeful,I was in college taking exams_comma_ and I was trying my best to get an A,273,Hey_comma_ how's it going?,4|4|5_5|4|5,
hit:982_conv:1964,2,hopeful,I was in college taking exams_comma_ and I was trying my best to get an A,226,Going good...what's up with you.,4|4|5_5|4|5,
hit:982_conv:1964,3,hopeful,I was in college taking exams_comma_ and I was trying my best to get an A,273,Nothing much. Just thinking about the time when I was still in college and had exams_comma_ and how hard that was. Sitting there wishing I was going to get an A at the end of it,4|4|5_5|4|5,
hit:982_conv:1964,4,hopeful,I was in college taking exams_comma_ and I was trying my best to get an A,226,So how did  you do? Did the hard work pay off for you?,4|4|5_5|4|5,
hit:982_conv:1964,5,hopeful,I was in college taking exams_comma_ and I was trying my best to get an A,273,I didn't get an A_comma_ but I ended up getting good enough grades to pass. So_comma_ I guess that's something,4|4|5_5|4|5,
hit:1029_conv:2058,1,hopeful,I've written a competitive exam last week. The result will be announced tomorrow. I hope to get a good rank in it.,43,Tomorrow the results will be announced. Awaiting eagerly!,4|4|4_5|5|5,
hit:1029_conv:2058,2,hopeful,I've written a competitive exam last week. The result will be announced tomorrow. I hope to get a good rank in it.,10,The results for what?,4|4|4_5|5|5,
hit:1029_conv:2058,3,hopeful,I've written a competitive exam last week. The result will be announced tomorrow. I hope to get a good rank in it.,43,It's competitive exam and the last level. one step to go to get a government job. ,4|4|4_5|5|5,
hit:1029_conv:2058,4,hopeful,I've written a competitive exam last week. The result will be announced tomorrow. I hope to get a good rank in it.,10,Well_comma_ best of luck_comma_ I am sure you did awesome!,4|4|4_5|5|5,
hit:1029_conv:2058,5,hopeful,I've written a competitive exam last week. The result will be announced tomorrow. I hope to get a good rank in it.,43,Yeah_comma_ Thank you so much.,4|4|4_5|5|5,
hit:1137_conv:2275,1,hopeful,I feel like my children will grow up to be very compassianate human beings,267,I feel like my children will grow up to be very compassianate human beings,5|5|5_5|5|5,
hit:1137_conv:2275,2,hopeful,I feel like my children will grow up to be very compassianate human beings,238,wow thats a good feeling to have,5|5|5_5|5|5,
hit:1137_conv:2275,3,hopeful,I feel like my children will grow up to be very compassianate human beings,267,It is.  They are very kind kids if I do say so,5|5|5_5|5|5,
hit:1137_conv:2275,4,hopeful,I feel like my children will grow up to be very compassianate human beings,238,you seem to have done a good job. congrats,5|5|5_5|5|5,
hit:1191_conv:2383,1,hopeful,When I saw my brother come home from college_comma_ it gave me a good feeling. It made me think I could do the same,126,I got happy when my brother came home from college. It made me think I could go to college one day too,4|4|5_5|4|5,
hit:1191_conv:2383,2,hopeful,When I saw my brother come home from college_comma_ it gave me a good feeling. It made me think I could do the same,68,Well you should always think that. It's not hard once you get into the groove of it.,4|4|5_5|4|5,
hit:1191_conv:2383,3,hopeful,When I saw my brother come home from college_comma_ it gave me a good feeling. It made me think I could do the same,126,Yeah_comma_ it gave me some good thoughts,4|4|5_5|4|5,
hit:1191_conv:2383,4,hopeful,When I saw my brother come home from college_comma_ it gave me a good feeling. It made me think I could do the same,68,Hopefully you do go to college. I had fun but was stressful.,4|4|5_5|4|5,
hit:1305_conv:2611,1,hopeful,I recently began my own online business selling dried starfish. I hope there is enough interest for it to take off.,209,I recently began my own online business. I'm hopeful that my dried starfish kiosk will take off soon.,5|5|5_5|5|5,
hit:1305_conv:2611,2,hopeful,I recently began my own online business selling dried starfish. I hope there is enough interest for it to take off.,269,Wow_comma_ that sounds unique. What exactly do you sell?,5|5|5_5|5|5,
hit:1305_conv:2611,3,hopeful,I recently began my own online business selling dried starfish. I hope there is enough interest for it to take off.,209,I sell dried starfish that I find on the local beach! I figure there must be a niche for it somewhere_comma_ since I enjoy collecting them so much.,5|5|5_5|5|5,
hit:1305_conv:2611,4,hopeful,I recently began my own online business selling dried starfish. I hope there is enough interest for it to take off.,269,Oh! Well duh_comma_ silly me. I thought it was food or something. Do you sell other things too?,5|5|5_5|5|5,
hit:1348_conv:2697,1,hopeful,I have my work evaluation coming up. I feel that I have been doing a good job so I hope for good scores.,297,My one year evaluation at work is coming up next month. If I score well I may get a promotion.,5|5|5_5|5|5,
hit:1348_conv:2697,2,hopeful,I have my work evaluation coming up. I feel that I have been doing a good job so I hope for good scores.,27,I hope you do well. What do you think?,5|5|5_5|5|5,
hit:1348_conv:2697,3,hopeful,I have my work evaluation coming up. I feel that I have been doing a good job so I hope for good scores.,297,I think it will go well. My boss has been giving me really positive feedback lately.,5|5|5_5|5|5,
hit:1348_conv:2697,4,hopeful,I have my work evaluation coming up. I feel that I have been doing a good job so I hope for good scores.,27,Does the job come with more pay?,5|5|5_5|5|5,
hit:1348_conv:2697,5,hopeful,I have my work evaluation coming up. I feel that I have been doing a good job so I hope for good scores.,297,It does. I really hope I get it.,5|5|5_5|5|5,
hit:1348_conv:2697,6,hopeful,I have my work evaluation coming up. I feel that I have been doing a good job so I hope for good scores.,27,Good luck to you!,5|5|5_5|5|5,
hit:1488_conv:2977,1,hopeful,I've been boxing for almost 3 years now but always had some type of injury that prevented me from having my first fight...I'm looking after my health a lot better now and putting in some gym hours_comma_ so aiming for next year fingers crossed,119,Aiming to have my first amateur fight this year and my first pro fight by next year at the earliest_comma_ fingers crossed,5|5|5_5|5|5,
hit:1488_conv:2977,2,hopeful,I've been boxing for almost 3 years now but always had some type of injury that prevented me from having my first fight...I'm looking after my health a lot better now and putting in some gym hours_comma_ so aiming for next year fingers crossed,100,Wow good luck_comma_ I'm a big fan of watching MMA myself.,5|5|5_5|5|5,
hit:1488_conv:2977,3,hopeful,I've been boxing for almost 3 years now but always had some type of injury that prevented me from having my first fight...I'm looking after my health a lot better now and putting in some gym hours_comma_ so aiming for next year fingers crossed,119,Thanks! I actually box..quite different but the nerves and adrenaline rushes are the same lol,5|5|5_5|5|5,
hit:1488_conv:2977,4,hopeful,I've been boxing for almost 3 years now but always had some type of injury that prevented me from having my first fight...I'm looking after my health a lot better now and putting in some gym hours_comma_ so aiming for next year fingers crossed,100,Oh oops_comma_ my fault for assuming. Definitely an intense experience either way as you said.,5|5|5_5|5|5,
hit:1523_conv:3047,1,hopeful,I found a new girlfriend who is more in line with my interest. She is a wonderful person and makes me happy.,68,So i am really happy now that i have a new girlfriend.,5|5|5_4|4|5,
hit:1523_conv:3047,2,hopeful,I found a new girlfriend who is more in line with my interest. She is a wonderful person and makes me happy.,126,I am sure she is happy too,5|5|5_4|4|5,
hit:1523_conv:3047,3,hopeful,I found a new girlfriend who is more in line with my interest. She is a wonderful person and makes me happy.,68,It's not easy finding someone with the same interest as you.,5|5|5_4|4|5,
hit:1523_conv:3047,4,hopeful,I found a new girlfriend who is more in line with my interest. She is a wonderful person and makes me happy.,126,It can be hard_comma_ but its possible,5|5|5_4|4|5,
hit:1610_conv:3220,1,hopeful,I was confident that my brother was going to finish college. He was doing so well in his major,126,I was confident my brother was going to finish college. He was doing so well in his major,4|5|4_5|5|5,
hit:1610_conv:3220,2,hopeful,I was confident that my brother was going to finish college. He was doing so well in his major,269,What happened?,4|5|4_5|5|5,
hit:1610_conv:3220,3,hopeful,I was confident that my brother was going to finish college. He was doing so well in his major,126,He aced a few tests and just seemed to be doing well,4|5|4_5|5|5,
hit:1610_conv:3220,4,hopeful,I was confident that my brother was going to finish college. He was doing so well in his major,269,Nice! What is his major?,4|5|4_5|5|5,
hit:1646_conv:3292,1,hopeful,I bought a lottery ticket last thursday.,9,I went out and bought a lottery ticket last thursday.,5|5|5_5|5|5,
hit:1646_conv:3292,2,hopeful,I bought a lottery ticket last thursday.,243,That's always fun. Did you win any money?,5|5|5_5|5|5,
hit:1646_conv:3292,3,hopeful,I bought a lottery ticket last thursday.,9,Of course I did not_comma_ I will always try.,5|5|5_5|5|5,
hit:1646_conv:3292,4,hopeful,I bought a lottery ticket last thursday.,243,Oh darn. Better luck next time.,5|5|5_5|5|5,
hit:1665_conv:3330,1,hopeful,I pray every night North Korea doesn't bomb us.,4,I pray every night North Korea doesn't bomb us.,5|5|5_5|5|5,
hit:1665_conv:3330,2,hopeful,I pray every night North Korea doesn't bomb us.,27,I think they are just empty threats but you never know.,5|5|5_5|5|5,
hit:1665_conv:3330,3,hopeful,I pray every night North Korea doesn't bomb us.,4,I hope your right.,5|5|5_5|5|5,
hit:1665_conv:3330,4,hopeful,I pray every night North Korea doesn't bomb us.,27,You and me both. ,5|5|5_5|5|5,
hit:1691_conv:3382,1,hopeful,I wish I can get the part I want,267,I wish I can get the part I want,5|5|5_5|5|5,
hit:1691_conv:3382,2,hopeful,I wish I can get the part I want,4,A part in what?,5|5|5_5|5|5,
hit:1691_conv:3382,3,hopeful,I wish I can get the part I want,267,The community play,5|5|5_5|5|5,
hit:1691_conv:3382,4,hopeful,I wish I can get the part I want,4,What play is it?,5|5|5_5|5|5,
hit:1742_conv:3484,1,hopeful,I know the upcoming election is going to turn this country around.,262,I know this upcoming electionis going to change the state of our union.,5|5|5_4|4|5,<POLITICAL>
hit:1742_conv:3484,2,hopeful,I know the upcoming election is going to turn this country around.,226,We will see. Don't worry so much.,5|5|5_4|4|5,
hit:1742_conv:3484,3,hopeful,I know the upcoming election is going to turn this country around.,262,I'm not worried. Im optimistic.,5|5|5_4|4|5,
hit:1742_conv:3484,4,hopeful,I know the upcoming election is going to turn this country around.,226,Good for you. I like a positive attitude.,5|5|5_4|4|5,
hit:1742_conv:3484,5,hopeful,I know the upcoming election is going to turn this country around.,262,I wish more people were positive. Dont you?,5|5|5_4|4|5,
hit:1841_conv:3683,1,hopeful,The only thing I'm attached to these days is my unquenchable lust for success...I love it because it drives me_comma_ compelling me to act creatively without fear and I really pray I never lose it,119,I never want to lose my unquenchable lust for success...I love it because it drives me_comma_ compelling me to act creatively without fear and I never want to lose it,5|5|5_3|5|5,
hit:1841_conv:3683,2,hopeful,The only thing I'm attached to these days is my unquenchable lust for success...I love it because it drives me_comma_ compelling me to act creatively without fear and I really pray I never lose it,50,you sound so motivated_comma_ that's really great! I believe in you,5|5|5_3|5|5,
hit:1841_conv:3683,3,hopeful,The only thing I'm attached to these days is my unquenchable lust for success...I love it because it drives me_comma_ compelling me to act creatively without fear and I really pray I never lose it,119,Thanks I appreciate it...but really it should motivate you to believe in yourself,5|5|5_3|5|5,
hit:1841_conv:3683,4,hopeful,The only thing I'm attached to these days is my unquenchable lust for success...I love it because it drives me_comma_ compelling me to act creatively without fear and I really pray I never lose it,50,It does motivate me too! ,5|5|5_3|5|5,
hit:1886_conv:3773,1,hopeful,I am finally getting paid enough at work to start saving for my retirement.  My future is finally looking good!,277,I am finally getting paid enough at work to start saving for my retirement. My future is finally looking good!,5|5|5_3|4|5,
hit:1886_conv:3773,2,hopeful,I am finally getting paid enough at work to start saving for my retirement.  My future is finally looking good!,271,its never too late,5|5|5_3|4|5,
hit:1886_conv:3773,3,hopeful,I am finally getting paid enough at work to start saving for my retirement.  My future is finally looking good!,277,That is quite true.  I hope most people realize that.,5|5|5_3|4|5,
hit:1886_conv:3773,4,hopeful,I am finally getting paid enough at work to start saving for my retirement.  My future is finally looking good!,271,i for one have not start saving yet,5|5|5_3|4|5,
hit:2145_conv:4291,1,hopeful,that i will find a better job ,11,I am staying very positive that this year even if it is coming close to an end I will find a better job! ,5|5|5_5|5|5,
hit:2145_conv:4291,2,hopeful,that i will find a better job ,296,Great attitude! Yes whatever you put your mind too and work hard at_comma_ will happen!,5|5|5_5|5|5,
hit:2145_conv:4291,3,hopeful,that i will find a better job ,11,Yes it will and thank you for the encouragement! :) ,5|5|5_5|5|5,
hit:2145_conv:4291,4,hopeful,that i will find a better job ,296,You're so welcome! Good luck and I hope it's a great place with a good paycheck!,5|5|5_5|5|5,
hit:2267_conv:4535,1,hopeful,I'm optimistic about my finances. I've been trying hard to pay back the debt on my credit card.,269,I'm optimistic about my finances. I've been trying hard to pay back the debt on my credit card.,5|5|5_5|5|5,
hit:2267_conv:4535,2,hopeful,I'm optimistic about my finances. I've been trying hard to pay back the debt on my credit card.,262,You can do it,5|5|5_5|5|5,
hit:2267_conv:4535,3,hopeful,I'm optimistic about my finances. I've been trying hard to pay back the debt on my credit card.,269,Thank you. I'm trying to take baby steps and make slow progress.,5|5|5_5|5|5,
hit:2267_conv:4535,4,hopeful,I'm optimistic about my finances. I've been trying hard to pay back the debt on my credit card.,262,I'm working on my debt too.,5|5|5_5|5|5,
hit:2333_conv:4666,1,hopeful,I am hopeful for the new pokemon game_comma_ I think it could be good!,10,I am hopeful for the new pokemon game_comma_ I think it could be good!,5|5|5_5|5|5,
hit:2333_conv:4666,2,hopeful,I am hopeful for the new pokemon game_comma_ I think it could be good!,1,I think I haven't play pokemon since Gameboy. What will this new one be about?,5|5|5_5|5|5,
hit:2333_conv:4666,3,hopeful,I am hopeful for the new pokemon game_comma_ I think it could be good!,10,It is a remaster of Yellow version!,5|5|5_5|5|5,
hit:2333_conv:4666,4,hopeful,I am hopeful for the new pokemon game_comma_ I think it could be good!,1,Oh nice. Which one is your starter?,5|5|5_5|5|5,
hit:2345_conv:4690,1,hopeful,I invested 5k in different stocks.,1,I invested 5k in different stocks,5|5|5_5|5|5,
hit:2345_conv:4690,2,hopeful,I invested 5k in different stocks.,385,That's a lot of money_comma_ how did it go?,5|5|5_5|5|5,
hit:2345_conv:4690,3,hopeful,I invested 5k in different stocks.,1,Lost 1k so far. I don't know what I'm doing.,5|5|5_5|5|5,
hit:2345_conv:4690,4,hopeful,I invested 5k in different stocks.,385,That seems unlucky. Was it your first time in the stock market?,5|5|5_5|5|5,
hit:2441_conv:4883,1,hopeful,I was hopeful when the raptors got khawi leonard,238,I was hopeful when the raptors got khawi leonard,5|5|5_4|4|5,
hit:2441_conv:4883,2,hopeful,I was hopeful when the raptors got khawi leonard,126,They might win the east,5|5|5_4|4|5,
hit:2441_conv:4883,3,hopeful,I was hopeful when the raptors got khawi leonard,238,i hope so!,5|5|5_4|4|5,
hit:2441_conv:4883,4,hopeful,I was hopeful when the raptors got khawi leonard,126,They should be pretty good,5|5|5_4|4|5,
hit:2916_conv:5833,1,hopeful,I've been having a sharp pain in my chest lately. Tomorrow_comma_ I go to the doctors and I am optimistic it isn't something too serious...,269,I've been having a sharp pain in my chest lately. Tomorrow_comma_ I go to the doctors and I am optimistic it isn't something too serious...,5|5|5_4|4|4,
hit:2916_conv:5833,2,hopeful,I've been having a sharp pain in my chest lately. Tomorrow_comma_ I go to the doctors and I am optimistic it isn't something too serious...,111,Where on your chest?,5|5|5_4|4|4,
hit:2916_conv:5833,3,hopeful,I've been having a sharp pain in my chest lately. Tomorrow_comma_ I go to the doctors and I am optimistic it isn't something too serious...,269,I think near my lungs_comma_ I'm hopeful it's nothing serious.,5|5|5_4|4|4,
hit:2916_conv:5833,4,hopeful,I've been having a sharp pain in my chest lately. Tomorrow_comma_ I go to the doctors and I am optimistic it isn't something too serious...,111,Hopefully it works out for you,5|5|5_4|4|4,
hit:2942_conv:5884,1,hopeful,I'm not in the best financial situation right now. Hear me out_comma_ these ramen noodles will turn into filet mignon steaks one day!,269,I'm not in the best financial situation right now. Hear me out_comma_ these ramen noodles will turn into filet mignon steaks one day!,5|5|5_5|5|5,
hit:2942_conv:5884,2,hopeful,I'm not in the best financial situation right now. Hear me out_comma_ these ramen noodles will turn into filet mignon steaks one day!,262,Hey. It happened to me. It could happen to you too!,5|5|5_5|5|5,
hit:2942_conv:5884,3,hopeful,I'm not in the best financial situation right now. Hear me out_comma_ these ramen noodles will turn into filet mignon steaks one day!,269,Yeah_comma_ it's not so tasty but I'm very hopeful that hard work will pay off!,5|5|5_5|5|5,
hit:2942_conv:5884,4,hopeful,I'm not in the best financial situation right now. Hear me out_comma_ these ramen noodles will turn into filet mignon steaks one day!,262,Have you ever put butter in your noodles. It elevates them lol,5|5|5_5|5|5,
hit:2942_conv:5884,5,hopeful,I'm not in the best financial situation right now. Hear me out_comma_ these ramen noodles will turn into filet mignon steaks one day!,269,Butter? I need to try that_comma_ I'm just using cheese and chopped vegetables.,5|5|5_5|5|5,
hit:2942_conv:5884,6,hopeful,I'm not in the best financial situation right now. Hear me out_comma_ these ramen noodles will turn into filet mignon steaks one day!,262,I've never used cheese. Learn something new every day.,5|5|5_5|5|5,
hit:3072_conv:6144,1,hopeful,I know my credit isn't the best_comma_ but I think I have enough of a down payment for this house to get a reasonable loan.,1,I know my credit isn't the best_comma_ but I think I have enough of a down payment for this house to get a reasonable loan,5|5|5_5|5|5,
hit:3072_conv:6144,2,hopeful,I know my credit isn't the best_comma_ but I think I have enough of a down payment for this house to get a reasonable loan.,7,If you love the house. go for it.,5|5|5_5|5|5,
hit:3072_conv:6144,3,hopeful,I know my credit isn't the best_comma_ but I think I have enough of a down payment for this house to get a reasonable loan.,1,Oh I definitely will if the loan interest is ok. If not_comma_ I may have to wait.,5|5|5_5|5|5,
hit:3072_conv:6144,4,hopeful,I know my credit isn't the best_comma_ but I think I have enough of a down payment for this house to get a reasonable loan.,7,You need to do some prosmection and you will find the rate interest that you want.,5|5|5_5|5|5,
hit:3206_conv:6412,1,hopeful,I hope I win the lottery.  I really could use the money.  It would be awesome.,160,Well I bought a bunch of scratch offs today.  I really wanna win the lottery.,5|5|5_5|5|5,
hit:3206_conv:6412,2,hopeful,I hope I win the lottery.  I really could use the money.  It would be awesome.,438,Fun!  Those can be addictive for me.  I only get them around Christmas time...not sure why but its a fun stocking stuffer.  Did you win?,5|5|5_5|5|5,
hit:3206_conv:6412,3,hopeful,I hope I win the lottery.  I really could use the money.  It would be awesome.,160,Not yet... I haven't scratched em yet.  I really could use the money I hope I win!,5|5|5_5|5|5,
hit:3206_conv:6412,4,hopeful,I hope I win the lottery.  I really could use the money.  It would be awesome.,438,I hope you win too!  Scratch them now and let me know if you win.  Now I'm excited for you! Hope you hit a big bank!,5|5|5_5|5|5,
hit:3225_conv:6450,1,hopeful,My daughter didnt have a good first year at her new school. I think this year is gon to be better.,262,My daughter didnt have a good first year at her new school.,5|5|5_5|5|5,
hit:3225_conv:6450,2,hopeful,My daughter didnt have a good first year at her new school. I think this year is gon to be better.,296,Thats not good_comma_ I remember bad times at school. What happened?,5|5|5_5|5|5,
hit:3225_conv:6450,3,hopeful,My daughter didnt have a good first year at her new school. I think this year is gon to be better.,262,She didnt make a lot of friends. She is shy,5|5|5_5|5|5,
hit:3225_conv:6450,4,hopeful,My daughter didnt have a good first year at her new school. I think this year is gon to be better.,296,One good friend who you can trust is better than a bunch you can't. It's just part of growing up sometimes. School can be an exercise in mental strength.,5|5|5_5|5|5,
hit:3225_conv:6450,5,hopeful,My daughter didnt have a good first year at her new school. I think this year is gon to be better.,262,Thats what I told her. This year is going to be better,5|5|5_5|5|5,
hit:3225_conv:6450,6,hopeful,My daughter didnt have a good first year at her new school. I think this year is gon to be better.,296,Yes_comma_ I hope she can find her self worth in who she is. It's just part of growing up. It's hard,5|5|5_5|5|5,
hit:3225_conv:6450,7,hopeful,My daughter didnt have a good first year at her new school. I think this year is gon to be better.,262,13 is a tough age for girls,5|5|5_5|5|5,
hit:3561_conv:7123,1,hopeful,I was hopeful i got the job after the interview,452,I think I did very good at my interview. I hope they call me back!,5|5|5_5|5|5,
hit:3561_conv:7123,2,hopeful,I was hopeful i got the job after the interview,49,Good luck. That's always nerve racking waiting for them to call. I'm sure you did well though.,5|5|5_5|5|5,
hit:3561_conv:7123,3,hopeful,I was hopeful i got the job after the interview,452,I have a really good feeling about this place though :),5|5|5_5|5|5,
hit:3561_conv:7123,4,hopeful,I was hopeful i got the job after the interview,49,That is really exciting. I bet since you have a good feeling_comma_ they will call back.,5|5|5_5|5|5,
hit:3589_conv:7179,1,hopeful,I was worried for the future when my friend went on bed rest during her pregnancy. ,378,When my friend went on bed rest during her pregnancy_comma_ I was confident that she would have a healthy baby.,5|5|5_5|5|5,
hit:3589_conv:7179,2,hopeful,I was worried for the future when my friend went on bed rest during her pregnancy. ,269,Is bed rest where you stop working?,5|5|5_5|5|5,
hit:3589_conv:7179,3,hopeful,I was worried for the future when my friend went on bed rest during her pregnancy. ,378,Yes_comma_ but she was concerned about her baby. I was very optimistic for her.,5|5|5_5|5|5,
hit:3589_conv:7179,4,hopeful,I was worried for the future when my friend went on bed rest during her pregnancy. ,269,Me too. If she gets plenty of rest_comma_ the baby will be just fine.,5|5|5_5|5|5,
hit:3595_conv:7191,1,hopeful,I was notified that I might be eligible for some money from rewards program that was offering select few individuals a chance to win $1000.,453,I had a notification that I was eligible to receive a $1000 reward from one of the cards I use. I just had to wait and see what the outcome was in a few weeks.,3|4|4_5|5|5,
hit:3595_conv:7191,2,hopeful,I was notified that I might be eligible for some money from rewards program that was offering select few individuals a chance to win $1000.,64,That sounds like a great deal. Get the money and do something great with it.,3|4|4_5|5|5,
hit:3595_conv:7191,3,hopeful,I was notified that I might be eligible for some money from rewards program that was offering select few individuals a chance to win $1000.,453,It would be great_comma_ but the wait is something you can only keep checking back on to see if there has been progress or not!,3|4|4_5|5|5,
hit:3595_conv:7191,4,hopeful,I was notified that I might be eligible for some money from rewards program that was offering select few individuals a chance to win $1000.,64,Hopefully all goes well. We could use a little cash.,3|4|4_5|5|5,
hit:4116_conv:8233,1,hopeful,I auditioned for a spot on the LA Kings Ice Girls team. I will be so happy if I make it.,243,I auditioned for a spot on the LA Kings Ice girls team.,5|5|5_5|5|5,
hit:4116_conv:8233,2,hopeful,I auditioned for a spot on the LA Kings Ice Girls team. I will be so happy if I make it.,234,Oh? That's pretty interesting! How did it go?,5|5|5_5|5|5,
hit:4116_conv:8233,3,hopeful,I auditioned for a spot on the LA Kings Ice Girls team. I will be so happy if I make it.,243,I think it went really well. I will find out next week if I made it.,5|5|5_5|5|5,
hit:4116_conv:8233,4,hopeful,I auditioned for a spot on the LA Kings Ice Girls team. I will be so happy if I make it.,234,I wish you the best of luck! I bet you did fine,5|5|5_5|5|5,
hit:4173_conv:8347,1,hopeful,I am hoping the new Pokemon game ends up being really good_comma_ I am not sure though,10,I am hoping the new Pokemon game ends up being really good_comma_ I am not sure though,5|5|5_5|4|5,
hit:4173_conv:8347,2,hopeful,I am hoping the new Pokemon game ends up being really good_comma_ I am not sure though,508,I am also not sure about it,5|5|5_5|4|5,
hit:4173_conv:8347,3,hopeful,I am hoping the new Pokemon game ends up being really good_comma_ I am not sure though,10,I may buy it anyway cause I love the series,5|5|5_5|4|5,
hit:4173_conv:8347,4,hopeful,I am hoping the new Pokemon game ends up being really good_comma_ I am not sure though,508,Why do you love this,5|5|5_5|4|5,
hit:4310_conv:8620,1,hopeful,I applied for a better position within my job_comma_ crossing my fingers I hear positive news!,397,I applied for a better position within my job_comma_ crossing my fingers I hear positive news!,5|5|5_5|5|5,
hit:4310_conv:8620,2,hopeful,I applied for a better position within my job_comma_ crossing my fingers I hear positive news!,282,That is great you showed the initiative to apply.  It is common to be a bit nervous.,5|5|5_5|5|5,
hit:4310_conv:8620,3,hopeful,I applied for a better position within my job_comma_ crossing my fingers I hear positive news!,397,Yes_comma_ I'm eager to hear back already,5|5|5_5|5|5,
hit:4310_conv:8620,4,hopeful,I applied for a better position within my job_comma_ crossing my fingers I hear positive news!,282,Just think positive thoughts and I am sure you will get the news shortly,5|5|5_5|5|5,
hit:4361_conv:8722,1,hopeful,my father promised he would come see me on my birthday,445,I kept looking at the door expecting my father to walk in any minute.,5|5|5_5|5|5,
hit:4361_conv:8722,2,hopeful,my father promised he would come see me on my birthday,284,I hope you wasn't to disappointed was you to going to spend time together? ,5|5|5_5|5|5,
hit:4361_conv:8722,3,hopeful,my father promised he would come see me on my birthday,445,Yes_comma_ we was supposed to come see me_comma_ and he never showed.,5|5|5_5|5|5,
hit:4361_conv:8722,4,hopeful,my father promised he would come see me on my birthday,284,A simple call would have been nice hopefully he has a good explanation for this. ,5|5|5_5|5|5,
hit:4476_conv:8952,1,hopeful,i was really banking on getting this job last week,63,i was really banking on getting this job last week that i applied for,5|5|5_5|4|5,
hit:4476_conv:8952,2,hopeful,i was really banking on getting this job last week,322,Oh_comma_ did you end up getting it?,5|5|5_5|4|5,
hit:4476_conv:8952,3,hopeful,i was really banking on getting this job last week,63,i dont think so_comma_ really sad i didnt i was so hoping for it,5|5|5_5|4|5,
hit:4476_conv:8952,4,hopeful,i was really banking on getting this job last week,322,I'm sorry_comma_ it's their loss.,5|5|5_5|4|5,
hit:4511_conv:9022,1,hopeful,Nephew doing great at football this year,389,My nephew is playing 9th grade football this year.,5|5|5_5|5|5,
hit:4511_conv:9022,2,hopeful,Nephew doing great at football this year,9,I dislike football_comma_ very much.,5|5|5_5|5|5,
hit:4511_conv:9022,3,hopeful,Nephew doing great at football this year,389,Sorry :(  I think he is going to do great though!,5|5|5_5|5|5,<IRREGULAR_COLON_FORMAT>
hit:4511_conv:9022,4,hopeful,Nephew doing great at football this year,9,I'm sure he will do great things for you.,5|5|5_5|5|5,
hit:4511_conv:9022,5,hopeful,Nephew doing great at football this year,389,I appreciate it my friend!,5|5|5_5|5|5,
hit:4552_conv:9105,1,hopeful,i had a strong feeling that i will get well,171,trust is the key to everything,4|3|4_5|5|5,
hit:4552_conv:9105,2,hopeful,i had a strong feeling that i will get well,329,That is true,4|3|4_5|5|5,
hit:4552_conv:9105,3,hopeful,i had a strong feeling that i will get well,171,yea when i was admitted in hospital i trusted my medics and eventually i got well,4|3|4_5|5|5,
hit:4552_conv:9105,4,hopeful,i had a strong feeling that i will get well,329,Medics are life savers_comma_ so you must trust them with your life,4|3|4_5|5|5,
hit:4571_conv:9143,1,hopeful,applying for a new job,514,i hope i get this new job,5|5|5_5|5|5,
hit:4571_conv:9143,2,hopeful,applying for a new job,55,What job did you apply to then?,5|5|5_5|5|5,
hit:4571_conv:9143,3,hopeful,applying for a new job,514,a general worker_comma_ but i dont feel confident about it.,5|5|5_5|5|5,
hit:4571_conv:9143,4,hopeful,applying for a new job,55,I'm sure you'll get the job_comma_ buddy!,5|5|5_5|5|5,
hit:4839_conv:9678,1,hopeful,I wanted to hold out and see if I got a bonus. The bonus would allow me and my family to take a vacation,506,I wanted to hold out and see if I got a bonus.,5|5|5_5|5|5,
hit:4839_conv:9678,2,hopeful,I wanted to hold out and see if I got a bonus. The bonus would allow me and my family to take a vacation,225,Did you end up getting one?,5|5|5_5|5|5,
hit:4839_conv:9678,3,hopeful,I wanted to hold out and see if I got a bonus. The bonus would allow me and my family to take a vacation,506,I did_comma_ the family was able to take a vacation with it,5|5|5_5|5|5,
hit:4839_conv:9678,4,hopeful,I wanted to hold out and see if I got a bonus. The bonus would allow me and my family to take a vacation,225,Nice_comma_ where did you go?,5|5|5_5|5|5,
hit:4977_conv:9955,1,hopeful,I'm hopeful for America's future. I feel like we will soon all come together as one!,448,A lot of people have doubts_comma_ but I'm really hopeful for America's future!,5|5|5_5|5|5,
hit:4977_conv:9955,2,hopeful,I'm hopeful for America's future. I feel like we will soon all come together as one!,524,i am too_comma_ i think we are headed in a better direction!,5|5|5_5|5|5,
hit:4977_conv:9955,3,hopeful,I'm hopeful for America's future. I feel like we will soon all come together as one!,448,I agree_comma_ soon we will all come together as one and settle our differences!,5|5|5_5|5|5,
hit:4977_conv:9955,4,hopeful,I'm hopeful for America's future. I feel like we will soon all come together as one!,524,i hope so_comma_ we are def the greatest nation in the world,5|5|5_5|5|5,
hit:5054_conv:10108,1,hopeful,I'm pretty hopeful this year in my college football team to do really well. Go Buckeyes!,448,I'm pretty hopeful this year for my college football team to place top 5!,5|5|5_4|4|5,
hit:5054_conv:10108,2,hopeful,I'm pretty hopeful this year in my college football team to do really well. Go Buckeyes!,278,Nice_comma_ what team is that you are rooting for?,5|5|5_4|4|5,
hit:5054_conv:10108,3,hopeful,I'm pretty hopeful this year in my college football team to do really well. Go Buckeyes!,448,OSU Buckeyes_comma_ do you have a favorite team?,5|5|5_4|4|5,
hit:5054_conv:10108,4,hopeful,I'm pretty hopeful this year in my college football team to do really well. Go Buckeyes!,278,No_comma_ I really dont follow sports much.,5|5|5_4|4|5,
hit:5177_conv:10355,1,hopeful,I am feeling this way in hopes that I get into grad school.,123,I really hope I get accepted into grad school.,5|5|5_5|5|5,
hit:5177_conv:10355,2,hopeful,I am feeling this way in hopes that I get into grad school.,301,Wow thats super exciting.  I hope you do too.  What would you go for?,5|5|5_5|5|5,
hit:5177_conv:10355,3,hopeful,I am feeling this way in hopes that I get into grad school.,123,Thank you_comma_ I am planning to go for Counselor Education(School Counselor),5|5|5_5|5|5,
hit:5177_conv:10355,4,hopeful,I am feeling this way in hopes that I get into grad school.,301,Very nice.  I think youll get it.  I believe in you,5|5|5_5|5|5,
hit:5353_conv:10706,1,hopeful,That everything will turn out to be okay with my health. ,11,I am staying positive that my blood results will come back okay.,5|5|5_5|5|5,
hit:5353_conv:10706,2,hopeful,That everything will turn out to be okay with my health. ,262,what are you being tested for?,5|5|5_5|5|5,
hit:5353_conv:10706,3,hopeful,That everything will turn out to be okay with my health. ,11,My health in general. I havent had a check up in 10 years and have been feeling off. ,5|5|5_5|5|5,
hit:5353_conv:10706,4,hopeful,That everything will turn out to be okay with my health. ,262,Well I hope you are okay? Did the doctor hint at anything?,5|5|5_5|5|5,
hit:5368_conv:10736,1,hopeful,One day I will have everything I want in life.,220,One day I will have everything I want out of life_comma_ that makes the hard times easier to live now.,5|5|5_5|5|5,
hit:5368_conv:10736,2,hopeful,One day I will have everything I want in life.,537,I agree_comma_ it is good to have something to look forward to. ,5|5|5_5|5|5,
hit:5368_conv:10736,3,hopeful,One day I will have everything I want in life.,220,If there isn't_comma_ what's the point of life?,5|5|5_5|5|5,
hit:5368_conv:10736,4,hopeful,One day I will have everything I want in life.,537,I completely agree,5|5|5_5|5|5,
hit:5390_conv:10781,1,hopeful,I am ordering up some nachos for lunch. I heard this new place I am ordering from is very good!,291,I am getting lunch today and it will be great!,5|5|5_5|5|4,
hit:5390_conv:10781,2,hopeful,I am ordering up some nachos for lunch. I heard this new place I am ordering from is very good!,537,Where are you getting lunch?,5|5|5_5|5|4,
hit:5390_conv:10781,3,hopeful,I am ordering up some nachos for lunch. I heard this new place I am ordering from is very good!,291,I am ordering the nachos from a new restaraunt!,5|5|5_5|5|4,
hit:5390_conv:10781,4,hopeful,I am ordering up some nachos for lunch. I heard this new place I am ordering from is very good!,537,That sounds fun! Are you going with anyone?,5|5|5_5|5|4,
hit:5390_conv:10781,5,hopeful,I am ordering up some nachos for lunch. I heard this new place I am ordering from is very good!,291,My girlfriend!,5|5|5_5|5|4,
hit:5402_conv:10805,1,hopeful,Ive been talking to this girl that I like.  Im going to ask her out on a date tonight.  I think she'll say yes,301,Im pretty nervous_comma_ and i need some positive thoughts sent my way.,5|5|5_5|5|5,
hit:5402_conv:10805,2,hopeful,Ive been talking to this girl that I like.  Im going to ask her out on a date tonight.  I think she'll say yes,297,What do you have coming up? Ill keep you in mind.,5|5|5_5|5|5,
hit:5402_conv:10805,3,hopeful,Ive been talking to this girl that I like.  Im going to ask her out on a date tonight.  I think she'll say yes,301,Ive been talking to this girl that I like and I think I’m going to finally work up the courage to ask her out on a date.  I think that she will say yes!,5|5|5_5|5|5,
hit:5402_conv:10805,4,hopeful,Ive been talking to this girl that I like.  Im going to ask her out on a date tonight.  I think she'll say yes,297,Just have confidence. It sounds like you already know the outcome. If she says no just dont make a big deal out it.,5|5|5_5|5|5,
hit:5586_conv:11172,1,hopeful,I'll be giving my first speech in a long time next weekend.,1,I'll be giving my first speech in a long time next weekend.,5|5|5_5|5|5,
hit:5586_conv:11172,2,hopeful,I'll be giving my first speech in a long time next weekend.,104,That can be scary! Do you feel prepared?,5|5|5_5|5|5,
hit:5586_conv:11172,3,hopeful,I'll be giving my first speech in a long time next weekend.,1,I'm terrified of public speaking. I'm not sure!,5|5|5_5|5|5,
hit:5586_conv:11172,4,hopeful,I'll be giving my first speech in a long time next weekend.,104,You'll be okay! Use the age old public speaking advice_comma_ picture everyone in their underwear! Good luck!,5|5|5_5|5|5,
hit:5818_conv:11636,1,hopeful,i was hoping to win the lottery last night,238,i was hoping to win the lottery last night,5|5|5_5|5|5,
hit:5818_conv:11636,2,hopeful,i was hoping to win the lottery last night,59,And did you?,5|5|5_5|5|5,
hit:5818_conv:11636,3,hopeful,i was hoping to win the lottery last night,238,nope :(,5|5|5_5|5|5,<IRREGULAR_COLON_FORMAT>
hit:5818_conv:11636,4,hopeful,i was hoping to win the lottery last night,59,Sorry to hear that. Unfortunately lottery winning is a very small probability. ,5|5|5_5|5|5,
hit:5833_conv:11667,1,hopeful,My dog is having surgery on his leg.  I am confident he will recover.,322,My dog is having surgery on his leg.,4|5|5_5|5|5,
hit:5833_conv:11667,2,hopeful,My dog is having surgery on his leg.  I am confident he will recover.,59,Oh poor dog! I hope he is okay!,4|5|5_5|5|5,
hit:5833_conv:11667,3,hopeful,My dog is having surgery on his leg.  I am confident he will recover.,322,I am confident he will recover.,4|5|5_5|5|5,
hit:5833_conv:11667,4,hopeful,My dog is having surgery on his leg.  I am confident he will recover.,59,I am glad to hear that. I hate seeing animals suffer.,4|5|5_5|5|5,
hit:5911_conv:11822,1,hopeful,I am waiting for my medical tests to come back. I am confident they will come back okay.,322,I am waiting for my medical tests to come back.,5|5|5_4|5|5,
hit:5911_conv:11822,2,hopeful,I am waiting for my medical tests to come back. I am confident they will come back okay.,549,Are you worried and nervous?,5|5|5_4|5|5,
hit:5911_conv:11822,3,hopeful,I am waiting for my medical tests to come back. I am confident they will come back okay.,322,Somewhat_comma_ but I am confident they will come back okay.,5|5|5_4|5|5,
hit:5911_conv:11822,4,hopeful,I am waiting for my medical tests to come back. I am confident they will come back okay.,549,I hope they do and everything is ok,5|5|5_4|5|5,
hit:5959_conv:11919,1,hopeful,am still expecting a call from the new company i applied a job from. i did very well in the interview_comma_ i believe i will get the job,25,am still expecting a call from the new company i to an interview for. i still believe i will get the job,4|4|4_5|5|5,
hit:5959_conv:11919,2,hopeful,am still expecting a call from the new company i applied a job from. i did very well in the interview_comma_ i believe i will get the job,225,I hope it works out for you then.,4|4|4_5|5|5,
hit:5959_conv:11919,3,hopeful,am still expecting a call from the new company i applied a job from. i did very well in the interview_comma_ i believe i will get the job,25,yes it will_comma_ i have strong believe,4|4|4_5|5|5,
hit:5959_conv:11919,4,hopeful,am still expecting a call from the new company i applied a job from. i did very well in the interview_comma_ i believe i will get the job,225,Well stick in there and you'll go far.,4|4|4_5|5|5,
hit:6030_conv:12061,1,hopeful,I just started a new book_comma_ and I really want it to be good. I hope it is.,422,I just started this new book about the American Revolution. It's not something I usually read about_comma_ so I hope it's good.,5|5|5_5|5|5,
hit:6030_conv:12061,2,hopeful,I just started a new book_comma_ and I really want it to be good. I hope it is.,448,That's cool_comma_ I'm not too familiar with it myself.  Is it pretty interesting so far?,5|5|5_5|5|5,
hit:6030_conv:12061,3,hopeful,I just started a new book_comma_ and I really want it to be good. I hope it is.,422,So far it is. I really think it's going to be a great book.,5|5|5_5|5|5,
hit:6030_conv:12061,4,hopeful,I just started a new book_comma_ and I really want it to be good. I hope it is.,448,It's always nice to get lost in a good book.  One of my favorite hobbies.,5|5|5_5|5|5,
hit:6097_conv:12194,1,hopeful,I have faith the Eagles will be good this year_comma_ I hope it goes well!,10,I have faith the Eagles will be good this year_comma_ I hope it goes well!,5|5|5_5|5|5,
hit:6097_conv:12194,2,hopeful,I have faith the Eagles will be good this year_comma_ I hope it goes well!,209,Well I hope they play well for you :),5|5|5_5|5|5,
hit:6097_conv:12194,3,hopeful,I have faith the Eagles will be good this year_comma_ I hope it goes well!,10,Thank you_comma_ I get a bit too invested sometimes,5|5|5_5|5|5,
hit:6097_conv:12194,4,hopeful,I have faith the Eagles will be good this year_comma_ I hope it goes well!,209,It happens sometimes...I get fired up watching the Lakers play lol.,5|5|5_5|5|5,
hit:6309_conv:12619,1,hopeful,I applied for a job at my son's school. I am really counting on getting it.,243,I applied for a job at my son's school.,5|5|5_5|5|5,
hit:6309_conv:12619,2,hopeful,I applied for a job at my son's school. I am really counting on getting it.,321,thats great i hope you get it !,5|5|5_5|5|5,
hit:6309_conv:12619,3,hopeful,I applied for a job at my son's school. I am really counting on getting it.,243,Thanks. I am really counting on it.,5|5|5_5|5|5,
hit:6309_conv:12619,4,hopeful,I applied for a job at my son's school. I am really counting on getting it.,321,Money is always good_comma_ and you will be near your son hopefully he does not find it embarrassing _comma_ u know how kids are    ,5|5|5_5|5|5,
hit:6458_conv:12916,1,hopeful,I want to get a new job.,196,I want to get a new job.,5|5|5_5|5|5,
hit:6458_conv:12916,2,hopeful,I want to get a new job.,117,What kind of job do you want?,5|5|5_5|5|5,
hit:6458_conv:12916,3,hopeful,I want to get a new job.,196,a high payign one!,5|5|5_5|5|5,
hit:6458_conv:12916,4,hopeful,I want to get a new job.,117,You and me both! Nothing wrong with making some more bread!,5|5|5_5|5|5,
hit:6458_conv:12916,5,hopeful,I want to get a new job.,196,Actually - I love to bake. o if I could make big dough while making bread that would be perfect :-),5|5|5_5|5|5,
hit:6545_conv:13090,1,hopeful,I'm planning on going out to a party this evening. I want to meet a new girlfriend and think maye there'll be someone there.,217,I'm planning on going out to a party this evening. I want to meet a new girlfriend and think there might be a good girl there.,5|5|5_5|5|5,
hit:6545_conv:13090,2,hopeful,I'm planning on going out to a party this evening. I want to meet a new girlfriend and think maye there'll be someone there.,11,I bet your chances are high. Party at a friends or family?,5|5|5_5|5|5,
hit:6545_conv:13090,3,hopeful,I'm planning on going out to a party this evening. I want to meet a new girlfriend and think maye there'll be someone there.,217,It's a friend's party.,5|5|5_5|5|5,
hit:6545_conv:13090,4,hopeful,I'm planning on going out to a party this evening. I want to meet a new girlfriend and think maye there'll be someone there.,11,cool well i hope you get what you want ,5|5|5_5|5|5,
hit:6823_conv:13646,1,hopeful,i got a yoga mat for free at work today. i'm thinking about trying it out,463,i got a yoga mat for free at work today. i'm thinking about trying it out,5|5|5_5|5|5,
hit:6823_conv:13646,2,hopeful,i got a yoga mat for free at work today. i'm thinking about trying it out,318,Very cool! Have you ever done yoga before or would this be a first time?,5|5|5_5|5|5,
hit:6823_conv:13646,3,hopeful,i got a yoga mat for free at work today. i'm thinking about trying it out,463,this would be my first time,5|5|5_5|5|5,
hit:6823_conv:13646,4,hopeful,i got a yoga mat for free at work today. i'm thinking about trying it out,318,Cool!  I've heard it can be tough but I think it would be fun to try out!,5|5|5_5|5|5,
hit:6823_conv:13646,5,hopeful,i got a yoga mat for free at work today. i'm thinking about trying it out,463,i am up for the challenge i think.,5|5|5_5|5|5,
hit:6990_conv:13981,1,hopeful,i think the braves have a great shot at winning it all this year,524,the braves have a shot this year!,5|5|5_5|5|5,
hit:6990_conv:13981,2,hopeful,i think the braves have a great shot at winning it all this year,469,Yeah? How much of a chance do you think they have?,5|5|5_5|5|5,
hit:6990_conv:13981,3,hopeful,i think the braves have a great shot at winning it all this year,524,i think a very good shot_comma_ they are young though,5|5|5_5|5|5,
hit:6990_conv:13981,4,hopeful,i think the braves have a great shot at winning it all this year,469,That would be awesome! I hope they do too!,5|5|5_5|5|5,
hit:7001_conv:14003,1,hopeful,MMA shows tomorrow night,389,Taking my nephew to a show tomorrow,5|5|5_5|5|5,
hit:7001_conv:14003,2,hopeful,MMA shows tomorrow night,123,What show?,5|5|5_5|5|5,
hit:7001_conv:14003,3,hopeful,MMA shows tomorrow night,389,It's an MMA show!  I hope he has fun!  I know I will be!,5|5|5_5|5|5,
hit:7001_conv:14003,4,hopeful,MMA shows tomorrow night,123,That sounds fun_comma_ those are always exciting.,5|5|5_5|5|5,
hit:7001_conv:14003,5,hopeful,MMA shows tomorrow night,389,Yeah I'm pumped to go.  I think he'll enjoy it!,5|5|5_5|5|5,
hit:7102_conv:14205,1,hopeful,I really pray my Christmas bonus comes in this year.,4,I really pray my Christmas bonus comes in this year.,5|5|5_5|5|5,
hit:7102_conv:14205,2,hopeful,I really pray my Christmas bonus comes in this year.,63,is there a chance you wont?,5|5|5_5|5|5,
hit:7102_conv:14205,3,hopeful,I really pray my Christmas bonus comes in this year.,4,Yes_comma_ there is.,5|5|5_5|5|5,
hit:7102_conv:14205,4,hopeful,I really pray my Christmas bonus comes in this year.,63,hopefully you get it,5|5|5_5|5|5,
hit:7390_conv:14781,1,hopeful,im hoping to win the lottery tonight,238,im hoping to win the lottery tonight,5|5|5_5|5|5,
hit:7390_conv:14781,2,hopeful,im hoping to win the lottery tonight,1,Nice. How many tickets did ya get?,5|5|5_5|5|5,
hit:7390_conv:14781,3,hopeful,im hoping to win the lottery tonight,238,all i need is ONE!,5|5|5_5|5|5,
hit:7390_conv:14781,4,hopeful,im hoping to win the lottery tonight,1,Good luck! How'd you choose the numbers?,5|5|5_5|5|5,
hit:7425_conv:14851,1,hopeful,i really want to see what my husband and i will accomplish by the end of the year,463,i really want to see what my husband and i will accomplish by the end of the year,5|5|5_5|5|5,
hit:7425_conv:14851,2,hopeful,i really want to see what my husband and i will accomplish by the end of the year,56,In what areas?,5|5|5_5|5|5,
hit:7425_conv:14851,3,hopeful,i really want to see what my husband and i will accomplish by the end of the year,463,financially and personally,5|5|5_5|5|5,
hit:7425_conv:14851,4,hopeful,i really want to see what my husband and i will accomplish by the end of the year,56,I hope that you all meet and exceed your goals.  It's great to have goals to work towards.,5|5|5_5|5|5,
hit:7425_conv:14851,5,hopeful,i really want to see what my husband and i will accomplish by the end of the year,463,we are trying. i hope we can accomplish things together ,5|5|5_5|5|5,
hit:7519_conv:15039,1,hopeful,I feel weird since yesterday.... I better not be getting sick,397,I feel weird since yesterday.... I better not be getting sick,5|5|5_5|5|5,
hit:7519_conv:15039,2,hopeful,I feel weird since yesterday.... I better not be getting sick,445,uh oh_comma_ thats no good_comma_ do you have any sick days to take form work?,5|5|5_5|5|5,
hit:7519_conv:15039,3,hopeful,I feel weird since yesterday.... I better not be getting sick,397,Yes I do but I was hoping to save them for something else sadly,5|5|5_5|5|5,
hit:7519_conv:15039,4,hopeful,I feel weird since yesterday.... I better not be getting sick,445,uh oh_comma_ so you just gonna drink a bunch of coffee?,5|5|5_5|5|5,
hit:7519_conv:15039,5,hopeful,I feel weird since yesterday.... I better not be getting sick,397,LOL no! If I feel horrible I will just take them,5|5|5_5|5|5,
hit:7744_conv:15488,1,hopeful,I'm meeting a girl for a date at the zoo this afternoon.,244,I'm meeting a girl for a date at the zoo this afternoon.,5|5|5_4|5|5,
hit:7744_conv:15488,2,hopeful,I'm meeting a girl for a date at the zoo this afternoon.,466,Awesome first date! Hopefully it goes well for you.,5|5|5_4|5|5,
hit:7744_conv:15488,3,hopeful,I'm meeting a girl for a date at the zoo this afternoon.,244,I'm optimistic. I think its going to go well.,5|5|5_4|5|5,
hit:7744_conv:15488,4,hopeful,I'm meeting a girl for a date at the zoo this afternoon.,466,What's your favorite exhibit at the zoo?,5|5|5_4|5|5,
hit:7744_conv:15488,5,hopeful,I'm meeting a girl for a date at the zoo this afternoon.,244,I like the reptile exhibit.  I'm a fan of snakes. ,5|5|5_4|5|5,
hit:7755_conv:15510,1,hopeful,I'm planning to buy a house in 2 years,52,I'm planning to buy a house in 2 years. Right now we live in a small apartment but i really want a nice house with a big backyard!,5|5|5_5|5|5,
hit:7755_conv:15510,2,hopeful,I'm planning to buy a house in 2 years,409,That sounds wonderful! I'm sure you,5|5|5_5|5|5,
hit:7755_conv:15510,3,hopeful,I'm planning to buy a house in 2 years,52,thank you! I've been working really hard for the past 3 years so i hope we will find a right house ,5|5|5_5|5|5,
hit:7755_conv:15510,4,hopeful,I'm planning to buy a house in 2 years,409,I am sure you will get there_comma_ I meant to say. Don't rush or settle and I am sure you will find something perfect. We bought our first house on Friday!,5|5|5_5|5|5,
hit:8383_conv:16767,1,hopeful,I hope that my children have better lives than I have had.,225,I hope that my children have better lives than I have had.,5|5|5_5|5|5,
hit:8383_conv:16767,2,hopeful,I hope that my children have better lives than I have had.,321,i dont have kids _comma_ but i feel the same way u do if i had kids that is,5|5|5_5|5|5,
hit:8383_conv:16767,3,hopeful,I hope that my children have better lives than I have had.,225,Everything I do is for them.,5|5|5_5|5|5,
hit:8383_conv:16767,4,hopeful,I hope that my children have better lives than I have had.,321,thats the way it should be _comma_ they are the future,5|5|5_5|5|5,
hit:8842_conv:17685,1,hopeful,I think I will get my debt paid off sooner.,220,I think I will get my debt paid off sooner than I originally planned!,5|5|5_5|5|5,
hit:8842_conv:17685,2,hopeful,I think I will get my debt paid off sooner.,288,That's so awesome! What a huge relief that must be. ,5|5|5_5|5|5,
hit:8842_conv:17685,3,hopeful,I think I will get my debt paid off sooner.,220,It's a huge relief but I need to make sure everything goes as planned or it won't happen.,5|5|5_5|5|5,
hit:8842_conv:17685,4,hopeful,I think I will get my debt paid off sooner.,288,Keep focused! You can do it! Being debt free is an amazing feeling!,5|5|5_5|5|5,
hit:8864_conv:17728,1,hopeful,I just recently applied for my dream college. I want to get in very badly,506,I just recently applied for my dream college,5|5|5_5|5|5,
hit:8864_conv:17728,2,hopeful,I just recently applied for my dream college. I want to get in very badly,387,That is so awesome_comma_ have you been accepted yet/,5|5|5_5|5|5,
hit:8864_conv:17728,3,hopeful,I just recently applied for my dream college. I want to get in very badly,506,Not yet_comma_ but I hope i do!,5|5|5_5|5|5,
hit:8864_conv:17728,4,hopeful,I just recently applied for my dream college. I want to get in very badly,387,I hope you do too! Applying is a huge step in the right direction!,5|5|5_5|5|5,
hit:8926_conv:17852,1,hopeful,I just moved to a new city. i am looking forward to having a new start. ,226,I just moved to a new city. i am looking forward to having a new start. ,4|5|5_5|5|5,
hit:8926_conv:17852,2,hopeful,I just moved to a new city. i am looking forward to having a new start. ,343,Congratulations! It's not easy moving to a new place_comma_ but it's great fun getting to know your new home!,4|5|5_5|5|5,
hit:8926_conv:17852,3,hopeful,I just moved to a new city. i am looking forward to having a new start. ,226,Yes it is. im so optimistic that things will be better for me now that i took a chance and left my old life. ,4|5|5_5|5|5,
hit:8926_conv:17852,4,hopeful,I just moved to a new city. i am looking forward to having a new start. ,343,That takes a lot of courage. I'm proud of you! I moved last year and it's both fun and scary at the same time,4|5|5_5|5|5,
hit:8990_conv:17980,1,hopeful,i'm going to the doctor on thursday i'm very worried,463,i'm going to the doctor on thursday i'm very worried but i'm trying to stay calm,5|5|5_5|5|5,
hit:8990_conv:17980,2,hopeful,i'm going to the doctor on thursday i'm very worried,478,Oh my! I hope that it goes well!,5|5|5_5|5|5,
hit:8990_conv:17980,3,hopeful,i'm going to the doctor on thursday i'm very worried,463,i hope so too. i'm trying not to loose my mind in the mean time.,5|5|5_5|5|5,
hit:8990_conv:17980,4,hopeful,i'm going to the doctor on thursday i'm very worried,478,I'm sure it will be ok. It's probably nothing. ,5|5|5_5|5|5,
hit:8990_conv:17980,5,hopeful,i'm going to the doctor on thursday i'm very worried,463,i hope so. i just want to feel better. thank you for your kindness.,5|5|5_5|5|5,
hit:9122_conv:18244,1,hopeful,i hope to win the lottery this friday,238,i hope to win the lottery this friday,5|5|5_5|5|5,
hit:9122_conv:18244,2,hopeful,i hope to win the lottery this friday,1,How much is the jackpot?,5|5|5_5|5|5,
hit:9122_conv:18244,3,hopeful,i hope to win the lottery this friday,238,230 million,5|5|5_5|5|5,
hit:9122_conv:18244,4,hopeful,i hope to win the lottery this friday,1,That is a whole lot of money!,5|5|5_5|5|5,
hit:9283_conv:18566,1,hopeful,maybe if I believe hard enough i can get this job,445,If I ust believe it hard enough in my heart then its mine!,5|5|5_2|2|1,
hit:9283_conv:18566,2,hopeful,maybe if I believe hard enough i can get this job,322,That is a good way to think.,5|5|5_2|2|1,
hit:9283_conv:18566,3,hopeful,maybe if I believe hard enough i can get this job,445,thats right_comma_ I try to be as confident as possible.,5|5|5_2|2|1,
hit:9283_conv:18566,4,hopeful,maybe if I believe hard enough i can get this job,322,I like your positive attitude!,5|5|5_2|2|1,
hit:9312_conv:18625,1,hopeful,Going on a picnic next weekend and wishing the weather is good.,332,I'm going out to a picnic like thing with some friends next weekend. Fingers crossed the weather stays nice.,5|5|5_5|5|5,
hit:9312_conv:18625,2,hopeful,Going on a picnic next weekend and wishing the weather is good.,55,That sounds really relaxing and nice.,5|5|5_5|5|5,
hit:9312_conv:18625,3,hopeful,Going on a picnic next weekend and wishing the weather is good.,332,Yeah that is exactly what I am hoping it is! haha,5|5|5_5|5|5,
hit:9312_conv:18625,4,hopeful,Going on a picnic next weekend and wishing the weather is good.,55,Well hopefully it doesn't rain or anything.,5|5|5_5|5|5,
hit:10075_conv:20150,1,hopeful,My water heater is busted. I got the line on a great plumber whos reputable and they can do it tomorrow. Looking forward to it being done by the end of the weekend.,302,It's been a rough day! My water heater is busted. Fortunately I got a plumber coming in that can fix it over the weekend.,5|5|5_5|5|5,
hit:10075_conv:20150,2,hopeful,My water heater is busted. I got the line on a great plumber whos reputable and they can do it tomorrow. Looking forward to it being done by the end of the weekend.,580,Dang that's a definite mood killer. At least you've got a fix on the way.,5|5|5_5|5|5,
hit:10075_conv:20150,3,hopeful,My water heater is busted. I got the line on a great plumber whos reputable and they can do it tomorrow. Looking forward to it being done by the end of the weekend.,302,Yeah_comma_ it's rare in my area to get work done over the weekend. I'm thinking it could be done by monday_comma_ fingers crossed!,5|5|5_5|5|5,
hit:10075_conv:20150,4,hopeful,My water heater is busted. I got the line on a great plumber whos reputable and they can do it tomorrow. Looking forward to it being done by the end of the weekend.,580,One can only hope!,5|5|5_5|5|5,
hit:10715_conv:21431,1,hopeful,my cat was sick at the vet but I was told in a dream that he was going to be ok_comma_ and I was very hopeful of that,563,I had a really good night last night after a lot of stress,5|5|5_4|4|5,
hit:10715_conv:21431,2,hopeful,my cat was sick at the vet but I was told in a dream that he was going to be ok_comma_ and I was very hopeful of that,754,It's always good to unwind after a tough day. How did you celebrate?,5|5|5_4|4|5,
hit:10715_conv:21431,3,hopeful,my cat was sick at the vet but I was told in a dream that he was going to be ok_comma_ and I was very hopeful of that,563,well my cat is really sick at the vet and the vet said he only has a week to live. but I had a dream that he would be ok_comma_ and now I believe it :),5|5|5_4|4|5,
hit:10715_conv:21431,4,hopeful,my cat was sick at the vet but I was told in a dream that he was going to be ok_comma_ and I was very hopeful of that,754,Erm. Well_comma_ I hope that comes true for you. Betting better can sometimes be more about believing it. Maybe your cat believe he is fine.,5|5|5_4|4|5,
hit:10715_conv:21431,5,hopeful,my cat was sick at the vet but I was told in a dream that he was going to be ok_comma_ and I was very hopeful of that,563,he is fine and will be fine_comma_ thank you. I trust my dreams,5|5|5_4|4|5,
hit:10715_conv:21431,6,hopeful,my cat was sick at the vet but I was told in a dream that he was going to be ok_comma_ and I was very hopeful of that,754,Good.,5|5|5_4|4|5,<UNIGRAM>
hit:10715_conv:21431,7,hopeful,my cat was sick at the vet but I was told in a dream that he was going to be ok_comma_ and I was very hopeful of that,563,how's your cat?,5|5|5_4|4|5,
hit:10715_conv:21431,8,hopeful,my cat was sick at the vet but I was told in a dream that he was going to be ok_comma_ and I was very hopeful of that,754,My cat is doing good. : ) He's gained some weight_comma_ since I trimmed his fur. NO more hairballs.,5|5|5_4|4|5,
hit:10922_conv:21845,1,hopeful,I'm going to visit friends out of town this weekend.  I'm hoping that we have as good of a time as we've had in previous years.,349,This weekend I'm going on a road trip to visit friends who live 8 hours away.,5|5|5_5|5|5,
hit:10922_conv:21845,2,hopeful,I'm going to visit friends out of town this weekend.  I'm hoping that we have as good of a time as we've had in previous years.,290,I love road trips_comma_ sounds like a good time.,5|5|5_5|5|5,
hit:10922_conv:21845,3,hopeful,I'm going to visit friends out of town this weekend.  I'm hoping that we have as good of a time as we've had in previous years.,349,This will be our third year going.  I'm hoping that it will be as good as it has in previous years.,5|5|5_5|5|5,
hit:10922_conv:21845,4,hopeful,I'm going to visit friends out of town this weekend.  I'm hoping that we have as good of a time as we've had in previous years.,290,Hope you have a nice trip_comma_ It's good to have things to look forward to. ,5|5|5_5|5|5,
hit:11295_conv:22591,1,hopeful,I remember applying for college and waiting for an acceptance letter. I didn't know if I would get accepted but I always was optimistic about getting in.  One day  I checked the mail and they letter was right there.  I was one happy camper. ,808,I checked the mail box one day and had a letter from a University I wanted to go to. ,3|4|5_5|5|5,
hit:11295_conv:22591,2,hopeful,I remember applying for college and waiting for an acceptance letter. I didn't know if I would get accepted but I always was optimistic about getting in.  One day  I checked the mail and they letter was right there.  I was one happy camper. ,248,hey that's awesome! You won't have to steal money like me. Which University was it?,3|4|5_5|5|5,
hit:11295_conv:22591,3,hopeful,I remember applying for college and waiting for an acceptance letter. I didn't know if I would get accepted but I always was optimistic about getting in.  One day  I checked the mail and they letter was right there.  I was one happy camper. ,808,Texas Christian University TCU. But the stealing thing is going catch up to you. ,3|4|5_5|5|5,
hit:11295_conv:22591,4,hopeful,I remember applying for college and waiting for an acceptance letter. I didn't know if I would get accepted but I always was optimistic about getting in.  One day  I checked the mail and they letter was right there.  I was one happy camper. ,248,Oh a Christian University that is nice. Well I needed my drugs,3|4|5_5|5|5,
hit:11295_conv:22591,5,hopeful,I remember applying for college and waiting for an acceptance letter. I didn't know if I would get accepted but I always was optimistic about getting in.  One day  I checked the mail and they letter was right there.  I was one happy camper. ,808,The only thing christian about TCU is the name. I'm on scholarship. ,3|4|5_5|5|5,
hit:11295_conv:22591,6,hopeful,I remember applying for college and waiting for an acceptance letter. I didn't know if I would get accepted but I always was optimistic about getting in.  One day  I checked the mail and they letter was right there.  I was one happy camper. ,248,oh okay that's good. I should apply because of my diabetes insulin is expensive. ,3|4|5_5|5|5,
hit:11484_conv:22968,1,hopeful,My firends mom has cancer and we are not sure how long she has,46,we just found out my friends mom has cancer,4|3|4_4|5|5,
hit:11484_conv:22968,2,hopeful,My firends mom has cancer and we are not sure how long she has,641,That's so unfortunate. My condolences. Is there anything you can do to help?,4|3|4_4|5|5,
hit:11484_conv:22968,3,hopeful,My firends mom has cancer and we are not sure how long she has,46,I dont think so but we all have been parying,4|3|4_4|5|5,
hit:11484_conv:22968,4,hopeful,My firends mom has cancer and we are not sure how long she has,641,I wish your friends mom all the best. A miracle could happen!,4|3|4_4|5|5,
hit:11550_conv:23100,1,hopeful,I put a bid in for a new house! I don't know yet if I got it but I'm looking forward to hearing about it soon.,652,Last week I put in a bid to purchase my first home!,5|5|5_5|5|5,
hit:11550_conv:23100,2,hopeful,I put a bid in for a new house! I don't know yet if I got it but I'm looking forward to hearing about it soon.,438,That's amazing!  Did you get i?,5|5|5_5|5|5,
hit:11550_conv:23100,3,hopeful,I put a bid in for a new house! I don't know yet if I got it but I'm looking forward to hearing about it soon.,652,I haven't heard yet. I would really like to get it_comma_ but I have to wait to see.,5|5|5_5|5|5,
hit:11550_conv:23100,4,hopeful,I put a bid in for a new house! I don't know yet if I got it but I'm looking forward to hearing about it soon.,438,Waiting is the worst!  Well_comma_ whatever happens is meant to be.  I wish you luck and success with your house!,5|5|5_5|5|5,
hit:11733_conv:23467,1,hopeful,I feel great about the future of my brother.,748,My brother is going to do great things!,5|5|5_5|5|5,
hit:11733_conv:23467,2,hopeful,I feel great about the future of my brother.,59,I sure hope so_comma_ do you think he is a determined and intelligent person?,5|5|5_5|5|5,
hit:11733_conv:23467,3,hopeful,I feel great about the future of my brother.,748,Yup_comma_ he is super dertimined too!,5|5|5_5|5|5,
hit:11733_conv:23467,4,hopeful,I feel great about the future of my brother.,59,Nice_comma_ you must be proud of him being your brother.,5|5|5_5|5|5,
hit:12026_conv:24053,1,hopeful,I applied for a new job at a law firm. I really really need to get this job.,243,I applied for a job at a new law firm.,5|5|5_5|5|5,
hit:12026_conv:24053,2,hopeful,I applied for a new job at a law firm. I really really need to get this job.,580,Did you get any news back?,5|5|5_5|5|5,
hit:12026_conv:24053,3,hopeful,I applied for a new job at a law firm. I really really need to get this job.,243,Not yet_comma_ but I really really need this job.,5|5|5_5|5|5,
hit:12026_conv:24053,4,hopeful,I applied for a new job at a law firm. I really really need to get this job.,580,I hope you do get the job_comma_ you deserve it!,5|5|5_5|5|5,
hit:12142_conv:24285,1,hopeful,I put in an application for a new home and I am really wishing to get it! I've searched everywhere for a home like this!,99,I put in an application for a new home and I am really wishing to get it! ,5|5|5_5|5|5,
hit:12142_conv:24285,2,hopeful,I put in an application for a new home and I am really wishing to get it! I've searched everywhere for a home like this!,203,That is exciting!   How long will it take before they give you and answer?,5|5|5_5|5|5,
hit:12142_conv:24285,3,hopeful,I put in an application for a new home and I am really wishing to get it! I've searched everywhere for a home like this!,99,I'm not sure but I have searched everywhere for a home like this_comma_ I will be so upset if I don't get it.,5|5|5_5|5|5,
hit:12142_conv:24285,4,hopeful,I put in an application for a new home and I am really wishing to get it! I've searched everywhere for a home like this!,203,I hope everything goes great and you get your new home!,5|5|5_5|5|5,
hit:12265_conv:24531,1,hopeful,My kids are joing a co-op this year. I am hoping they will enjoy it.,683,My husband and I signed our kids up for a co-op this year. I really hope they enjoy it.,5|5|5_5|5|5,
hit:12265_conv:24531,2,hopeful,My kids are joing a co-op this year. I am hoping they will enjoy it.,524,what is co-op?,5|5|5_5|5|5,
hit:12265_conv:24531,3,hopeful,My kids are joing a co-op this year. I am hoping they will enjoy it.,683,This co-op is for homeschoolers. Its one day a week where the kids go and learn with other homeschool kids. ,5|5|5_5|5|5,
hit:12265_conv:24531,4,hopeful,My kids are joing a co-op this year. I am hoping they will enjoy it.,524,Oh that is really neat! i hope they like it,5|5|5_5|5|5,
hit:12355_conv:24710,1,hopeful,I'm looking forward to the raise I'll be getting in feb.,225,I'll be getting a raise in February and I'm really looking forward to it.,5|5|5_5|5|5,
hit:12355_conv:24710,2,hopeful,I'm looking forward to the raise I'll be getting in feb.,853,That's great! What percentage are you thinking you'll be getting?,5|5|5_5|5|5,
hit:12355_conv:24710,3,hopeful,I'm looking forward to the raise I'll be getting in feb.,225,It's nearly 25%_comma_ it's going to make things a lot easier.,5|5|5_5|5|5,
hit:12355_conv:24710,4,hopeful,I'm looking forward to the raise I'll be getting in feb.,853,That's really good then. I'm sure it will help you financially,5|5|5_5|5|5,
hit:1789_conv:3579,1,hopeful,that I'll get to visit the south side and eat my favorite take out,188,I can't wait to travel south to get my favorite take out. Can't find it here.,5|5|5_5|5|5,
hit:1789_conv:3579,3,hopeful,that I'll get to visit the south side and eat my favorite take out,188,About an hour. But it'll be worth it.,5|5|5_5|5|5,
hit:1887_conv:3774,1,hopeful,One day is ... One more day of learning_comma_ one more day to smile_comma_ one more day to give a hug_comma_ a day to make someone happy,264,today I think today is a day to learn_comma_ to hug_comma_ to smile_comma_ to make someone happy,4|5|5_5|5|5,
hit:1887_conv:3774,3,hopeful,One day is ... One more day of learning_comma_ one more day to smile_comma_ one more day to give a hug_comma_ a day to make someone happy,264,that's right ... but I dedicate an hour to do that_comma_ to my children I kiss them_comma_ my neighbor smiled at him and from life I try to learn something,4|5|5_5|5|5,
hit:1887_conv:3774,5,hopeful,One day is ... One more day of learning_comma_ one more day to smile_comma_ one more day to give a hug_comma_ a day to make someone happy,264,It makes me feel good that my reflection serves you ... I send you a smile,4|5|5_5|5|5,
hit:1924_conv:3849,1,hopeful,I interviewed for a job and thought the interview went decent.  I just had to wait to hear back from them.,310,I went for a job interview_comma_ and it seemed to go pretty well.,5|5|5_5|5|5,
hit:1924_conv:3849,3,hopeful,I interviewed for a job and thought the interview went decent.  I just had to wait to hear back from them.,310,It should be a couple weeks_comma_ assuming they go at the pace they said they would.,5|5|5_5|5|5,
hit:3099_conv:6198,1,hopeful,I felt that the future looked bright after I found my first job,437,Getting my first job felt like I had a lot more freedom with my life,5|5|5_5|5|5,
hit:3099_conv:6198,3,hopeful,I felt that the future looked bright after I found my first job,437,Dairy Queen_comma_ it was the only restaurant in my town,5|5|5_5|5|5,
hit:3099_conv:6198,5,hopeful,I felt that the future looked bright after I found my first job,437,True_comma_ most of my friends worked there too so it wasn't too boring.,5|5|5_5|5|5,
hit:3099_conv:6198,7,hopeful,I felt that the future looked bright after I found my first job,437,Yeah_comma_ so there wasn't too much of a pressure to work really hard_comma_ it wasn't too busy either,5|5|5_5|5|5,
hit:3596_conv:7192,1,hopeful,I am very hopeful to go on vacation this summer,456,I hope that this summer I can go to Florida with my family,3|5|5_5|5|5,
hit:3596_conv:7192,3,hopeful,I am very hopeful to go on vacation this summer,456,Summer is not over until Labor Day! We still have the whole month of August!!,3|5|5_5|5|5,
hit:3596_conv:7192,5,hopeful,I am very hopeful to go on vacation this summer,456,Summer can be over in July for teachers sometimes. Are you a teacher?,3|5|5_5|5|5,
hit:4912_conv:9824,1,hopeful,I just applied for graduate school! I feel good about my chances!,320,I just applied for graduate school! I feel good about my chances!,5|5|5_5|5|5,
hit:4912_conv:9824,3,hopeful,I just applied for graduate school! I feel good about my chances!,320,Thank you! I am very excited! It is quite unsettling though.,5|5|5_5|5|5,
hit:5608_conv:11217,1,hopeful,I have a feeling that I'll be doing much better with college homework this semester!,466,College is starting soon and I'm feeling like I'll be able to stay on top of homework this semester!,3|5|5_5|5|5,
hit:5608_conv:11217,3,hopeful,I have a feeling that I'll be doing much better with college homework this semester!,466,It probably will be_comma_ as I'm studying engineering. I feel confident that I won't procrastinate as much this time though!,3|5|5_5|5|5,
hit:5785_conv:11571,1,hopeful,I guess i will be selected as a next team leader ,270,I guess i will be the next team leader,4|4|5_4|4|3,
hit:5785_conv:11571,3,hopeful,I guess i will be selected as a next team leader ,270,Yes. I was expecting that very much.,4|4|5_4|4|3,
hit:10540_conv:21080,1,hopeful,After my wife left me_comma_ i've been trying to better myself and have a prosperous future. I'm looking to make positive changes and am optimistic about the future.,290,When my wife left me_comma_ i felt worthless and like giving up on life to be honest_comma_ I've since started making some positive changes and and more optimistic ,5|5|5_5|5|5,
hit:10540_conv:21080,3,hopeful,After my wife left me_comma_ i've been trying to better myself and have a prosperous future. I'm looking to make positive changes and am optimistic about the future.,290,Well_comma_ Like the saying goes_comma_ get busy living or get busy dying. I'm not sure if i'll ever find someone i truly love but life goes on!,5|5|5_5|5|5,
hit:11323_conv:22647,1,hopeful,I'm starting a new job tomorrow. I'm feeling really nervous_comma_ but optimistic.,816,My new job is starting tomorrow. I'm feeling nervous_comma_ but really optimistic about it.,5|5|4_5|5|5,
hit:11323_conv:22647,3,hopeful,I'm starting a new job tomorrow. I'm feeling really nervous_comma_ but optimistic.,816,It's a job they opened up for graphic design! I'm super excited to get started and learn more from them.,5|5|4_5|5|5,
hit:11328_conv:22657,1,hopeful,I got a call about job with a good company that is in my line of work.,804,I got a call about job with a good company that is in my line of work.,4|5|5_5|5|5,
hit:11328_conv:22657,3,hopeful,I got a call about job with a good company that is in my line of work.,804,No_comma_ but I have the necessary experience_comma_ and I'm optimistic that it will work out.,4|5|5_5|5|5,
hit:12331_conv:24663,1,hopeful,I felt like the future was looking bright when I got my lisence,437,Getting my driver's license was a freeing experience,5|5|5_5|5|5,
hit:12331_conv:24663,3,hopeful,I felt like the future was looking bright when I got my lisence,437,Yeah_comma_ that was a while ago_comma_ cars are great in a lot of situationsz!,5|5|5_5|5|5,
hit:2_conv:4,1,faithful,I have always been loyal to my wife.,4,I have never cheated on my wife.,3|3|5_2|4|4,
hit:2_conv:4,2,faithful,I have always been loyal to my wife.,5,And thats something you should never do_comma_ good on you. ,3|3|5_2|4|4,
hit:2_conv:4,3,faithful,I have always been loyal to my wife.,4,Yea it hasn't been easy but I am proud I haven't,3|3|5_2|4|4,
hit:2_conv:4,4,faithful,I have always been loyal to my wife.,5,What do you mean it hasn't been easy? How close have you come to cheating? ,3|3|5_2|4|4,
hit:77_conv:155,1,faithful,when someone tried to get me to go out to a bar behind my spouses back ,11,A friend tried to get me to go out to a bar and hang out behind my spouses back... ,4|5|5_3|4|4,
hit:77_conv:155,2,faithful,when someone tried to get me to go out to a bar behind my spouses back ,46,Did you tell your spouse? I really think they should know.,4|5|5_3|4|4,
hit:77_conv:155,3,faithful,when someone tried to get me to go out to a bar behind my spouses back ,11,I havent yet_comma_ but I agree with you I should. I just dont want them to be upset with my friends. ,4|5|5_3|4|4,
hit:77_conv:155,4,faithful,when someone tried to get me to go out to a bar behind my spouses back ,46,Some would consider it cheating if you did not tell them.,4|5|5_3|4|4,
hit:77_conv:155,5,faithful,when someone tried to get me to go out to a bar behind my spouses back ,11,I would too. Deff need to. ,4|5|5_3|4|4,
hit:176_conv:353,1,faithful,I had one time where I was at a party and a girl started to act really flirty with me and we were both kinda drunk. I had a girlfriend at the time so I made sure to let her know so that she didn't get the wrong idea.,55,One time I was at this party and a girl started to get really touchy feely and flirting with me_comma_ but I had a girlfriend at the time.,4|5|5_5|5|5,
hit:176_conv:353,2,faithful,I had one time where I was at a party and a girl started to act really flirty with me and we were both kinda drunk. I had a girlfriend at the time so I made sure to let her know so that she didn't get the wrong idea.,10,what did you do?,4|5|5_5|5|5,
hit:176_conv:353,3,faithful,I had one time where I was at a party and a girl started to act really flirty with me and we were both kinda drunk. I had a girlfriend at the time so I made sure to let her know so that she didn't get the wrong idea.,55,I was way too close to my girlfriend to do anything_comma_ so I just let her know that I was in a relationship so that she wouldn't get the wrong idea.,4|5|5_5|5|5,
hit:176_conv:353,4,faithful,I had one time where I was at a party and a girl started to act really flirty with me and we were both kinda drunk. I had a girlfriend at the time so I made sure to let her know so that she didn't get the wrong idea.,10,that was the right move!,4|5|5_5|5|5,
hit:182_conv:364,1,faithful,I have been faithful to my long time girlfriend. I would never cheat on her,10,I have a girlfriend_comma_ and I would never cheat on her,5|5|5_5|5|5,
hit:182_conv:364,2,faithful,I have been faithful to my long time girlfriend. I would never cheat on her,8,That is an amazing thing. Being cheated on is one of the worst things that can happen when ones enters a bond like a relationship.,5|5|5_5|5|5,
hit:182_conv:364,3,faithful,I have been faithful to my long time girlfriend. I would never cheat on her,10,I agree_comma_ I am not sure how people can do that to each other,5|5|5_5|5|5,
hit:182_conv:364,4,faithful,I have been faithful to my long time girlfriend. I would never cheat on her,8,I am sure that you two will have a happy and loving life together especially if she reciprocates your desire to never cheat. ,5|5|5_5|5|5,
hit:301_conv:602,1,faithful,I have always been loyal to my Girlfriend. She means so much to me and when some others tried to rip me from her to get me i told them to go away and removed them from my life.,68,I always feel loyality is the strongest thing in a relationship.,5|5|5_5|5|5,
hit:301_conv:602,2,faithful,I have always been loyal to my Girlfriend. She means so much to me and when some others tried to rip me from her to get me i told them to go away and removed them from my life.,4,I agree completely.,5|5|5_5|5|5,
hit:301_conv:602,3,faithful,I have always been loyal to my Girlfriend. She means so much to me and when some others tried to rip me from her to get me i told them to go away and removed them from my life.,68,My girlfriend makes me so happy just why would i want to destroy that.,5|5|5_5|5|5,
hit:301_conv:602,4,faithful,I have always been loyal to my Girlfriend. She means so much to me and when some others tried to rip me from her to get me i told them to go away and removed them from my life.,4,Where did you meet her?,5|5|5_5|5|5,
hit:600_conv:1201,1,faithful,when i worked for two months and expected nothing,193,i worked for two months and expected nothing_comma_ but i wasn't disturbed_comma_ i had passion for what i was doing,5|5|3_5|5|5,
hit:600_conv:1201,2,faithful,when i worked for two months and expected nothing,188,I wonder what was the work you were doing so passionately?,5|5|3_5|5|5,
hit:600_conv:1201,3,faithful,when i worked for two months and expected nothing,193,Making clothes for a company ,5|5|3_5|5|5,
hit:600_conv:1201,4,faithful,when i worked for two months and expected nothing,188,That's interesting. You must be very talented,5|5|3_5|5|5,
hit:726_conv:1452,1,faithful,I promised my wife I wouldn't drink alcohol and I haven't in 1 year,210,i have not had beer in a year since I promised my wife i wouldn't,3|4|5_4|4|4,
hit:726_conv:1452,2,faithful,I promised my wife I wouldn't drink alcohol and I haven't in 1 year,189,I don't even take beer,3|4|5_4|4|4,
hit:726_conv:1452,3,faithful,I promised my wife I wouldn't drink alcohol and I haven't in 1 year,210,Amazing_comma_ do you take other types of alcohol? I haven't tasted any other as well,3|4|5_4|4|4,
hit:726_conv:1452,4,faithful,I promised my wife I wouldn't drink alcohol and I haven't in 1 year,189,Nooo_comma_  the first time I took it_comma_  I misbehaved,3|4|5_4|4|4,
hit:755_conv:1510,1,faithful,Working in another country for a year. Going to save up to marry my girlfriend.,1,Working in another country for a year. Going to save up to marry my girlfriend,5|5|5_5|5|5,
hit:755_conv:1510,2,faithful,Working in another country for a year. Going to save up to marry my girlfriend.,221,I have always wanted to work abroad. What work are you doing there?,5|5|5_5|5|5,
hit:755_conv:1510,3,faithful,Working in another country for a year. Going to save up to marry my girlfriend.,1,marketing actually.,5|5|5_5|5|5,
hit:755_conv:1510,4,faithful,Working in another country for a year. Going to save up to marry my girlfriend.,221,Cool. And congrats on your future engagement!,5|5|5_5|5|5,
hit:968_conv:1937,1,faithful,I will always be married to my wife.,9,My wife and I will always be married to each other.,5|5|5_5|5|5,
hit:968_conv:1937,2,faithful,I will always be married to my wife.,4,Oh_comma_ that does not seem very nice.,5|5|5_5|5|5,
hit:968_conv:1937,3,faithful,I will always be married to my wife.,9,That is great news.,5|5|5_5|5|5,
hit:968_conv:1937,4,faithful,I will always be married to my wife.,4,Yes_comma_ she and I have a bond that will be unbreakable.,5|5|5_5|5|5,
hit:1010_conv:2020,1,faithful,I have always been faithful to my grilfriend of 2.5 years,10,I have always been faithful to my girlfriend of 2.5 years,5|5|5_5|5|5,
hit:1010_conv:2020,2,faithful,I have always been faithful to my grilfriend of 2.5 years,27,That's nice. Hard to find nowadays.,5|5|5_5|5|5,
hit:1010_conv:2020,3,faithful,I have always been faithful to my grilfriend of 2.5 years,10,That is for sure_comma_ you see so many bad stories around the enws and people,5|5|5_5|5|5,
hit:1010_conv:2020,4,faithful,I have always been faithful to my grilfriend of 2.5 years,27,I know. I wish things were better!,5|5|5_5|5|5,
hit:1013_conv:2027,1,faithful,I have always been faithful to my girlfriend of 2.5 years,10,I have always been faithful to my girlfriend of 2.5 years,2|4|4_4|4|4,
hit:1013_conv:2027,2,faithful,I have always been faithful to my girlfriend of 2.5 years,27,congratulations. marry her,2|4|4_4|4|4,
hit:1013_conv:2027,3,faithful,I have always been faithful to my girlfriend of 2.5 years,10,I am thinking about it_comma_ we are still young,2|4|4_4|4|4,
hit:1013_conv:2027,4,faithful,I have always been faithful to my girlfriend of 2.5 years,27,then maybe you should cheat.,2|4|4_4|4|4,
hit:1336_conv:2672,1,faithful,I will always cheer for the New York Jets.,4,I will always cheer for the New York Jets.,5|5|5_5|5|5,
hit:1336_conv:2672,2,faithful,I will always cheer for the New York Jets.,269,Why? Are you from New York?,5|5|5_5|5|5,
hit:1336_conv:2672,3,faithful,I will always cheer for the New York Jets.,4,Yes. Born and raised.,5|5|5_5|5|5,
hit:1336_conv:2672,4,faithful,I will always cheer for the New York Jets.,269,Nice_comma_ do you play football too?,5|5|5_5|5|5,
hit:1417_conv:2834,1,faithful,I felt faithful when my cats were sick and needed palliative care.,296,I was by all of my cats sides when a few passed away this past year giving palliative care when they were so sick. I didn't give up on them until they were ready to go,5|5|5_5|5|5,
hit:1417_conv:2834,2,faithful,I felt faithful when my cats were sick and needed palliative care.,11,you did the right thing... do you foster them or are they yours since kittens? ,5|5|5_5|5|5,
hit:1417_conv:2834,3,faithful,I felt faithful when my cats were sick and needed palliative care.,296,A few were seniors..others..too young but had been with me for a few years. It's been a rough year but I will always take care of them even when it's hard for me- They deserve it.,5|5|5_5|5|5,
hit:1417_conv:2834,4,faithful,I felt faithful when my cats were sick and needed palliative care.,11,really kind of you! ,5|5|5_5|5|5,
hit:1825_conv:3651,1,faithful,I knew I could believe in my dad. He assured me he was going to find me a truck,126,I knew my dad could help me find a new truck. I just believed in him,4|5|4_5|5|5,
hit:1825_conv:3651,2,faithful,I knew I could believe in my dad. He assured me he was going to find me a truck,340,Well_comma_ it is a good thing you had so much faith in your father.,4|5|4_5|5|5,
hit:1825_conv:3651,3,faithful,I knew I could believe in my dad. He assured me he was going to find me a truck,126,He always came through it seems,4|5|4_5|5|5,
hit:1825_conv:3651,4,faithful,I knew I could believe in my dad. He assured me he was going to find me a truck,340,It is good you had someone so reliable in your life.,4|5|4_5|5|5,
hit:2074_conv:4149,1,faithful,Many years ago_comma_ my ex-wife and I were having marriage problems.  I was away for training_comma_ and one of my friends who went with me and I became very close_comma_ but nothing ever happened.,85,A while back_comma_ my ex-wife and I were having marriage problems.  To make things worse_comma_ my work sent another woman and I away for training for a few months.,1|2|4_5|5|5,
hit:2074_conv:4149,2,faithful,Many years ago_comma_ my ex-wife and I were having marriage problems.  I was away for training_comma_ and one of my friends who went with me and I became very close_comma_ but nothing ever happened.,350,Sometimes destiny has strange ways of manifesting itself.,1|2|4_5|5|5,
hit:2074_conv:4149,3,faithful,Many years ago_comma_ my ex-wife and I were having marriage problems.  I was away for training_comma_ and one of my friends who went with me and I became very close_comma_ but nothing ever happened.,85,I wouldn't call it destiny at all.  The whole time I was away_comma_ my wife thought I might had used this as an opportunity to have an affair since that other woman and I were close_comma_ but we didn't.,1|2|4_5|5|5,
hit:2074_conv:4149,4,faithful,Many years ago_comma_ my ex-wife and I were having marriage problems.  I was away for training_comma_ and one of my friends who went with me and I became very close_comma_ but nothing ever happened.,350,Try to conquer your wife again_comma_ it's never too late for a second chance_comma_ the love of our lives makes it worth the effort.,1|2|4_5|5|5,
hit:2168_conv:4336,1,faithful,I had faith my dad was going to get better in the hospital. It was just a feeling I had,126,I knew my dad was going to heal. He was in the hospital but I had a good feeling,4|5|4_4|5|5,
hit:2168_conv:4336,2,faithful,I had faith my dad was going to get better in the hospital. It was just a feeling I had,296,Oh thank goodness! If I may ask_comma_ what was he in the hospital for?,4|5|4_4|5|5,
hit:2168_conv:4336,3,faithful,I had faith my dad was going to get better in the hospital. It was just a feeling I had,126,He had a weird stomach rash,4|5|4_4|5|5,
hit:2168_conv:4336,4,faithful,I had faith my dad was going to get better in the hospital. It was just a feeling I had,296,Was it anything serious? So many things can go wrong with out bodies!,4|5|4_4|5|5,
hit:2169_conv:4339,1,faithful,I've always tried to be loyal to my family.,225,I've always tried to be good to my family.,5|5|5_5|5|5,
hit:2169_conv:4339,2,faithful,I've always tried to be loyal to my family.,27,Did something bad happen?,5|5|5_5|5|5,
hit:2169_conv:4339,3,faithful,I've always tried to be loyal to my family.,225,No_comma_ I just do this because I see so many others not treating their families right.,5|5|5_5|5|5,
hit:2169_conv:4339,4,faithful,I've always tried to be loyal to my family.,27,That is true. It is sad.,5|5|5_5|5|5,
hit:2378_conv:4757,1,faithful,My dog is getting really old. He's always been there for me_comma_ so I'm going to take care of this little guy as best I can in his last days.,1,My dog is getting really old. He's always been there for me_comma_ so I'm going to take care of this little guy as best I can in his last days.,5|5|5_5|5|5,
hit:2378_conv:4757,2,faithful,My dog is getting really old. He's always been there for me_comma_ so I'm going to take care of this little guy as best I can in his last days.,152,I'm sorry to hear that but he is lucky to have you.,5|5|5_5|5|5,
hit:2378_conv:4757,3,faithful,My dog is getting really old. He's always been there for me_comma_ so I'm going to take care of this little guy as best I can in his last days.,1,It's ok. I am lucky to have him as well.,5|5|5_5|5|5,
hit:2378_conv:4757,4,faithful,My dog is getting really old. He's always been there for me_comma_ so I'm going to take care of this little guy as best I can in his last days.,152,Yes you are_comma_ I'm sorry to hear about you losing them.,5|5|5_5|5|5,
hit:2571_conv:5142,1,faithful,I will always stay with my husband no matter what,237,I will always stay with my husband no matter what_comma_ be faithful because I vowed during marriage to be,5|5|5_3|5|5,
hit:2571_conv:5142,2,faithful,I will always stay with my husband no matter what,397,I feel the same as long as I am treated with respect,5|5|5_3|5|5,
hit:2571_conv:5142,3,faithful,I will always stay with my husband no matter what,237,Well_comma_ as a religious woman I feel it's non contestable_comma_ you pray for your partner even if he about to err,5|5|5_3|5|5,
hit:2571_conv:5142,4,faithful,I will always stay with my husband no matter what,397,That is interesting,5|5|5_3|5|5,
hit:2636_conv:5272,1,faithful,He that finds  wife finds a good thing!,25,Never regretted it one bit _comma_amidst the spate of marital problems these days,3|4|3_5|5|5,
hit:2636_conv:5272,2,faithful,He that finds  wife finds a good thing!,188,Good for you. Don't live with regrets. Learn from mistakes and move on.,3|4|3_5|5|5,
hit:2636_conv:5272,3,faithful,He that finds  wife finds a good thing!,25,Sure_comma_ I call it synchronizing....,3|4|3_5|5|5,
hit:2636_conv:5272,4,faithful,He that finds  wife finds a good thing!,188,That's a weird term to use,3|4|3_5|5|5,
hit:2841_conv:5683,1,faithful,I just knew things would work out for me when it came to getting into a school. I had worked hard for it,126,I knew I was going to get into a school that I wanted. I just worked hard for it to happen,4|5|4_5|5|5,
hit:2841_conv:5683,2,faithful,I just knew things would work out for me when it came to getting into a school. I had worked hard for it,320,That's awesome! Congratulations! Are you in college?,4|5|4_5|5|5,
hit:2841_conv:5683,3,faithful,I just knew things would work out for me when it came to getting into a school. I had worked hard for it,126,No it was awhile back_comma_ but its a good memory,4|5|4_5|5|5,
hit:2841_conv:5683,4,faithful,I just knew things would work out for me when it came to getting into a school. I had worked hard for it,320,That is a wonderful memory. What school did you attend?,4|5|4_5|5|5,
hit:3022_conv:6044,1,faithful,I love going to the gym. In the past 3-4 years I haven't skipped a single workout.,286,I've been going to the gym for the last 3-4 years and haven't missed a single workout.,5|5|5_5|5|5,
hit:3022_conv:6044,2,faithful,I love going to the gym. In the past 3-4 years I haven't skipped a single workout.,250,Now that's dedication!,5|5|5_5|5|5,
hit:3022_conv:6044,3,faithful,I love going to the gym. In the past 3-4 years I haven't skipped a single workout.,286,Oh yeah. Being dedicated and consistent is what will get you the furthest when it comes to fitness! I feel great!,5|5|5_5|5|5,
hit:3022_conv:6044,4,faithful,I love going to the gym. In the past 3-4 years I haven't skipped a single workout.,250,Keep it up. One day you might appear in a fitness magazine. ,5|5|5_5|5|5,
hit:3142_conv:6285,1,faithful,I was married to my wife for thirty years_comma_ and even though she has passed I can't bring myself to date anyone else.,294,I was married to my wife for thirty years_comma_ and even though she has passed I can't bring myself to date anyone else.,5|5|5_5|5|5,
hit:3142_conv:6285,2,faithful,I was married to my wife for thirty years_comma_ and even though she has passed I can't bring myself to date anyone else.,209,After being married for that long_comma_ I really don't blame you. Do you want to move on and find someone else?,5|5|5_5|5|5,
hit:3142_conv:6285,3,faithful,I was married to my wife for thirty years_comma_ and even though she has passed I can't bring myself to date anyone else.,294,I don't_comma_ but my kids keep telling me to try it out.  I just feel like it's cheating and I can't stand the thought of it.,5|5|5_5|5|5,
hit:3142_conv:6285,4,faithful,I was married to my wife for thirty years_comma_ and even though she has passed I can't bring myself to date anyone else.,209,Well_comma_ if that's how you feel then maybe it is best if you stay in the dugout and don't play the field. No shame in that.,5|5|5_5|5|5,
hit:3328_conv:6656,1,faithful,I rejected an offer from a competitor company and wanted to stay in my current organisation out of loyalty,155,One of competitor companies made me an offer to join them_comma_ but i rejected it and wanted to stay in my current organization out of loyalty,5|5|5_2|4|5,
hit:3328_conv:6656,2,faithful,I rejected an offer from a competitor company and wanted to stay in my current organisation out of loyalty,440,That sounds like you were confident in your decision. Did you think it through?,5|5|5_2|4|5,
hit:3328_conv:6656,3,faithful,I rejected an offer from a competitor company and wanted to stay in my current organisation out of loyalty,155,Indeed. I like my workplace_comma_ benefits and the overall atmosphere here. I think i made a wise choice to stay,5|5|5_2|4|5,
hit:3328_conv:6656,4,faithful,I rejected an offer from a competitor company and wanted to stay in my current organisation out of loyalty,440,That sounds like you were happy with the decision that you made. ,5|5|5_2|4|5,
hit:3539_conv:7079,1,faithful,trust your friends,311,good friends always helps you in every up and down situation without any expectation ,4|4|4_2|2|2,
hit:3539_conv:7079,2,faithful,trust your friends,346,You have to have a good friend though for any help. Without a friend there is not help.,4|4|4_2|2|2,
hit:3539_conv:7079,3,faithful,trust your friends,311,yes my friend help me ,4|4|4_2|2|2,
hit:3539_conv:7079,4,faithful,trust your friends,346,You are lucky to have a friend willing to help.,4|4|4_2|2|2,
hit:3616_conv:7233,1,faithful,I felt good when I go into the church. I pray with all the people in there and that is an experience.,291,Hi friend_comma_ I like to go to church and pray.,4|5|5_5|5|5,<HI>
hit:3616_conv:7233,2,faithful,I felt good when I go into the church. I pray with all the people in there and that is an experience.,64,That's great. The community aspect of church is fun.,4|5|5_5|5|5,
hit:3616_conv:7233,3,faithful,I felt good when I go into the church. I pray with all the people in there and that is an experience.,291,I agree. The people in the church are also very nice.,4|5|5_5|5|5,
hit:3616_conv:7233,4,faithful,I felt good when I go into the church. I pray with all the people in there and that is an experience.,64,Yes_comma_ that's probably true. I bet they are very happy_comma_ too.,4|5|5_5|5|5,
hit:3735_conv:7471,1,faithful,I am hoping to get approved for promotion. I went to church to pray about it.,291,I went to church and everything this week. Maybe I will be blessed in my career!,5|5|5_5|5|5,
hit:3735_conv:7471,2,faithful,I am hoping to get approved for promotion. I went to church to pray about it.,139,I hope that does good things for you. They say if you believe in something enough it comes true.,5|5|5_5|5|5,
hit:3735_conv:7471,3,faithful,I am hoping to get approved for promotion. I went to church to pray about it.,291,Oh I am a believer then!,5|5|5_5|5|5,
hit:3735_conv:7471,4,faithful,I am hoping to get approved for promotion. I went to church to pray about it.,139,I can't say it has worked for me though. I have believed myself a ruler of the world but still live in this box.,5|5|5_5|5|5,
hit:3859_conv:7719,1,faithful,I've been with my employer for 8 years. They're going through a tough time now_comma_ and I'm trying to do my best although the work has been really hectic.,1,I've been with my employer for 8 years. They're going through a tough time now_comma_ and I'm trying to do my best although the work has been really hectic,5|5|5_5|5|5,
hit:3859_conv:7719,2,faithful,I've been with my employer for 8 years. They're going through a tough time now_comma_ and I'm trying to do my best although the work has been really hectic.,27,Are they going to shut down?,5|5|5_5|5|5,
hit:3859_conv:7719,3,faithful,I've been with my employer for 8 years. They're going through a tough time now_comma_ and I'm trying to do my best although the work has been really hectic.,1,Business has been really bad. I'm hoping for miracle_comma_ but it doesn't look good.,5|5|5_5|5|5,
hit:3859_conv:7719,4,faithful,I've been with my employer for 8 years. They're going through a tough time now_comma_ and I'm trying to do my best although the work has been really hectic.,27,I hope it works out. i don't want anyone to be out of work.,5|5|5_5|5|5,
hit:3864_conv:7729,1,faithful,I was so tempted to kiss the girl last night_comma_ But I am married.,445,When the girl leaned in for a kiss all I could see was my beautiful wife whom I love.,5|5|5_5|5|5,
hit:3864_conv:7729,2,faithful,I was so tempted to kiss the girl last night_comma_ But I am married.,1,The girl is your wife_comma_ correct?,5|5|5_5|5|5,
hit:3864_conv:7729,3,faithful,I was so tempted to kiss the girl last night_comma_ But I am married.,445,No she wasnt_comma_  But I knew I could never kiss her.,5|5|5_5|5|5,
hit:3864_conv:7729,4,faithful,I was so tempted to kiss the girl last night_comma_ But I am married.,1,That's a relief! Your wife is a lucky lady.,5|5|5_5|5|5,
hit:3986_conv:7973,1,faithful,I just knew my dad was going to get better. He had the flu but I knew he would get better,126,I knew my dad would pull through when he had the flu in a bad way. I just had faith,4|5|5_5|5|5,
hit:3986_conv:7973,2,faithful,I just knew my dad was going to get better. He had the flu but I knew he would get better,64,I am glad that he did. It is always good to stay hopeful.,4|5|5_5|5|5,
hit:3986_conv:7973,3,faithful,I just knew my dad was going to get better. He had the flu but I knew he would get better,126,Yeah_comma_ it was scary but good in the end,4|5|5_5|5|5,
hit:3986_conv:7973,4,faithful,I just knew my dad was going to get better. He had the flu but I knew he would get better,64,That's great. Health scares are very real and scary.,4|5|5_5|5|5,
hit:4250_conv:8501,1,faithful,So... I go to church every Sunday.  I never miss.,160,So... I go to church every Sunday.  I never miss.,5|5|5_5|5|5,
hit:4250_conv:8501,2,faithful,So... I go to church every Sunday.  I never miss.,4,That is good_comma_ you must be very religious.,5|5|5_5|5|5,
hit:4250_conv:8501,3,faithful,So... I go to church every Sunday.  I never miss.,160,I am.. I really am.  I pray often and do things for the needy people of the world.,5|5|5_5|5|5,
hit:4250_conv:8501,4,faithful,So... I go to church every Sunday.  I never miss.,4,That is very nice of you to help those that are needy.,5|5|5_5|5|5,
hit:4519_conv:9038,1,faithful,Getting married this fall,389,I'm getting married this fall!,5|5|5_5|5|5,
hit:4519_conv:9038,2,faithful,Getting married this fall,43,Wow_comma_ congrats on my behalf.,5|5|5_5|5|5,
hit:4519_conv:9038,3,faithful,Getting married this fall,389,Hey thanks!  We've been together for about 5 years and I've never cheated on her,5|5|5_5|5|5,
hit:4519_conv:9038,4,faithful,Getting married this fall,43,It's lovely. Be a happy couple. live long together!,5|5|5_5|5|5,
hit:4519_conv:9038,5,faithful,Getting married this fall,389,Thank you!  Will do!,5|5|5_5|5|5,
hit:4793_conv:9587,1,faithful,I have been working hard at my job. There is a promotion that I want to get!,291,I have been working so hard on my job!,5|5|5_5|5|5,
hit:4793_conv:9587,2,faithful,I have been working hard at my job. There is a promotion that I want to get!,99,Oh really_comma_ good for you!,5|5|5_5|5|5,
hit:4793_conv:9587,3,faithful,I have been working hard at my job. There is a promotion that I want to get!,291,Yes maybe I will receive the promotion.,5|5|5_5|5|5,
hit:4793_conv:9587,4,faithful,I have been working hard at my job. There is a promotion that I want to get!,99,I hope you do. Good luck!,5|5|5_5|5|5,
hit:4820_conv:9640,1,faithful,I've always been loyal to my wife and children.,225,I've always been loyal to my wife and children above all else.,5|5|5_5|5|5,
hit:4820_conv:9640,2,faithful,I've always been loyal to my wife and children.,244,I understand I think that's a good thing.,5|5|5_5|5|5,
hit:4820_conv:9640,3,faithful,I've always been loyal to my wife and children.,225,Yes_comma_ it is.,5|5|5_5|5|5,
hit:4820_conv:9640,4,faithful,I've always been loyal to my wife and children.,244,How long have you been married?,5|5|5_5|5|5,
hit:5057_conv:10114,1,faithful,I'm very faithful in my community and the people in it.  They are good people,448,I have a lot of faith in the community I live in; everyone seems like a good person.,5|5|5_5|5|5,
hit:5057_conv:10114,2,faithful,I'm very faithful in my community and the people in it.  They are good people,473,That's really nice_comma_ we don't get a lot of that these days. Makes me kind of miss the old days when people had a real sense of community.,5|5|5_5|5|5,
hit:5057_conv:10114,3,faithful,I'm very faithful in my community and the people in it.  They are good people,448,I agree_comma_ that's why I favor smaller towns opposed to big cities. Just not my thing.,5|5|5_5|5|5,
hit:5057_conv:10114,4,faithful,I'm very faithful in my community and the people in it.  They are good people,473,I totally know what you mean. I live in a smaller city now and it feels a lot cozier than larger cities I've lived in before.,5|5|5_5|5|5,
hit:5332_conv:10665,1,faithful,my friends have always been there for me so i will for them,321,Since i met my friend over a decade ago while working at mcdonalds _comma_ he was always been there for him _comma_ so i will always be there for him,3|3|3_4|3|4,
hit:5332_conv:10665,2,faithful,my friends have always been there for me so i will for them,511,Is it because you are there for him?,3|3|3_4|3|4,
hit:5332_conv:10665,3,faithful,my friends have always been there for me so i will for them,321,i plan to move to a new state very soon_comma_ i havent told him yet _comma_ but ill make sure to hang out with him one last time,3|3|3_4|3|4,
hit:5332_conv:10665,4,faithful,my friends have always been there for me so i will for them,511,He would probably appreciate you doing that.,3|3|3_4|3|4,
hit:5368_conv:10737,1,faithful,A woman approached me and wanted to get together_comma_ but I told her I was married,537,A situation happened to me earlier this week where my faith was tested.,5|5|5_5|5|5,
hit:5368_conv:10737,2,faithful,A woman approached me and wanted to get together_comma_ but I told her I was married,220,What happened?,5|5|5_5|5|5,
hit:5368_conv:10737,3,faithful,A woman approached me and wanted to get together_comma_ but I told her I was married,537,A woman approached me on the street and wanted to sleep with me_comma_ but I had to tell her I was married. I stayed true to my loving wife.,5|5|5_5|5|5,
hit:5368_conv:10737,4,faithful,A woman approached me and wanted to get together_comma_ but I told her I was married,220,But did you even hesitate and think about it?,5|5|5_5|5|5,
hit:5368_conv:10737,5,faithful,A woman approached me and wanted to get together_comma_ but I told her I was married,537,Not at all.,5|5|5_5|5|5,
hit:5414_conv:10828,1,faithful,I attend church every sunday. My belief in god is what keeps me moving forward,506,I attend church every sunday.,5|5|5_5|5|5,
hit:5414_conv:10828,2,faithful,I attend church every sunday. My belief in god is what keeps me moving forward,313,I'm proud of you! I attend both Sunday and Wednesday nights each week,5|5|5_5|5|5,
hit:5414_conv:10828,3,faithful,I attend church every sunday. My belief in god is what keeps me moving forward,506,My belief in god is what keeps me moving forward,5|5|5_5|5|5,
hit:5414_conv:10828,4,faithful,I attend church every sunday. My belief in god is what keeps me moving forward,313,God is always there for you and always will be. ,5|5|5_5|5|5,
hit:5649_conv:11299,1,faithful,One day my neighbor helped me in a risky situation. So I'm loyal to their family always.,43,I'm loyal to my neighbor family.,4|4|4_5|5|5,
hit:5649_conv:11299,2,faithful,One day my neighbor helped me in a risky situation. So I'm loyal to their family always.,1,That's good to hear. Have they been there for you in the past?,4|4|4_5|5|5,
hit:5649_conv:11299,3,faithful,One day my neighbor helped me in a risky situation. So I'm loyal to their family always.,43,Yeah_comma_ They helped me in the risky situation when I was alone.,4|4|4_5|5|5,
hit:5649_conv:11299,4,faithful,One day my neighbor helped me in a risky situation. So I'm loyal to their family always.,1,That's so kind of them. I'm glad you're repaying their kindness.,4|4|4_5|5|5,
hit:5753_conv:11507,1,faithful,I would never cheat on a partner. It goes against everything I believe in.,196,I would never cheat on a partner. ,5|5|5_5|5|5,
hit:5753_conv:11507,2,faithful,I would never cheat on a partner. It goes against everything I believe in.,4,That is a good thing. How long have you been with them?,5|5|5_5|5|5,
hit:5753_conv:11507,3,faithful,I would never cheat on a partner. It goes against everything I believe in.,196,5 years,5|5|5_5|5|5,
hit:5753_conv:11507,4,faithful,I would never cheat on a partner. It goes against everything I believe in.,4,That is a long time. Why not get married?,5|5|5_5|5|5,
hit:5753_conv:11507,5,faithful,I would never cheat on a partner. It goes against everything I believe in.,196,I don't really believe in marriage. ,5|5|5_5|5|5,
hit:5779_conv:11558,1,faithful,The happiest gift I have ever received is a woman that is standing by my side no matter how things go,237,The happiest gift I have ever received is a woman that is standing by my side no matter how things go,5|5|5_3|4|4,
hit:5779_conv:11558,2,faithful,The happiest gift I have ever received is a woman that is standing by my side no matter how things go,196,That's a nice thought. Your wife I take it?,5|5|5_3|4|4,
hit:5779_conv:11558,3,faithful,The happiest gift I have ever received is a woman that is standing by my side no matter how things go,237,Yes_comma_ she is a super woman and I am grateful to have such devotion from another person,5|5|5_3|4|4,
hit:5779_conv:11558,4,faithful,The happiest gift I have ever received is a woman that is standing by my side no matter how things go,196,I wish I could fidn someone like that,5|5|5_3|4|4,
hit:5915_conv:11831,1,faithful,I'm holding out for a promotion this coming February.,225,I'm trying for a promotion this coming February.,5|5|5_5|4|5,
hit:5915_conv:11831,2,faithful,I'm holding out for a promotion this coming February.,289,Oh. I hope you get it! ,5|5|5_5|4|5,
hit:5915_conv:11831,3,faithful,I'm holding out for a promotion this coming February.,225,I think that I will. It would mean a 25% raise.,5|5|5_5|4|5,
hit:5915_conv:11831,4,faithful,I'm holding out for a promotion this coming February.,289,That's a pretty substantial raise! ,5|5|5_5|4|5,
hit:6108_conv:12216,1,faithful,Although things haven't been going well for me in a long while_comma_ I am confident that I've lead a good life and been a charitable person and that one day it will come back to me.,540,Although things in my life haven't been going well for the last year or two_comma_ I am faithful that I've been a good person to others_comma_ so it will come back to me.,3|4|4_4|4|3,
hit:6108_conv:12216,2,faithful,Although things haven't been going well for me in a long while_comma_ I am confident that I've lead a good life and been a charitable person and that one day it will come back to me.,126,Being positive is all you can do,3|4|4_4|4|3,
hit:6108_conv:12216,3,faithful,Although things haven't been going well for me in a long while_comma_ I am confident that I've lead a good life and been a charitable person and that one day it will come back to me.,540,Well_comma_ I guess it's not ALL that I could do_comma_ I am trying to be proactive in getting some things moving. But mostly_comma_ I actually need a blessing!,3|4|4_4|4|3,
hit:6108_conv:12216,4,faithful,Although things haven't been going well for me in a long while_comma_ I am confident that I've lead a good life and been a charitable person and that one day it will come back to me.,126,Being busy always helps things,3|4|4_4|4|3,
hit:6147_conv:12295,1,faithful,I just celebrated my 50th wedding anniversary.,294,I just celebrated my 50th wedding anniversary.,5|5|5_5|5|5,
hit:6147_conv:12295,2,faithful,I just celebrated my 50th wedding anniversary.,10,Wow_comma_ holy cow_comma_ how old were you when you got married?,5|5|5_5|5|5,
hit:6147_conv:12295,3,faithful,I just celebrated my 50th wedding anniversary.,294,I was 18 and she was 20.  Things were a lot different back then_comma_ but I love my wife more with each passing year.,5|5|5_5|5|5,
hit:6147_conv:12295,4,faithful,I just celebrated my 50th wedding anniversary.,10,Good_comma_ I am glad there is still true love out there!,5|5|5_5|5|5,
hit:6730_conv:13460,1,faithful,When at a party_comma_ a girl tried to kiss me but I was in a relationship already.,375,I had to fend off this girl at a party.,5|4|5_5|5|5,
hit:6730_conv:13460,2,faithful,When at a party_comma_ a girl tried to kiss me but I was in a relationship already.,160,What was she doing?,5|4|5_5|5|5,
hit:6730_conv:13460,3,faithful,When at a party_comma_ a girl tried to kiss me but I was in a relationship already.,375,She tried to kiss me when I already have a girlfriend.,5|4|5_5|5|5,
hit:6730_conv:13460,4,faithful,When at a party_comma_ a girl tried to kiss me but I was in a relationship already.,160,Ohhh wow.  I hope you were successful!,5|4|5_5|5|5,
hit:6730_conv:13460,5,faithful,When at a party_comma_ a girl tried to kiss me but I was in a relationship already.,375,I was I felt so faithful in the moment my girl was proud oto.,5|4|5_5|5|5,
hit:6959_conv:13919,1,faithful,My job is going through a tough time_comma_ but I'm going to stick with them.,1,My job is going through a tough time_comma_ but I'm going to stick with them,5|5|5_5|5|5,
hit:6959_conv:13919,2,faithful,My job is going through a tough time_comma_ but I'm going to stick with them.,123,That is good to hear_comma_ it sounds like you are a very loyal employee.,5|5|5_5|5|5,
hit:6959_conv:13919,3,faithful,My job is going through a tough time_comma_ but I'm going to stick with them.,1,They've been there for me_comma_ too. Not many jobs care about their employees.,5|5|5_5|5|5,
hit:6959_conv:13919,4,faithful,My job is going through a tough time_comma_ but I'm going to stick with them.,123,If you find a place that cares for their people_comma_ stay with them!,5|5|5_5|5|5,
hit:7227_conv:14455,1,faithful,I find it hard to be faithful ,202,I find it hard to be faithful,3|4|4_5|5|5,
hit:7227_conv:14455,2,faithful,I find it hard to be faithful ,55,To your partners_comma_ you mean?,3|4|4_5|5|5,
hit:7227_conv:14455,3,faithful,I find it hard to be faithful ,202,Yeah cause I love women and can't seem to settle for one. ,3|4|4_5|5|5,
hit:7227_conv:14455,4,faithful,I find it hard to be faithful ,55,You should find a way to be satisfied with just one person.,3|4|4_5|5|5,
hit:7227_conv:14455,5,faithful,I find it hard to be faithful ,202,Why_comma_ Theres so many beautiful women out there.,3|4|4_5|5|5,
hit:7442_conv:14885,1,faithful,The time a girl tried to kiss me at a party. I already had a girlfriend.,375,I had to stand back when this girl tried to kiss me.,4|5|4_5|5|5,
hit:7442_conv:14885,2,faithful,The time a girl tried to kiss me at a party. I already had a girlfriend.,27,Why?,4|5|4_5|5|5,<UNIGRAM>
hit:7442_conv:14885,3,faithful,The time a girl tried to kiss me at a party. I already had a girlfriend.,375,I'm already taken_comma_ can't be unfaithful.,4|5|4_5|5|5,
hit:7442_conv:14885,4,faithful,The time a girl tried to kiss me at a party. I already had a girlfriend.,27,Well that's good that yo didnt do it,4|5|4_5|5|5,
hit:7937_conv:15874,1,faithful,I love my wife. I would never cheat on her.,478,My wife is the best. She is so kind and caring and beautiful.,5|5|5_5|5|5,
hit:7937_conv:15874,2,faithful,I love my wife. I would never cheat on her.,448,Aw_comma_ that's sweet_comma_ I'm glad you love her so much!,5|5|5_5|5|5,
hit:7937_conv:15874,3,faithful,I love my wife. I would never cheat on her.,478,Yeah I would never cheat on her. ,5|5|5_5|5|5,
hit:7937_conv:15874,4,faithful,I love my wife. I would never cheat on her.,448,That's good_comma_ no body should ever cheat in my opinion!  At least end the relationship first.,5|5|5_5|5|5,
hit:7969_conv:15939,1,faithful,I've always been a loyal wife and mother.,572,I've always been a loyal member of my family.,5|5|5_5|5|5,
hit:7969_conv:15939,2,faithful,I've always been a loyal wife and mother.,614,Thats great_comma_ family comes first over everything!,5|5|5_5|5|5,
hit:7969_conv:15939,3,faithful,I've always been a loyal wife and mother.,572,I totally agree. It's the only important thing sometimes.,5|5|5_5|5|5,
hit:7969_conv:15939,4,faithful,I've always been a loyal wife and mother.,614,Yep_comma_ they're always there for you no matter what,5|5|5_5|5|5,
hit:8191_conv:16382,1,faithful,It feels so good to finally have a girlfriend who isn't paranoid that I'm going to cheat on her all the time. My girlfriend lets me hang out with friends whenever I want_comma_ because she trusts that I'd never hurt her.,286,It feels great having a girlfriend who puts her trust in you that you wouldn't do anything to hurt her. My current girlfriend_comma_ unlike my ex_comma_ has no problems with me going out with my friends occasionally.,5|5|5_5|5|5,
hit:8191_conv:16382,2,faithful,It feels so good to finally have a girlfriend who isn't paranoid that I'm going to cheat on her all the time. My girlfriend lets me hang out with friends whenever I want_comma_ because she trusts that I'd never hurt her.,375,That must be so nice having that freedom.,5|5|5_5|5|5,
hit:8191_conv:16382,3,faithful,It feels so good to finally have a girlfriend who isn't paranoid that I'm going to cheat on her all the time. My girlfriend lets me hang out with friends whenever I want_comma_ because she trusts that I'd never hurt her.,286,It's very refreshing. I'm just happy that we have this trust in one another_comma_ I feel it will go a long way to making our relationship strong.,5|5|5_5|5|5,
hit:8191_conv:16382,4,faithful,It feels so good to finally have a girlfriend who isn't paranoid that I'm going to cheat on her all the time. My girlfriend lets me hang out with friends whenever I want_comma_ because she trusts that I'd never hurt her.,375,Do you feel you could see yourself marrying her?,5|5|5_5|5|5,
hit:8191_conv:16382,5,faithful,It feels so good to finally have a girlfriend who isn't paranoid that I'm going to cheat on her all the time. My girlfriend lets me hang out with friends whenever I want_comma_ because she trusts that I'd never hurt her.,286,Quite possibly! She's amazing_comma_ to be honest.,5|5|5_5|5|5,
hit:8191_conv:16382,6,faithful,It feels so good to finally have a girlfriend who isn't paranoid that I'm going to cheat on her all the time. My girlfriend lets me hang out with friends whenever I want_comma_ because she trusts that I'd never hurt her.,375,What is her name?,5|5|5_5|5|5,
hit:8191_conv:16382,7,faithful,It feels so good to finally have a girlfriend who isn't paranoid that I'm going to cheat on her all the time. My girlfriend lets me hang out with friends whenever I want_comma_ because she trusts that I'd never hurt her.,286,Her name is Claire.,5|5|5_5|5|5,
hit:8191_conv:16382,8,faithful,It feels so good to finally have a girlfriend who isn't paranoid that I'm going to cheat on her all the time. My girlfriend lets me hang out with friends whenever I want_comma_ because she trusts that I'd never hurt her.,375,Lucky you_comma_ my girlfriend Elaine is a bit mean sometimes.,5|5|5_5|5|5,
hit:8309_conv:16618,1,faithful,A girl tried to kiss me at a party but I refrained. I am in a relationship already.,375,She went in for a kiss but I declined.,5|5|5_5|5|4,
hit:8309_conv:16618,2,faithful,A girl tried to kiss me at a party but I refrained. I am in a relationship already.,545,Why'd you turn her down?,5|5|5_5|5|4,
hit:8309_conv:16618,3,faithful,A girl tried to kiss me at a party but I refrained. I am in a relationship already.,375,I'm already with a girl_comma_ couldn't do it.,5|5|5_5|5|4,
hit:8309_conv:16618,4,faithful,A girl tried to kiss me at a party but I refrained. I am in a relationship already.,545,Well_comma_ props on you for being loyal. That shows a lot of character.,5|5|5_5|5|4,
hit:8309_conv:16618,5,faithful,A girl tried to kiss me at a party but I refrained. I am in a relationship already.,375,I try my best_comma_ I really do love her.,5|5|5_5|5|4,
hit:8598_conv:17196,1,faithful,I love my husband.  We have been married for 22 yrs.,160,I love my husband. We have been married for 22 yrs.,5|5|5_5|5|5,
hit:8598_conv:17196,2,faithful,I love my husband.  We have been married for 22 yrs.,389,Hey that's amazing!!!  You don't see that often these days,5|5|5_5|5|5,
hit:8598_conv:17196,3,faithful,I love my husband.  We have been married for 22 yrs.,160,Well it is my second marriage.. but hey at least its a long one.,5|5|5_5|5|5,
hit:8598_conv:17196,4,faithful,I love my husband.  We have been married for 22 yrs.,389,You got that right!  Good job :D   What do you all do these days?  Anything fun?,5|5|5_5|5|5,
hit:9711_conv:19422,1,faithful,A girl tried to kiss me a party. I said no.,375,I had to keep faithful at the party.,4|5|5_5|5|5,
hit:9711_conv:19422,2,faithful,A girl tried to kiss me a party. I said no.,277,What was tempting you?,4|5|5_5|5|5,
hit:9711_conv:19422,3,faithful,A girl tried to kiss me a party. I said no.,375,A beautiful young blonde girl_comma_ she wanted to kiss.,4|5|5_5|5|5,
hit:9711_conv:19422,4,faithful,A girl tried to kiss me a party. I said no.,277,Yes_comma_ that sounds quite hard!  Good for you for being faithful though!,4|5|5_5|5|5,
hit:9900_conv:19800,1,faithful,I avoided kissing a girl while I was out one night. I'm in a relationship.,375,Phew that was close.,4|5|4_5|5|5,
hit:9900_conv:19800,2,faithful,I avoided kissing a girl while I was out one night. I'm in a relationship.,56,What happended?,4|5|4_5|5|5,
hit:9900_conv:19800,3,faithful,I avoided kissing a girl while I was out one night. I'm in a relationship.,375,I got proposed a kiss at a party but I said no.,4|5|4_5|5|5,
hit:9900_conv:19800,4,faithful,I avoided kissing a girl while I was out one night. I'm in a relationship.,56,Did you not like the person?,4|5|4_5|5|5,
hit:10171_conv:20342,1,faithful,An old friend wanted to get together. It would have been fun_comma_ but he is a guy and I knew it would bother my husband so I didn't meet him. ,409,An old friend wanted to get together. IT was a guy_comma_ and he was someone I was involved with. I knew it would bother my husband so I didn't meet with him. ,5|5|5_5|5|5,
hit:10171_conv:20342,2,faithful,An old friend wanted to get together. It would have been fun_comma_ but he is a guy and I knew it would bother my husband so I didn't meet him. ,659,That's the best decision. I know mine wouldn't either. If he is a good guy_comma_ he will understand.,5|5|5_5|5|5,
hit:10171_conv:20342,3,faithful,An old friend wanted to get together. It would have been fun_comma_ but he is a guy and I knew it would bother my husband so I didn't meet him. ,409,I didn't want to make my husband uncomfortable_comma_ even if it would have been nice to catch up. But I have to respect him. ,5|5|5_5|5|5,
hit:10171_conv:20342,4,faithful,An old friend wanted to get together. It would have been fun_comma_ but he is a guy and I knew it would bother my husband so I didn't meet him. ,659,That's good. No sense in rocking the boat.,5|5|5_5|5|5,
hit:10172_conv:20345,1,faithful,I made a news years resolution to meditate every day and I have kept it for the most part.,561,I have meditated nearly every day this year. It was my new years resolution.,5|5|5_5|5|5,
hit:10172_conv:20345,2,faithful,I made a news years resolution to meditate every day and I have kept it for the most part.,547,Nice! Did it help you become less stressed?,5|5|5_5|5|5,
hit:10172_conv:20345,3,faithful,I made a news years resolution to meditate every day and I have kept it for the most part.,561,Yes! It is surprising how much it has helped me considering how neurotic I can be.,5|5|5_5|5|5,
hit:10172_conv:20345,4,faithful,I made a news years resolution to meditate every day and I have kept it for the most part.,547,Dang_comma_ well I hope you can continue your goal of meditating every day!,5|5|5_5|5|5,
hit:10175_conv:20350,1,faithful,One time I was on a ride at a theme park and the ride stopped in midair. I was so scared_comma_ but I believed that help would arrive and I knew the rescuers would save us. They showed up and we were all good.,303,Do you like theme park rides? I used to enjoy them a lot_comma_ but one time my ride got stuck.,5|5|5_5|5|5,
hit:10175_conv:20350,2,faithful,One time I was on a ride at a theme park and the ride stopped in midair. I was so scared_comma_ but I believed that help would arrive and I knew the rescuers would save us. They showed up and we were all good.,409,I think theme park rides are scary! Was it scary when you were stuck?,5|5|5_5|5|5,
hit:10175_conv:20350,3,faithful,One time I was on a ride at a theme park and the ride stopped in midair. I was so scared_comma_ but I believed that help would arrive and I knew the rescuers would save us. They showed up and we were all good.,303,It really was_comma_ I was freaking out_comma_ but I also felt confident that we'd be saved. It didn't take too long_comma_ maybe 5-10 minutes before they were able to rescue us.,5|5|5_5|5|5,
hit:10175_conv:20350,4,faithful,One time I was on a ride at a theme park and the ride stopped in midair. I was so scared_comma_ but I believed that help would arrive and I knew the rescuers would save us. They showed up and we were all good.,409,They are really good about that. They have a lot of safety features you don't even realize. We were stuck on Space Mountain once. ,5|5|5_5|5|5,
hit:10175_conv:20350,5,faithful,One time I was on a ride at a theme park and the ride stopped in midair. I was so scared_comma_ but I believed that help would arrive and I knew the rescuers would save us. They showed up and we were all good.,303,Jeeze_comma_ man. I wonder how many other people have gotten stuck on rides before. Is it that common of an occurrence? Well_comma_ we're both here to talk about it. ,5|5|5_5|5|5,
hit:10177_conv:20354,1,faithful,When my husband and I were younger and our children were small_comma_ we were on really tight budget. One day at church_comma_ when it was time to give out tithe_comma_ I knew we had only about $40 in our bank account. I wrote a check for $40. I put my faith in God to carry us. Within a few days_comma_ I received an unexpected care package from my mother_comma_ which included some cash.,684,Hi_comma_ I want to tell you about one time my faith was tested. Have you ever had a time when you had to just put your faith in God?,4|5|5_4|4|4,<HI>
hit:10177_conv:20354,2,faithful,When my husband and I were younger and our children were small_comma_ we were on really tight budget. One day at church_comma_ when it was time to give out tithe_comma_ I knew we had only about $40 in our bank account. I wrote a check for $40. I put my faith in God to carry us. Within a few days_comma_ I received an unexpected care package from my mother_comma_ which included some cash.,248,all the time I am not sure I believe in God,4|5|5_4|4|4,
hit:10177_conv:20354,3,faithful,When my husband and I were younger and our children were small_comma_ we were on really tight budget. One day at church_comma_ when it was time to give out tithe_comma_ I knew we had only about $40 in our bank account. I wrote a check for $40. I put my faith in God to carry us. Within a few days_comma_ I received an unexpected care package from my mother_comma_ which included some cash.,684,I can understand that. That's why I said my faith was tested...when my husband and I were younger couple with small kids_comma_ we were living on a small budget. My husband was still in college to be a teacher_comma_ so it was pretty tight with just my income. Well_comma_ long story short_comma_ I wrote a check for $40 as tithe at church and that was pretty much all we had. A few days later I received a care package from my mom out of blue and she even included some cash. It was not something she usually did. What do you think of that?,4|5|5_4|4|4,
hit:10177_conv:20354,4,faithful,When my husband and I were younger and our children were small_comma_ we were on really tight budget. One day at church_comma_ when it was time to give out tithe_comma_ I knew we had only about $40 in our bank account. I wrote a check for $40. I put my faith in God to carry us. Within a few days_comma_ I received an unexpected care package from my mother_comma_ which included some cash.,248,that's pretty crazy you could of had your money and the care package too,4|5|5_4|4|4,
hit:10177_conv:20354,5,faithful,When my husband and I were younger and our children were small_comma_ we were on really tight budget. One day at church_comma_ when it was time to give out tithe_comma_ I knew we had only about $40 in our bank account. I wrote a check for $40. I put my faith in God to carry us. Within a few days_comma_ I received an unexpected care package from my mother_comma_ which included some cash.,684,Yup_comma_ sometimes you just have to believe_comma_ I think. But I did feel convicted to do so. I'm not saying everyone should do it. You know what I mean?,4|5|5_4|4|4,
hit:10177_conv:20354,6,faithful,When my husband and I were younger and our children were small_comma_ we were on really tight budget. One day at church_comma_ when it was time to give out tithe_comma_ I knew we had only about $40 in our bank account. I wrote a check for $40. I put my faith in God to carry us. Within a few days_comma_ I received an unexpected care package from my mother_comma_ which included some cash.,248,yeah I understand what you mean definitely,4|5|5_4|4|4,
hit:10177_conv:20354,7,faithful,When my husband and I were younger and our children were small_comma_ we were on really tight budget. One day at church_comma_ when it was time to give out tithe_comma_ I knew we had only about $40 in our bank account. I wrote a check for $40. I put my faith in God to carry us. Within a few days_comma_ I received an unexpected care package from my mother_comma_ which included some cash.,684,It was nice talking to you. Have a great night. Best wishes!,4|5|5_4|4|4,
hit:10351_conv:20702,1,faithful,i have faith in a brighter future,706,i have faith in a brighter future,5|5|5_5|5|5,
hit:10351_conv:20702,2,faithful,i have faith in a brighter future,402,I hope you are right.,5|5|5_5|5|5,
hit:10351_conv:20702,3,faithful,i have faith in a brighter future,706,i believe in society and the work the government is providing for us!,5|5|5_5|5|5,
hit:10351_conv:20702,4,faithful,i have faith in a brighter future,402,why is that,5|5|5_5|5|5,
hit:10351_conv:20702,5,faithful,i have faith in a brighter future,706,because they are just very trustworthy!,5|5|5_5|5|5,
hit:10351_conv:20702,6,faithful,i have faith in a brighter future,402,Where do you live?  Cause it isn't in the US.,5|5|5_5|5|5,
hit:10560_conv:21121,1,faithful,My gas gauge broke in my car over the weekend. Although I had filled it up with gas_comma_ I remained adamant it had gas in it !,647,My gas gauge broke in my car over the weekend. Although I had filled it up with gas_comma_ I remained adamant it had gas in it,5|5|5_5|5|5,
hit:10560_conv:21121,2,faithful,My gas gauge broke in my car over the weekend. Although I had filled it up with gas_comma_ I remained adamant it had gas in it !,641,Tough! Are you planning on getting it fixed? ,5|5|5_5|5|5,
hit:10560_conv:21121,3,faithful,My gas gauge broke in my car over the weekend. Although I had filled it up with gas_comma_ I remained adamant it had gas in it !,647,I did ! I brought it to the auto parts place over the weekend. They blamed it on a loose wire. Imagine that lol,5|5|5_5|5|5,
hit:10560_conv:21121,4,faithful,My gas gauge broke in my car over the weekend. Although I had filled it up with gas_comma_ I remained adamant it had gas in it !,641,Well at least that sounds like an easy fix! Often times those repairs can get pricy!,5|5|5_5|5|5,
hit:10562_conv:21125,1,faithful,My friends invited me to a party that involved alcohol and drugs. I decided to not drink or anything because I am a Christian.,742,My friends invited me to a party that involved alcohol and drugs. I decided to not drink or anything because I am a Christian.,5|5|5_4|4|4,
hit:10562_conv:21125,2,faithful,My friends invited me to a party that involved alcohol and drugs. I decided to not drink or anything because I am a Christian.,46,that is probably for the best you dont want to get involved with that stuff,5|5|5_4|4|4,
hit:10562_conv:21125,3,faithful,My friends invited me to a party that involved alcohol and drugs. I decided to not drink or anything because I am a Christian.,742,Yeah_comma_ you don't want to pass out or start hallucinating aliens. That would be very scary.,5|5|5_4|4|4,
hit:10562_conv:21125,4,faithful,My friends invited me to a party that involved alcohol and drugs. I decided to not drink or anything because I am a Christian.,46,Could be worse than aliens someone could hurt you. you know ?,5|5|5_4|4|4,
hit:10562_conv:21125,5,faithful,My friends invited me to a party that involved alcohol and drugs. I decided to not drink or anything because I am a Christian.,742,That's very true. I am glad that I'm still alive today.,5|5|5_4|4|4,
hit:10595_conv:21191,1,faithful,all this week I was committed to my diet_comma_ i didnt cheat not one time. im proud of myself.,743,have you ever cheated on a diet?,5|5|5_4|34|4,
hit:10595_conv:21191,2,faithful,all this week I was committed to my diet_comma_ i didnt cheat not one time. im proud of myself.,46,yeah i think everyone has,5|5|5_4|34|4,
hit:10595_conv:21191,3,faithful,all this week I was committed to my diet_comma_ i didnt cheat not one time. im proud of myself.,743,well for the past week ive been on a diet and i havent cheated.. so proud of myself. ,5|5|5_4|34|4,
hit:10595_conv:21191,4,faithful,all this week I was committed to my diet_comma_ i didnt cheat not one time. im proud of myself.,46,That is good most people have a hard time in the first week,5|5|5_4|34|4,
hit:10595_conv:21191,5,faithful,all this week I was committed to my diet_comma_ i didnt cheat not one time. im proud of myself.,743,yeah_comma_ it was hard but i made it. but now i want a cookie.. the temptation is hard. ,5|5|5_4|34|4,
hit:10618_conv:21237,1,faithful,When another person of the opposite sex was trying to convince me to cheat on my spouse,425,A coworker of the opposite sex was recently hitting on me and trying to get me to cheat on my partner.,4|4|5_5|5|5,
hit:10618_conv:21237,2,faithful,When another person of the opposite sex was trying to convince me to cheat on my spouse,390,Oh_comma_ that little rat! That was not nice of him. What did you do?,4|4|5_5|5|5,
hit:10618_conv:21237,3,faithful,When another person of the opposite sex was trying to convince me to cheat on my spouse,425,I told them to back off as I was happily married and I would never do that to my spouse.,4|4|5_5|5|5,
hit:10618_conv:21237,4,faithful,When another person of the opposite sex was trying to convince me to cheat on my spouse,390,Awesome! There needs to be more people like you in this world. ,4|4|5_5|5|5,
hit:10618_conv:21237,5,faithful,When another person of the opposite sex was trying to convince me to cheat on my spouse,425,Yes_comma_ people are not very faithful anymore.,4|4|5_5|5|5,
hit:10692_conv:21385,1,faithful,I was at a bachelor party last year. ,752,I attended a bachelor party this summer. Things got a little out of hand.,5|5|5_5|5|5,
hit:10692_conv:21385,2,faithful,I was at a bachelor party last year. ,259,Oh no! How so?,5|5|5_5|5|5,
hit:10692_conv:21385,3,faithful,I was at a bachelor party last year. ,752,One of my friends hired some entertainment that my girlfriend would not approve of.,5|5|5_5|5|5,
hit:10692_conv:21385,4,faithful,I was at a bachelor party last year. ,259,A stripper_comma_ I see. Well what she does not know will not hurt her.,5|5|5_5|5|5,
hit:10692_conv:21385,5,faithful,I was at a bachelor party last year. ,752,That is just it! I was so proud of myself I did not do anything with the entertainment that she would not have approved of.,5|5|5_5|5|5,
hit:10718_conv:21436,1,faithful,My wife is truly been trustworthy_comma_ she never keep secret from me,520,"My wife is truly been trustworthy_comma_ she never keep secret from me"".",4|4|4_3|4|5,
hit:10718_conv:21436,2,faithful,My wife is truly been trustworthy_comma_ she never keep secret from me,756,Have you ever kept secrets from her?,4|4|4_3|4|5,
hit:10718_conv:21436,3,faithful,My wife is truly been trustworthy_comma_ she never keep secret from me,520,We don't do secrets from each other,4|4|4_3|4|5,
hit:10718_conv:21436,4,faithful,My wife is truly been trustworthy_comma_ she never keep secret from me,756,It must be nice to be in trusting and safe relationship like that.,4|4|4_3|4|5,
hit:10721_conv:21443,1,faithful,I found someone phone with cards and money at the mall. Because it was not mine_comma_ I returned it and gave it to customer services.,495,I found a phone_comma_ cards and money in the washroom at the mall. I gave it back in customer services,5|5|5_5|5|5,
hit:10721_conv:21443,2,faithful,I found someone phone with cards and money at the mall. Because it was not mine_comma_ I returned it and gave it to customer services.,587,THat is extremely noble of you!   YOu did the right thing!!,5|5|5_5|5|5,
hit:10721_conv:21443,3,faithful,I found someone phone with cards and money at the mall. Because it was not mine_comma_ I returned it and gave it to customer services.,495,Yes because if this happens to me I would like to get my things back too.,5|5|5_5|5|5,
hit:10721_conv:21443,4,faithful,I found someone phone with cards and money at the mall. Because it was not mine_comma_ I returned it and gave it to customer services.,587,I would too.  I have lost things before and never had anyone turn them in and its not a good feeling.,5|5|5_5|5|5,
hit:10721_conv:21443,5,faithful,I found someone phone with cards and money at the mall. Because it was not mine_comma_ I returned it and gave it to customer services.,495,Yes. We have to be honest_comma_ it feels good tto do good.,5|5|5_5|5|5,
hit:10769_conv:21538,1,faithful,I am very faithful to my employer.,765,My employer provides me with lots of training and support so I have become very faithful to them.,5|5|5_4|4|5,
hit:10769_conv:21538,2,faithful,I am very faithful to my employer.,403,It's always good to have a boss you can get along with.  It makes work a lot less stressful.,5|5|5_4|4|5,
hit:10769_conv:21538,3,faithful,I am very faithful to my employer.,765,It really does. It makes working there much nicer.,5|5|5_4|4|5,
hit:10769_conv:21538,4,faithful,I am very faithful to my employer.,403,Yes a boss who is helpful and has a good attitude will have earned my loyalty from the beginning.  The better I feel about work the better I perform in the long run.,5|5|5_4|4|5,
hit:10769_conv:21538,5,faithful,I am very faithful to my employer.,765,They have a good attitude because the workers are good also.,5|5|5_4|4|5,
hit:10795_conv:21591,1,faithful,one of my friend forgot his wallet at my place and whenever i saw i called him and tell to come and get your wallet. he told me that put it to yourself whenever we meet i will collect it from you. he put blind trust on me.,772,i kept my friend's wallet which he'd forgotten at m y place and i felt trustful,5|5|5_5|5|5,
hit:10795_conv:21591,2,faithful,one of my friend forgot his wallet at my place and whenever i saw i called him and tell to come and get your wallet. he told me that put it to yourself whenever we meet i will collect it from you. he put blind trust on me.,706,did he came back to take it?,5|5|5_5|5|5,
hit:10795_conv:21591,3,faithful,one of my friend forgot his wallet at my place and whenever i saw i called him and tell to come and get your wallet. he told me that put it to yourself whenever we meet i will collect it from you. he put blind trust on me.,772,no. whenever we meet i will handover to him,5|5|5_5|5|5,
hit:10795_conv:21591,4,faithful,one of my friend forgot his wallet at my place and whenever i saw i called him and tell to come and get your wallet. he told me that put it to yourself whenever we meet i will collect it from you. he put blind trust on me.,706,you are a trustworthy person_comma_ glad he forgot it at your place not somewhere else,5|5|5_5|5|5,
hit:10825_conv:21651,1,faithful,I won a 10k race on the weekend,774,I won a 10k race on the weekend,4|5|5_5|5|5,
hit:10825_conv:21651,2,faithful,I won a 10k race on the weekend,771,Oh amazing! How long were you training for_comma_ and how many people did you beat? ,4|5|5_5|5|5,
hit:10825_conv:21651,3,faithful,I won a 10k race on the weekend,774,I trained for 2 months and beat 300 people to get the gold. It was a very humid day so everyone struggled but I can only run in my lunch break when it is hottest so I was used to it,4|5|5_5|5|5,
hit:10825_conv:21651,4,faithful,I won a 10k race on the weekend,771,That's incredible_comma_ well done! I injured my knee a few months back_comma_ so haven't been able to run since then. so frustrating,4|5|5_5|5|5,
hit:10825_conv:21651,5,faithful,I won a 10k race on the weekend,774,I have had a few injuries but since seeing a physio therapist I have learnt a lot about injury prevention and recovery. It has changed my life,4|5|5_5|5|5,
hit:10831_conv:21663,1,faithful,I always bring my wife coffee in the morning even if I worked the night before.,708,I never miss making coffee in the morning and delivering it to my wife in bed.,4|5|5_4|4|5,
hit:10831_conv:21663,2,faithful,I always bring my wife coffee in the morning even if I worked the night before.,435,Aw that is very kind of you. I love morning coffee!,4|5|5_4|4|5,
hit:10831_conv:21663,3,faithful,I always bring my wife coffee in the morning even if I worked the night before.,708,She needs it otherwise she won't get out of bed.,4|5|5_4|4|5,
hit:10831_conv:21663,4,faithful,I always bring my wife coffee in the morning even if I worked the night before.,435,Haha! I think a lot of people can probably relate to that. I'm sure she appreciates it!,4|5|5_4|4|5,
hit:10961_conv:21922,1,faithful,My primary care doctor moved offices about half an hour further away from me_comma_ but I decided to stay with her.  She's really great.,527,My primary care doc moved to a new office.  She's about half an hour further away from me_comma_ but I decided to stay with her anyway.,4|5|5_5|5|5,
hit:10961_conv:21922,2,faithful,My primary care doctor moved offices about half an hour further away from me_comma_ but I decided to stay with her.  She's really great.,420,Yes it is definitely difficult to change doctors.,4|5|5_5|5|5,
hit:10961_conv:21922,3,faithful,My primary care doctor moved offices about half an hour further away from me_comma_ but I decided to stay with her.  She's really great.,527,She's pretty great_comma_ I can't think of many people I'd drive that far to see haha,4|5|5_5|5|5,
hit:10961_conv:21922,4,faithful,My primary care doctor moved offices about half an hour further away from me_comma_ but I decided to stay with her.  She's really great.,420,I definitely understand.  My doctor is not super close either.,4|5|5_5|5|5,
hit:11016_conv:22032,1,faithful,Once i had a couple. I only was with her for arround 2 entire years and no one else.,784,Hey. I dated with my ex girlfriend for more than a year and i was never with another girl_comma_ not even once,5|4|5_3|4|5,
hit:11016_conv:22032,2,faithful,Once i had a couple. I only was with her for arround 2 entire years and no one else.,671,That sounds sweet.,5|4|5_3|4|5,
hit:11016_conv:22032,3,faithful,Once i had a couple. I only was with her for arround 2 entire years and no one else.,784,It was actually. I was so in love with her that I almost ask her to marry me three months ago,5|4|5_3|4|5,
hit:11016_conv:22032,4,faithful,Once i had a couple. I only was with her for arround 2 entire years and no one else.,671,Why didn't you?,5|4|5_3|4|5,
hit:11016_conv:22032,5,faithful,Once i had a couple. I only was with her for arround 2 entire years and no one else.,784,She had to move from were we lived because of her mother. I still miss here and call her everyday and night,5|4|5_3|4|5,
hit:11036_conv:22072,1,faithful,My ex girlfriend told me a secret I promised never to tell. I still have told no one,554,My ex girlfriend told me a secret I promised never to tell. I still have told no one,5|5|5_5|5|5,
hit:11036_conv:22072,2,faithful,My ex girlfriend told me a secret I promised never to tell. I still have told no one,743,really_comma_ what is the secret? ,5|5|5_5|5|5,
hit:11036_conv:22072,3,faithful,My ex girlfriend told me a secret I promised never to tell. I still have told no one,554,She is a lizard person,5|5|5_5|5|5,
hit:11036_conv:22072,4,faithful,My ex girlfriend told me a secret I promised never to tell. I still have told no one,743,wow_comma_ that is some secret. ,5|5|5_5|5|5,
hit:11036_conv:22072,5,faithful,My ex girlfriend told me a secret I promised never to tell. I still have told no one,554,I kid. That would be one hell of a secret though,5|5|5_5|5|5,
hit:11036_conv:22072,6,faithful,My ex girlfriend told me a secret I promised never to tell. I still have told no one,743,lol_comma_ right! she would defintely make world star. ,5|5|5_5|5|5,
hit:11122_conv:22245,1,faithful,My  wife used to be a flirt before we got married. I always believed she would not cheat on me despite that.,766,I know my wife used to enjoy flirting. But I believe she would not cheat on me.,2|5|4_3|5|5,
hit:11122_conv:22245,2,faithful,My  wife used to be a flirt before we got married. I always believed she would not cheat on me despite that.,748,Flirting is fun. women enjoy it a little more than men do_comma_ I believe.,2|5|4_3|5|5,
hit:11122_conv:22245,3,faithful,My  wife used to be a flirt before we got married. I always believed she would not cheat on me despite that.,766,Yes. I know her personality well enough to know she wouldn't do anything to hurt me.,2|5|4_3|5|5,
hit:11122_conv:22245,4,faithful,My  wife used to be a flirt before we got married. I always believed she would not cheat on me despite that.,748,Good. MThat can be devastating.,2|5|4_3|5|5,
hit:11320_conv:22641,1,faithful,That id receive my wallet back after i lost it,657,I left my wallet on the train last week_comma_ i was so relieved once i had found out it was returned back in.,5|5|5_5|5|5,
hit:11320_conv:22641,2,faithful,That id receive my wallet back after i lost it,290,Close call! i would be pretty upset to lose my wallet. ,5|5|5_5|5|5,
hit:11320_conv:22641,3,faithful,That id receive my wallet back after i lost it,657,I was at the time! It had a ton of cash and cards in too.,5|5|5_5|5|5,
hit:11320_conv:22641,4,faithful,That id receive my wallet back after i lost it,290,wow_comma_ lucky it got turned in with cash in it. Be more careful in the future! hah,5|5|5_5|5|5,
hit:11406_conv:22812,1,faithful,I love my girlfriend so much. I think im going to marry her.,748,MAN MY GIRLFRIEND IS AWESOME I DON'T KNOW WHO I WOULD BE WITHOUT HER.,5|5|5_5|4|4,
hit:11406_conv:22812,2,faithful,I love my girlfriend so much. I think im going to marry her.,14,Thats great I have an excellent spouse as well.,5|5|5_5|4|4,
hit:11406_conv:22812,3,faithful,I love my girlfriend so much. I think im going to marry her.,748,Sorry about caps lock i didn't realize. And yea i think i'm going to propose here shortly.,5|5|5_5|4|4,
hit:11406_conv:22812,4,faithful,I love my girlfriend so much. I think im going to marry her.,14,Congratulations and thats OK I do that a lot too.,5|5|5_5|4|4,
hit:11406_conv:22812,5,faithful,I love my girlfriend so much. I think im going to marry her.,748,Thanks! I need to make sure i make it an epic propasal. She deserves the best.,5|5|5_5|4|4,
hit:11500_conv:23000,1,faithful,My work laptop just recently crashed. However_comma_ I'm certain I will be able to fix it myself instead of waiting weeks and weeks for IT to fix.,835,So my work issues laptop crashed and won't boot. But_comma_ I am hoping I can fix it myself_comma_ we all know sending it to IT takes forever!,5|5|5_5|5|5,
hit:11500_conv:23000,2,faithful,My work laptop just recently crashed. However_comma_ I'm certain I will be able to fix it myself instead of waiting weeks and weeks for IT to fix.,830,Good luck.  That sounds really frustrating.  Hope everything was backed up.,5|5|5_5|5|5,
hit:11500_conv:23000,3,faithful,My work laptop just recently crashed. However_comma_ I'm certain I will be able to fix it myself instead of waiting weeks and weeks for IT to fix.,835,"Thanks. Some data was on the cloud. Just hoping I can ""google"" the fix and be on my merry busy way.",5|5|5_5|5|5,
hit:11500_conv:23000,4,faithful,My work laptop just recently crashed. However_comma_ I'm certain I will be able to fix it myself instead of waiting weeks and weeks for IT to fix.,830,Sounds like a good plan.  I hope it's simple and you can get it working again.,5|5|5_5|5|5,
hit:11500_conv:23000,5,faithful,My work laptop just recently crashed. However_comma_ I'm certain I will be able to fix it myself instead of waiting weeks and weeks for IT to fix.,835,Let's sure hope so.,5|5|5_5|5|5,
hit:11500_conv:23000,6,faithful,My work laptop just recently crashed. However_comma_ I'm certain I will be able to fix it myself instead of waiting weeks and weeks for IT to fix.,830,Do you have experience fixing computers?,5|5|5_5|5|5,
hit:11500_conv:23000,7,faithful,My work laptop just recently crashed. However_comma_ I'm certain I will be able to fix it myself instead of waiting weeks and weeks for IT to fix.,835,I'm pretty tech savvy_comma_ it's just the more on work on that the more actual work I need to do doesn't get done_comma_ you know?,5|5|5_5|5|5,
hit:11500_conv:23000,8,faithful,My work laptop just recently crashed. However_comma_ I'm certain I will be able to fix it myself instead of waiting weeks and weeks for IT to fix.,830,I hear you.  Technology is supposed to make things simpler.  Not always the case.,5|5|5_5|5|5,
hit:11510_conv:23021,1,faithful,I just celebrated 25 years at my job.,294,I just celebrated 25 years at my job.,5|5|5_I have clicked the 'End Chat' button thank you!|That sounds like a drag. How much did it cost to tow?|4,
hit:11510_conv:23021,2,faithful,I just celebrated 25 years at my job.,841,I mean did they reward your 25 years of service at your job by giving you a present or throwing you a party. It's pretty common for workers when they reach such a milestone to be recognized in such a way.,5|5|5_I have clicked the 'End Chat' button thank you!|That sounds like a drag. How much did it cost to tow?|4,
hit:11510_conv:23021,3,faithful,I just celebrated 25 years at my job.,294,I got a cake in the conference room_comma_ but I was actually on vacation when they did it_comma_ bad planning on their part.  Otherwise just my normal paycheck.,5|5|5_I have clicked the 'End Chat' button thank you!|That sounds like a drag. How much did it cost to tow?|4,
hit:11510_conv:23021,4,faithful,I just celebrated 25 years at my job.,841,You should've made them buy another cake!,5|5|5_I have clicked the 'End Chat' button thank you!|That sounds like a drag. How much did it cost to tow?|4,
hit:11510_conv:23021,5,faithful,I just celebrated 25 years at my job.,294,Maybe I will!,5|5|5_I have clicked the 'End Chat' button thank you!|That sounds like a drag. How much did it cost to tow?|4,
hit:11527_conv:23055,1,faithful,I was to having a conversation with a co-worker when they asked me out on date. I refused letting them know I was married.,842,Since this incident the have not spoken to me since.,5|5|5_5|5|5,
hit:11527_conv:23055,2,faithful,I was to having a conversation with a co-worker when they asked me out on date. I refused letting them know I was married.,653,I have not seen the message about the incident but I do hope that person will speak to you.,5|5|5_5|5|5,
hit:11527_conv:23055,3,faithful,I was to having a conversation with a co-worker when they asked me out on date. I refused letting them know I was married.,842,I was having a conversation at work with a coworker and they asked me on a date. I refused since I am married.,5|5|5_5|5|5,
hit:11527_conv:23055,4,faithful,I was to having a conversation with a co-worker when they asked me out on date. I refused letting them know I was married.,653,That was the right thing to do. You respect your marriage.,5|5|5_5|5|5,
hit:11527_conv:23055,5,faithful,I was to having a conversation with a co-worker when they asked me out on date. I refused letting them know I was married.,842,I love my mate so much. I would never do anything to hurt them.,5|5|5_5|5|5,
hit:11527_conv:23055,6,faithful,I was to having a conversation with a co-worker when they asked me out on date. I refused letting them know I was married.,653,Awesome. I love my mate too. That coworker is very out of order! ,5|5|5_5|5|5,
hit:11572_conv:23145,1,faithful,A girl tried to kiss me at party. I was already in a relationship at the time.,375,Just avoided cheating on my girlfriend.,5|5|5_5|5|5,
hit:11572_conv:23145,2,faithful,A girl tried to kiss me at party. I was already in a relationship at the time.,302,Whoa that's out of left field_comma_ how'd that happen.,5|5|5_5|5|5,
hit:11572_conv:23145,3,faithful,A girl tried to kiss me at party. I was already in a relationship at the time.,375,i was at a party and this girl came up to me and tried to kiss me_comma_ I had to say no. I'm a faithful man.,5|5|5_5|5|5,
hit:11572_conv:23145,4,faithful,A girl tried to kiss me at party. I was already in a relationship at the time.,302,Good for you! Are you going to tell your girlfriend about it?,5|5|5_5|5|5,
hit:11572_conv:23145,5,faithful,A girl tried to kiss me at party. I was already in a relationship at the time.,375,I am I have too_comma_ she deserves to know.,5|5|5_5|5|5,
hit:11572_conv:23145,6,faithful,A girl tried to kiss me at party. I was already in a relationship at the time.,302,You are an honest man as well. I salute you! A rare breed indeed.,5|5|5_5|5|5,
hit:11880_conv:23761,1,faithful,My wife and I are celebrating our 15th wedding anniversary.  We have always been good and honest to each other.,274,My wife and I are celebrating 15 years of marriage today.,5|5|5_5|5|5,
hit:11880_conv:23761,2,faithful,My wife and I are celebrating our 15th wedding anniversary.  We have always been good and honest to each other.,63,thats awesome good for you,5|5|5_5|5|5,
hit:11880_conv:23761,3,faithful,My wife and I are celebrating our 15th wedding anniversary.  We have always been good and honest to each other.,274,Thanks.  We have been very committed to our wedding vows since day one.,5|5|5_5|5|5,
hit:11880_conv:23761,4,faithful,My wife and I are celebrating our 15th wedding anniversary.  We have always been good and honest to each other.,63,im glad thats the case,5|5|5_5|5|5,
hit:12000_conv:24001,1,faithful,I asked my friend to get some stuff for a party_comma_ knew I could count on him though.,100,I asked my friend to get some stuff for a party_comma_ knew I could count on him though.,5|4|3_5|5|5,
hit:12000_conv:24001,2,faithful,I asked my friend to get some stuff for a party_comma_ knew I could count on him though.,580,And did he pull through?,5|4|3_5|5|5,
hit:12000_conv:24001,3,faithful,I asked my friend to get some stuff for a party_comma_ knew I could count on him though.,100,Oh yeah_comma_ the party was great too.,5|4|3_5|5|5,
hit:12000_conv:24001,4,faithful,I asked my friend to get some stuff for a party_comma_ knew I could count on him though.,580,I love it whern,5|4|3_5|5|5,
hit:12125_conv:24250,1,faithful,A co-worker of my husband asked me out on a date. I think that was rude and i told him no.,653,A co-worker of my husband asked me out on a date. I think that was rude and I told him no.,4|5|5_5|5|5,
hit:12125_conv:24250,2,faithful,A co-worker of my husband asked me out on a date. I think that was rude and i told him no.,297,That could be awkward. I wonder what made him feel he could do that?,4|5|5_5|5|5,
hit:12125_conv:24250,3,faithful,A co-worker of my husband asked me out on a date. I think that was rude and i told him no.,653,I have no idea_comma_ some people just don't think before saying things.,4|5|5_5|5|5,
hit:12125_conv:24250,4,faithful,A co-worker of my husband asked me out on a date. I think that was rude and i told him no.,297,Hopefully he got the point and wont ask again.,4|5|5_5|5|5,
hit:12125_conv:24250,5,faithful,A co-worker of my husband asked me out on a date. I think that was rude and i told him no.,653,I hope so too_comma_ he made me feel uncomfortable.,4|5|5_5|5|5,
hit:12173_conv:24347,1,faithful,My car is very reassuring. I can count on it to take me anywhere I need to go. I am so in love with Toyota.,833,I really enjoy Toyota cars. You can count on them to take care of you for a while!,5|5|5_5|5|5,
hit:12173_conv:24347,2,faithful,My car is very reassuring. I can count on it to take me anywhere I need to go. I am so in love with Toyota.,119,I rented a Corolla once.  It had great responsiveness_comma_ was speeding like a mofo ,5|5|5_5|5|5,
hit:12173_conv:24347,3,faithful,My car is very reassuring. I can count on it to take me anywhere I need to go. I am so in love with Toyota.,833,Right. I have a camry! Its an 2007. I have not had any major problem_comma_ that the manufactor has paid to fix! Ive had a corolla also!,5|5|5_5|5|5,
hit:12173_conv:24347,4,faithful,My car is very reassuring. I can count on it to take me anywhere I need to go. I am so in love with Toyota.,119,I'm more of a Honda guy tbh.  My Civic lasted me a 21hr nonstop drive from MN to South TX and she still runs good as new,5|5|5_5|5|5,
hit:12173_conv:24347,5,faithful,My car is very reassuring. I can count on it to take me anywhere I need to go. I am so in love with Toyota.,833,I heard they were good.. Thats the next best car to own.. Good Luck! ,5|5|5_5|5|5,
hit:12216_conv:24432,1,faithful,I'm going up for a promotion at work in a few weeks. ,557,So i'll be going up for a promotion at work in a few weeks.,5|5|5_5|5|5,
hit:12216_conv:24432,2,faithful,I'm going up for a promotion at work in a few weeks. ,850,That's exciting! I wish you the best of luck!,5|5|5_5|5|5,
hit:12216_conv:24432,3,faithful,I'm going up for a promotion at work in a few weeks. ,557,Thanks! Really hoping and believing i'll get it!,5|5|5_5|5|5,
hit:12216_conv:24432,4,faithful,I'm going up for a promotion at work in a few weeks. ,850,It's already yours_comma_ hopefully! If not_comma_ that means there's something out there better for you.:),5|5|5_5|5|5,
hit:12410_conv:24820,1,faithful,I feel this way because I have hope that I will get into grad school.,123,I have hope that I will get into grad school.,5|5|5_4|5|5,
hit:12410_conv:24820,2,faithful,I feel this way because I have hope that I will get into grad school.,375,What are you applying for?,5|5|5_4|5|5,
hit:12410_conv:24820,3,faithful,I feel this way because I have hope that I will get into grad school.,123,School Counseling.,5|5|5_4|5|5,
hit:12410_conv:24820,4,faithful,I feel this way because I have hope that I will get into grad school.,375,That sounds interesting_comma_ when do you learn if you got in?,5|5|5_4|5|5,
hit:12410_conv:24820,5,faithful,I feel this way because I have hope that I will get into grad school.,123,I would be a school counselor_comma_ so how to deal with issues in school and also development.,5|5|5_4|5|5,
hit:142_conv:285,1,faithful,A time I felt I should be loyal and honest is when my good friend's boyfriend showed interest in me in a romantic manner. I am married_comma_ and I also really care for my friend_comma_ so two reasons I wouldn't encourage his behavior. I let him know that he was wrong to do that_comma_ and felt good that I did_comma_ but felt really bad for my friend.,45,My friend's boyfriend recently made a pass at me. I'm married_comma_ and I also am really good friend's with his girlfriend so I felt really bad. I made sure he knew I was loyal and honest to both!,4|5|4_5|5|5,
hit:142_conv:285,3,faithful,A time I felt I should be loyal and honest is when my good friend's boyfriend showed interest in me in a romantic manner. I am married_comma_ and I also really care for my friend_comma_ so two reasons I wouldn't encourage his behavior. I let him know that he was wrong to do that_comma_ and felt good that I did_comma_ but felt really bad for my friend.,45,I struggled with it_comma_ but my friend was in a really bad spot_comma_ with no income and raising her grandchild_comma_ he was the financial supporter. So_comma_ I didn't tell her_comma_ as I knew it would really hurt her in several ways_comma_ plus she really loves him!,4|5|4_5|5|5,
hit:650_conv:1300,1,faithful,I prayed_comma_ and prayed for weeks that I would do good in a test. Luckily God answered my prayers_comma_ and I passed!,190,Without prayer_comma_ I don't know if I would have passed that important test!,5|5|5_1|1|1,
hit:650_conv:1300,3,faithful,I prayed_comma_ and prayed for weeks that I would do good in a test. Luckily God answered my prayers_comma_ and I passed!,190,It was a test in Numeracy_comma_ so counting 1 - 100. I've always found that difficult_comma_ but god made it possible!,5|5|5_1|1|1,
hit:832_conv:1664,1,faithful,I felt upset when I had a friend's boyfriend that tried to have an intimate relationship with me. Even though they were with my very good friend_comma_ and they knew I was married. I have been married almost 23 years and love my husband.,45,A while back my friend's boyfriend tried to get me to have an intimate relationship with him. He knew I had been married a very long time_comma_ as well as he was in a relationship with my friend. I turned him down flat_comma_ as I love my husband very much.,5|5|5_5|5|5,
hit:832_conv:1664,3,faithful,I felt upset when I had a friend's boyfriend that tried to have an intimate relationship with me. Even though they were with my very good friend_comma_ and they knew I was married. I have been married almost 23 years and love my husband.,45,Yes_comma_ I let him know that was wrong and disgusting. I couldn't believe he did it!,5|5|5_5|5|5,
hit:832_conv:1664,5,faithful,I felt upset when I had a friend's boyfriend that tried to have an intimate relationship with me. Even though they were with my very good friend_comma_ and they knew I was married. I have been married almost 23 years and love my husband.,45,Yes_comma_ as I am honest with him. But_comma_ I didn't want trouble.,5|5|5_5|5|5,
hit:1234_conv:2468,1,faithful,Every time I see my husband I know I could never cheat on him. We are both flirty people but know that it will never be worth messing up what we have.,278,I think being with my husband makes me a better person,5|5|4_5|5|5,
hit:1234_conv:2468,3,faithful,Every time I see my husband I know I could never cheat on him. We are both flirty people but know that it will never be worth messing up what we have.,278,Definetly_comma_ he's my best friend forever.,5|5|4_5|5|5,
hit:2841_conv:5682,1,faithful,I was given a job offer at a new company. I decided to stay with my current organization out of loyalty.,320,I was given a job offer at a new company. I decided to stay with my current organization out of loyalty.,5|5|5_4|5|4,
hit:2841_conv:5682,3,faithful,I was given a job offer at a new company. I decided to stay with my current organization out of loyalty.,320,Yes_comma_ I think so as well. The new company offered me approximately $10_comma_000 more a year than my current business is paying though.,5|5|5_4|5|4,
hit:8890_conv:17781,1,faithful,I can remember a job I had where the vast majority of my co-workers had very different beliefs to my own. Rather than just agree with them I stayed true to my own thoughts.,343,In my last job most of my co-workers had different beliefs to me. It was a little awkward at times.,5|5|5_5|5|5,
hit:8890_conv:17781,3,faithful,I can remember a job I had where the vast majority of my co-workers had very different beliefs to my own. Rather than just agree with them I stayed true to my own thoughts.,343,If things got a bit much I'd excuse myself and go elsewhere. I didn't want to get into an argument_comma_ but wasn't going to compromise my own beliefs by lying.,5|5|5_5|5|5,
hit:8890_conv:17781,5,faithful,I can remember a job I had where the vast majority of my co-workers had very different beliefs to my own. Rather than just agree with them I stayed true to my own thoughts.,343,I became quite good at that - the great vanishing employee_comma_ lol. I'm all for earnest discussion_comma_ but not at work!,5|5|5_5|5|5,
hit:10064_conv:20129,1,faithful,I have to rely on my prayers and my belief in a high power to get me through not having a job and no money.,346,I have to rely on my prayers and my belief in a high power to get me through not having a job and no money.,3|4|3_5|5|5,
hit:10064_conv:20129,3,faithful,I have to rely on my prayers and my belief in a high power to get me through not having a job and no money.,346,I remind myself all the time that it will work out and all will be good again.,3|4|3_5|5|5,
hit:10127_conv:20254,1,faithful,I have been at my same job for 12 years,420,I've been working at my same job for 12 years.,5|5|5_5|5|5,
hit:10127_conv:20254,3,faithful,I have been at my same job for 12 years,420,Yes I do.  Its a fun job.,5|5|5_5|5|5,
hit:10127_conv:20254,5,faithful,I have been at my same job for 12 years,420,Yes I am a skydiving instructor so it is fun,5|5|5_5|5|5,
hit:10127_conv:20254,7,faithful,I have been at my same job for 12 years,420,Yes I love it,5|5|5_5|5|5,
hit:10235_conv:20470,1,faithful,I'm glad to have the internet to teach me things I need,437,The internet has been there through thick and thin for me,5|5|5_4|5|5,
hit:10235_conv:20470,3,faithful,I'm glad to have the internet to teach me things I need,437,True_comma_ it's a great resource to have,5|5|5_4|5|5,
hit:10318_conv:20636,1,faithful,I am in love with my girlfriend. I would absolutely never leave her side.,64,I adore my girlfriend. I am getting very serious about not leaving her side.,5|5|5_5|5|5,
hit:10318_conv:20636,3,faithful,I am in love with my girlfriend. I would absolutely never leave her side.,64,Thank you. Do you have a romantic interest?,5|5|5_5|5|5,
hit:10856_conv:21712,1,faithful,Last week I was at the grocery store picking up body wash. There were so many to chose from_comma_ but I couldn't help but buy my trusted brand that has served me well for so many years. ,387,Last week I was at the grocery store picking up body wash. There were so many to chose from_comma_ but I couldn't help but buy my trusted brand that has served me well for so many years.,4|4|4_5|5|5,
hit:10856_conv:21712,3,faithful,Last week I was at the grocery store picking up body wash. There were so many to chose from_comma_ but I couldn't help but buy my trusted brand that has served me well for so many years. ,387,Yes_comma_ why try something new when what you have been using has worked so well. ,4|4|4_5|5|5,
hit:10856_conv:21712,5,faithful,Last week I was at the grocery store picking up body wash. There were so many to chose from_comma_ but I couldn't help but buy my trusted brand that has served me well for so many years. ,387,I have to show some brand loyalty! ,4|4|4_5|5|5,
hit:10996_conv:21993,1,faithful,I'm glad I stuck my job out as long as I did - I finally got offered a promotion today.,90,I'm glad I stuck my job out as long as I did - I finally got offered a promotion today.,5|5|5_5|5|5,
hit:10996_conv:21993,3,faithful,I'm glad I stuck my job out as long as I did - I finally got offered a promotion today.,90,It is!  I'll actually be the manager of the entire office_comma_ and not just the one section I was in!,5|5|5_5|5|5,
hit:10996_conv:21993,5,faithful,I'm glad I stuck my job out as long as I did - I finally got offered a promotion today.,90,I try to.  But I'm glad all the effort is being recognized!,5|5|5_5|5|5,
hit:11992_conv:23985,1,faithful,I have been true to my beliefs for a very long time_comma_ even if it means disagreeing with others. I used to work in a place where everyone had different beliefs to me. I just had to walk away from conversations on occasion.,343,I used to work in a place where all my colleagues had different believes to myself. I wanted to stay true to what I believed in_comma_ so had to walk away from conversations on many occasions.,5|5|5_5|5|5,
hit:11992_conv:23985,3,faithful,I have been true to my beliefs for a very long time_comma_ even if it means disagreeing with others. I used to work in a place where everyone had different beliefs to me. I just had to walk away from conversations on occasion.,343,Just that all people should be given an equal chance in life and that no one type of person is better than another_comma_ just because of their religion or skin color_comma_ or where they come from.,5|5|5_5|5|5,
hit:11992_conv:23985,5,faithful,I have been true to my beliefs for a very long time_comma_ even if it means disagreeing with others. I used to work in a place where everyone had different beliefs to me. I just had to walk away from conversations on occasion.,343,They believed that people of their religion where better than everyone else and were going to heaven_comma_ while the rest of us are left at the gate! That's one of their beliefs anyway. I don't agree with that_comma_ but chose to keep my mouth shut!,5|5|5_5|5|5,
